path	size_bytes	sha256
CHANGELOG_0.61.md	53181	56dc8e6f4187af30179b8c9d52e949aafad5629848e17584428b455127b31f22
CHECKPOINT_RECOVERED_0.61.md	3641	a4af1ee5f051ff6831367a84bf4e38392b267d15c8d4f9ddac5c3700cff255da
COUNTRY_TURN_LEDGER_AUDIT_0.61.md	3509	43bb1ee2dfdc1456dc3f633fd20a862fa4b9192e9d18f7be5f854a7c5659d4fb
EFFECTIVE_UI_VALUE_AUDIT_R14_39.md	2005	aaa568d3517d47e1c4e24dcb04153e188db5d25deb90723b490c82d0bd0578db
ITEMSTORE_NATIVE_AUDIT_R14.md	2465	26d29837d98058e2a8631388b1156fcd059558de6057f7070de9cc261880d08c
MAINLINE_RECONSTRUCTION_R14_15.md	2011	40ca8b237d0cd898019fdeec106c1a97408925de318c09aa3275ed1b7a2c0abb
NATIVE_ACADEMY_CONTROLLER_AUDIT_R14_39.md	2263	cc51709bddeb04f8b78c6d98dd97f35514d41c615d9edc1fe2c633f09aa1974f
NATIVE_ACTION_AUDIO_AUDIT_R14_39.md	3525	56a165acefd4a94f86e51c0068a4f84a0f4c56b15d19088dc0675453d589de5d
NATIVE_AUDIO_INVENTORY_AUDIT_R14_39.md	1404	d265aa9f60398e2d3f03e3c70262fad69d6040e70917f8c26582065caa9a4551
NATIVE_BATTLE_MUSIC_AUDIT_R14_39.md	2357	5141bd90f77c8dfea06d90e67904a6a6e58411ea2c436aeb6750c31f8bc39b39
NATIVE_CONSTRUCTION_ECONOMY_DEFENSE_AUDIT_R14_39.md	3565	2fb48733a46740cee42f8e361c59ab9d9a71847d0a1c2dcabd2e40c9c8a429d3
NATIVE_EFFECT_AUDIO_TIMELINE_AUDIT_R14_39.md	1757	773442abdd676a3f0ec8051bfa0c47e9c346345cd1b32b8bfcdce0fb8f82f0c1
NATIVE_MOTION_SPEED_AUDIT_R14_39.md	1586	356cbc9b35a185e585ced9e479e7cb70fc6de6edc0d0385e01d5912569c3ef9c
NATIVE_MOVEMENT_EFFECT_AUDIT_R14_39.md	3193	a6aaa61d13eb140e0e25d1d1a153b8a2b6a11f30334346bb67bfabfd30bbb771
NATIVE_OPTION_AUDIO_AUDIT_R14_39.md	1199	67f43bc7741ada57fa7cdd910df31eeee46079217ae019c892938c1c5c5efb60
NATIVE_RESULT_UI_AUDIO_AUDIT_R14_39.md	1992	2d1b8f4bc68e5129cfd870e84336f83b90c7fc96be79943827bf527a99df5024
NATIVE_SIMPLE_PARTICLE_RUNTIME_AUDIT_R14_39.md	3506	9dc040870a942a75b268ba823fc29b3decb1db70fe4244cf5e8e47e5ff919baa
NATIVE_TIMED_BATTLE_SFX_AUDIT_R14_39.md	2177	91bcc24676cc8a7621816708701c782be29e505a051c288251ebf357cad2d7f5
NATIVE_USEITEM_RECOVER_AUDIT_R14_39.md	2679	c0e138e1dd2df4710bd546a652e56ed026a180eda480029362117924fb5a2392
P36_NATIVE_HUD_ASSET_GEOMETRY.json	1948	258e42cb85a923415c27ab9d21abd628642ec4e36fc936d69167e3da14718442
PLAYER_GENERAL_RULES_0.61.md	1805	b3bba5bf47b7c0d5ca09919d70f6d7911c4640f10206756e214a6e6a850844cf
PLAYER_MOD_LOCKS_R14_39_2026-09-08.md	2960	0687f127fbec0f4fa1c8a220d64ee1aeb1d946d2ec042c016768f04a3adf0b08
POST_HANDOFF_R14_39_PATCH1.md	1622	d1e020da04acbc7bca5e2e5e8286a20f6012922a89d871f2a6f40adb9fbfb398
POST_HANDOFF_R14_39_PATCH2.md	1415	1c1217d2a261e28701610e4f2379119b42af5495962adf931d816d8691162cec
POST_HANDOFF_R14_39_PATCH3.md	1423	92380f94db34008c49d3d4240aaeb91fdf595cf8a5e5c0fedfac2efad1dee242
R14_16_FRANCE_ANIM_FORMS_AUDIT.md	3576	3b3eba82e209b78439ecbdbd6c8fd40fa2e068b0ebfe3628aca179946cf3b84f
R14_17_BRITAIN_ANIM_AUDIT.md	2249	3866fcdcabda7189c50171c4be7b1c9ca582a5019e35d3bfbcda638173b9d1ac
R14_18_RUSSIA_ANIM_AUDIT.md	2351	377a05520cb156bd2eee1ca22f1a5ecf090a7d937e3e59bcc043e8932431ce48
R14_19_MACHINEGUN_COMPLETENESS_AUDIT.md	2404	bff2516d95b8d8ffd21af15b92b85aac497ba7ea4247c8c64633cc03b3016922
R14_20_ORIGINAL_RECRUIT_TREE_AND_AUSTRIA_AUDIT.md	4153	f435f60623f27eef75665736a3204432a96deed0b3b6a625d1a53f5ecda6fcab
R14_21_PRUSSIA_INFANTRY17_AUDIT.md	2534	e2aaf8a40ed8c5dbe5a134a1cdd653aeae8bf54de88f7144043dd789fc4ce24d
R14_22_OTTOMAN_INFANTRY17_AUDIT.md	3227	fda7011c747038a4af3e2c55cf7fdfc2c01200cf53655a098f611c6fed659901
R14_23_SPAIN_INFANTRY17_AUDIT.md	2139	07d26524b7dcdbad3c3d2ac00919f11aabf5a411ace64d9dce565d77867c1bc6
R14_24_USA_INFANTRY17_AUDIT.md	2047	62d7e621a55f587e0f171720f2bf2a01d32c2249e6d78dff87e51ef0ef0fe3a9
R14_25_GENERIC_CAVALRY8_AUDIT.md	4069	12d5c5723e81c87604084a26562ac35e90c5387e0c3564fd7519e429cbf37c4e
R14_25_GENERIC_CAVALRY8_SOURCE_MANIFEST.json	37059	7c4b0d7ba6827ef300dccff9f0ff176d168b63a6dc58b262c4b37678b6517bf3
R14_26_FRANCE_CAVALRY8_AUDIT.md	4041	bca3c1529b59075125ce104d308ecc9ec25b128be6fbe567c7acf5bd7c9f5492
R14_26_FRANCE_CAVALRY8_SOURCE_MANIFEST.json	37263	210a1ace4f752469f9ff10ca1422da3f16c57e7d330f0d56e3d82b911e9e7fe9
R14_27_BRITAIN_CAVALRY8_AUDIT.md	3499	7cc966a91b7198ee73a93ba76d12ba88d8bfd88dd83d3b7334b804553231c87b
R14_27_BRITAIN_CAVALRY8_SOURCE_MANIFEST.json	152857	cec9fa7f69dc40ea6ffa3b01de56ce5677c91eac2d090c411c9ec6859f1a772e
R14_28_RUSSIA_CAVALRY8_AUDIT.md	3495	5291ed8bdd2d6297a14c2e29385a87f937d7d86a6d92ddd604165285859297be
R14_28_RUSSIA_CAVALRY8_SOURCE_MANIFEST.json	37263	b50f4bb33776b837a87ee603d6f1e8f29e329abe8a4f23ebaad62d5ee0576afb
R14_29_AUSTRIA_CAVALRY8_AUDIT.md	3519	55a54afa6be818b92c7ec4f82e2475d43c6338a2a5c337772f56917eb1b14921
R14_29_AUSTRIA_CAVALRY8_SOURCE_MANIFEST.json	37348	1b61816daa0634c71be1988a2a08ded784cb42061d140202a8f1d3f2eb64ee05
R14_30_PRUSSIA_CAVALRY8_AUDIT.md	3527	5735c5a5b77f48172a8ee62dadd9a786551a43d2d7552207cc7da7301ed85248
R14_30_PRUSSIA_CAVALRY8_SOURCE_MANIFEST.json	37359	14c1b261c5d1995b6dc2e9dbfb90c87bf2f0db495d09ecc907f8426331d54ea7
R14_31_OTTOMAN_CAVALRY8_AUDIT.md	3535	3ae44a7bbde44d91da7e7848977ee2dcf334e8c52767212b740691f8383c611e
R14_31_OTTOMAN_CAVALRY8_SOURCE_MANIFEST.json	37359	4aa52afd9fa805931fff56ed6983b4c808fae16a34d42b07f5772092a1ec9ada
R14_32_SPAIN_CAVALRY8_AUDIT.md	3096	e5485592b3467cbf319ab1bc850a3d5781ca1870f74200fc8c73b53b092afd70
R14_32_SPAIN_CAVALRY8_SOURCE_MANIFEST.json	37360	f883d44f3b6a3f1dc8252975072f3dcb9369f4dc1e2d02f18c6738d30c2ba95a
R14_33_USA_CAVALRY8_AUDIT.md	3630	14df10cbf1574d0fc4237d1fa0f041bfd0ce92cfc6026fc61360a9c451b44b91
R14_33_USA_CAVALRY8_SOURCE_MANIFEST.json	37263	06b28da5fa3f4affdbc6965be092688a43ec2aba182b0edc19e680131119e07b
R14_34_GENERIC_ARTILLERY8_AUDIT.md	3906	e3683a2f2df1e065a33507b897677f479dfcef75c74723fc92e27ebf8264a25a
R14_34_GENERIC_ARTILLERY8_SOURCE_MANIFEST.json	32059	64d051531daab01baa2f01f7c8d61ec7e0327108f35a8de6095726a34df7e0b5
R14_35_FRANCE_ARTILLERY8_AUDIT.md	3591	08633bccaccc7f6fc40e204578f461e4f9a2ce0a3bca596fb12f3007cb67bf11
R14_35_FRANCE_ARTILLERY8_SOURCE_MANIFEST.json	32065	9c9681ffbce3f942f54850208ea1d6b8663bd10bce9e9cea0447e9d8ccc05ff0
R14_36_BRITAIN_ARTILLERY8_AUDIT.md	2930	05d24bf64d66cf812f64eda0350d245a12908aabcb2cf9fa6db1f4996c6a46f0
R14_36_BRITAIN_ARTILLERY8_SOURCE_MANIFEST.json	201204	545ca52fa120b2567d0a75f4526e7d28098c891585bc6ac021be371f5827b95a
R14_36_OLD_CORE241_ASSETS_SHA.json	115092	637ffbf06abea4ad0b9db818ed44516c4a39ffaedf372847ac19fddb2506b519
R14_36_OLD_CORE241_UNITS_SHA.json	21793	e1649f7239586a9d1b028bf347cfde6e2a029522f1d8118fd9cccc1a6853244e
R14_37_RUSSIA_ARTILLERY8_AUDIT.md	2062	855b795517458901826a5dccffe3c3532cf4bc8eaed837021efb255ac96c8d98
R14_37_RUSSIA_ARTILLERY8_SOURCE_MANIFEST.json	201214	1ba544f779e8c84d02a6b2a5f1aabb8faee933b991dcaa7aea08b543aafed324
R14_38_AUSTRIA_ARTILLERY8_AUDIT.md	1553	9eefb80059aca38ae7c87e23db9fbddafb84e116684df3e1f171c08bd010a5fc
R14_38_AUSTRIA_ARTILLERY8_SOURCE_MANIFEST.json	201198	8c9d7aca2c3cf64aa2dcaead81448c9dad214812d1b332f4edefbfa5a75f193b
R14_38_FORM_GETGENERAL_AUDIT.md	2566	b7ec15666b595fc09b372c80d77834bfb00d30ac2374a6b9400c48b93e59de65
R14_38_OLD_CORE257_ASSETS_SHA.json	121516	774ff2afc3a2f24e5df9200abbf64b66543701ea1d0c60ced26cbc116cdb0073
R14_38_OLD_CORE257_UNITS_SHA.json	23277	0154c2664127683660a93f6c7453f9ba8f760abed9299515154a040cea5fc774
R14_39_COMPACT_BILE_FULL_PARITY_AUDIT.md	1726	e848d4c88178d68fbd8b373538befc65dada6ee943a397cdb75b1a838f452756
R14_39_COMPACT_BILE_RENDER_AUDIT.md	2668	ed0e3f32c5e1d5c8b44288961cbd96dca2bbd5d8e897f9c6816fcfed6d21c248
R14_39_MACHINEGUN_FINISH_FIXES.json	7919	52949c8f6cb062ee44532e6d702eaef5e8a1738c7b0c8cd5402c4dbecc9b8b3c
R14_39_NATIVE_MAPTEXT_AUDIT.md	2015	0494a6c2af81b5e90a09911e4d3e22871bc50bbe794fa74e011fa5dbeeb58132
R14_39_POSTHANDOFF10_CONQUEST_UI_AUDIT.md	1493	38d13b164d1068c0904461ff71cad920371d6a6281880c08a5b75d61cd006b27
R14_39_POSTHANDOFF11_MAIN_CAMPAIGN_UI_AUDIT.md	1031	5894acdd91fd9ba3b9cd62c3666603c77bcb6366260892a7970ac36721c7f629
R14_39_POSTHANDOFF11_NATIVE_HEADQUARTERS_AUDIT.md	2539	faaadb31727b261d8d43cfb83cb4676b7307e428b2f6567e469905aac93c992a
R14_39_POSTHANDOFF13_FULL_ANIMATION_AUDIT.md	2007	f16e07130d774a7e83a980e9048494fd84e7dac1647147221dcaa8bb8821826f
R14_39_POSTHANDOFF14_SCENESHOP_AUDIT.md	2044	83930b2b2078ac78ecb4d9eb4fb06af6affa5e5a8b60f2d0e6ffc932d279e093
R14_39_POSTHANDOFF15_TUTORIAL_EXECUTOR_AUDIT.md	3569	cfd42dfd77248dc14ab59afbc710fab03cf6cad213fcf6b2868ea95f711b0e6b
R14_39_POSTHANDOFF16_NATIVE_RESULT_AUDIT.md	5015	94dbc17c58172e8324b40482deb259ece0db79106b42a075416917370e7fcd41
R14_39_POSTHANDOFF17_NATIVE_CAMPAIGN_AUDIT.md	5575	aa87fa94b0d264ee4f0564975110f543155ca4a802c16cad2cc59398fdd8f890
R14_39_POSTHANDOFF18_NATIVE_GENERAL_AUDIT.md	2939	4edec890788bc29dd4ce1d13d9351a378669033a8d036be25fbc5f948f10e430
R14_39_POSTHANDOFF19_RESIDUAL_CONTROLLER_AUDIT.md	3206	5dca89b167118915ac8e9f572b3a2ba0bffef80d765f8764791ef45a19a5f5c9
R14_39_POSTHANDOFF20_STAGEINTRO_AUDIT.md	1187	d9129e207c353d55f0b6110a9aa6e409dfbbe0eb8b4bd00f63b927a4181ba0bc
R14_39_POSTHANDOFF21_NATIVE_CAMPAIGN_UPGRADE_AUDIT.md	2865	c1b3f3660db612d5227285a7745c3af18a2a755bb848939a3021a46c2816d5d2
R14_39_POSTHANDOFF22_NATIVE_DEFENSE_AUDIT.md	959	af0b879597da3541516133a0690495b7bd695dd9621e2c1380803948701eb702
R14_39_POSTHANDOFF23_NATIVE_PAUSE_AUDIT.md	1008	3ad1210a07d81c0acaba75a30932b3a67613202ae445a31151c6e789bf816b82
R14_39_POSTHANDOFF24_NATIVE_UNITINFO_AUDIT.md	3058	3bb60e6a532f60c921c233f017e0ef5142561ef6917af681aecad71d729d1b4d
R14_39_POSTHANDOFF25_CAMPAIGN_SESSION_INFO_AUDIT.md	3414	b0058b6f54b529ede42fa46f754ad105cc5c45e161e2b64554bb1ec21c09c7bc
R14_39_POSTHANDOFF26_NATIVE_SELCOUNTRY_SAVE_AUDIT.md	4008	5d7e4afa388a761e4498f07de50890f6b86ad2a11cd0572c8e7f0d26e997dbd6
R14_39_POSTHANDOFF27_NATIVE_ACHIEVEMENT_AUDIT.md	3673	3c00531375b5e5eb2e09a10ce7f2c260f18fd13c839e70963e628bb2a4d452c4
R14_39_POSTHANDOFF28_NATIVE_ACHIEVEMENT_EXACT_AUDIT.md	3787	2800bf77ae86b1728b3f7b4609709af1dedbde8447194be398f15900695c6091
R14_39_POSTHANDOFF29_NATIVE_CONQUEST_ACHIEVEMENT_AUDIT.md	6018	733be9864a73205754987767d800956a6d902108a5173e3cf130759d75e08156
R14_39_POSTHANDOFF39_P33_VISUAL_TIMING_AUDIT.md	4813	0847e5c1831c1f0f9360f07ab32a9dd5a87fbd42f4118dcd3aa734cf6ba1d4e4
R14_39_POSTHANDOFF40_P34_FINAL_VISUAL_AUDIT.md	5361	c562726d09818c0c1a3622c3a8a3b2f1df38360e4ff7ec72fb7b8aa592a073ab
R14_39_POSTHANDOFF49_P35_NATIVE_PRESENTATION_AUDIT.md	4861	ebcd583d8255d947bf33e888340c29e7e6c78a8bcb746013dc7de781562a6b3b
R14_39_POSTHANDOFF4_NATIVE_CAMERA_LAYER_AUDIT.md	7665	01f580ce52859e4efc2251557f4f833d91bb6b6dd7373d7cc1d626fe484343a2
R14_39_POSTHANDOFF5_NATIVE_HEX_LOWZOOM_AUDIT.md	5159	3f16c28c9c46e65f39df1448fa658d62edffc4ecee37d2524eb5addae7654ae8
R14_39_POSTHANDOFF6_NATIVE_CAMERA_PRESENTATION_AUDIT.md	3944	ccd8b9be5869e4308c3590d5e5a5a46761ef09703471eab4ae24575dba904a26
R14_39_POSTHANDOFF7_PLAYER_ACTION_CAMERA_FOCUS_AUDIT.md	2649	a9fbd4b1949c05b4549c00c933572999e3de9d05974d10a729a543598b4e5792
R14_39_POSTHANDOFF8_AI_ACTION_CAMERA_NATIVE_PATH_AUDIT.md	3742	cb67e929fb6e690943356e4b986f4bc8dee6d117165d57bce9076b51fee05584
R14_39_POSTHANDOFF9_VISUAL_UI_AUDIT.md	3025	a550f04d673457d1504c5ced6e166febc4d69fea6755d3eea0adf6d7dcbd2020
README_APPLYCHECK_POSTHANDOFF10.md	1586	be938a815221e6b4c9a34a175bb11c287445106a8c773ba0e9c9c154ceacd556
README_APPLYCHECK_POSTHANDOFF11.md	1132	53da9a3cd8ea10afe89e36325864e40e3748ac739918990d0edcc6ef775ee758
README_APPLYCHECK_POSTHANDOFF13.md	802	76d653990844b058d34fe081dda26f6dda889030d8c290f608c3711a191fba98
README_APPLYCHECK_POSTHANDOFF6.md	518	5b6f30fbf5e1f74a432d3ae31b17db9c81afa5513e0406414ebceeaeacadb7b0
README_APPLYCHECK_POSTHANDOFF7.md	457	63151ef8688528afd90c93d78a42520c9ebca616a83fbb87089a045f0a477c01
README_APPLYCHECK_POSTHANDOFF8.md	627	133b1d2769145a2a849024868f28243336e201cda77fb3f585521d4145017914
README_APPLYCHECK_POSTHANDOFF9.md	715	0a8c46788e0e760e369abd015b91e675f97398b81f30a8312ad39da63229247e
README_APPLY_POSTHANDOFF2.md	574	8ddab7215eab88f39e9be0454b22ddca8d47bb9c1c151737a8f994bbccab6cdd
README_APPLY_POSTHANDOFF3.md	520	0880d4ebeb6405622fa1575e3111dd830ee0f443cbd16092ce5320c0f46640e4
README_APPLY_POSTHANDOFF4.md	1705	003e961ac31d8d4d3c63c5e94f29e98d2aa8e799ed687fff7a5f94e288aa303c
README_APPLY_POSTHANDOFF5.md	1303	a94d3af7642feeb3580e7aac3b3e41ebeccb3c52d44154351aa95ec63ecf4938
REINFORCEMENT_EVENT_AUDIT_0.61.json	5271	7e9e375cc5ce26ca1f3ccf3ae5cb94049446d0a5900fc2574f8ce525cbb3a5b1
REINFORCEMENT_FIELD_AUDIT_0.61.md	4033	9c1cd3ca877e765a3062a73c2c0e20a5d313b42a23280406b66baa66daefc1f8
TRANSPORT_PACKAGE_OMISSIONS.md	1217	4280e495996b81f2467fd4849fa9febc3cffd0c76e0b083c5ac8f19baedb94f5
app.js	257350	d5e6e976ea55bd58dc1ef2af549752310e8b2da3666fab55fd09f68eeb8ab759
app.js.p16bak	183255	9f2a0d6aaf9158e25dbaf7b62623d10a0fe91f8563154bc2c7174e3141be8568
app.js.pre_construction_ui	130567	b8b33cedf363330fe92f376c49f597ba204ee4dfa34dbd5377234877da199e6b
app.js.pre_funcres	130320	38d028cec1e802cf7343acb7c70826112561125140ace7cccbd1324d5d7a4259
app.js.pre_moving_effect_integration	138209	eabb5f02edd5bf1827bec59e12f5ade58810f9199f3e18bf1b654cdd6aab2cb1
app.js.pre_p17_targets	191729	5a2a836368cfebcb65974e7245a5febefde0ab1189f771adaa11c43e3203651d
app.js.pre_p32_damageflag	249897	4ea6d502dfdce7bda747bcfc14121ee31568f12f22ef565c1ceae232bd262311
app.js.pre_p32_visual_polish	249897	4ea6d502dfdce7bda747bcfc14121ee31568f12f22ef565c1ceae232bd262311
app.js.pre_p32_visualfix	245678	eb86e768dc2f1df0ff4aa9d2d31a192aa585b15c9d8c121442fe2c8df0358bb6
app.js.pre_p33_visual_timing	250417	1a96889282d5c0a8db25471991c66d184dd07a780220f510e7eb98430a2e1eb5
app.js.pre_princessflow	124114	6e4638396efd3f34a2d75a21ca56bbd69ce52d333ff5498ac8cb9ac9ade5f15c
app.js.pre_simple_effect_api_fix	134727	35186b06d96a40e4b98d0264cea36d2998ef312e3b96775ba4a935d86dfabaad
app.js.pre_simple_effect_runtime	133196	aa8780a5600d0f7f715946a062800aa202cdad2e2326498fa11f3a34986ab8f5
app.js.pre_training	127932	5e2efa7897b912f0c3b84bacef5a4d2a16508a7ab98e9ff34962aa72c0f16b22
app.js.pre_tutorial_p15	163139	c2eb37a53ae9a6cd5f4ba32de557dd694a7b23601486c8f883d5d4c5f117f32f
app.js.pre_upgrade_cost	130807	91e4c141ad45d9d33c8c362b8a4a614203a20fa3115143a66e9305e1da12d085
assets/audio/battle1.mp3	2848809	236a006d0d8d58d6ee55df958cfc246b10d5eb697f2f92b8c05cdde6dfcc87e0
assets/audio/battle2.mp3	2422491	94c8b0ecc6153d93483232be9d13d19ad2267df45bcf1e10be94d5cd9789b6f0
assets/audio/battle3.mp3	2368992	0e296554c5b419e21aad97a2d7a7b3c759fdb348d26e3a888b7effb84fe45e7a
assets/audio/battle4.mp3	2269100	7f0f6dfb62dc4cc72faee33ea93cc98e5358cea68a66f1057c17d61825b0c3d4
assets/audio/defeat_music.mp3	247420	659a0ea8d287be1f4bbb99fd11fab6e9ce09dba37efc8c0b20042fa9a4036273
assets/audio/sfx_armourmove.wav	22004	1d03b3843a23599ecd6413648899fc50b9488eaeb17a9452bf16c3231aa923f4
assets/audio/sfx_buff.wav	8834	fe261136b5ef2a295f1a958ee3d63907fef97740e1bef94cc924d213435e2821
assets/audio/sfx_build.wav	6380	b939d210591da974dc8ffde8fb403a097619a158f3dbd9dfce9f6a2b448722d8
assets/audio/sfx_build1.wav	20480	8130d0282d6d3ca72b8fb2d746636d2e00e57b7e7357ee4b4a90d34ec4626206
assets/audio/sfx_cancel.wav	4652	bf2ffe864c9378233234bdc3281282b2d579713fda7a30d2e4fb3723e6120cb0
assets/audio/sfx_cannon.wav	24544	41951670f741aafa1449e47a7a1d445e0645633846114cea88f25e3f51a8044f
assets/audio/sfx_cavalrymove.wav	64558	e9233a952a6747d7292dbb7f49b43e4e2bbdb0bd91dbc4a5af9a7cd1ba65b00e
assets/audio/sfx_celebrate.wav	66556	62051393a348ac2a1fcf0a5e9af0c5c1d4d8d546abb9d344e1b3779b38dd72d8
assets/audio/sfx_click.wav	4576	810c3d8d584b84a4ef8d2369b9e5011f3ec77366dce0388e5251f7b9d3d5ba3c
assets/audio/sfx_draft.wav	7318	057fbccce312834632ea854780d3d4475cd61609a17d3b5d9943c731126f94c9
assets/audio/sfx_exp.wav	28802	1eb0b203e15c35026ad8699ccd90fa6d28d716cf016b6cd08e4d117c2b5eae9f
assets/audio/sfx_explode.wav	38582	dfb71e8674cfe07962274893a604dea45ad22dd9fbbeb781e796e481bf0ffbde
assets/audio/sfx_fire.wav	27564	a71cc6bdd3087a1054728d4c5fa163a777d0880d56a7a3ca50c2c15ce944dc08
assets/audio/sfx_fire1.wav	13298	08d4a5c728616e0239ef79ce601c89f2d34c69d2fa321e193d180cda3cf76282
assets/audio/sfx_flip.wav	33150	9d942ee0bea5ac24415a4d86b0ffda631eeac6b9d1533f6b2362779761274efe
assets/audio/sfx_golddrop.wav	15898	8ec611a227b9c45ece4a637aa55a45dccd9e546c8ec0b265427f30c4b9a5a797
assets/audio/sfx_gunfire.wav	32300	3edc128ae0cecc1668326952d14c1317fb618d3b59581be216da6bfacec1d3c8
assets/audio/sfx_gunfire1.wav	17580	1e1bfeb8c8865146f9427317d8d78457caa77563f07485aeb930d10b77a056a0
assets/audio/sfx_gunfire2.wav	8892	083b2aa0759c529f85e664f98ee825ca1ec8bbc6e081cdad04ac2408f73a2fa8
assets/audio/sfx_gunfire3.wav	5966	8ceb4ebf2ef4ed22d01db511b3cc2e99cf416fc9b13e53fcfe3fd4118a121cf1
assets/audio/sfx_knife1.wav	43936	1468ddc1d26c84267c8e69261ed2dfa9598650a173490f0806ccf3e0f8a307fc
assets/audio/sfx_knife2.wav	2378	2ba8896f0b79bc34a623b06c3152cc2f30eb1005d172fba6f2bf42dfab9444cb
assets/audio/sfx_knife3.wav	4460	5c7f539dabdee858a2aa2d4a9e974a0dfb54ded1fa35f62a2438e589aff4bd2c
assets/audio/sfx_knifestrike1.wav	15318	f4471e5a4f12af1c25650db0278d64221c24e787290bc424fa6516a9d7848853
assets/audio/sfx_knifestrike2.wav	9986	e2d39dfad8c27314e70f49cdce789a41b14cc5471f0a0c0721c33e62be1dc6d6
assets/audio/sfx_leg.wav	21006	0387a81a45d01615fdaccdf94d0066b58d5f16b7bc88576e8be6db1617794c48
assets/audio/sfx_lvup.wav	20044	2a057c558b251547fabcafdb6d4bb8d8d59d939c91eec9b9803f04f89737d1e8
assets/audio/sfx_lvup2.wav	16872	363ef1d485addd60b2f02c02522684f8bc70b03877c06e7312c3c9a2aff11780
assets/audio/sfx_machine_gun.wav	17044	36e44a4f25660c82f01abb652479d678a55adb12a98bc7c9f722734d09e0c347
assets/audio/sfx_naval.wav	16550	f2be4d3a692a8c22c6468502e8829c7f0851f662161fd3ddbf62967153ead1f2
assets/audio/sfx_naval_gun.wav	31274	a41bd71a81ba81b201641ecf33c520737255eaa64e28c124295b3f7baf12c872
assets/audio/sfx_occupy.wav	22074	c73d1315ae8225c81953a99e6dec0eaa7809309b83a340258a5021f341ddb8e6
assets/audio/sfx_pop.wav	6042	d2d880617403f8e625fb52c34b208ff93fbd4bdaa63f230bc3eaed38c0fb5833
assets/audio/sfx_rocket.wav	27186	3d15c2e8d55c7e4ce20cf72901d547e6624192e181f066a212244ec208ce10c5
assets/audio/sfx_select.wav	4246	e150e479625e5720d58982f8116097a99c98a5d31cbc52a3abf36e5f75fdcc6f
assets/audio/sfx_slide.wav	17070	e89b865b53d1c2cfdd55f0f1eb2812f1f5205b98805a0395dd8417def0e65016
assets/audio/sfx_strike.wav	13422	440f690fd6da4829b656b1150f1f286d98cfdb832e188715914edadcd55b6443
assets/audio/sfx_supply.wav	24290	3a8617d2479fdfc59e46042a24987c1a5048d42e95d96cfe960fdd1f579ffcb1
assets/bile_runtime/army_armoredcar.bin	294399	f7a67e2f33ae51dcd31324ac4800f78f7b0b44750c01398b74ee580e7505d7f8
assets/bile_runtime/army_armoredcar.png	91129	55f80f519b18f648ba36681e2c80957248cbc9534021037068d1606c41b077f8
assets/bile_runtime/army_armoredcar.xml	9325	e330c7479e27a45df9ddc28cf3bcc1725ef6cb09d533205522c2a6f01a737083
assets/bile_runtime/army_artillery.bin	2247164	562c66389b1c6863108a8d796736266f2aa3ed53107f1f63c67234c756809d37
assets/bile_runtime/army_artillery.png	200722	17da6aa99612055f2ad153a9fd4c3e07f9647d102a0f88e8dad27c5d3e6e75bc
assets/bile_runtime/army_artillery.xml	13640	ba9700ce23bdbed1f99a33fca528018290d3d8d76aafa2660ed9c75032874252
assets/bile_runtime/army_fort.bin	1983	c6697bf7f0eabec8759bd0620b0b75b6bc22425ad94eedd11e73517c1bc9eb99
assets/bile_runtime/army_fort.png	156143	8ddb65b7d98dc9cec93853913c2f94be504c8841585a243fccd9b932c5e36132
assets/bile_runtime/army_fort.xml	579	8a900b1daa5949509c5861b69bf66ad6d3fec93f0aff0ee811c416a22a25d5e0
assets/bile_runtime/army_grenadier.bin	793980	475d1da3f17b69ad664eb58be022e3c1f1f33a56d8223c05f6708824c2dbb4b4
assets/bile_runtime/army_grenadier.png	94220	853b22981421f9a730bb90cf9236acee51e0ad3d1cf9f688e92970e1219a98f3
assets/bile_runtime/army_grenadier.xml	11404	2072a834e85738416334f31bcc5cce939f55097d299ae4f8e3b874044d3a0294
assets/bile_runtime/army_guards.bin	961775	da3bde2c168f28b9059f0d288f6b7b9b7c1a66151b1cdca5805d026320141405
assets/bile_runtime/army_guards.png	128426	6a4bd8c864dfb083ce98ede7a241f454da21e389181924520cba861a52cdd71f
assets/bile_runtime/army_guards.xml	16143	fc33fd9bf2dd14f1beb27b7bdf40d7c4d3e4e5550fe87f25271a5a01c3cee694
assets/bile_runtime/army_guardscavalry.bin	1034923	d495e49c19372efe1f2ff87ba0167e7738688eda555da9c8fcc4745f6c3652e5
assets/bile_runtime/army_guardscavalry.png	113243	528cfa1ac6c769806ffc93b348c025cadc7e524ed1d83edc4081bb697355024c
assets/bile_runtime/army_guardscavalry.xml	15325	fa35a0efa9fb0f62ef3bee633458383741e9e0d6909ca6724e9569a8a30a21d2
assets/bile_runtime/army_heavycavalry.bin	504447	552da6180b037cffacbb2a881b75003edb730c269cc599c8d664f43f80b76a43
assets/bile_runtime/army_heavycavalry.png	73242	50feec2d7a154f18e174fa0cbf37469874b1e2d504e7859c92237cab26f5a00b
assets/bile_runtime/army_heavycavalry.xml	10474	46cc8d240b7a34ea3ea35723e0eec21b2f492e9de6210fc255124940a42ea9e6
assets/bile_runtime/army_lightcavalry.bin	671499	7de70c8f8c7a3123d09e69aadfedc01b3e18b25207f30f934b974cdd5c293694
assets/bile_runtime/army_lightcavalry.png	99837	14a7cfb0f1a2fcddedcc6c9dadd7a5f4c9ec2140b34fa06157a38a2b15b11b61
assets/bile_runtime/army_lightcavalry.xml	13490	b8ed5514eb521d228ee5dc0e1fefb9b61b94d97b5de9174d81e81d045c759e23
assets/bile_runtime/army_lightinfantry.bin	513436	4891624f6edc84cfa7414ff3534c1802dcb6de9d023f288b1d8f9cf0fa2a66cb
assets/bile_runtime/army_lightinfantry.png	105317	fde68c77fe1ec1464eec643d444eb72d01a858b756aac50ff29236ac9fe20cff
assets/bile_runtime/army_lightinfantry.xml	14257	d07e4775547726021eca97afa8f2c11d0eecc9acd227d67f6744ef279a5ca15a
assets/bile_runtime/army_lineinfantry.bin	550110	d985d59b94cd9301069bb84b402e90ceb34bb93926a73aca8d811112d8b74642
assets/bile_runtime/army_lineinfantry.png	88186	6d14254984c494a6a260b4869978b6eed1402a440ec645f39c8cb6936b3ff7ef
assets/bile_runtime/army_lineinfantry.xml	11865	4abdd1a1042f1eff9dcf8eca56291ab850d7f12b4695ac437c16881919cac447
assets/bile_runtime/army_militia.bin	650148	4c48e502099e209da0b2997b1c37987f5237d0e10f060225862dd777d2be5180
assets/bile_runtime/army_militia.png	115322	c773cac47baf7b71ed9db6d7c8d4cf2eca0a6b0a42628fa2b149f210f2e5cc88
assets/bile_runtime/army_militia.xml	14313	329f9265ed9a0e7f0236600dd0ed74c6c953f3fb9bc8fcf59ef4d73e0a8df4c7
assets/bile_runtime/army_ship.bin	87710	20bcc6f535370236d2fceb0c610b6f468ab853d997934bab8cef3bb31a2312e9
assets/bile_runtime/army_ship.png	310335	9f2213efbeda6127636e918640e7c55777b9aea033ee08a38a1635bfabdb19c6
assets/bile_runtime/army_ship.xml	1184	e6dc8757c61b1b82c08ffd24cece494cdf81ae6b9fdfc0f321051b017b85e391
assets/bile_runtime/def_motion.xml	325073	159573a0dc88692b3affb9c9446bbc1770d1dd053070df486d04e477aeccfbdb
assets/bile_runtime/manifest.json	9224	948ac173e81538a9ae9ef04732a16d5b41cdae960aecedcef1b1ea4a406d8003
assets/data/army_stats.json	67316	9a1963e89b7442d1dd138ca030c0158a0a716facaa8f7e28e8227a52953e81ad
assets/data/battle_dialogues.json	50905	0586188920cdce877f4384926f27b1260daa69a99b4a893c08f8ec66104899a8
assets/data/battle_itemstores.json	33342	9a2c892aeb280b168c4c116fc6a3083694eb3558d78e420b8ed90d246f2dbfd4
assets/data/battle_native_triggers.json	168161	a71cf5337ce7faf6f0265daccea1069387a0346abf08901c988127d7bf8bdf44
assets/data/battle_taverns.json	15108	1889ef2cb09ee438993bce5ea5a1d043d228350833777451a8a5a74699dc54ed
assets/data/battles_runtime.json	3923940	92d962e35a6c48bb523bbed67b03cf3777453af44f1a07c7243efecd61e2e6d5
assets/data/build_cards.json	2352	00581800f3bd13d380c2cb10b1733e797ab99edee85614bfbc382e2f8227116a
assets/data/cards.json	5663	1be9a02294bd1fc2916cf14089df73549ed148fbeeb9c07ebe467ba37db6307b
assets/data/commanders.json	168467	594a05c2cc4021f61ce808bdcad6d09e04e51081bbbee6f6466e4235f9d15563
assets/data/constructions.json	4125	4fc1425457fdcc0e16ef4f5425ab444d9b8afe4996ad98a4795bc7158f6651ab
assets/data/def_areaname.xml	7240	b741a3087c65eb1b842684b9f3c0ece749762c45fa3643cbaf9c61de5641fdbf
assets/data/def_army.xml	63731	3052ed92a42248d9c87c94f52679bd98a94257abdc80129581b36afa14caf585
assets/data/def_battleline.xml	575	a0471b77f21063712df267339410536667ff3c13c6bffcefe2eea9b2b6c0bff5
assets/data/def_battlelist.xml	14510	38bd85989c9806dbc1b5ce78da06a4e4cb9d06d9cd8436fb72bad404201a578f
assets/data/def_capital.xml	827	ef3622da9def7ba8d6fff982f86e14874260483f18ef0cf5541a957af839b009
assets/data/def_conquestlist.xml	1155	871dddd992cc64f584d49fe3b147fec971708b0d99c6fef8c4a3852de092591a
assets/data/def_construction.xml	4920	3363881729dcbe39e134c1261d317e8b0d307ab86f78380d8b6cbc0295253793
assets/data/def_installation.xml	406	10a3f3cde9b81414582ea150119fdcc3b908f94888a6b09862d9604821caa731
assets/data/def_item.xml	21002	ded737008eef2b8fefd1347d65d0e3fc9f051e82eb88f71bf2200247e9b80adc
assets/data/def_map.xml	396	b32c3475a0f8096c3e689fcdd16692e09ebc29fdc935319f25ad338c3b899dd2
assets/data/def_mapterrain.xml	3046	f7af626674c92dca0309cad7cadabf5e93bc13a425c9a71893d543918f653fa1
assets/data/def_terraintype.xml	811	456b04d7cc998511b764666cb94d8122e3f71fbaa3f14d9eacdd02c1105c48a5
assets/data/def_warzonetech.xml	4725	35320e99f2c39ac998c92340cb221653ae3f2c9fe8bb24b9ee3bfb321efe64db
assets/data/installations.json	471	a8650165c11ef5cea4c586ad8edcd39c60b9930cc8c89e744436662db6dc8051
assets/data/item_icon_manifest.json	3697	e9e4b6b9bbbaeb84757e14933126c31fbd1b29a1141f29a259733b3bbe5b4a28
assets/data/items.json	21796	38095170c341c60a2b66fe693afc6d4a44edbc84671b7cfad59348175d9d5d31
assets/data/native_animation_core102.json	1226969	aacd48144f3587b40897a52418ff86246fc22225b814d913a8d595dde7944715
assets/data/native_animation_core119.json	1308826	d0bc56b1a9029e8420228841c8928e224a2cd49f9fdf9a187b30031b9e745e4f
assets/data/native_animation_core136.json	1390681	a13a8de5377778ab53d7d15053148aef2ad17cbb4a5b04bc07e69fe4c8347089
assets/data/native_animation_core153.json	1472337	bc446a1f7da00fe6ac38a2f2259f00a75ec35c6ae3bcfad8a46d53a7c28c960c
assets/data/native_animation_core161.json	1509161	9437f43bcf86c82513b05982df3e13e830a599f836799c890340eed1377457ed
assets/data/native_animation_core169.json	1546188	e375d648e4719af5ad6475b9c7bd3984dcf167aaf246d9468908eb46ada8593a
assets/data/native_animation_core177.json	1698810	2b3eb604d1135f9f5e8cca023de0ea2ec8ea9e1473ea40c027201e979e5f6ab0
assets/data/native_animation_core185.json	1735837	7c600e468adbc27c0fbca799b77d75bada1a01ccad0322aace9b952b1a01a11d
assets/data/native_animation_core193.json	1772950	686eeba6318c302d27fa9f909d73062ed098b6f11676500062673f6c146ff946
assets/data/native_animation_core201.json	1810074	013767624903929e67fdf55e810b9bea8467a43a094da62dd20ed618ff19cdc3
assets/data/native_animation_core209.json	1847198	23f5c5c433ad8cc1d252bc5da4c7e2f3d1e50b6bcf39a8ff1be0bab6e58ea36b
assets/data/native_animation_core217.json	1884107	f1da5d7a3c885c81099cdf16ecbada68eda4f4c2adff5b30a292fa4934cd8fa1
assets/data/native_animation_core225.json	1921130	2ce3c1c2529af91025cd2536c688df07ac8bd78beaeb495db7aa946cd7f35aa0
assets/data/native_animation_core233.json	1952785	2b194d39b1d8e7801668a9b9a4623dc73e29673a9b71f754ce0eb9bc2a7350e0
assets/data/native_animation_core241.json	1984616	2d8cb91fac3e0e7ef810a524d67dbe6f3919e53c260b9e74e552e7b6801d872b
assets/data/native_animation_core249.json	2185587	407d428bf46d96155e3fab2696b7eb0d5666e9c14de83dcf53d966976d838037
assets/data/native_animation_core257.json	1463635	773cc2bb9c6a41eca53066304b33536e95021760fa2937b24d3c9c388dc8f1ff
assets/data/native_animation_core265.json	2628732	18d2d963903d0cefad1b0659fdb75dbfc89621fe9cab96d1832d61938a4092b3
assets/data/native_animation_core877.json	934476	d000dceecf4a0274e35ec367ba451f0408232f5ce6603957f16565e01207983a
assets/data/native_audio_inventory.json	11181	6cd045fcf8f4730f928df8c744e36961c4ac2e70febb9dc8b81fe9ba0a8c7efc
assets/data/native_campaign_targets.json	59032	1c0b6e0e64b7e7e4d8e78313727041646bc851a6b4abcf1c60cfd1da3cec9979
assets/data/native_combat_effects.json	76579	fadcb34f329503aeb7d699676797e3c0687b742ac1acb8070680880400eec2ac
assets/data/native_effects_audio.json	83032	da2b9d06d53996344ce1110b62840512dc4f260d2168c9b3fa313ff168ff4879
assets/data/native_getgeneral_effect.json	7664	080d91e28ccb086af94a9ac8b01d58e4df105282e9545127d54b43309751cf3c
assets/data/native_simple_effects.json	152070	7f7eca9c945d80142f6fb8fe1b35b487afe3b91e2bf9d1bcad142e37436d9b88
assets/data/native_trigger_targets.json	8844	04abdd8f35fff01e23fcbf7d337fece0f2852e20a8c52aae9be55f3ca25bc2eb
assets/data/native_tutorial_scripts.json	10033	af4187b04810e2be3fe14768ed7c605a5b7f31ff79013e4fefce426bedfb1158
assets/data/native_warzone_tech.json	672	1c7a9d71d1f33cee03262908e8aa1195e543b44a53ef584a81dcdcbda0170da1
assets/data/original_layout-568h.xml	118268	e1d5e9de7dd2cba29f5e9cdb992951abeb44ff8738a86127c6f0f63bc0fe8974
assets/data/player_general_overrides.json	1985	0f2919d9a8e821f974719c2f83e60697c1e6910582d62b7aaea312b61db3d978
assets/data/player_princess_overrides.json	631	c9f8ce939e787ee52176c8c6a1143d910415b57780a591bc5ce6500fbfa114ed
assets/data/portrait_manifest.json	23033	5044eb48744204074d801b44d0471b5d2bce7a2cc3ee488df7b58276e57a9ad3
assets/data/strings_cn.json	103013	cf83f48ac7eafe08e22afd534d6a948d0fdcd7742c2bd3e661d0414ef15afe1a
assets/data/terrain_manifest.json	5092	96ae2d2291db0b3b08dde52abee20da734bded40aa0fc3f735421626f2c874ab
assets/data/tiles_manifest.json	5614	22e7b89ac703560cae7fa96829ef1e3add5f1a84a76e3e7bda51c1be71dc9205
assets/data/tutorials_script1.xml	5689	a158053ac7b61d07aa4b1f8f15fbcd7568a130e4b7f5a9dc4876891e60ad6d41
assets/data/tutorials_script2.xml	5319	9b8e568b68c045b3e83ee71d43e6f84ffd6dc8b8f2794c63e6974741c15141fc
assets/data/unit_attack_manifest.json	251137	e287276f268e006fd0b29c3565e65e9c51bd319b810e374d33119f0bf5795042
assets/data/unit_finish_manifest.json	218519	dfecb9093733cfad811839a432846a39aaf4d192fcd0c0d29339a55cb8eec948
assets/data/unit_ready_manifest.json	261093	9dca66dbc615ea3df5831ff3d90d296fc223b02ebb9528ac3d6215e133a780f0
assets/data/unit_reload_manifest.json	174112	04f47231f45cf30abcc6b20425c058bccdbabbe75c27d0cd08a8815c2f41b71f
assets/data/worldmaps.json	727723	3e5539e9335bc367d466c46ade74d04344ff12816b013d4d624d7c5de76c472e
assets/effects/anim_fire_hd.png	327936	2e2f3ba3aa1e8f937ee6be528725beb31ddceb9453e34359906581d6504b7c7f
assets/effects/anim_upgrade/anim_upgrade.bin	10088	8721bfbdb0501c0deeca29cd98f066496746cda6ce9809b2fc6fb8f76b37f6f0
assets/effects/anim_upgrade/anim_upgrade.png	10242	c21202417bcee712959cf68e4a346f0ef4e8a24e8cecf3e81677ae4557fa6d46
assets/effects/anim_upgrade/anim_upgrade.xml	561	91e2330a90020da23d3f35157f761d48ffe982e9b881f697f7c646e847168d1d
assets/effects/eff.png	142669	8b5f2796fece178fd3f0cfaa10a26dc6edd718b469f7319de31b0afd5d73c4a4
assets/items/Armored_Carrier.png	21174	92f8ecf34536a2fd1a08193ac43fcb4cb824384c21a0da936605829c6a5dee3b
assets/items/Army_Tentage.png	16350	5dbeb5d13c16d7c0d99c72409d299e167d1a7bb3d56cc6d93d7fd6ce47513721
assets/items/Art_Of_War.png	15980	9b53dc1de6c0c5bd56adbfe34a080cd34fb97df9084ba0397aefd21384d40650
assets/items/Baker_Rifle.png	9810	13e4e3c9d19629fd13901a6cdcb518c2c9416ec2247f4366033986d44819f1dc
assets/items/Bayonet.png	9542	67f76069b5334ed856c9ff46e34b4295ed66a6b4442653dc84ed0725ea218103
assets/items/Bear_Flag.png	16770	8e4005852e9e482b1e48cebe423bb3c534cc12c45efd693b748b0488984c06e4
assets/items/Bearskin_Cap.png	19638	a92983cebb545d3fbd2e69ff23e265b7aaceaa7d656f3b03e08ff2aa5509861f
assets/items/Blucher_Sabre.png	9667	0f2406d1d4aafc1daa987a8819563114e3c8d4f78b3550e11cd41bdf6ac7e2ef
assets/items/Bow_Chaser.png	20437	36b1f6f981eecd8edcf74c05b370bd6b5efac94a05e2001fe8879d776c30c1e9
assets/items/Brass_Horseshoe.png	17155	89a5c5302788f5e76e2a5d6a5c94963ecc075158f90a79f755fce2c8634eb3b4
assets/items/Brown_Bess.png	8770	9bf2c80e9db550d66660278e7cde7155542e368e3ae178d50d2a22e84925d32f
assets/items/Brown_Gunpowder.png	20802	935851e3475c5b07ea158dbeae81cfa512b57f1af2a9e7d9cd5490c4acad6e88
assets/items/Canvas_Coat.png	20890	05d97d636d58f13778219fd2432fb82c3c8740ad0c499d33112e9cd496f5b4f5
assets/items/Cavalry_Pistol.png	12905	dba040546fc23aeec812a08688fc68b8ef70e80afc04f1ea1f20c33e1caba3d5
assets/items/Cavalry_Sword.png	14364	3905b59162a73c75b02400dbbe9d3259e45311f6d524ee204c4c0d0bfe7bdfb4
assets/items/Combat_Uniform.png	14637	b910f1335e475ed937179ff94c8bc2268c718741987ddf252ca27fea1ebe59ef
assets/items/Concrete.png	15562	4bc25451ed263e92c3fd45d83033133d1af18b7061c92d46bdece9c03a20240b
assets/items/Crown.png	17980	7b91b6b19c12d7db8cc314de883b1264b191d1624119ea0689ae541906b395c9
assets/items/Cuirass.png	16646	2b7fdbe1ddc17b1a4e4d24904216fdd73df6bfd43abb8f366798d2bdb4de7e9a
assets/items/Dragon_Flag.png	16349	43e35107aa72c1eb2b829e3c5b862851cadb2924093f2ae54eee46cbef0c5a08
assets/items/Eagle_Flag.png	17132	1014d00b9e9675b06817b37d7ec488806bda113e6e6a7587293a6cb4693a7ec2
assets/items/Encyclopedia.png	16803	65612e7650941f6e55f5cd8a46d829b547ddcd5d43f69c97f7126c7454683965
assets/items/Ferguson_Rifle.png	12249	2347198d20b03da86137debeeaff4123bfc3b015065f4b72dadea02f236c2af4
assets/items/Figurehead.png	21821	7ebb90bcf55024c30d0d663834159e9c7263c79e786bbd8e4407de243459e3e3
assets/items/First_Aid_Box.png	16629	3eacd4a2ae0e1e548a2ed0c4e8fa97143f6a083e94287124593330569d252d61
assets/items/Gaiters.png	16206	3d0cc363ecb5822215516e67c19ef560f38de7081d505cef1a50f1d15015d708
assets/items/Gilding_Cuirass.png	16557	ada1dc69d73eba617f549d10206ff4a19617136bed37b731e07001821dbb5480
assets/items/Golden_Staff.png	8811	f897a45289b5f1b83a6852c5f6006ce8c9169ba9c8eb01bd01842474644d846f
assets/items/Helmet.png	18893	d7dcaa233f55dca29a9d088578db7b02c6271834536c83678e67d4461971e415
assets/items/Horse_Artillery.png	15082	00c8254091d6da318c328a383f816e843a42b9b52e19837535b37cefd1f8bb64
assets/items/Lions_Flag.png	16164	f2c500ac4e25a5195ee008015c04f1a03c143a6a258acf77fa78e2dddc0a336e
assets/items/Medikit.png	15588	f94ae23c8ef877c01325a5e1db3c17124a40e50a61378d2dfba2937816e21f92
assets/items/Medikit_L.png	15507	c537006b023f04aec13ca5524467fd24b04b577f52f04e447c739baefd92ffe2
assets/items/Military_Camp.png	15430	8d795733d89b7d6ea2adbdb39fa4d0bf3c59c555b04545841b3bcd144962cc9e
assets/items/Napoleonic_Code.png	16737	23d6a0e792ee758a6a5c687663099aaadf0278ea6777f8278cabe0ad6f67c849
assets/items/Oak_Wheel.png	17577	e6d3a3fe7783a20b19ef1bc3691920c1fbbb83ec80a91d1908ba9b04c36a2214
assets/items/On_War.png	17784	9cb0f44b610fc6655ac8761bcee97deb7788c2b6e76577d871bbe10c22241ae8
assets/items/Potent_Gunpowder.png	14298	8c307fd3e418a63d1c29b044dd233a298773205361cd4c37ce420a58cf2bacf4
assets/items/Powder_Mixture.png	15109	6ac76da3a8bc9136e51c81a2cfeb7554dbed0bebf24304d2a8965140af2e66a3
assets/items/Pressed_Powder.png	17602	f9c7c884a90c6e13ac22867c68b06bcb82f3f29a7f38e0fad8032507034f7048
assets/items/Propeller.png	16984	7692d1464bded510d30112e035db9b52a77b22715ab6631a442178040cad45ab
assets/items/Pumper.png	19268	6d53e5061a65761c75f5b76056aa01350ab650fa19d6da361d71b5418d068de4
assets/items/Quality_Saddle.png	17572	53bced5a7300fb02f4381594cc0a8504d32d0fdb14b7498964ff1a28042a495d
assets/items/Ram_Stem.png	14058	9c595d559d0cd4d6686800b767436f0a758918c567a9128ea46fb272fa5f3ff4
assets/items/Snare_Drum.png	15936	b6e84fd49d525ad4ffb6c00da3e9c0a7ebe55b3dabfd646f9b238e65b6ec2852
assets/items/Spirit.png	20459	6d0dad7573cd02326edc3631f67b3194255dbe1551efd4f0ced033b5c24a006a
assets/items/Star.png	13926	04c373fe7a6ba20f7b1a1a625ad8f08aa365c490d15ee7509b26dfa8293f0ce8
assets/items/Tall_Boots.png	16914	d4c0ed3148bac9c6e6a4c8af76ffe3a9da655110808725cc33b0edc9b1ad19fa
assets/items/Tent_Tentage.png	13603	b6a745a9d311d09339460f3666184b2fa2e06f2fc572daa72a4e6f7fb66fc3fe
assets/items/Tiger_Flag.png	16304	78642e1e752558ba145be0ce306f9bd8e70e46fa2837da92b4b90f3e5abeb835
assets/items/Trooper_Sabre.png	9122	086be2f2e1008b5489f341be13b6bc125f66a82ff719bd642436c056f52b0527
assets/items/War_Horse.png	19083	bcc3cc2084f843573fb66a85beb9b695dd4dee2c0908ac53a786fb4a1f4713f3
assets/items/Wine.png	14202	f6cd5d3070a2489f66b7491c35d5152a3d1f8b18a72873c610731b6bd9d232e1
assets/items/Wolf_Flag.png	16833	3c72ca50d69475c568a036696bdf7798ce64a41a36e729bda9edbdeee7995c03
assets/items/item_blank.png	1103	b0c32f2a29f7c58cec70654e42d094862626d1f58f4305edad2a06e3d2a8f376
assets/maps/america.png	663026	ac7a24db6ae06be7a02fbda2e32fe27d02cc962deb4263f9e16e07999de98c22
assets/maps/europe.png	1195555	d614cb88599c3d926ac623bf008daf5453081d854268855c5b8eefb8b04f99fa
assets/maps/map_pt.png	234051	d3fc5fcda624be8cf102acee08a7311dc0dad8466efb52fe55ae99359bc36513
assets/maptext_native/SHA256SUMS.txt	411	9842d7d21bd5ee1a5b8f4d4755140dc1a0af9b61aa43bfbd073dc24b829a69a3
assets/maptext_native/maptext.bin	84660	45afc43e3712bcaaa997c063dd8651807c16572c71fe3b7dc9d3f171b6aabd2a
assets/maptext_native/maptext.png	454751	b5202a0120d241b791da4e7d810220f07e46109d618dccc3e539ae6866a4b6fc
assets/maptext_native/maptext.xml	14425	06a4ee7316b6cb57a1e5d2bb149f1cae22218cdbbd1b1ad7e968e37f33d4e09f
assets/maptext_native/maptextpos_america.xml	6163	fca196c05a12339fd927d9aa23677f97f4455716fe91fd64527c0980ba197f1e
assets/maptext_native/maptextpos_europe.xml	14809	4ad24236ccfe8e40985ce3e65a59d153adec1a5448717a2388cfe2dbb9708920
assets/portraits/Abercromby.webp	6774	f4f8cc385c624e151f6c0674cf97e93472d7b83d2bddc4126d6c461072b9f44c
assets/portraits/Agha.webp	5756	49496b8c934cb98a2412afe5e5b31437fff2ec4ca97561231fed6e635d5e5403
assets/portraits/AlexanderI.webp	6752	523bbf868f0ea6e2110c7c29142494b7f430eb59088c744e965f5b649f586dc8
assets/portraits/Alten.webp	7386	a3db3b1efbc89626eaa6c242792a96686aa268504eada23f5a2004c394ccb491
assets/portraits/AmadeoIII.webp	5224	56b561050122dd5577f6f47fecda3726c387937bf2e0cb00effc6ac28b6cf5fc
assets/portraits/Andrade.webp	7078	47b2c6844515ae2363871e8ecacc460752694e6768c386aec4ceaf94e97852ab
assets/portraits/Archduke.C.webp	6606	705ed9f485cb173ff49caa8062b4926455be672ba8b9ede652437f99a2b02385
assets/portraits/Archduke.J.webp	4616	0a123b0e24973875f04adcf5e48a92d7bb187176641fe113299df03d4aa3082e
assets/portraits/Arnold.webp	7598	8b49a7bf3c7f7190b680c194f454ce98899124b7ea81985678b5417f44f9099a
assets/portraits/Arrighi.webp	7986	eaf77aeda9e5c8e870b3e2c7d4fb76821635416cbd79d6255c2ebbc85c31a1a9
assets/portraits/Augereau.webp	8346	1f5ea34f5cfa2003d60365d4384ac1a1d189c4b0081bb15c16772a98f9d5fa32
assets/portraits/AugustI.webp	6782	b9571174be3f2fa4229ffe923b44cd5f19f0607b9501a8990785738bb4f5c8e9
assets/portraits/Bachmann.webp	8018	1dd4a442e1f5da58cd83a7389f0f62742432f90deb69b9bed1b5197615ffcd7e
assets/portraits/Baggovut.webp	8276	1e8d9fafc0d60aa66a3285649ab49b30671090ddb7a114a974a2e4784aeed0ee
assets/portraits/Bagration.webp	7758	05f5e0d4d6580e3973eabc06c6db962c042eaeccf5bc7ec6f567020892993dab
assets/portraits/Balabio.webp	7706	8accfd39e6b1b25b216ede2308a553700bbd4d7a922fa165424c09d9307fcaec
assets/portraits/Ballesteros.webp	5886	3467dbbfdd6a3b471502a014fe42a3e2e057ec8471a875f84ab4adabadb250e6
assets/portraits/Barclay.webp	7734	1b2f8feb4e3088f89811c348dd61e67c808a022eb1ac00e1946e2c0383a0abac
assets/portraits/Bennigsen.webp	8510	dce8f06a7feacb8af62769ef3545a389a86c1580fd865a9e5524dc54fb1095ec
assets/portraits/Beresford.webp	8252	10ea97d9871f7917c39cfc4faf4de578fcfb563bde91650987baff1f48c1d276
assets/portraits/Bernadotte.webp	7060	e34ded848979a8451d1325aee9732f0801079968c9e6506ea84513194b18a2f8
assets/portraits/Berthier.webp	8644	842f574c63b64ad92384375eb633cc808ea56689f8993bf3d24c73d611bdc799
assets/portraits/Blasius.webp	8306	4cd95990c246a4006ecb698e396c1f221aa0232727c05583a2aed9520d7a5bc3
assets/portraits/Blucher.webp	7486	f92e5960b2f39805a80e1fd6f3feef6988d58a7f6043b1ec8c3e7953c4c29433
assets/portraits/Bouvet.webp	6838	e6dd36eca58fe2d8ae560432897aec23ca607119403a866ea729be86f2e4a32a
assets/portraits/Brock.webp	6258	30caae25c64ebf9d1124ff66501b8f58b9d99be0525317fc8d0dd9bb435d48c0
assets/portraits/Brueys.webp	6480	b2ee96156c48e62f68927b52b0a272b573ed04281e80b76c29f03e449acdeefe
assets/portraits/Bruix.webp	5376	6d261f07ced3cc5c96cd97154369333be41272a49d672af0fc7dad9ed7e509c5
assets/portraits/Bubna.webp	7028	5a8eef8b1a921e3dcba976c374b6d22c354216d0215ed884b39704cf70465448
assets/portraits/Bulow.webp	8266	d3adb60443bea8fe937747d8347f3373fccf0d93b743ae647578d6c3193d9a4c
assets/portraits/Buxhoeveden.webp	6474	127774449aa4fd8d4cf7efeb893ef8c68c62272deaad0ca009a218978f2f07b7
assets/portraits/Bylandt.webp	7466	1626be55a338fc05bea85502605b9d588b7d2369e0933ff7db0817d0f9ee4142
assets/portraits/Calder.webp	6710	408581cd7d5a8f397680d4bef1539677c277c212dca1b0acf3482430c88dd8aa
assets/portraits/Caradja.webp	5750	3dc3245247f85d1a75af2a9b6374dfd0b1eafc7df97d9279255557497bac9821
assets/portraits/Carteaux.webp	7100	85eccab5d7f97f42be7757d9f1eb4257fc23c7438dee676c206ecb1377281857
assets/portraits/Charles.webp	7082	b02ebbf60bbe125e8f03f3ca3b0600ed1e71211993b4efc5548fed9071469c93
assets/portraits/Chasse.webp	8424	99f2ad6fe4f98a7b024309a85e53de8d4c117efee06576e1a5ed968716afb49c
assets/portraits/Chichagov.webp	6628	bb4686503cfe3d7dbf7bfc1bbdd5a3c2b7c96c08ec61a07256fed7aaf30f16b8
assets/portraits/Cisneros.webp	7726	ffa8858a50486943eb3a7593f56b8a26d11fcc9712a830379884a73f968faac3
assets/portraits/Claude.webp	8810	6df7f913a49760762107737035543cd30f02e5c5f2e96b48504696ab7736e7f4
assets/portraits/Clausewitz.webp	7772	858b85a84fd7594d27a6d7da0bc6af7aaf89d906a0cf54ca355af42fc76af449
assets/portraits/Clinton.webp	6396	9e810eaabf3d7904e7b995d32c5813c252ad4e8e20e8ffdbae5b5aca9a054215
assets/portraits/Collingwood.webp	6444	ae35296de150a75b3c12a65251ddf5ea7c97f1e0f459324204fd12c696f52101
assets/portraits/Cornplanter.webp	7884	c7ecbe93385dd6195c19f68246bc53dc9476265e1ca9ff2a296617cdb201f11f
assets/portraits/Cornwallis.webp	6694	6661ab69466ff258c5ac7cfd86441036d10442c2d07d7c9cf4a50f4a52410799
assets/portraits/Cosmao.webp	7234	311d7adead50c04996bead652eb6634325ae2b823a735c0683b8c6c9d280b369
assets/portraits/Cotton.webp	6922	032c79354b75cb4ce2638db569a32ac3f0adefda7609ee92491bc0d68210c435
assets/portraits/Cronstedt.webp	6958	9a302b66908ddbad3efb1a337c4084fd11a70c85c5790a0666d04008072b9c26
assets/portraits/Davidovich.webp	8062	6ec388e7bda9e6b6f4c78c96497befb6636a3d6100bfa6a5791370d554c4d18a
assets/portraits/Davout.webp	7332	5be93f23b52ebcf4a6d854317e988d825adf131b52287780764ab777f77c2141
assets/portraits/Dearborn.webp	7092	5d4dd2b0ab6bec174481751b08bc4f2ecd35ecd3255d3c47d2d80d7e8925439a
assets/portraits/Deroy.webp	7366	3017f866b3f6a8eb7cc1351baf6fde8c0e1860df6a99df19c27eb5b936b44dd8
assets/portraits/Desaix.webp	5922	d925e606de2263a7855d91abe82f3157b7b5b2ec968ac03700e789fd8c4bf1a8
assets/portraits/Diez.webp	6386	848d58b48e77d84806860ee126c97fed2b9be172f54e2c2b73331828f32a6ada
assets/portraits/Dobeln.webp	4738	cd9ef572484d9c1c9c85538cc5ef8ed16a1a4ae85775eb73f5a423adedbbb4cd
assets/portraits/Dobrnjac.webp	6074	a35f3140ed2a167cf428bac08f678fe63dd9bee0744820a838d8adc914a9469b
assets/portraits/Dombrowski.webp	9416	07ce724c829bd5e839c43595b64403856f3b6fe8b46c72c28161b502b37b18f5
assets/portraits/Dornberg.webp	7166	b92c74006e72993c6c9cb82382a8a3edca267fd0db435e4c54a32e759de5b41e
assets/portraits/Drouot.webp	8274	ae4cec4406d3f1fd4600f01f8e91992872a4a82f3f611a4b8decd3aeeaf49c3a
assets/portraits/Drummond.webp	7632	29f3ac6ab409486b1242a71b49ad6a31e5c53ce044773e7f45d55ae493a10386
assets/portraits/Duckworth.webp	7560	20d016e477b7a33769a98f143a1f1736d89c56fbacf60fddd6dbb2cea8d1173c
assets/portraits/Dumouriez.webp	8432	91586ef9176fadf097520e95f2844419b2b98b219022d7ba21d3d19354974c68
assets/portraits/Elphinstone.webp	7478	0019a779e9e598d51c50317fc3e40704c675e4aa039d6c6f322f7f229103609f
assets/portraits/Emil.webp	7220	269287797ce26d9bcbdeffc6cbe19562403524fd2a307e0fbe7a549182bf1a01
assets/portraits/Eugen.webp	6732	5eccf5e721c2a5a9d521685270e45b631f3d0d39504a0f52fd443ce13cdf4484
assets/portraits/Eugene.webp	7758	c1535d269ed4a2ac1c91b7586f6deeedf2badf43baa9d2a433957f1ef70d9350
assets/portraits/Exelmans.webp	7664	1ca87c0adeec297c216714091a9159316178093013aeae29682cba48f4144c7e
assets/portraits/Falsen.webp	7556	1a4a02121c99300ac9e5e0bf4edd05deb8ed3a6a589726191182a47d9c6e7d05
assets/portraits/Fatimah.webp	6434	565170d98df164d80cd1d74b65e681a9966ddb94c7d5c4b44faf1fe669c40f75
assets/portraits/Ferdinand.webp	5540	71936f74f9a2c53a56d95d46cdcab807f8179ea6cdc0b0882cb6c8d0c5881862
assets/portraits/FerdinandVII.webp	7188	6235fbaa9f1ebe60e1cf2bb6644c1cb4853b98574aa374f86f3542a850aae58e
assets/portraits/FerdinandoI.webp	6046	790088d9e0dc07d03836e1cf43c4e01e6d8a359b68fa08960f5427ce0d08cd92
assets/portraits/Fischer.webp	7490	3ca7e27bcb42a043ddaa91f11492e65f37470e805fa15d6b14887bcdf5f6f3e8
assets/portraits/Fontanelli.webp	5138	2743355ce7dcd93678b214a86cb3793fbad066a8ad174b6107dbc891d6146fcb
assets/portraits/Franquemont.webp	8414	20b3244ba7c7bdb5111879c1fe46b6cd395ba4f91f9a227cbfdb87a9254971a6
assets/portraits/Frederick.webp	5578	e3ca54afe3602f4082d003fbd6be2a8974ead0dfb4e212a1dacd65ac392b05b5
assets/portraits/Galvez.webp	5898	e48db0744d02b0f909660594a71d8f2a75ff5e5e4222b698e1443e478941e6d3
assets/portraits/Gazan.webp	8640	21beb9b4dca983a8ede40d669a8296809249ff3fdf8ccff920726ba610d9b972
assets/portraits/Georg.webp	5910	6f26f236c2ae4aab4db4897de03da15eaf355e9e97d872397f79646b4ce75595
assets/portraits/Gerard.webp	7972	4910c685a899589945fd577a997cf27958cd9df3a8fc0f6fe754507557e39f42
assets/portraits/Godebski.webp	8068	264ef4b8bd9620c949a988ad30821b92add6f38e90f380d837e35fd7adce614e
assets/portraits/Golitsyn.webp	7618	2f0e7683b0fa67b7d4b45e891788fd139226a8dc64959de0c2a0d727c423d731
assets/portraits/Gouvion.webp	8714	f1745fda6098885051bf72486b4bfc2215561a0a0b1cd5335f7bac5182e430f2
assets/portraits/Graham.webp	5802	f212a55edb52c0d71283d2e79bb41da567f7f2439870c66c09fd3c36b7d2dcca
assets/portraits/Gravina.webp	6734	28e6bd16e41d2befa8732f75d984076dfccc1b11aa3087a0fb67a99aa41919d6
assets/portraits/Greene.webp	6564	2bc3acd570595db1dc340ab41b069e58b44d816eabbf7fc9d8bc5d0c51e99b80
assets/portraits/Grouchy.webp	7310	fd7e07c05fbefebf2a2e2aeb7d433864655c5f1ec435099489c376da309f057e
assets/portraits/HeinrichXV.webp	6332	b018a9359d0f43d2c04db4de9386effaf6d0453b5dabe68f2739226964b8d9ca
assets/portraits/Hood.webp	7752	bf42b5cb8c4b145ad28f9c1d9b05f9affbd0533d5e29a02277deb39cb3c07685
assets/portraits/Hopkins.webp	7628	998329a3faa3645c303fa5432e7ca459b062b2e961682b081df77d8197dfa263
assets/portraits/Hotze.webp	6312	50574eb8a0f105db7d887c1bd7b25b2144c63e14a41b16e301435dcc101985cf
assets/portraits/Howe.webp	7770	6f2bf0bdb634fb1e50040d449cf3d8aec4242272f405b4d6a141dc6d28dcfb31
assets/portraits/Huarte.webp	5696	4b80687936dc28381fb2559b52c69e59919697689e2da2556c937bb2c316a0c2
assets/portraits/Hull.webp	5992	e004c048d8dea9ab42bc05d7bc75c94c5d6fff9e3b7c8f09c5e5abec728167f6
assets/portraits/Isabela.webp	8094	d803c7429d6c7ee8cdff2a1f6d232025bb0e6aa40fc32f7d39cf7f4f900d72ab
assets/portraits/J.Bonaparte.webp	7716	52ffb469de5a1963be4a756a1d172c67654864e8feb184eb72cad3df4aa88d2a
assets/portraits/Jackson.webp	6914	882dfe6c9cc18ec4462710d9de54dba7dee787235e7d9c6ee390c1992eb541be
assets/portraits/Janssens.webp	8572	a7d589c0a9db7d3a1ccf259092b69e413b75296900777ef1a9a871cb3b6338ac
assets/portraits/Jerome.webp	7620	c4a247bc28dba6f91b75b659e2016ecc5faeaea29d6be6dab66245f8b637744d
assets/portraits/Jervis.webp	7314	f1250bab1faa1bc040996495138e3cf420d1caaf47eb13bd98aa7ff1c0af6503
assets/portraits/JohannI.webp	6996	fcd28eeaabc861aac0012e9abf73e9815c0b1fbbd2d8887a343a6a5b7676ce3f
assets/portraits/Joubert.webp	8002	65966420e8022aa00b495e821a95ac01d5f953c03c6683340380af2030a3aeef
assets/portraits/Jourdan.webp	7962	c19302ebecbd59db1e20ba22a9ea0222c8e0111ee1e239d33347c944c5db6cda
assets/portraits/Joyes.webp	6824	8c424a41b45bfce776fa23d305afc086d59c12f4655793eb32f1cfcd009cd282
assets/portraits/Junot.webp	7346	b1c5662c8dd0a03e51609768d21302217f0d56ce0ab88b388c1aec194b1ec8f7
assets/portraits/Kahia.webp	7536	2f8b727cb6409873653c7855e632f8d4ef262078e4154dcc4135c1bb41f1247a
assets/portraits/Karamanli.webp	7412	a6bb3ab69ae7310103229c4932339969376d5b7f8a0124b8531999d5bd6d700c
assets/portraits/Kate.webp	8002	2211953c2269036c047b756524029006581f0cdd9fb2cd5bc2804671767199ec
assets/portraits/Kienmayer.webp	5876	38418e840f69ffd5ad974bd6ebb1d03b38e4c772089857d907d2f554e113233b
assets/portraits/Kleist.webp	7314	61dc9361566189c77bfde3679fdb86fd2b377326cd9bc5d03cef5ca83b853cc7
assets/portraits/Klenau.webp	6920	aa4198801435a62f50c929de8ad6c6dc014a1dda488bb353d23fee67ae5b8a97
assets/portraits/Kollowrat.webp	6080	55cc8cb79ee77293788094d537cc49d93af9efbc413302f43cd64e7d929969e6
assets/portraits/Konopka.webp	7004	2a8620be48df3f7447fbfb1631625da84abc43a3ba77facdc00558754be74907
assets/portraits/Kosciuszko.webp	6598	68995a42657867b48e1d0c39bfe0026fb3faf00abc947bdb08c914d13105964a
assets/portraits/Kozietulski.webp	7398	3fb3a241db6f465fe96681936c52906b34c9a4f0ebc79694ca71dac4c18e5a9d
assets/portraits/Kruse.webp	7380	569d4ea68884a62a5c096fa83aab8653404961a69d314845fdba37fc2a6b636d
assets/portraits/Kutaisov.webp	8386	7cc96081285e079a9e56987d7b96865efd52d5772f0eb0f973b4c3ccd052a045
assets/portraits/Kutuzov.webp	7980	fc62dc9ea7bc0c46afd468cefbec6e9f68a4020623199366d2966740ab4e9d68
assets/portraits/L'Estocq.webp	7184	a8cef1b1f046f23685700ade9bb2db3e2c90e0c8deeff1975d7f2f594f1047db
assets/portraits/L.Bonaparte.webp	7684	3ed84397b206ddb4958b3f80de5b6942a62a13a5655f921a2824c7ce52f30c34
assets/portraits/Lan.webp	8468	8990b342a4560cb782cf68b89cbb3d8c5eaabdc29c77cfd33a4d861d4d95eb09
assets/portraits/Lannes.webp	7200	9fdd1788ad8bca587da22932accfb298d5aaa18f47587b665dab0042cda0d6e0
assets/portraits/Lasalle.webp	7264	b94a62ed59786b1886376376194d11c385b7365c34861f9382365c078efc0b60
assets/portraits/Latour.webp	6370	0842775634a0f2e3d8bb02fb5bb72104279331511573c8fb56ae50869cb2ec9d
assets/portraits/Lechi.webp	7542	f0e77119bfbbeeb64775494e8314fbef2baede1a774c2dea9b791494c1bcefa5
assets/portraits/Lefebvre.webp	6896	1a404922446fca4c387a72df92854b662d6436e30c937a8b47ad68a01200caf8
assets/portraits/Leiberich.webp	6984	bcd4e45e63bc414b91cf9587b33c3ab71e28a1743161a44d6a626585d7ff860a
assets/portraits/Lusignan.webp	7586	84f62d660ff155a3b1a76d6606f55cc9cdd8c6b646d36afd55baea46b5b42cd6
assets/portraits/MacDonald.webp	6694	0a5328461fb077dcc2471d24ff877cb5b71ac6c38f54563b79aa856a61e398dc
assets/portraits/Maria.webp	8340	bb58ea808f53f0860fdbde4b67181095cc559e59f7afa15f82394feaa434a183
assets/portraits/Marmont.webp	8910	995b4660b53ef3f449706dd3ed1dbbb3f6ac4114a6b93cd59ad33b675bd78593
assets/portraits/Massena.webp	7036	68c486adf532bc0158fd767923367ceb11d33bc28111477b1dba17831def0458
assets/portraits/Mehemet.A.webp	5576	2b3dbc613430bc1b2514c1b0027b8baded690d83b0139745fbe8a7d67d196e4d
assets/portraits/Melas.webp	6954	a6ba0cd05162994646b8f2176add23b84c542e9140981e4a456789609b91587b
assets/portraits/Mercer.webp	6322	5ee730319eb1e83e1cd69b5d83028e068e3839bd6e97567dc20162c90a9dd0b0
assets/portraits/Merveldt.webp	5262	fe943f12fc9f9ed2a524ef3d806967564452a525b5d33a81936cb74909db075c
assets/portraits/Milinovic.webp	5284	fa14bcc63810f48e8c40b550c521d6450c147ba5c179d915a55d54dd466b4bda
assets/portraits/Miloradovih.webp	7212	484ead30734e739e5bcd772499f2b4bca51b95bc9a2623c7ca9a552f21482921
assets/portraits/Mirza.webp	6274	ee628fc998018b0e95120aa9da383d92b00ea9cc9b3d8518e7272fb7f8a8ff43
assets/portraits/Moreau.webp	7050	d97be03f613bd04d81be25efd472d494c60b03697e78732a69b4745994bc9d23
assets/portraits/Mortier.webp	6802	b5a70d8a13a1112811e1fed0cadfcd236dd8acfac2b862dbcf746613e632156f
assets/portraits/Mourousis.webp	6106	3dfabe2b75fd19f3332cbda9f07ba3455994857ad19edeb082f6b4b4de220d5e
assets/portraits/Murad.webp	5884	469d3d658b5bf0dca82c634e2126f8b270fc286d81ad2e88f65eed7e25f79fca
assets/portraits/Murat.webp	8352	0da5567903002ca2da0ecf9818ecbdee3c62562e5f426c7ffd7fabc76e874f36
assets/portraits/Nansouty.webp	7970	33be3293863eaba28b1682ed9d243b6b43c8b85740460fb31e69dcd9e39de1ee
assets/portraits/Napoleon.webp	8576	4de4e21035a5d6f7bf802f8bf1498a581f4a4ae09744bdb71c8476ca4ffa2775
assets/portraits/Nelson.webp	8062	4e4d94ea106795e79b248fef9affd4208c09103a6077253381a3ad1de177d42e
assets/portraits/Nenadovic.webp	7216	57583881eb916e5f95a8edf7db72f3a24a6a8ffd9ed0e2c1bdf2afa3472a0abc
assets/portraits/Ney.webp	7486	571b5c9c332f2f83905ac6db75884dfd8df6b979de1dc01cfbcb5ce74eb066dc
assets/portraits/Nunziante.webp	8290	5a0462fe5f9f986b1194f87c15be717ae9344d1cf8e980704998581435a0139d
assets/portraits/Oudinot.webp	7250	0c65dcc3481d28cdf8756aeabfb214d9ffb0c4ca3056ef1df6f5f7936397d6eb
assets/portraits/Paget.webp	5996	ae0d2af6678c6e2cb32dbd40984ec5c2c8e97f480ca0f57f3cb15043ad9ee589
assets/portraits/Palafox.webp	5906	e02a8a267b2f994021c26e3e271808aff55f672d35034b4da941e32892400e87
assets/portraits/Pasha.webp	5450	a21d2323309a3ffffbfca209d12d98ad77f6d55566ca732fc1ee064ea59891e5
assets/portraits/Perignon.webp	7972	74437fba8b6ccdc8fe63b4e0079c9e03900e9ec7cd303b78a59280e3f5361442
assets/portraits/Picton.webp	6994	37f30dbb7e7fd33fd4dc4c5b2b360460553f378af210ffb4068ca34d8b76a6af
assets/portraits/PiusVII.webp	7042	509c5c43e4088985a4c1d13fde1a7a96d32a1086895940dd7d247cebe97c035b
assets/portraits/Platov.webp	5524	abca6c40cd0ab1ea0daeaef5443622dde84ac65a0c619d3b99b896b628ae2518
assets/portraits/Poniatowski.webp	7484	2097d14d59dcd0b8c3f1f5d598d5629debc12c0afe5e70ef128451017d154d25
assets/portraits/Prevost.webp	7006	991608ad4ab0fe481f555ce49b31f0b17de7b5bd88c5e2d564f4ef10b8986ce2
assets/portraits/Qajar.webp	5784	828ff9fd9c5c1e72932083acbaa1a391f6cbf9c02d90ce050d59ad01497fe009
assets/portraits/Quosdanovih.webp	6966	0a8cec95c32e5e6d94dcfb6cde41ed668c828d7db29973abb3a00fe7bde4f7b2
assets/portraits/Radetzky.webp	7704	80552cf01e5b17fc84283bc1a41e510b7241f6dbb44cb97f1b2bb377cfb024a6
assets/portraits/Raevsky.webp	7586	20741e5cce9ebb692b55be31c0df5982b998421991a294541d0685e189d6c54d
assets/portraits/Reding.webp	7462	64d1217575c2b2d2317d63dee251476bae4a40ac683a1d522bcb7b9384a33d6b
assets/portraits/Ricardos.webp	6006	8d19ac7ba9df1f387261da4e45cab9a503b5f0956abe33357ae7cfce9b2fdf81
assets/portraits/Rosenberg.webp	6542	3b2e9ec018d827bdd8d3107e32405f96643cb91a91a65d69cef105e03e02d157
assets/portraits/Rowland.webp	7720	f4cca718fda04a1cf71503ae0d878d1edf61a4ec85691584072bdd40d05343d9
assets/portraits/Sacken.webp	6914	043149ad7f8c2d77c3ceb07045498113ad03cc052750e429f2318c5fcfa270ac
assets/portraits/Sakurako.webp	7232	7bb1067432ea48bde15f0cbe0efe1c295010a31a7ff16ce67184d3368c7a359e
assets/portraits/Saltykov.webp	7550	fe3cf8272e67494c2663b66cf28a0f1300221e65bd2b057aa4a3d9354a809b15
assets/portraits/Savary.webp	8410	7153c4055f310aa182c8817ccb2e223e858b945277407df4960b78f558b1f527
assets/portraits/Scharnhorst.webp	4728	760ba37b6e310b6a2ac4fc933d845254175d32569a73a741923e52359694e718
assets/portraits/Schwerin.webp	8156	3d1333a3c4d61a944a46ea08d04032940961ee9ce8db63e087f40d519a0fbf1f
assets/portraits/Sebastiani.webp	7324	d0d7e52e8162d4257d7660d6094d9760117dac544ac4f6b0600c00ed9729c9c0
assets/portraits/SelimIII.webp	5866	bf343210413d90e2d29c304c90cced50962dcdad662d2667c7e9d2cefc5200f4
assets/portraits/Senyavin.webp	7164	dd6f2c63f8901ab5bed765af3b3451214648021d61d55cf6b80c6c2e13c7770c
assets/portraits/Serurier.webp	8122	da71a52c90242382e42a250fc6b81dac587bf4db36fe3c3fc4b042b6c9694287
assets/portraits/Sidney.webp	8432	71c417680308b45291e1b504bd7c9f7009943070e65d18ea538fc4083188c7ce
assets/portraits/Silveira.webp	7538	7d1ceced70141116b7da2f47a5258752d819acd3886aee38dfda60eb918847c5
assets/portraits/Slimane.webp	4674	29369743f8deac513620d9b584de1dd2c36d33ef39c8039c826930a91b39bf01
assets/portraits/Sokolnicki.webp	8412	a6a21b78b2b989dc27b28fc1ecbdfa88486f5f30f03f625647854f3eb6173ba0
assets/portraits/Sophia.webp	8110	29ebb6e75ff7eac52ca2353c542c7693c3cabcfdb4a5319c54e2d2195aa4b5a5
assets/portraits/Soult.webp	8120	30f7e81313dab344441e3133bb3977378d2ab30354d54513ecdc3dba883058cd
assets/portraits/Strachan.webp	5198	694ffad747209d65e31eba46d072a18707cf96084e582a50131655fd3d787ded
assets/portraits/Suchet.webp	7958	0b14e4094d913c280cd8bbf70a0a26e28afe6195c1ba95786e55a11fe1269e43
assets/portraits/Sulkowski.webp	7744	8c425dc38d44f05da8f14c710307c4dd1940a442d32bcaadf83bed75c8d6a264
assets/portraits/Suvorov.webp	7244	216d153535875e64bd9e702b350cf02a9b34add4103157dbb33794a6aeb7dec9
assets/portraits/Tormasov.webp	7318	0191c5ded1c5aec42ef0005c620d05b83f575d1f8d78214ea1ee3d530c4ff047
assets/portraits/Treville.webp	7024	2e3deefa4dc368ab9ce5601bc49c6949c2df096a21ff8f2a036113723b187979
assets/portraits/Ushakov.webp	4974	1bf19fce1c1793a656fc560bf1c2f450a788106d864fc51207148e5af0146017
assets/portraits/Vandamme.webp	5776	17faa19bba4860e07d2691ce9fd71483690e124dab698db3f1b70e231234f537
assets/portraits/Vecsey.webp	7162	9fdff91bf7db3f262f3d47c7da71c91714b285981c39dd496aa672f8907a587a
assets/portraits/Verhuell.webp	6250	561b897a553d8f54a9fd1d15e3d98f543103840cf56072988ce68655baf9b33e
assets/portraits/Victoria.webp	6976	6bf56f83604c56e95c3364e1bbad0a5907414432355b2b64a2e59802cc9c28d2
assets/portraits/Villeneuve.webp	5204	359bc87d764d03570efd2b6610195c7050aea3d4b2ea995400c4619e4ddb25af
assets/portraits/Washington.webp	7930	6fd1f95089ee65c4907adf938a1f5a17780fd0cf14451bea5a941f42dba41f95
assets/portraits/Wellesley.webp	6784	e0cee7651115a8d50a2e752921c16279ff964a09afdb760cb8c8e5bcade55e3e
assets/portraits/Weyrother.webp	6252	0fa3aad70cc039e81d123ed2f792a7d89fae89b6bb1e2642738f6cf13b4dab08
assets/portraits/WilhelmIII.webp	6868	3a604d652c2f54c63f5347f10019adc37749596131facbc45b27cd29cf6c0e96
assets/portraits/Wittgenstein.webp	7848	d102700b651c3caa07208f2d29f06b443016a79554b3cc454921fa213e331d75
assets/portraits/Wrede.webp	8136	3eb0e14337a39f0bd458b89ba91596810b3acadee9ae289f15f9ee2c0533cf5d
assets/portraits/Wurmb.webp	5448	1484888abd8cfe242ddd4645ca1b22cc1e5e18937cfcbdf83993732cbf358c86
assets/portraits/Wurmser.webp	6040	c68f61279ad67a901e1f7b6e6f730b0055e9d71b1e907f216b66f8689b6bbb6d
assets/portraits/Yermolov.webp	7730	504f2ca6e42a64576666528688f0df772f6e77df3a4e1b31f20516d9fd00bced
assets/portraits/Yorck.webp	8394	f3e007cd086c482f71511b95ea33147b58c08c9f1aeb3cc18430414e6446f46f
assets/portraits/Zakrevsky.webp	6442	18be2d67f776fe533256231e8b1a7f4f2d0911ddf3df3679fcabc5aec5770942
assets/portraits/Zebulon.webp	7266	7f4f1e1873bb728d6219140717b647e50d63374015c16c3e207afbdcdf92a112
assets/sprite_manifest.json	168179	a82999a186f6ffdfd873344c71fa2108d5d8505aa2bb06bdac0c5c3eb244bc82
assets/sprites/buildings_hd/alg1.png	3044	8eeef881b41575f6641d1b4304ac781a8f78e4921eb634a1d1f0591f36472450
assets/sprites/buildings_hd/alg2.png	3129	ceba3102f27ba8a443d1c275b4d2ecb827d934a1cd205d13c1e3708c2efc995e
assets/sprites/buildings_hd/alg3.png	3136	d6897ccd0fc718b26ff865993be4f5c64ef97bd3fc3df2da68defda4330fff64
assets/sprites/buildings_hd/alg4.png	3147	db78c0841817a92084f27e8f3af80e816b4cfab175f9ebc43ae28756f307c320
assets/sprites/buildings_hd/arrow_blue.png	4591	a2f570817ba65e6958329045025923cf131961dac03c5822bbef5850f94f3c26
assets/sprites/buildings_hd/arrow_red.png	3792	d10b5cf6f8ca60a96fc347e533b33bd6f8eb5d990985d3012c14aa6cbe4e9db9
assets/sprites/buildings_hd/arrow_shadow.png	4530	922db28ebc72f2f608e91ec567c9b76608f6d5127bfb26f0d0db520c0a5cedc7
assets/sprites/buildings_hd/attack.png	12369	d3d2d8d9208251d5f65f494abd97eaef772a41b1dcf06f89b4b33499f417cddc
assets/sprites/buildings_hd/aus1.png	2509	d2aedf3f44a5556661dc68f9df5b2e7041e7db1182b02b78a58bc0299d388838
assets/sprites/buildings_hd/aus2.png	2605	e555163fa1209fbc12c31212e9a10e3088c0cb5ac8932e4aa0734d3f3a6640af
assets/sprites/buildings_hd/aus3.png	2631	5a7c050a0130eb933468fbae07f45e8fc93dc9b3933b2087febae069511a4a94
assets/sprites/buildings_hd/aus4.png	2643	5498c4579fa1ee2cf02938cbaf73b33871689fe422fcf581ff2e9cbb1fcde5db
assets/sprites/buildings_hd/bad1.png	3390	b4fc159bacd1d43d43c6e5567d31102443ec0c2996a527d5f8e27f55d090e0dc
assets/sprites/buildings_hd/bad2.png	3494	788bb153a2e2de95e340006330d7631e85a6b2cdf1e00d348f76d13a95981af7
assets/sprites/buildings_hd/bad3.png	3514	1197313a3cb012ca2997785db91605b74578da84bd1bc29e75fec6048c42701f
assets/sprites/buildings_hd/bad4.png	3501	949dd2c9e68bbde266bd56e1ca42091bf89b53940d03695272075c22113bc393
assets/sprites/buildings_hd/bav1.png	2986	cfdd91d4d94cdd3bad22718d6f48284fd94642d193082fc96c4858146ffb1cc9
assets/sprites/buildings_hd/bav2.png	3061	7142d91ec117ec3b99ede2f5dcf039650fc3b4a3f3b6a71bb7cb6f90f338feaf
assets/sprites/buildings_hd/bav3.png	3110	bbc2db99b24828e64c416068aa6bbff9903fa533e7f6f3f4c391be38ffff97fb
assets/sprites/buildings_hd/bav4.png	3097	6b927b27072b870b3b91e59bb32978a0c010789cbb56232732292bf8d740b139
assets/sprites/buildings_hd/bridge_1_1.png	11119	5f7336df08af8ec3eaea092d0d93e125b89a7a24d52bf811ca387f874a760310
assets/sprites/buildings_hd/bridge_1_2.png	11795	444cd61a8ddf52fef497f0222ae11b44078801048641f3ecbf784c0f2d485ffd
assets/sprites/buildings_hd/bridge_1_3.png	11839	a269d0c7b5daa47f9214d9d153e2858f642e620c7c0c7121a81cacecfc7fbd79
assets/sprites/buildings_hd/bridge_2_1.png	8454	096fc962287dbe3c8d5406abe4d0767fb4e8d0a2df084152f64f22d2c44f0f72
assets/sprites/buildings_hd/bridge_2_2.png	10489	9ccc23bbcd65fe67639c25decd4a5cb56ff4bf4cb4060ec2f67c5b78d636678c
assets/sprites/buildings_hd/bridge_2_3.png	10117	c680b5b31a4a4d7add90009bbbfbaf9077b6cf8bcbf3831a671de9d95960d700
assets/sprites/buildings_hd/bridge_3_1.png	6933	af5dd432f6fe43b1a6e2a05d6d646a1c972f4c21435599051c68d37c6fab45e0
assets/sprites/buildings_hd/bridge_3_2.png	10524	f138cd3e9678114f885cafc8465d7f912eed8c7b8aeb741e9b397a6ec9b6a5a8
assets/sprites/buildings_hd/bridge_3_3.png	10223	5cf1aae6e2f72c260c7b46dcd16cc6ad170edac58255e035454b0590ab88d52b
assets/sprites/buildings_hd/bru1.png	3148	3bca3cec6698b06af5f902b0d5eed6bdaed8cdc18da8937590ed6bf2a8e2d2c6
assets/sprites/buildings_hd/bru2.png	3210	c18c8e7c790d8d7445c137639a3d480ddff5c2164794829324ca6f939ceb26f0
assets/sprites/buildings_hd/bru3.png	3276	6c9cad203f82a6be6433495c624f0423485f7091f166bad3fae8e0da187a5e80
assets/sprites/buildings_hd/bru4.png	3268	0f817dbd227aa5f0857cb220daf6a3f5801b56ce0ff13ed7a19d07f6a1670d23
assets/sprites/buildings_hd/buildinglevel_1.png	923	59570154d19672f3fd8f66ce4d4fd95f8d0ff4b45188e94a16c5c833b21251f8
assets/sprites/buildings_hd/buildinglevel_2.png	1015	6b98a9a6f134de79657cfbb7df0fb4e6d2580c39035ecc94ef36f0894f56f8c5
assets/sprites/buildings_hd/buildinglevel_3.png	1106	636632bd1859fb2a43a72d3e28b2f1de3051649c224cc6d35810d8e75978389d
assets/sprites/buildings_hd/buildinglevel_4.png	1818	f9297a40005d53e1a33bdb9c937bb5a6611f8ebe2e13407d7e1bf88e18fde459
assets/sprites/buildings_hd/buildinglevel_5.png	1601	60f3bdaed895c12489256ac69f370744e4e225f34702cdf4c19aab98bccc4560
assets/sprites/buildings_hd/buildinglevel_6.png	1832	f8ecde73df78e35189a7116853c0a69f650f23efe70813de2fc0c20bd8eae270
assets/sprites/buildings_hd/buildinglevel_7.png	1755	ea7949060865800b0a5b6d33f84ab16336f938038f33406a5afa907c5252d6fd
assets/sprites/buildings_hd/buildinglevel_max.png	2619	dcfb08e5c776d7451efd7edf450b41f5cea1122316ef3873dc52e93f2e395456
assets/sprites/buildings_hd/capital_au.png	34936	f3c4aca76dde6da784445d8c265d73d7061645cd0bfd4e18def737ecc59608c4
assets/sprites/buildings_hd/capital_ca.png	37304	547d350fc54e44c8dff743711a64a42575aaf34ffdddea133a03c6ff6d16649c
assets/sprites/buildings_hd/capital_common.png	32439	30d3b4c9544d715a8b464640367482a80dfc28fde7cd8b42786205cbd6a92396
assets/sprites/buildings_hd/capital_eg.png	29401	f3e9f5369b5b7eb53ddb3bad28dc1b4a11ca3839b1e75bbb037737fa9b65b681
assets/sprites/buildings_hd/capital_es.png	39339	e284237e65766f0344514645b65d4b6c901d2a69c7f9f9801e7667783b4d4051
assets/sprites/buildings_hd/capital_fr.png	33178	6b59a41ae4ddfdc52047b5ab361d2e10fb5737922e7f5c34817578efd4c2ea25
assets/sprites/buildings_hd/capital_gb.png	41484	d5ff161281c6918647f56cd95dc0ab00f20b4d7db70b4640aec7c193b7d6a938
assets/sprites/buildings_hd/capital_it.png	20140	e017452476afa4d29814491829cc5ffb85923273fc1ef0ac649da6fd145b81cb
assets/sprites/buildings_hd/capital_pu.png	33547	2262c9c14c43b47a1f3a77b53efeca705a548fac870b254d5d0883484f9c8636
assets/sprites/buildings_hd/capital_ru.png	41125	99d5eec61bb2f6465b3c3d68dede39112627119aaabd9953d3b71604a725ed1e
assets/sprites/buildings_hd/capital_tk.png	47072	1ba51e73517de5734640a98669402ef75d9dcf42468890aaa0a299434aed296f
assets/sprites/buildings_hd/capital_us.png	26074	44d3a2c78dac8604fc582c7cad271329d48a39dad2a856cdf5f585ae67712bcc
assets/sprites/buildings_hd/che1.png	2849	bba8d16895c70c32f1f6ae52bf96592e5f60cc3e91975fa624d775d3855ba78f
assets/sprites/buildings_hd/che2.png	2954	94370f7492be37fbdea5ecc3c0e905fe9b006966b009313b7714c0a8c31350c9
assets/sprites/buildings_hd/che3.png	3002	80281e7abae3f004500ef8f01c8d6f6e6c0bbfff02ced7995c7ba46c6b098a1a
assets/sprites/buildings_hd/che4.png	2996	6170b8e6d401fd71f7797ecbd19b7b6bcfddd812e7ecd113ebbf944c14bc3b00
assets/sprites/buildings_hd/city_board_blue.png	2372	de51bc37250145282156ed7e09145cdc58108365c262a62fa9c52a0e85f861eb
assets/sprites/buildings_hd/city_board_green.png	2401	dcbb4affc29207fd35a7e044e416dc0dc8f1dfc6e957931cdb5ab6a6bb528369
assets/sprites/buildings_hd/city_board_red.png	2387	d6da02d2f923f5507b2fdb2176f12a90954f8ba79b05c70fcb68f2507d928f3c
assets/sprites/buildings_hd/city_east_lv1.png	10266	57e1b96f9a1f84137101184ccfe6cf7ad269cdb3fd9ad71787ac3f0d67baaa30
assets/sprites/buildings_hd/city_east_lv2.png	13490	e33cb992e604edf838dd31a847e1700bba433420adf403840ddf3e4001b2fd19
assets/sprites/buildings_hd/city_east_lv3.png	18569	654468c64dc18e3614233038fd76d292f753902f2839828cf68f0e9c66b63c9c
assets/sprites/buildings_hd/city_east_lv4.png	27174	ccd0f56d4fde47a7fd872c1b20299c6f7f71e6e49ef7210f8c557794153b5664
assets/sprites/buildings_hd/city_east_lv5.png	39222	ef8f8b7453412fd4c55d56280ab4c0b97335cc025093689c889547a6f3f360dc
assets/sprites/buildings_hd/city_east_lv6.png	48636	05dc6b981bcbcd354fc191ccbfa18a82b65eac563c8e4ec1bb2a7d5f6c7526e6
assets/sprites/buildings_hd/city_east_lv7.png	51624	599001d62990b3c5195def52a47366c4662a1b38316db49a41d54f0faeaf2534
assets/sprites/buildings_hd/city_east_lv7_up.png	44761	a1d7cf9662a5b27a0c02827875afa5e21ec1edeef4f598dc94c49553046aa550
assets/sprites/buildings_hd/city_west_lv1.png	11134	163d88a045e8e6ae57660136126c1143023cf0ab615b0c407e38a622e12a0515
assets/sprites/buildings_hd/city_west_lv2.png	13811	6ee9cea9190f73f1b7b64566e958f22a226b76529e54167193fcac6e5103596c
assets/sprites/buildings_hd/city_west_lv3.png	19029	985fa87f27aededc41f04807c8df375e3dcacafa10538f585e892786ed18b17e
assets/sprites/buildings_hd/city_west_lv4.png	27151	bd4dd0b6cd8bef6a686d17845233b025fddede1464f639127bcde95c3bfde0af
assets/sprites/buildings_hd/city_west_lv5.png	37839	5a5d9f7a8ba3f4efdd7468fbd0f1b06293ce22f822feb77502dfe61cc059c4f9
assets/sprites/buildings_hd/city_west_lv6.png	51118	26f481a099694c167a08eec3f5c4f332c5a52b49edb88ef740d6f5dee5b08332
assets/sprites/buildings_hd/city_west_lv7.png	55346	996841464266aeabba72306acd9cf0db9657e0c046c0674e4ab28627a278a68c
assets/sprites/buildings_hd/city_west_lv7_up.png	40738	7e61c7b211f777aa3f0442773dc7d4b498407861090fbea7cc6101845fdcf545
assets/sprites/buildings_hd/deck.png	35950	def7f63e77427921c2dcf8823a5bc0194a9f20df2f2748ddaf4c380f69142a9f
assets/sprites/buildings_hd/defense_bunker.png	1860	0ed41884aa5e43009ac4d0c06fca57283cf257383ae2dcdbce1a9ad82a1e5a95
assets/sprites/buildings_hd/defense_fences.png	4189	6f76ae09b28a610edeb7f8fa7c7790f6662c866a1ca1053068f959db5a3dfa92
assets/sprites/buildings_hd/defense_moat.png	1580	fcf4e40c55fd07903b780f502794dd6ab86c4ca1a057125bdaa5c47f9ef153b1
assets/sprites/buildings_hd/den1.png	3138	dc5c9884e9b8cf2aea702bca2e87c1f7ca87ddbb7c082c9a1356518dde774ce3
assets/sprites/buildings_hd/den2.png	3239	eb180b5ebce7ddf8165e3363827dafd47c7ae83095d3085dfc3b46b895bea54b
assets/sprites/buildings_hd/den3.png	3286	88006b6e60728bf3171c41b5fc935f8a65e98fae0388bb021603f9a3fbefdd7c
assets/sprites/buildings_hd/den4.png	3267	9195ae911a7915069b9aff24dddb90c5a7eca6d76b01d61b8f4a7dd10627a53f
assets/sprites/buildings_hd/egy1.png	2896	9ceeff59c530c105cd36a42b3b58798c7497cecf7b03b41a541a4b5416487b82
assets/sprites/buildings_hd/egy2.png	2948	f38565aa3c56db4b3d7d3c438a7dd4e7f2f3b60797d3592d9bd390701c767adc
assets/sprites/buildings_hd/egy3.png	2955	318cc1db842a2f8315559e868fe4a41ab7cbe399083652400e69775197a6d80e
assets/sprites/buildings_hd/egy4.png	2981	4fb8fe6e69088480b8e8879c4e4e8352b32d71c8990f78e6871b89f367b0b43a
assets/sprites/buildings_hd/factory_east_lv1.png	17913	a1796c8479bb9f997bec715bc2fc7cb9161dec530c04e5631dc86fd638e98ad5
assets/sprites/buildings_hd/factory_east_lv2.png	24499	cd187e45f05911f1cc9bf2819bcb224aa6c6a3df1956255fa640943da15aadcb
assets/sprites/buildings_hd/factory_east_lv3.png	25628	84eae7a17a134117892e30c2e5ef8a914f910563a28f47ad5d40cf557009f617
assets/sprites/buildings_hd/factory_east_lv4.png	34262	87d5967b7247e807ad652da50e7ae51d64024eec10e49f6863ff051fb46477e5
assets/sprites/buildings_hd/factory_west_lv1.png	20003	5b17d9bc98e80ee762f4dcfea1ce71fe84ad4c8395f7a902bf03ea5aa67e54a5
assets/sprites/buildings_hd/factory_west_lv2.png	23716	c7093cd89ee7d8e403fdc8421ed6e863c687549feb915b083f7026810ffef51b
assets/sprites/buildings_hd/factory_west_lv3.png	26062	cfa2ca80a6a64451eea90dd7be9468a73e544d1bd20d73e48be3a1ec031cf2c1
assets/sprites/buildings_hd/factory_west_lv4.png	30497	c1bde4e8c184d05630fcc73a474429330784e75574f7139488cee336f4c63516
assets/sprites/buildings_hd/farm_1_lv1.png	48318	04a65a9a9e658261cc9832e907e4a79323d7338dfa90727cf14b8847299b7ff3
assets/sprites/buildings_hd/farm_1_lv2.png	49020	34fc1b57615a4a9d540e1d119c88c76f82316c0bdbf4fd7831508cb467fa73f3
assets/sprites/buildings_hd/farm_1_lv3.png	47370	ee980d601d6d44575c3848f1693fe47a9a50f6e883de1e43fb87784971af9458
assets/sprites/buildings_hd/farm_2_lv1.png	52362	37718c13383a8ecf6def4687547577bb27bce88031198db4195379ca82b86b65
assets/sprites/buildings_hd/farm_2_lv2.png	51345	5d60a91ba775fe953c87c9c94e1fb162133560c62b92e6c39a31dd85e35adcfd
assets/sprites/buildings_hd/farm_2_lv3.png	51316	c833ea2db8b3bb6498abf20ae346f867b055b45dd1208681f51e98aced4d67a8
assets/sprites/buildings_hd/farm_3_lv1.png	53910	a840dfb19c6836950ca89b1d029128d576be9bdd86f4443a2943512d72c3e050
assets/sprites/buildings_hd/farm_3_lv2.png	52013	def4229b2a3ebe050bd0590b62cbd4e4c032f2f67ac21cb6a04c011d6e6975f7
assets/sprites/buildings_hd/farm_3_lv3.png	50790	5ed7c7fb079722d2481a7fb8c591cab14ce12b3175fb2797fdaeddafee72762c
assets/sprites/buildings_hd/farm_4_lv1.png	69381	3c25fe1b959dc92b36bc7ad5c862eea28aa29f40320e4a7895bc1a8f4ae7dc88
assets/sprites/buildings_hd/farm_4_lv2.png	53870	b7a15f7b1a342826b2ea2b748a40295d6f1dae8b519d6d92540dd554dff7adff
assets/sprites/buildings_hd/farm_4_lv3.png	55011	96e439993a81422274f4c112ee76c2890ebc85aba281b66da202b1c35b63862c
assets/sprites/buildings_hd/flagpole.png	594	0d1b3379ac3478ba5a47d1c91f07af9aa3fffa37eee61e426d1d7c4b2e152d7b
assets/sprites/buildings_hd/fra1.png	2793	894707d31ab1c9b4924d8b6ad7134ce126bca326ba34bc9464d1c0769e1fe6ea
assets/sprites/buildings_hd/fra2.png	2920	de1c58cd49dd3a544c31d21ab843ea5edf361e033bb65aa9544c91466a3c5d54
assets/sprites/buildings_hd/fra3.png	2960	b08376bf6fcf2aeccdf61daf82fa1cece8d856eb917010eafb77ac658312e66a
assets/sprites/buildings_hd/fra4.png	2936	a9208543e58ce792d06ffeedbf5013954587114dd040d92acfa3a372a3babc62
assets/sprites/buildings_hd/gbr1.png	4296	5b6ab88fea164c4452505672b332f378320bc1e17597279767ac6c3e062ae572
assets/sprites/buildings_hd/gbr2.png	4364	d34f4e533a0c220acdafd902f563a5de93977f2f4c1fe00858e8bae0fae42c29
assets/sprites/buildings_hd/gbr3.png	4392	812ce7d6617460b5c1729226aebfbaac1c729e535f1d6c924df091bef93de208
assets/sprites/buildings_hd/gbr4.png	4400	66019efb7500505b608021174ad6fac84c8f0661690b8228b4eefc2bb919504a
assets/sprites/buildings_hd/hes1.png	2775	0579a76f912ae10191a52fdbfe9f86270b62110af400b272d9dfd87d44b8ed7b
assets/sprites/buildings_hd/hes2.png	2879	9f92ab58c411b3fb6b9f4bf5333b879bea6a36c6b0f94e1e61bb0265adb904f6
assets/sprites/buildings_hd/hes3.png	2942	318ccff8307998657d106aaa301d105fcac2339a1350c3d0ca94fbd9640b22ea
assets/sprites/buildings_hd/hes4.png	2933	325ca2614004fa83cd5331400594c4738cec28ee90e2bdef6079b668e5dcc914
assets/sprites/buildings_hd/hp.png	92	06bc327fe2fe0794f28939fcef759dbd6f3dda689d675360fa480fe7489f7efe
assets/sprites/buildings_hd/hpbar_black.png	2201	0498e86fad65fcaa4d853b9c4a98e4e23d5ef6ccab6540533c6117904d14fda7
assets/sprites/buildings_hd/hpbar_blue.png	2297	7acc5d219d80ff7d653a9ab18a88007f7afe672f11f564286024fbfff034ea1c
assets/sprites/buildings_hd/hpbar_green.png	2245	42afdb9433dc1678c96c6022df0667d44ec2939e3664c13bf7e7cfc70344a452
assets/sprites/buildings_hd/hpbar_hp.png	610	1c1f87e1a4a8fd05c110451f8897b316b446402efd53a1c34dd58d1b94debfec
assets/sprites/buildings_hd/hpbar_red.png	2205	669017a28b14862e3d418750218c934e64f86f042c49031856d62785a59bbd05
assets/sprites/buildings_hd/hre1.png	3698	6b39bbb39e5b758c2460b856e75d1ed4c124d5c7bec33f01aebc2964a1bf3a4e
assets/sprites/buildings_hd/hre2.png	3793	a2365cb3ff7a13a35efef3ddfeac81505c566434301a917a9d5d3e640e67362d
assets/sprites/buildings_hd/hre3.png	3824	c92a039fd9b7a42acf20bc6a68969ea012ef60f8ac6731a7d663f7b157d06e5b
assets/sprites/buildings_hd/hre4.png	3846	3571c02c04a383eedf1c3027712c63002a5e3aa882b7c4504fd65148a813bde5
assets/sprites/buildings_hd/ind1.png	3233	ad0ab94127389fbf0c08466142074bcb15de69b4c567ca2f40d8cbb7f9cad023
assets/sprites/buildings_hd/ind2.png	3281	71d6e8e36d396a265cb8ad67d900287c9d1b3cbd66d30913a898c6442e69c69c
assets/sprites/buildings_hd/ind3.png	3316	dad0471cde237a89554f8ff18a842b57b64c9ee980872bf3c4413576583ae60f
assets/sprites/buildings_hd/ind4.png	3331	fe998611bade97e568fb04cfb150173a3990de30d8f07b2a9bc6dd9cc0bfe1bb
assets/sprites/buildings_hd/koi1.png	3618	7b84471902703cc0bca6b5167cbfbc7d79bfafef4698d7fdfdb1a5af3b1741a4
assets/sprites/buildings_hd/koi2.png	3701	ce5efbd6061cf752cbe1eca2214ebfd43b16e5cb8c2899a14bce20d0750a4944
assets/sprites/buildings_hd/koi3.png	3740	2956385243e6005749575a3b774e6124ade3fa3a4df55cded3123ea32723304b
assets/sprites/buildings_hd/koi4.png	3732	59acc10116309557e3534e1f1ec3f15239c858c0afb138f540598fa2c3fc449d
assets/sprites/buildings_hd/mar1.png	2524	764cf62d0f6bfe5feb9414c02b035cac0b06450bd1574ca67cbc32fafb3076ff
assets/sprites/buildings_hd/mar2.png	2608	baa621b0c14d40b511a98d00fb19be015f7ff60ad4072acf6b5e9f7afb61a552
assets/sprites/buildings_hd/mar3.png	2643	8f7ce643a8789d3c869328aef9a62d3b77a141789c261c2c7cc42927f36ee2ef
assets/sprites/buildings_hd/mar4.png	2600	5d6f22706a3cb98e9108d53233acf2f8d48e8705165c4c60c804f4d0bc86cc8f
assets/sprites/buildings_hd/mark_unit_0.png	378	1b626d291ae9172b06fdb5f0c999f18380fdb4e3b865c0f7ef088ee6e9b2693d
assets/sprites/buildings_hd/mark_unit_1.png	620	47af47525b3fcb561ae0d4bf546441aa8cf11827f13c1a179e0cb81fe41fcdc1
assets/sprites/buildings_hd/mark_unit_10.png	453	0647eb7dd711d5bb488225127935190f61528e48fa8818c86f31de4646f798ec
assets/sprites/buildings_hd/mark_unit_11.png	451	6f30f03ae9c7d7998ac46ce605640f7294ef03692d4925394fbef30d067e5d8e
assets/sprites/buildings_hd/mark_unit_12.png	343	f6840e8af82283602d021eef08af0ce040a85cc0545e1053e6fd6de1f935cb0c
assets/sprites/buildings_hd/mark_unit_13.png	651	aeb5104b9728c0e043eabc5321f7d1eb144f3c1234b5e476cfb3a399043afe8f
assets/sprites/buildings_hd/mark_unit_14.png	384	a5ee6b9b1fe6eecb8fe6bec6f0af78bfaded1ed643a66df6eede10507b2f1744
assets/sprites/buildings_hd/mark_unit_15.png	512	39ef7fef0253059b3b8a8892272506b94719301bc7ac0704f4d446870ccdcbda
assets/sprites/buildings_hd/mark_unit_16.png	541	c9a82624a70236870127a5af5a802a36b081357d5c736385fe28574f64642bdc
assets/sprites/buildings_hd/mark_unit_17.png	408	634eccd52328b3e9ce72beb8d4f1046cb4712c6351351033b04bc06c871ebaff
assets/sprites/buildings_hd/mark_unit_18.png	274	04218c2ab8a13dde0f7813e9bbdd270442e0febd639f50ec079b0a5b1e43f497
assets/sprites/buildings_hd/mark_unit_19.png	318	f8bdf3ec87b4a721cc1c585db918d3c1d2ebc3d9ecb15e473d18f52ffd31b657
assets/sprites/buildings_hd/mark_unit_2.png	541	8e8f26f45430dbf190f35ad1aad67c53f57c78dfe9eddb55a3d0dbbfeadf68fe
assets/sprites/buildings_hd/mark_unit_20.png	368	3eb409d1b9e9c7315e4ac3e7f4e066987f0ce9014515e5e4693115986f77c64e
assets/sprites/buildings_hd/mark_unit_21.png	270	18c966222413eca19acae0a19e2f8251c973977bf94a966f0b6a3f520b1deb21
assets/sprites/buildings_hd/mark_unit_3.png	354	39ab7d1ade4d9167be6efe97802a5d4ee0edb7629b873847dde8b765b446e022
assets/sprites/buildings_hd/mark_unit_4.png	585	77c1573c33c850a810e99c213b1eb5b2a78b3d9e2a617ef0db9cb13e74fa0a22
assets/sprites/buildings_hd/mark_unit_5.png	467	ecf78626de47db3c22a93aeb87f362e374c0a3ea7fa0ca09bc2468dccb2e89ec
assets/sprites/buildings_hd/mark_unit_6.png	456	af2ffbdd8fb5d37a338274a54dedd45092840f9a71cc610e51286162c67fb953
assets/sprites/buildings_hd/mark_unit_7.png	601	7ef6a3e1728cf6a00e9111afeb6a405e5e4d03af2b77ed33528e6ac54700d8d4
assets/sprites/buildings_hd/mark_unit_8.png	597	adf90505192b595cc9bb51c7b8b6e9cea291219f6efaca6f7cf118096c4d9206
assets/sprites/buildings_hd/mark_unit_9.png	450	923538c410e0e7582720ddf8857766005ecfa5b1288cdb3eb9462601415fc9df
assets/sprites/buildings_hd/marker_bar.png	1964	b8e36424807474ee9d81e0a2566276be411988d735ed6f7b174358649f8f564a
assets/sprites/buildings_hd/marker_shop.png	1609	81a1f92babe9902b7a8066f1a288f9d60632242c407f3d88c84e8df470c8fc1e
assets/sprites/buildings_hd/marker_trade.png	1996	5de3b142850fc98848ac31fccf93bd033920979e21d167f5ef3793e615ac2ca7
assets/sprites/buildings_hd/medal.png	2668	fee1df1b3af15b0b7f91686e43d67a01814f1642d1feff85d77955ac4b921e0f
assets/sprites/buildings_hd/mek1.png	2955	00787bed725eadb033256fabfc3a6753fd0ffb0fec4945dcf22bbfb1404bbea2
assets/sprites/buildings_hd/mek2.png	3044	a7cd7ab3844e01e4a64cd885292aef0d688bdc297f326a404ddee7047528963a
assets/sprites/buildings_hd/mek3.png	3065	8ad70a8ff0e6bef2d5e15447661dbe9abfb1bfde945c3b5ac10e5dffdfb0dc35
assets/sprites/buildings_hd/mek4.png	3052	6677d57d9736a7d125e1dc55b0cb36037bdb15ab2af5adbce28a838ba40c5cf9
assets/sprites/buildings_hd/mol1.png	2934	c95c54a19788c4caee91fb666046f3e9e2d2d5041a0048045ce7f9a57faf7a9c
assets/sprites/buildings_hd/mol2.png	3004	d005fb625c777144ab29a0e08da2b3bad735020d309940cc23034a1ef249cc0e
assets/sprites/buildings_hd/mol3.png	3034	b2b4cd61f65b44f4f4e3804c11ee160fe32880d3ca1b5638d71cf87cf8c976d4
assets/sprites/buildings_hd/mol4.png	3001	b9a055da06904be8890a411c5f3647a326f48095442c778c637b4b82e3e9135f
assets/sprites/buildings_hd/morale_down1.png	12364	6ef959f3176ad5f465338f54291caad1edf109914e52524da6274a4eac804f0f
assets/sprites/buildings_hd/morale_down2.png	13286	93f13d4e951c9925add8f5d09bbee55a30088529331524d3fa4ff6f97e095ce8
assets/sprites/buildings_hd/morale_down3.png	6581	d24783dc299596b9c3ad8d2f4fa520befc7282cf8070002347494f55da5aa2f5
assets/sprites/buildings_hd/morale_up.png	11439	0ff48c2d78fda4bd4dfec765731b6b9e743a18a7aa36b01b0ba59277ee323f98
assets/sprites/buildings_hd/move.png	4974	cf179d52498e1d91798bf6ff3a5ef26ad643bd08ebcbfd6b9bcdbb2907a9b567
assets/sprites/buildings_hd/nap1.png	3705	1cf9eaeb8d3c6a7bd22ac839db5ef1a09b4580fed42c035ea96d2f37eb29bc19
assets/sprites/buildings_hd/nap2.png	3806	ddeb7791ba8d96f7c558b9ee31ade4b335c060ee611217a4d4018da35a9affd5
assets/sprites/buildings_hd/nap3.png	3818	da5172282c93153cba93148b322f2a56963bbfcc09ee46e0b815b0c88bcd6aed
assets/sprites/buildings_hd/nap4.png	3739	39e4e519f08fe99ea6ff647f84e57f12b1455b175ad8611199744c8c8017a4b6
assets/sprites/buildings_hd/nas1.png	3063	51ae8cc17b69a69c6bf02710938bf750ab98b1be8118a9833cc56373a1666fad
assets/sprites/buildings_hd/nas2.png	3157	102a5948caf242dbda31f1bf7ae8657f87bbb68848cdc3394a7ffa65c31638c2
assets/sprites/buildings_hd/nas3.png	3231	08198960d079775e9554cdd6400a994a2e75f77dd239bcf2a4f75bdd2b9ee3ad
assets/sprites/buildings_hd/nas4.png	3179	f148a49cc7fd4fdf7a880df1433f276dffa8cda1bec489679d8e5b691c1938de
assets/sprites/buildings_hd/nds1.png	3246	b295baa4ec6cff46d700e6e523713558fb829fe1d727936283d5d54b12403a58
assets/sprites/buildings_hd/nds2.png	3402	e12c4a31083341f47f7f6dd7e4c72df47912a0caffd303a8ca1fa25bbc49bb84
assets/sprites/buildings_hd/nds3.png	3393	a5dff5d872d595bc56aba666e21c32c24d85270f3604813a3636a3a5c85e19cf
assets/sprites/buildings_hd/nds4.png	3387	7dd54704c8851eacd149c9544df351b7a165c7355ecb8000cdc8c6d12a7dd160
assets/sprites/buildings_hd/ned1.png	2882	2ed6b89393c292011a466c12089c472dc08a08bba66743dac800de155012f619
assets/sprites/buildings_hd/ned2.png	2976	da5c78efa5ba439ed57c30323e680346f2118e988d4cda95fbbe4a42273c9894
assets/sprites/buildings_hd/ned3.png	3012	395d4bb309a95737b93593e78143cf97009250faa84aa4450effd0e97fa7b14c
assets/sprites/buildings_hd/ned4.png	2951	ff1a96c2d6596918050891eb30f23f56f0a8b99890dca2bf7a721a6f5ffcb524
assets/sprites/buildings_hd/old1.png	3050	0c58c8d78acba7d1d86d9764883d977e06d9f5345d2d337270024c6e00300575
assets/sprites/buildings_hd/old2.png	3131	2db187ba00eb290fcdfd6c0ec77e7d386f0f7ac18c30a2e636e43b535bbe952c
assets/sprites/buildings_hd/old3.png	3167	1aa60806ceb7aa0a022fe194110554835fc746868269c2da365e8d1478fe242d
assets/sprites/buildings_hd/old4.png	3145	bd38786565f6330c945402a822c165c67e826b7034d42adc97aa4cbf2d78e9d6
assets/sprites/buildings_hd/pap1.png	3207	9aa38d43f6127fa42d3955b856dcf261311f4727613d24ec75093f9c9e5da377
assets/sprites/buildings_hd/pap2.png	3301	e432678bbc7365c51bc5db62700ae78f732dedb1356e5321c7519fd617e45798
assets/sprites/buildings_hd/pap3.png	3360	29ccea8bf777dc80b255c770bea9d0949504259234fe51238d4e73e6994c9f20
assets/sprites/buildings_hd/pap4.png	3354	8952835a6c0272b3da1610c7b54a06cc9a6d8c26cd607ac052b5774987e4273f
assets/sprites/buildings_hd/per1.png	3403	c5aa53bc180e3308859371b17ca5dd5741f62ed6a8aecb70f1908410d50ad09d
assets/sprites/buildings_hd/per2.png	3521	a54c4abb23e8f75b7f2026b22df87536a8342feca0f8f586f152e36a8d9390c0
assets/sprites/buildings_hd/per3.png	3561	ad537ae93863cfcca67f3bde28f44869d7e8bb9f49918a84c9d3251dcd8ebd50
assets/sprites/buildings_hd/per4.png	3613	5bc4e19fff1b1f10a64677cfc33df56f73ee86c983efc718804396844c7d4c63
assets/sprites/buildings_hd/pie1.png	2962	5cb38565efd23e05da3f7156341ba425896a53a21d2b129c83e667ad3ec73d47
assets/sprites/buildings_hd/pie2.png	3073	f424628f0ff67ec61229d095a3e79184805313171d6a88199a54b8b3e5da2fc2
assets/sprites/buildings_hd/pie3.png	3104	3f792ca31b111ccba630fdf29530b5917721bf2ec10bfdfbbed5108d9f8e33b9
assets/sprites/buildings_hd/pie4.png	3053	9a590fb27cb60a099032624476b099d02daf05395c535279e7eeed9b6df1552e
assets/sprites/buildings_hd/pol1.png	3254	02ba6ab22d0de7d14ed25ec2b55ead921d5b3b36f408bf45a8aa155ad8500acd
assets/sprites/buildings_hd/pol2.png	3330	a24aa7a8ca9d00e94dc38fd12bd9128aa9fbf882ed7a58a4b46acc560578fe50
assets/sprites/buildings_hd/pol3.png	3381	456a6e1bd7d4d16ca196a7dc0836d7ac1af79eeb4b1293752ae3cc8d377310c9
assets/sprites/buildings_hd/pol4.png	3380	c8e2390d1e8442b73ef1ebe73e12e4a042422641903c87997852be39e5092481
assets/sprites/buildings_hd/por1.png	3142	0d4df3ff58884d1172d94d4939306a97a204f812f19a45aa08c8d4f069446f6e
assets/sprites/buildings_hd/por2.png	3262	e5430b1670112b8d5f00f6a95a625fd80a02c7911ef1d25b8d8d75afc9ea943b
assets/sprites/buildings_hd/por3.png	3274	5bfa7259af3ab1bff760f560f3390e04830def92967be46d2c28af04675e4578
assets/sprites/buildings_hd/por4.png	3361	d4e0cada166cb828e0a410779932bee8aef966f0036d0ca10d4fd8c503ac0f39
assets/sprites/buildings_hd/port_1.png	36039	abcf28d1d1fd0d099e22e7345028e3b61293b6572a8916bc298ccc8b4d7ca548
assets/sprites/buildings_hd/port_2.png	47813	97e7c35e209232e181e8c6f5339a0367675bfda5e50f35e383d0b0fcda1ca79e
assets/sprites/buildings_hd/port_3.png	50352	f8e319a0d50c8535735bd96f8a7c1e51490a113bf130a5eaf9fa21c072aa4379
assets/sprites/buildings_hd/port_4.png	35272	ce647b9a86f2d1b90eec15a836a105ef2f8c48297d7a38997813888c35c72401
assets/sprites/buildings_hd/pru1.png	2793	aef2ac21e63a9ec3840f160bbf52a4bce57aac654ee5d55c19a7400cfad812c4
assets/sprites/buildings_hd/pru2.png	2814	f23c1a47abdbce6418f36a32e660dce77ef19b59f078f41de08510002c1be202
assets/sprites/buildings_hd/pru3.png	2849	6046ccb7ab89decfda129cdc1e7ffe7bd4c2c0e4d17c468f3810d25616d92fad
assets/sprites/buildings_hd/pru4.png	2834	0f9d6dd19d01d68f2f09cfa36c206a5bc56c8dd17a1f12f98274de6c2983136b
assets/sprites/buildings_hd/rank_1.png	505	f144f373f0c4a69a21b805ed69010729c13a339792d385ec6ab8d6ca7a53a613
assets/sprites/buildings_hd/rank_2.png	705	90c2cb33f5acd6850b1535889a21889f137a18b5e0f8ab1393bb2beaf583bbe6
assets/sprites/buildings_hd/rank_3.png	907	64a5aca9d1c1edfffc1fcafb544b9a15ab99d6c74f00ac69c1c597ab0a1841b8
assets/sprites/buildings_hd/rank_4.png	1119	beefeb6b6704d1cd1c44e4b768d58dfa135e5708346cb0a07cbc85a8f6308db5
assets/sprites/buildings_hd/rank_5.png	836	d33c57c621499a7cad866a9185ce53c197cd1beae64cb80746a110ae07d6a678
assets/sprites/buildings_hd/rhc1.png	2882	febc1ed4c01b2a5767454b2d872c3aad24f00331a089a2ead11e5f68da77d8ef
assets/sprites/buildings_hd/rhc2.png	2975	5f2709e85349023abb1ee47aedb3ead8383f8fa0af81f7ac2c07a49c0ec7033c
assets/sprites/buildings_hd/rhc3.png	3023	26f5fa1e4f90e02781bde9690739c702bf34caab0cef99fb6b908f73da611936
assets/sprites/buildings_hd/rhc4.png	3013	2d699851552d334132f1670fce20d1ee4f396c26bdc766917d649ea6f36fb3e6
assets/sprites/buildings_hd/rus1.png	3082	492ec2420551d1dc5c8b282aa056cb39c3b3181d9ef4431f9b3f59e260db20af
assets/sprites/buildings_hd/rus2.png	3171	6450fc2bee2f48b9a488e0f6de402adf5d73f2598a006783871408385ce75d02
assets/sprites/buildings_hd/rus3.png	3241	2c4e25ead978a51a5996bf776905a0da4b4f5eefd7d4d926531d829b260270b6
assets/sprites/buildings_hd/rus4.png	3229	95ad595c333b74ca56fd4e2538ca21ba547eb23bc479fe727d6c8637699e15bf
assets/sprites/buildings_hd/sax1.png	3759	a00cc7160fbc92a24622730b17155ce64d71e45ba25db92ea64ea783271194fb
assets/sprites/buildings_hd/sax2.png	3870	2218069bddcca818fe63dd46ec34108c06caab107ca20db818bfbe5b4abd9730
assets/sprites/buildings_hd/sax3.png	3890	6c1b9e0a22651b103fedf66a7f792b12b00e398bd1a74f1aa58bd5794ba11c8e
assets/sprites/buildings_hd/sax4.png	3943	13d14a9652d128f3ea07fa2b330005aa0bb4510b324c58260f2e3fcac2a8ff71
assets/sprites/buildings_hd/ship_mark.png	2776	6122d19f219f6e213c2c408c77e1d90c603519f1fcfeb5b7c52db64244f9ab19
assets/sprites/buildings_hd/spa1.png	3108	7a2dffa2dac753e5ff98aaf4d2b7efdf5454f838e9f14a442b54195cf764f70c
assets/sprites/buildings_hd/spa2.png	3212	b4b11b8432202c3d8e337813f85b2390cdb09b9a4d60c5052b448bb1dd2fa472
assets/sprites/buildings_hd/spa3.png	3215	25c9354bb5f3cde0d07b748204bac92db94befd7b0b1539ca74d136cd8037d33
assets/sprites/buildings_hd/spa4.png	3220	647bb91d07c5aa6b80447c3cce96c2b13774cb4ef97c35283f9636da12b1fd50
assets/sprites/buildings_hd/srb1.png	3429	792a337aef3bb07f390516105df6a8d8ff90ebe18bfb282fe8ba60a8dc6cc256
assets/sprites/buildings_hd/srb2.png	3496	37d4df1262728811f830380e9b704cdc1347416287fb207b936581691a4f6915
assets/sprites/buildings_hd/srb3.png	3558	4b5b3a866ae935d514050600c0b653521ff869e32028363d4c1ed82634641457
assets/sprites/buildings_hd/srb4.png	3572	fdaf157b538b2f5af6a73146181e2467a5470570bbecce5c717c3d6dfde53e8c
assets/sprites/buildings_hd/stable_east_lv1.png	15353	5091c4df5782651205b6069524a05f8e898f9881fcda843cb6a7e1d278835c80
assets/sprites/buildings_hd/stable_east_lv2.png	21586	d71fe5671f943a846f434b36875aa006a8e1ebad9096a6fbe72e2cda1c7943f7
assets/sprites/buildings_hd/stable_east_lv3.png	35351	0f023f77d91ab43814cd2b0fae2e12df0c300f683add7513e0401ce4ea8e3222
assets/sprites/buildings_hd/stable_west_lv1.png	14775	080d1424a7f9370b0125a75a43a06ff9562c700801a5d9553259892242824afb
assets/sprites/buildings_hd/stable_west_lv2.png	21166	30f247d6d2e5bd53131e387a59993bf9164b39044bf7966ae38f556936c808a4
assets/sprites/buildings_hd/stable_west_lv3.png	32216	e684c15fda04405fc487195faff5b794d5dfd4a948c8dbf7200349112ff62beb
assets/sprites/buildings_hd/swe1.png	3076	8cd0f3f050c4de4dde993b56dba062dacf60b924609e262a93a799d5cbaa5631
assets/sprites/buildings_hd/swe2.png	3206	fd5217e1196a21c25a3dcf8db6189c5a68ed2ce243a8229da4f39c3be5b80d31
assets/sprites/buildings_hd/swe3.png	3215	3404195153a2cddc39d4c0bf8142e542662b0f1c60ae39bb2a564b5200ec373b
assets/sprites/buildings_hd/swe4.png	3200	f00040f5fd83e14a0266d1d69af8f1e6bf52d43a43c699ec04b8b03a08ccf881
assets/sprites/buildings_hd/transportship1.png	39312	e15a3f5bfd6d0978f72ca22862d6d8c256417e853bcef70dda7de8ece68f4307
assets/sprites/buildings_hd/transportship2.png	39583	f49b843400ee9347924ce46ce55173fbfa63f6815252827f39fed775fe6f1b5f
assets/sprites/buildings_hd/tri1.png	2783	3c92f0b83763bc60ac6fe779e5c4595ac42601eff4d4d96919087af7e56d7453
assets/sprites/buildings_hd/tri2.png	2852	bb0f38165a3a829533cfb1958dc61f2f65252d2ec0965bcfacc1c4edd858332f
assets/sprites/buildings_hd/tri3.png	2956	720946be8401d68b50465ca29a90385e5a0c018c442338e27fd56d6e842d4ab8
assets/sprites/buildings_hd/tri4.png	2874	58e1cf39920575bc7f5bd56c3003b8c79fd674f7392c5d80153532ccf33a7a3d
assets/sprites/buildings_hd/tun1.png	3100	4e26b7a05f3c7a10d1d32e1263286894d32bba8ab86455bf697888398847ccab
assets/sprites/buildings_hd/tun2.png	3229	4b561332839693b5d0aef8434de190c0b61263d496c6f6d95fe941816f2f68a4
assets/sprites/buildings_hd/tun3.png	3234	b914c20f020d606e7683d5b252e6bbb633ef5e59e9e2f58aab9f7769e548c912
assets/sprites/buildings_hd/tun4.png	3233	421c070c064fa644deee3ac8d84320aeca1c5374d087f5d7cef85da3a661c722
assets/sprites/buildings_hd/tur1.png	3031	3848d3b5dda3668b2a14a90263d91baecb41d05fdba0642d8f2f4596da0fa5b1
assets/sprites/buildings_hd/tur2.png	3183	7906894475f6a968f11cb4b49982b52369a735ff7ae1a3bc3d4d8b62f73297e1
assets/sprites/buildings_hd/tur3.png	3188	c42f374e79eb5aff494c95662dff4e7fe9bc65cbdfd49a2bf0f9ccb55064b6b2
assets/sprites/buildings_hd/tur4.png	3182	9f7d3132f4e34d33211a5e200fe5e2cad4619c76b2332d830440a14daeebe86d
assets/sprites/buildings_hd/usa1.png	3949	090a4951cfcd55c37767ab80de0ade53ca4a08b69bbf8c599c9841a64026a263
assets/sprites/buildings_hd/usa2.png	4088	09a4a3db144fe7c6255da308c70a03b83f48e8492b660ea9d5c5e5b04ae24224
assets/sprites/buildings_hd/usa3.png	4086	bbb86afce1875457837c0df8f0ff5727f48b41223ae00ae9e0f1c93e93e8456d
assets/sprites/buildings_hd/usa4.png	4095	156e935874bd1d3c9efaf0be0fc4b62d27b5800e440aa5005d364622f8eecf12
assets/sprites/buildings_hd/wal1.png	3196	b6f45248d83e15b15c3d3f9adee7ff4811ac7dc619ef39fae329f1056d6ec93f
assets/sprites/buildings_hd/wal2.png	3291	5b7b47c6945791f4c19f220924d8df47788df667721bac48b2c60d9ecd9c140f
assets/sprites/buildings_hd/wal3.png	3366	133d32649a259e01ec143f829e019d36aebb65fc1c57f81f2c55b9863eb4f8c0
assets/sprites/buildings_hd/wal4.png	3387	4138d26d64a7c9d334de382886bc95e7366587865656407f9bb027b4c448afa2
assets/sprites/buildings_hd/wur1.png	2296	c874cbae07231db74cda6fec0db2a30ee03b650f43155cf4f3d53f1ecc0a22f3
assets/sprites/buildings_hd/wur2.png	2391	1426b19341efa66e82992ad21e5912d87f21cce4d463e2c0242f34ba8c26036f
assets/sprites/buildings_hd/wur3.png	2409	e92a799f45faba358f1361453cedfdc48f9795b2f785a74993f95ce71f6705fa
assets/sprites/buildings_hd/wur4.png	2380	32ed37de2e77a83c27c533941de3e7b6451c4bcc9c4b7146dd5d1547c947d7c2
assets/sprites/choose_hd/1.png	1752	4ceffa06aaf7dce7fadbf0292a332231afa0072dabb9b91db683ed5943f9a6af
assets/sprites/choose_hd/2.png	1960	6a29e269b041817d21abeeea2b1957d8594124d37a08bc24cfb46e13a47ab436
assets/sprites/choose_hd/3.png	1907	e5010a7df5e4574894fabe742614f89d7fc3394881c5fcc23c022795eb342acf
assets/sprites/choose_hd/4.png	1752	8d5b355d87f9b67b433d80d9e927f7d187cbfc23dbe284ee32d9a1eab3b22170
assets/sprites/commandermark_hd/Abercromby.png	5298	21f4909860af351141bf94bc80cd55782c2c2a3b6a92ae82d31b0bb4b3c058e2
assets/sprites/commandermark_hd/Agha.png	5028	4a23d678219c524dfc6307f8a992fe2bc5c443960004429aa6cd87b28ef84b5b
assets/sprites/commandermark_hd/AlexanderI.png	5266	f1056f3bc95bb557a6df42b777052e706c8d75a758a3c1758bf8e771eae2e4eb
assets/sprites/commandermark_hd/Alten.png	5535	2b7bbc59ade411fa4d7c5e8261c97eeffcd9de377ea095cf264d038ee387d6d2
assets/sprites/commandermark_hd/AmadeoIII.png	5319	fa18734977e123b1597de1a05444a70275881a2be7ef3a754336f5e0a2df83f4
assets/sprites/commandermark_hd/Andrade.png	5204	6ae7aaa7c8023fde3d8644a5b9c1452270d108a36db59c5fe58633184b0bc711
assets/sprites/commandermark_hd/Archduke.C.png	5328	298fb7491d98a5d74f4c976b16f308f3616c0a40cd19c65f99c6401fe576bfbc
assets/sprites/commandermark_hd/Archduke.J.png	5278	62826c269e80b2da6781630ccf63c68859f34e6de9c77d17ce3d775e184848e3
assets/sprites/commandermark_hd/Arnold.png	5511	576277dbb7f1bcf78da7f29f4a98d67e29121b5be5bcbcc7d1058cd7eff27445
assets/sprites/commandermark_hd/Arrighi.png	5324	2856d9016ddd71cae1d7a20c4b03b4f4a5450d75e75ef69afab2bf5d26febd62
assets/sprites/commandermark_hd/Augereau.png	5333	e8e03b42bff2fb2f288b18af1c10602dc98164c255dbcae0400485739abf2449
assets/sprites/commandermark_hd/AugustI.png	5593	95688295f1a0518c2a9c111ce797f1b88a761a65bab378cc29516d365ec6e123
assets/sprites/commandermark_hd/Bachmann.png	5397	6c2a156c7cd9ab3c9dfafab57483b15798502b164451d967cc56057b7b109eee
assets/sprites/commandermark_hd/Baggovut.png	5511	ac85a47a0200158a0840d5c708b80205edf873e32dbca9943496bd94dada197b
assets/sprites/commandermark_hd/Bagration.png	5264	c18efad76281dba3bdbd1c9ff0ca17830d49d68a49f475cc05f7b185affd7bd7
assets/sprites/commandermark_hd/Balabio.png	5420	d48a53711edb0df4a2ad23a9e4305c85bcd72cf98b63384055b28cfbf3bad810
assets/sprites/commandermark_hd/Ballesteros.png	5164	9c16d0a5091c5539ee633f0950430b180a81d2651a0788e492364dd3c6467d82
assets/sprites/commandermark_hd/Barclay.png	5307	e07229fa7bb2d3e74c724af10dabbe8556074dbf5ce21fe4901380148fd0b04b
assets/sprites/commandermark_hd/Bennigsen.png	5461	a7d85a877bbfd94e1b933c8dbbcac8ba75c58b014f826d870aac2af9ea0be5b2
assets/sprites/commandermark_hd/Beresford.png	5653	1c84514299e2b9747246ad296b769e1c7811a980517afbe4990e39178c7b866b
assets/sprites/commandermark_hd/Bernadotte.png	5417	f0062a74b8c0e92b2179af3aab79ffcbe6f759e5e495973370008634b0470d30
assets/sprites/commandermark_hd/Berthier.png	5863	f6368214b61735c39151f39521b253da86bcd8b0eb6da3ce4236df5617406736
assets/sprites/commandermark_hd/Blasius.png	5580	d566a2e534253484f17a508d70da608266feb24e1bf6a278a69fb0ba8d7cd276
assets/sprites/commandermark_hd/Blucher.png	5614	194d04d8c4269872ef79cf53e714e1722215fa560436b8a5c74e5c103ea00ba3
assets/sprites/commandermark_hd/Bouvet.png	5378	c6271c3e82e2896beac8d826bc266624dd875cf0c6677b7d6d7cf760fd5f1b85
assets/sprites/commandermark_hd/Brock.png	5073	11e8a7ff7fe832a10e3ee1384167e4e2c3afffd76a5d93d5d5f6a25d9a09aa77
assets/sprites/commandermark_hd/Brueys.png	5273	ed37eb668de04c5169f71ed7b6e97decd52713051f8630e017f445d1db0b0826
assets/sprites/commandermark_hd/Bruix.png	5021	f08cda80c7fe8788b2b359a1c458a821adf3d6b464dea4779358d7fcf151fd38
assets/sprites/commandermark_hd/Bubna.png	5468	65d1f0ec1e6550ef7a295229d709e5e945903e58280937d298c8a1a54ae310af
assets/sprites/commandermark_hd/Bulow.png	5546	fc9ecc96e840396fde4afea813534d7d58f051c19bc204035376cd44fce7aa56
assets/sprites/commandermark_hd/Buxhoeveden.png	5066	69cfa884a50ebf63e6326332214dc12e5610550b54cfa8313f8570ed61b5cfc3
assets/sprites/commandermark_hd/Bylandt.png	5279	28e3275c754f432378b66414b5ed4d94fd70f925ed03534dbd73cba7f41fabe2
assets/sprites/commandermark_hd/Calder.png	5502	bdbd52d1d253d887f635d8a1901d054d137a4a66ca7fd4fde091238b55b7599f
assets/sprites/commandermark_hd/Caradja.png	4976	09da1fcf387c86a57e33722214a59c34b05555cd970a12e125d5951010dfdc98
assets/sprites/commandermark_hd/Carteaux.png	5617	30c4ee1c6e3d3b30cfd67f62be526f03b055fa1a61671af4657f2a1d38fe4b1a
assets/sprites/commandermark_hd/Charles.png	5371	e8c70729f96e3645bffe9d11a3d5992ae8bb91b55626da12822719daea571317
assets/sprites/commandermark_hd/Chasse.png	5643	b86a6ac636e569ec79c182a0f38e6e55b4c96fb9e8fdf9ff674ce1c5654f9f1f
assets/sprites/commandermark_hd/Chichagov.png	5202	b0c8358255f3d99f7aa1abb79831fd6f8b1c1c1e63ddf14016fac170599ce572
assets/sprites/commandermark_hd/Cisneros.png	5609	84c87011cfabe36ddef4d8b5bc7be93ebf6b5e8e04ad89ffda92eeae7344a248
assets/sprites/commandermark_hd/Claude.png	5643	a4859734fd76884581534c874cc23c66aee45266b4b3a1a44575059605fd8135
assets/sprites/commandermark_hd/Clausewitz.png	5169	c46768ec1a890c4164623375506c6c2affdfe8a89ead10c4b1e307ff614a521f
assets/sprites/commandermark_hd/Clinton.png	5266	7da80bf94b2b5acca9951b784fce39c9561f46717f54034e2ac9b179b755e01a
assets/sprites/commandermark_hd/Collingwood.png	5190	fdcefdaaed77d3cdb2248f134b8cb5259f16f924255bc0703fd3959e35c73755
assets/sprites/commandermark_hd/Cornplanter.png	5435	f79d90bc618cac0fea032b0fa7d509eba11a1f322341a22c398c2d2084375e7a
assets/sprites/commandermark_hd/Cornwallis.png	5473	44d0d37fb0d09e67ffc3474d030fe6ebfd07823e4a55afb549e1c238ea0b8688
assets/sprites/commandermark_hd/Cosmao.png	5386	fd63115b98c9da65c9102de7b22f89ba12c93cd6a2216783900fcbfbcc06b408
assets/sprites/commandermark_hd/Cotton.png	5323	bc4daf99fcb125c940a446e7769dc9ff130f179b832de66eeecfb127c8eb6c51
assets/sprites/commandermark_hd/Cronstedt.png	5506	95f82c9889c6302ca8456a08ea5bae3eacc869a747e785701f8bffad66419f23
assets/sprites/commandermark_hd/Davidovich.png	5744	7354e6ff5cbf0fd92130b2d62757084583c1412e0be7749b5fb794bc14932094
assets/sprites/commandermark_hd/Davout.png	5321	f27d18712ced8669b37939c2a4233f311967980289f33f898f783ad0aa7b5b62
assets/sprites/commandermark_hd/Dearborn.png	5261	7b6b2b6daf27e395b43939be8203690226451767f0a3ac23dce9f974fe40e4e0
assets/sprites/commandermark_hd/Deroy.png	5253	f4b83f828c1cf18fffc672dced46bb951d9dca37b3dbc58febecc556329e1060
assets/sprites/commandermark_hd/Desaix.png	5108	956dbd87b658c44da89b02c2df12fc2981a2e72795b46187c1c91ba7038b33e9
assets/sprites/commandermark_hd/Diez.png	5306	75ee759c407fb1d4ab0e2ddc982fc580c69c38f9c50f20dead45a108284a88d4
assets/sprites/commandermark_hd/Dobeln.png	4842	674c3404c72a4eee3131b11080d5c49d2ab1120420b0aed8ef016d75032fccab
assets/sprites/commandermark_hd/Dobrnjac.png	5061	e2178e2f79c56aa13867d04a9e9c85d4177ad9ff268ee14a4ecc76f8024f5702
assets/sprites/commandermark_hd/Dombrowski.png	5779	8dd6ce6dd8eced33e2d8c9c83397be6f34a9fc21c8312fd33db73042e7b9e2b1
assets/sprites/commandermark_hd/Dornberg.png	5269	f1e480a24fef90ee9a38a5aab213adaf4c46dd8bbbbb5622c76b9a250beb6e07
assets/sprites/commandermark_hd/Drouot.png	5432	acbbbc9f7eb274091c44320a15b45c9efa5f8bd38c41822ca8657971b2dca326
assets/sprites/commandermark_hd/Drummond.png	5558	6ccf4aa3bfbbe7039010b6f70ac9407b8f536995204ba40c58fda5458f1f75b0
assets/sprites/commandermark_hd/Duckworth.png	5494	e9c57542ef0b7a1f3b50c9f5e356f6a392bc9b9205976fd37585acf49f854bbd
assets/sprites/commandermark_hd/Dumouriez.png	5850	3b849719094fa3e5f482df15b78b8b3be1ee377abb400322e35672b2b8317dc4
assets/sprites/commandermark_hd/Elphinstone.png	5669	d4a648b4b87833d8abad2399309bfcbda6207b87a0b7e7b96a21c64ab574f4e2
assets/sprites/commandermark_hd/Emil.png	5244	b8dc1ec473ea9b5be38afc9c73083e204b18c4098030ada399c5d9f0fe15ccfe
assets/sprites/commandermark_hd/Eugen.png	5038	935f996db5dcc0a67ebffa1aee392a66979607678ef20fa3316594ba9fb5e97a
assets/sprites/commandermark_hd/Eugene.png	5553	8dfa8d55fe0ae12b3022452dd57067ae72b8732dce48e0a6c7359898d5a5de1c
assets/sprites/commandermark_hd/Exelmans.png	5235	57245f00b297d8a4f66d3486417de8bb8014ae2d490080eb1250f2df1b83e64d
assets/sprites/commandermark_hd/Falsen.png	5462	de20b401db1ed6065fe905eda5ff2e53fb97c74353b7a26d55139497fd5d2949
assets/sprites/commandermark_hd/Fatimah.png	5529	1f6381b58a4e2c15e34f50604440260cb71678b3078681925782639c9ba5e340
assets/sprites/commandermark_hd/Ferdinand.png	5490	543b5ff0c88e336b763ddc594299741f787e613a9dcc08118a47afb5553a0e81
assets/sprites/commandermark_hd/FerdinandVII.png	5454	0b8529612c655988f7bd206fb8859577108df8036362c54d90bceca1756c776e
assets/sprites/commandermark_hd/FerdinandoI.png	5306	7072f9935b42cd68b84d8734019efb89fdea3e5c360776fcc848460d848863a6
assets/sprites/commandermark_hd/Fischer.png	5402	89c94ac48816b80491198b4a212efb800572dd10b29d4b075d88239b250b8aa2
assets/sprites/commandermark_hd/Fontanelli.png	5032	0271467c50589f1166660c80cb0e68a8182f4db14b5756289620aab9f90e7459
assets/sprites/commandermark_hd/Franquemont.png	5310	b03116454bc72b7df32593155442cbb135b5ce148398ecc2ffc912eff5b0b1b2
assets/sprites/commandermark_hd/Frederick.png	5431	ff80ad4d6f1cfec4200240cddbc01b8bbfa212ca20ade3c93bb59e993d0af304
assets/sprites/commandermark_hd/Galvez.png	5309	4b96aa8862ce32ced276db9344ba83963543d37c62c3df28880fd70fa5dd54ec
assets/sprites/commandermark_hd/Gazan.png	5528	a6b4cd1dad8e57b951276ef67f7824dd21e2a8ce6c4a494200a3e10797e60673
assets/sprites/commandermark_hd/Georg.png	5286	b84ccc40606cd287194dd922718d869b624bd7059f8d05f00b9c1741ea5796db
assets/sprites/commandermark_hd/Gerard.png	5386	d81afab3a35bea07ab965f76b1096386a1e199affbfd42a4c3a26a4f19a129b0
assets/sprites/commandermark_hd/Godebski.png	5570	1db508561db3bb3a2837e959c441db981c5b96b9282501c87043e8b5fab8e261
assets/sprites/commandermark_hd/Golitsyn.png	5387	1442b460ce602c70763c6d3e29c034f41c60711662b0b4053f3ef06d46e592dc
assets/sprites/commandermark_hd/Gouvion.png	5657	725c877b11aa99b7c442bd8c4aed021ff53755e029cf28cb68dce5d529982673
assets/sprites/commandermark_hd/Graham.png	5348	5eddc02877e422a171ed3c1a81c7586407c7c3d9ae705fee98578e229c3f9245
assets/sprites/commandermark_hd/Gravina.png	5531	a58bffa9a9d9862d41f5f449f9213d1e3153da46545ec4c9852da77f673a260b
assets/sprites/commandermark_hd/Greene.png	5477	92f7dc8ec4fdf9e79871674dc0d3022e980a9d408fceee345724a7f43b22c9ea
assets/sprites/commandermark_hd/Grouchy.png	5437	a70f2357f91431c1ecd5a01e348a82e4bb1075ec6e164028697ebe3fa5e5f230
assets/sprites/commandermark_hd/HeinrichXV.png	5234	39610cfd3e4310aac8d55f532a95a0138f91db34e836d43be1960c222c8e60ea
assets/sprites/commandermark_hd/Hood.png	5449	2d16bd18671e6f643d14a1fccca2d950b043b052d5c071490a4bc8ede9c283b5
assets/sprites/commandermark_hd/Hopkins.png	5601	7c5fa3dec236296a4c37716610494cbf0c1e1d649addb373ab4d5f18b4a29f6c
assets/sprites/commandermark_hd/Hotze.png	5248	d4c4a89c19240d18bbf15c54e75aadf024f05a556629d06d9b5658a38cd7bfaa
assets/sprites/commandermark_hd/Howe.png	5501	1022391cc675c2d93f31473fe01c37a320cceb2be073a99726ab9352d176d6bc
assets/sprites/commandermark_hd/Huarte.png	5392	b78c5f5897b875caeb5cf715c2fbbd3e44f15a049ba53b4f7c16c61bb6c3c9c8
assets/sprites/commandermark_hd/Hull.png	5418	e66438cf3501fc688dcd8272747fc099b1397ff400e9f6a099cc366d5abd115a
assets/sprites/commandermark_hd/Isabela.png	5643	723b9e7a6964924bb4155b0f4d071ac4631c7d217d43e01c162c8f4213f56257
assets/sprites/commandermark_hd/J.Bonaparte.png	5713	f29366e2e6b4e573b52790d1af34670235893b3b69504cb8774848a9ac651834
assets/sprites/commandermark_hd/Jackson.png	5327	3751c130c49570fddb919ea425f901c70ff9915e8b6aa687595c7c4e34a9f302
assets/sprites/commandermark_hd/Janssens.png	5551	699d9344e1c13accaba08cfea9cef24675f9ab30cac22713af37d2dd15f21d51
assets/sprites/commandermark_hd/Jerome.png	5338	3cc48780ff60857569117b6e70fba0915d94aaf987ae0aa518e5810dfcc46e61
assets/sprites/commandermark_hd/Jervis.png	5512	6706607f6ccccb770a8b0adfe9c74b66637a1a118e4ea377743331db51934859
assets/sprites/commandermark_hd/JohannI.png	5332	5dfc916c734689745bd2b89af9dbe712723e4bfd7a988131e04fa30a5b126abc
assets/sprites/commandermark_hd/Joubert.png	5543	2a3a80b90663e39e8fe30307b8e55342119e0e8efae647d41b897144d9e87395
assets/sprites/commandermark_hd/Jourdan.png	5652	7a086b06d690ee5d3b5bb2219182c31875978616cd5e176444a3f09d338d5693
assets/sprites/commandermark_hd/Joyes.png	5417	66118c3865968f3a1ab043a6ba0e53279209b5333aef761430fe153936d46956
assets/sprites/commandermark_hd/Junot.png	5506	77c237300eed6a4be6781e88332aafc55edd5083a9cfd1171ca798ea52e53bc4
assets/sprites/commandermark_hd/Kahia.png	5807	80d0cbe1a12d349fc2503b79f14e066a5c22abb2e94af3864d62a3cf33acd079
assets/sprites/commandermark_hd/Karamanli.png	5748	fc4d36b62cf3a7e503e6e83c07db93a0fdc16c3d34b1fd215f60ab0bdf89d51e
assets/sprites/commandermark_hd/Kate.png	5922	c17191e8f9f4ae4f2730226e5b0c543ed8a384e52ff3359e73ed359d6cb4c1d8
assets/sprites/commandermark_hd/Kienmayer.png	5020	b46acd9b81580a8dd8ea819153539e293cd2bdad25c62e0cefa692f38d030757
assets/sprites/commandermark_hd/Kleist.png	5247	21b7ef03dd5061c6549a7a55c42a95a8dda4722344e3dda3064a8c8e1454988e
assets/sprites/commandermark_hd/Klenau.png	5301	c09d79e2256f55c781591e5885029b132196996a907cb259778a82b2a7960019
assets/sprites/commandermark_hd/Kollowrat.png	5397	3956111b458df99f64b3e38cbadf231c5e789f996959e18381e1241ac216a504
assets/sprites/commandermark_hd/Konopka.png	5281	219d4d3705bc1463170327325303a14900cad3b2a94aec609af171fc917f00ac
assets/sprites/commandermark_hd/Kosciuszko.png	5148	cfa534fd82366a3f11aea5966426dfa3a06e75deaa2d9e773139251be3b632fc
assets/sprites/commandermark_hd/Kozietulski.png	5643	084886814bf61ecbb9cb5ad747e4483a69d042a965b435fae09db90a6465fe5f
assets/sprites/commandermark_hd/Kruse.png	5244	b298f9cb12cfec2ee98892b13076c1e22ebc86a3625ccbfe6ce2362ff2f18485
assets/sprites/commandermark_hd/Kutaisov.png	5553	6f1c90e255ff48c45eec4beeb971e293724beb2858a4e973a6e440af307eec05
assets/sprites/commandermark_hd/Kutuzov.png	5429	f50519bec4325c20565bdaec50266f4dacf4704dc90ca851229740c1d611ab20
assets/sprites/commandermark_hd/L.Bonaparte.png	5513	532746487a40a9789c8c391a858ea552db4981a7e12a87336dbbed7fb58c8361
assets/sprites/commandermark_hd/L_Estocq.png	5396	0066a59e609358370feab003447b73b164f134d62d7db237280d5361d1e00d93
assets/sprites/commandermark_hd/Lan.png	5827	e352f2c0f17937b02abf7b475e827455f0b529d5c5b7c5d20db41d0e376ca6f7
assets/sprites/commandermark_hd/Lannes.png	5059	1d725772f949749e948895a36457a4c1781938382e6b728e50b44dfa0a70cc9f
assets/sprites/commandermark_hd/Lasalle.png	5192	b5d5b7d6a70b821a76bd0769b2bc06c16f04c7b965772b2144c6cc19b41d505e
assets/sprites/commandermark_hd/Latour.png	5151	6b1be012d4751ebdd8ca0a6f660194a5626f16b7291d5b46322719ec8c14302d
assets/sprites/commandermark_hd/Lechi.png	5584	deff82e5b3d265fd799f07c958af5cb7a3e52c45f6113106c6221933b7bebbca
assets/sprites/commandermark_hd/Lefebvre.png	5043	e62a69978f0aba36370b05641e2238ad492f3fc6fc62fc2db440a5c5f63c2355
assets/sprites/commandermark_hd/Leiberich.png	5452	e2574c176f357ab2abc6a363b6f9c2ea1aef8178a48cc81237843f5685b0da96
assets/sprites/commandermark_hd/Lusignan.png	5483	71fe8c779f1dc61180e04becfe368e2e3d6cc7aaf86064234f9c91e789fbb718
assets/sprites/commandermark_hd/MacDonald.png	5114	b074cb9d124f2933ecaafad76106c580fe3e260c42a668783ec4129cd15714fb
assets/sprites/commandermark_hd/Maria.png	5902	1305ff16603ef622b439dfd7071fb0626df1ac2e6248fc1ae450abe079447e00
assets/sprites/commandermark_hd/Marmont.png	5704	ad30df2e13ceb9dd2d1554b5bd7176e2459f27f171c6c4fb1b40d95fad14e3d9
assets/sprites/commandermark_hd/Massena.png	5108	e993070a5f8aa1f21d777c11877cf84f48d25bc3a2b4118a54e2036bf93d4cea
assets/sprites/commandermark_hd/Mehemet.A.png	4841	518d9d15e036728602616369f26550b7fb69edf98ae083c4f633bb38da94076e
assets/sprites/commandermark_hd/Melas.png	5419	50918b5faf4e5c077f284b4938db40c57e275dd4ad7454ef574106e46904f9da
assets/sprites/commandermark_hd/Mercer.png	5255	818d222e5a940d2ee50290778093d6128b73e912759ec4745a1c40d7604f4142
assets/sprites/commandermark_hd/Merveldt.png	5461	be79ce07b4d1ff1850febf9def68939998e9c55e9fc67aafddbf0b2c304709c1
assets/sprites/commandermark_hd/Milinovic.png	5219	9c3244f4a1eba5a85eb010b20e82334786b7998544055cfd62f1ef192347404c
assets/sprites/commandermark_hd/Miloradovih.png	5424	287e246d66891da6afc4dbc6e56a98c37a46917912c37645aeae374d19879e5a
assets/sprites/commandermark_hd/Mirza.png	5142	37bed7dbe2cefd37bf67d212e7a81527bd0595c65a3d6b6f5e6fc4a35c9f38f2
assets/sprites/commandermark_hd/Moreau.png	5265	ff2cb4fd4cc24038c0d85ccc139a8f153d2a3c8ba18c4011f0a39f28c5dc1145
assets/sprites/commandermark_hd/Mortier.png	5374	c1407f915fc850dfe3995c4aec41e3d5c1a1804aa5ffb2f7d5a401ef1a456ed9
assets/sprites/commandermark_hd/Mourousis.png	5206	86beae9de72d7457b5360d4997aa0b85ffd8aa35a2dec02b95ec54bb1aef6044
assets/sprites/commandermark_hd/Murad.png	5178	af226fcb352ee2c90b1ded2727053f7dddd6661fae812c57ee795a1181127645
assets/sprites/commandermark_hd/Murat.png	5606	d477bac1141ec13fbcdf1fb84b1e297a25a945b63f954635d102dec42444b40b
assets/sprites/commandermark_hd/Nansouty.png	5314	0ebcb432e7858903c0ca0d39b870e4172144aeb76e881a62feb78bbd127efd50
assets/sprites/commandermark_hd/Napoleon.png	5755	8cdd406584848304a2183c481f0c7f92ce8e177b7f0da0e93a47bf67d71c1b77
assets/sprites/commandermark_hd/Nelson.png	5411	1bc01cd30ae5ca7f9cb4c5dc8861fa41b8c54eefd52ca613651284090b2f6ddc
assets/sprites/commandermark_hd/Nenadovic.png	5098	c17e6250c3c4595e68a8996c47d35ceffca8894c70dbe4f362a208d87b923b79
assets/sprites/commandermark_hd/Ney.png	5179	6edaf6e0e23b12dfd5a996a474f3248bba8b893e14661c33046a1c9cbe5807bc
assets/sprites/commandermark_hd/Nunziante.png	5605	fbbcee03ad238e78d0a4b37afbc75cc0ed9de81bf9f54f8dc4749f6dfc820dd7
assets/sprites/commandermark_hd/Oudinot.png	5307	e6a0a3f89edb2206fc90959675b029d081a8f6c1da791c24d91281bf11a7bea3
assets/sprites/commandermark_hd/Paget.png	5232	817760f72d12f7b8ec45fe24e204ce5bbb182f085abc77cad6c535f6d5e61b91
assets/sprites/commandermark_hd/Palafox.png	5224	cb2ba0d27ca7aba58d6795009452cd4a235f02111e2e2fea67baf677a3c9da8a
assets/sprites/commandermark_hd/Pasha.png	5477	ba960d879ecb120073379b34d89700953898a8dd83c4d3a5947324c61773aad1
assets/sprites/commandermark_hd/Perignon.png	5452	25fa21fa51a86f0dca75f664347a935fe745e7420cd0c79c48828488918dbc18
assets/sprites/commandermark_hd/Picton.png	5459	f43b1b4ebe0801e49ead75bd6aefdf7523193cefc5eaffe4d1ebda30a1108cb8
assets/sprites/commandermark_hd/PiusVII.png	5332	310c2cc15cd28d255c8c9eddfba4f65ae202f024d9de6c4d37e3e99201bbe8b7
assets/sprites/commandermark_hd/Platov.png	4989	875979493f06896dbe00221846ce09606ce5d78201ba42287049b6611171e0da
assets/sprites/commandermark_hd/Poniatowski.png	5501	f785e1437b0e1b0a078ad1ffda0fccc454a796e5c1a410087a8420716a0d9288
assets/sprites/commandermark_hd/Prevost.png	5360	0cafbed37dc6223b10967e7a346df5c123a2f61546d8683fe35f7efcdddbad37
assets/sprites/commandermark_hd/Qajar.png	5206	b6b05d49c95d9cad485def743c7d44b64ceb0b439a751ee8abe2740b751fe7b6
assets/sprites/commandermark_hd/Quosdanovih.png	5446	6a28533ed5d04ca8a37ee30b66e45c21ab5546e3079991c67786a86316e54110
assets/sprites/commandermark_hd/Radetzky.png	5526	13611de88dcd552f83f9fe36308f30e771ecf7c4d420e8336eb616db2db3b242
assets/sprites/commandermark_hd/Raevsky.png	5292	9825ade843bb8af34fc7cac892044c7a2c55d79ee21d0d518069f8aa63955e0a
assets/sprites/commandermark_hd/Reding.png	5397	dd5e6a7f5a2d0bdbcef3325d2275b258ac7ffd01fab1bf923e99d5792edf7ccf
assets/sprites/commandermark_hd/Ricardos.png	5261	8259b6a8d13ab0ae91de4fd540c61ef24377ab3818fb18ee3c109740be6a5306
assets/sprites/commandermark_hd/Rosenberg.png	5193	fcda632f67acf3752846f154baf44def1c3e584582cbb86a99fa7a1f12c0b492
assets/sprites/commandermark_hd/Rowland.png	5427	bda3c4baaa7f4b158504d248c5acf8250058d6c1b25a478db13007901d6b074f
assets/sprites/commandermark_hd/Sacken.png	5314	d0767823c585b8a8bcb93c5f3d0477cfe9904e7bfed42e70c78c038395e8eb6f
assets/sprites/commandermark_hd/Sakurako.png	5390	b8260c11edb1e119c737fd39cae1feb68a4f81e59bad13fa952b85b97c9a197d
assets/sprites/commandermark_hd/Saltykov.png	5670	a9faaed4ef27d0eab20769242736a636c8e9acecce2f8dcf50514c0f6dbfb29d
assets/sprites/commandermark_hd/Savary.png	5638	ca93d20b51113181e3c5ef5455d66fbe66c0b02aeff1151d33d9617927e2f926
assets/sprites/commandermark_hd/Scharnhorst.png	5190	c41d745c38e3e3bf050b9cba7b720451c7e8a9ae3b475e7a229d725993889ffc
assets/sprites/commandermark_hd/Schwerin.png	5502	59a57f4cab8f05c05d4a3ca92f31932c010bcde0b1408ec2352db87d08a1fed1
assets/sprites/commandermark_hd/Sebastiani.png	5500	9cf1b30927af556546df2aaaf1ecb13c189412deb52a85fa02ea9d3bf58c1e6d
assets/sprites/commandermark_hd/SelimIII.png	4954	c327f1c2576d535570ccb4be8cd589f8ad4009f04c859486b2a2a87e57a08c29
assets/sprites/commandermark_hd/Senyavin.png	5329	2667a935864e17b8fbbe720c5be466e66529f0f401aa840876914ca504b2b86e
assets/sprites/commandermark_hd/Serurier.png	5275	603616e1ea23fa1fe3258c8aa581d81ee5fd77f82fef989ab99c09afff333867
assets/sprites/commandermark_hd/Sidney.png	5707	c5306884fa85f368169fff0c148b62533e114bf509d2537a9aa29840c5f4a81b
assets/sprites/commandermark_hd/Silveira.png	5352	d35e2793f59781f705fa9e40e1e5f386599abdb32da7ee1143f013c22bca29bc
assets/sprites/commandermark_hd/Slimane.png	4842	ca79d9a59f2b8313a2d1e0b15731549ba8c129c1a2117a5d3ea5f2abd2e6b7ea
assets/sprites/commandermark_hd/Sokolnicki.png	5412	87b5230307e8d492e4813aef1822d3ab30e1529687914670de768864e61fecbe
assets/sprites/commandermark_hd/Sophia.png	5646	60a9edee7d9284e3ee78db9d737516fc2ffa7e39cd8b50b2e6174d4fc758955e
assets/sprites/commandermark_hd/Soult.png	5423	5e81644033c08b1f5208dd80097730cbedc665ef1243b815b7edaa1815b758c4
assets/sprites/commandermark_hd/Strachan.png	5265	04301c2175bfdf88771279443e2dc03181b7e147a10119903f6e2661c2cc725f
assets/sprites/commandermark_hd/Suchet.png	5212	9d65eea3212a17f5e1998ba15a3478bd0b6f5e90ce572b0e7d242c8d6465a14d
assets/sprites/commandermark_hd/Sulkowski.png	5263	a35f05939ac9de476b3d92a6efa3327b640779375567301a591003a30711421c
assets/sprites/commandermark_hd/Suvorov.png	5504	3fdba63761b13f85936e6eefa3851c24dbc3d1292fe3ffba6cae6067853168f5
assets/sprites/commandermark_hd/Tormasov.png	5248	a8ed3b3cd849524128ae56f0f281ff25db19409401b7ad79cf2eeb4ed9831fb6
assets/sprites/commandermark_hd/Treville.png	5201	ed9f9741bcb18f26405cf7580cc0c18e0020b7d50a5e52afcba005239ae62a27
assets/sprites/commandermark_hd/Ushakov.png	5033	71fb43bdc3b9e372b3b6a31c572f33d2f645b0c94b7624b2e78106d9bfd6e431
assets/sprites/commandermark_hd/Vandamme.png	5235	5aa954bbffa9f574b64e0054c6b86aec7376dd4c4a1bd5c900b0da4510cf8287
assets/sprites/commandermark_hd/Vecsey.png	5350	c1ef2d0fd7481c1305409201ecf0656fca54918e70a2b18ed4dfedab990375ba
assets/sprites/commandermark_hd/Verhuell.png	5406	3b28be30ee1d52c6854b68f864a420c70671d9ac19fb700f2a339524386d113e
assets/sprites/commandermark_hd/Victoria.png	5534	d1b39e589b409b521c33aeabed97d0b85d63f7da9247c278e1d63f0bf144f528
assets/sprites/commandermark_hd/Villeneuve.png	5504	4ea226a1a96ab0d29fd7c89942f98cc15ba893725a8194a20a9fc230b548c09e
assets/sprites/commandermark_hd/Washington.png	5824	3597746d8b7f26654ad3b3463e7fdc2021d329d4366fbff11beb0232a3f9cf62
assets/sprites/commandermark_hd/Wellesley.png	5360	d7f79d0b8c6380d6c3d040b64155bfda7b845a3ed9b22716d757a17855f9fa23
assets/sprites/commandermark_hd/Weyrother.png	5167	be0b9cbfc13aa02a93c49d49937719fbdba2d9122cde7135268d8fe9654388d7
assets/sprites/commandermark_hd/WilhelmIII.png	5072	174d303aad5b28ee38e5d3e0fa0dcbf4fea64b57da8a5b5d94507656fce1ecb4
assets/sprites/commandermark_hd/Wittgenstein.png	5295	63e453d7602c4bf112a9f9964f85207047d61f2c788979811b6978a406ff5ebd
assets/sprites/commandermark_hd/Wrede.png	5672	ad39f1a5c7429eb86fea4106d5cb7d583747cf1a91ef20737670f50d5f6a809f
assets/sprites/commandermark_hd/Wurmb.png	5533	9b10ae2208da20d17f9bc77f589cb9fc98ef8fd4ea5eee0516ca1afbd57601f1
assets/sprites/commandermark_hd/Wurmser.png	5052	c9eb0efb4e14d54976a9ea55fdc9942b55f31e7e075d5227e8ad4b2a2aa2832d
assets/sprites/commandermark_hd/Yermolov.png	5657	58111994379da2363ac62bc7322a114e8b423d2883b2257bc8f1c927964bc262
assets/sprites/commandermark_hd/Yorck.png	5602	2bfd5e109af33e7363435bff17a9b1aaeff7561d1c719e0ff3bb207cb5e92241
assets/sprites/commandermark_hd/Zakrevsky.png	5301	1e1901c519b31b475285c2e757fad25ecfef97be4288f9f30ec8cf69a04d2dbc
assets/sprites/commandermark_hd/Zebulon.png	5637	28f91b8898c117698392a047eec357888b282bbefbae5f3973c7cc79f3ff004b
assets/sprites/commandermark_hd/board_smallgenerals.png	2559	b5755cb9b4221120a55c9ac81ba4e60f0ea0664705473e5ae3049958a2a7e250
assets/sprites/image_flag_hd/alg1.png	3044	8eeef881b41575f6641d1b4304ac781a8f78e4921eb634a1d1f0591f36472450
assets/sprites/image_flag_hd/aus1.png	2509	d2aedf3f44a5556661dc68f9df5b2e7041e7db1182b02b78a58bc0299d388838
assets/sprites/image_flag_hd/bad1.png	3390	b4fc159bacd1d43d43c6e5567d31102443ec0c2996a527d5f8e27f55d090e0dc
assets/sprites/image_flag_hd/bav1.png	2986	cfdd91d4d94cdd3bad22718d6f48284fd94642d193082fc96c4858146ffb1cc9
assets/sprites/image_flag_hd/bru1.png	3148	3bca3cec6698b06af5f902b0d5eed6bdaed8cdc18da8937590ed6bf2a8e2d2c6
assets/sprites/image_flag_hd/che1.png	2849	bba8d16895c70c32f1f6ae52bf96592e5f60cc3e91975fa624d775d3855ba78f
assets/sprites/image_flag_hd/den1.png	3138	dc5c9884e9b8cf2aea702bca2e87c1f7ca87ddbb7c082c9a1356518dde774ce3
assets/sprites/image_flag_hd/egy1.png	2896	9ceeff59c530c105cd36a42b3b58798c7497cecf7b03b41a541a4b5416487b82
assets/sprites/image_flag_hd/fra1.png	2793	894707d31ab1c9b4924d8b6ad7134ce126bca326ba34bc9464d1c0769e1fe6ea
assets/sprites/image_flag_hd/gbr1.png	4296	5b6ab88fea164c4452505672b332f378320bc1e17597279767ac6c3e062ae572
assets/sprites/image_flag_hd/hes1.png	2775	0579a76f912ae10191a52fdbfe9f86270b62110af400b272d9dfd87d44b8ed7b
assets/sprites/image_flag_hd/hre1.png	3698	6b39bbb39e5b758c2460b856e75d1ed4c124d5c7bec33f01aebc2964a1bf3a4e
assets/sprites/image_flag_hd/ind1.png	3233	ad0ab94127389fbf0c08466142074bcb15de69b4c567ca2f40d8cbb7f9cad023
assets/sprites/image_flag_hd/koi1.png	3618	7b84471902703cc0bca6b5167cbfbc7d79bfafef4698d7fdfdb1a5af3b1741a4
assets/sprites/image_flag_hd/mar1.png	2524	764cf62d0f6bfe5feb9414c02b035cac0b06450bd1574ca67cbc32fafb3076ff
assets/sprites/image_flag_hd/mek1.png	2955	00787bed725eadb033256fabfc3a6753fd0ffb0fec4945dcf22bbfb1404bbea2
assets/sprites/image_flag_hd/mol1.png	2934	c95c54a19788c4caee91fb666046f3e9e2d2d5041a0048045ce7f9a57faf7a9c
assets/sprites/image_flag_hd/nap1.png	3705	1cf9eaeb8d3c6a7bd22ac839db5ef1a09b4580fed42c035ea96d2f37eb29bc19
assets/sprites/image_flag_hd/nas1.png	3063	51ae8cc17b69a69c6bf02710938bf750ab98b1be8118a9833cc56373a1666fad
assets/sprites/image_flag_hd/nds1.png	3246	b295baa4ec6cff46d700e6e523713558fb829fe1d727936283d5d54b12403a58
assets/sprites/image_flag_hd/ned1.png	2882	2ed6b89393c292011a466c12089c472dc08a08bba66743dac800de155012f619
assets/sprites/image_flag_hd/old1.png	3050	0c58c8d78acba7d1d86d9764883d977e06d9f5345d2d337270024c6e00300575
assets/sprites/image_flag_hd/pap1.png	3207	9aa38d43f6127fa42d3955b856dcf261311f4727613d24ec75093f9c9e5da377
assets/sprites/image_flag_hd/per1.png	3403	c5aa53bc180e3308859371b17ca5dd5741f62ed6a8aecb70f1908410d50ad09d
assets/sprites/image_flag_hd/pie1.png	2962	5cb38565efd23e05da3f7156341ba425896a53a21d2b129c83e667ad3ec73d47
assets/sprites/image_flag_hd/pol1.png	3254	02ba6ab22d0de7d14ed25ec2b55ead921d5b3b36f408bf45a8aa155ad8500acd
assets/sprites/image_flag_hd/por1.png	3142	0d4df3ff58884d1172d94d4939306a97a204f812f19a45aa08c8d4f069446f6e
assets/sprites/image_flag_hd/pru1.png	2793	aef2ac21e63a9ec3840f160bbf52a4bce57aac654ee5d55c19a7400cfad812c4
assets/sprites/image_flag_hd/rhc1.png	2882	febc1ed4c01b2a5767454b2d872c3aad24f00331a089a2ead11e5f68da77d8ef
assets/sprites/image_flag_hd/rus1.png	3082	492ec2420551d1dc5c8b282aa056cb39c3b3181d9ef4431f9b3f59e260db20af
assets/sprites/image_flag_hd/sax1.png	3759	a00cc7160fbc92a24622730b17155ce64d71e45ba25db92ea64ea783271194fb
assets/sprites/image_flag_hd/spa1.png	3108	7a2dffa2dac753e5ff98aaf4d2b7efdf5454f838e9f14a442b54195cf764f70c
assets/sprites/image_flag_hd/srb1.png	3429	792a337aef3bb07f390516105df6a8d8ff90ebe18bfb282fe8ba60a8dc6cc256
assets/sprites/image_flag_hd/swe1.png	3076	8cd0f3f050c4de4dde993b56dba062dacf60b924609e262a93a799d5cbaa5631
assets/sprites/image_flag_hd/tri1.png	2783	3c92f0b83763bc60ac6fe779e5c4595ac42601eff4d4d96919087af7e56d7453
assets/sprites/image_flag_hd/tun1.png	3100	4e26b7a05f3c7a10d1d32e1263286894d32bba8ab86455bf697888398847ccab
assets/sprites/image_flag_hd/tur1.png	3031	3848d3b5dda3668b2a14a90263d91baecb41d05fdba0642d8f2f4596da0fa5b1
assets/sprites/image_flag_hd/usa1.png	3949	090a4951cfcd55c37767ab80de0ade53ca4a08b69bbf8c599c9841a64026a263
assets/sprites/image_flag_hd/wal1.png	3196	b6f45248d83e15b15c3d3f9adee7ff4811ac7dc619ef39fae329f1056d6ec93f
assets/sprites/image_flag_hd/wur1.png	2296	c874cbae07231db74cda6fec0db2a30ee03b650f43155cf4f3d53f1ecc0a22f3
assets/sprites/image_menu_hd/button_choosebattlezone_coalition.png	9393	cd6b63f48398e29f53cb2d2f18febc5a1f97d10e36a3bd3e76dd512050fc1393
assets/sprites/image_menu_hd/button_choosebattlezone_east.png	10218	e36dc86ddfef2133ec05b2648f636a06d881aaf948427fa650f0cc6b1c49d640
assets/sprites/image_menu_hd/button_choosebattlezone_france.png	9280	970c0c42f12b0f1dc412a8641404d58213e5bb61899b31ddb5686bbd19ac3213
assets/sprites/image_menu_hd/button_choosebattlezone_holyroman.png	12553	b5e54007bec57db26dacdfd8976847496be6b5fb1b37d1c7445cf9e6e359ea21
assets/sprites/image_menu_hd/button_choosebattlezone_locked.png	7885	a10fcc98a9f588bba6d39d9e74c01803124e8ab0468fef1084791df1c8ba09c2
assets/sprites/image_menu_hd/button_choosebattlezone_uk.png	10713	510d957bbc3f8ec0240642f915f228e05f861dcfc4a41ea7520a6ab32fcc4692
assets/sprites/image_menu_hd/button_choosebattlezone_usa.png	10262	b1e13ab78be9a556560c9a04be2a5fb8b8dd9fcc79106ce15206f30ee26703bd
assets/sprites/image_menu_hd/button_choosestage_coalition.png	6566	60bf4c6a4bf28d701b47461ff213c42fd94cd0116dcf8a82946c58bf9762409b
assets/sprites/image_menu_hd/button_choosestage_conquest.png	7486	86c14c998695a85c8807600bd28c31fb85489da3c29642bb02747c062c58930f
assets/sprites/image_menu_hd/button_choosestage_east.png	6827	e81c86ffcea3f9f652e9f3e9c911989780ffe5aedc9e1bb20864b63dacbe56a9
assets/sprites/image_menu_hd/button_choosestage_france.png	5086	8572787cc12b16ae35a6d800e11b344c1fd7a585b21196080b4205fb28ce78b7
assets/sprites/image_menu_hd/button_choosestage_holyroman.png	10756	294b6d58f29394303d14a46c6dfd96bfca4973ce13a5eaa5b3746d898851d983
assets/sprites/image_menu_hd/button_choosestage_uk.png	7737	8321d1677864756a7ca7416ce0dc8030766380c7b51feacb770fc66de3ec61b5
assets/sprites/image_menu_hd/button_choosestage_usa.png	7780	a47efd195ee3cc03df357ae31d32c33d7ab664ae3273a2cb8ad1a80e9c4309b5
assets/sprites/image_menu_hd/button_conquest_whiteline.png	82	b4e6e927591260acc33d31efde025ccc1957fc330693a60e32bf6e40416c5a04
assets/sprites/image_menu_hd/choosestage_back.png	156	af7aa83765fbf041399ae5fc7bcd8ecf3cf1b340aba67be60db1bca24c8eff0b
assets/sprites/image_menu_hd/conquest_text_1775.png	3556	4012f216e9ed882195401d2952738bfc214f5505c46be725aaccec7bb183fb5c
assets/sprites/image_menu_hd/conquest_text_1798.png	3802	47918bab089167ddd99dbba1313d07ea188444b99826fbf644fd755bbc1b3b11
assets/sprites/image_menu_hd/conquest_text_1806.png	3895	60d4ca3f7a42912a4452f929e4785eedc1d8f63c17df3dd706a2a58259a33c22
assets/sprites/image_menu_hd/conquest_text_1809.png	3943	b878f5f737f1545050f2eacd96b5c6e605fbac5e7f08c31556383eca9d354f51
assets/sprites/image_menu_hd/conquest_text_1812.png	3786	2c5857debb99ed5ca24aa722c2d47d9c77b319753420d6b7805e1153adc42a04
assets/sprites/image_menu_hd/conquest_text_1815.png	3687	13f0097c2e6d3f07876e34b2bce3493cb57daa468d2e1fad319b12bec529c36a
assets/sprites/image_menu_hd/conquest_text_america.png	5201	133aa591b3e6cdbf4da9dc05ad842b8b5688e7b911b552c183797ec30bdebf9b
assets/sprites/image_menu_hd/conquest_text_europe.png	4943	31299ed17e6c9cd6f078cfb9e6af7b158b34d24990a03608a3cb41eae88fd947
assets/sprites/image_recruit_hd/build_frame.png	396	0388674a030daea7e3272e4dbffe75e3d39fe3a79029705259e20187a7d56e28
assets/sprites/image_recruit_hd/build_side.png	110	b285a9ee619557c16e77975b33fb0ad10ad8439f98703a222543f4dbf8bfb515
assets/sprites/image_recruit_hd/buildmaker.png	1487	47ac21a27b08f8671f27f00db9b431a4146dc6b39f0e71a45e6980a1c16c9c0f
assets/sprites/image_recruit_hd/buildmarker_coastalartillery.png	719	df764f6187167e0aa590b00c3bf8654c9cd57683621e7d205c6d8b59fc2822b3
assets/sprites/image_recruit_hd/buildmarker_largefortress.png	753	f9c589306c9a529af55d556cba61e3287d53c2be481ac51ede8442ee7e4431b5
assets/sprites/image_recruit_hd/buildmarker_mediumfortress.png	721	0449d39d8ac0d0aec03dd4179d3a316bb30ae9c911cd8a24f0fe33250edbf09e
assets/sprites/image_recruit_hd/button_builddefense.png	4826	11dd491af37a560c9bd58245bc917102c8f54a4c0dce11fa3566fd0f982b748d
assets/sprites/image_recruit_hd/button_buildfortress.png	4682	b15661cebd63fa3cd2e8296013eed3e73178f9f16f177eb0a163e3f84f099990
assets/sprites/image_recruit_hd/button_buildupgrade.png	4694	a0db9c91acf97ac22f6a7c067ed3f6c7e610e902a0775eb7ce213895b9b93378
assets/sprites/image_recruit_hd/button_buyship.png	4615	2fb92c7b2107dd126858aa38c4ec28835111b949a9d07f7d2d2f100817c09b3b
assets/sprites/image_recruit_hd/button_city.png	4480	ffeac2f7d088dbf8d97761df50f363dcbb2c1ece2e459707dcc218aae378b87d
assets/sprites/image_recruit_hd/button_info.png	4011	f2483d7652f7e5a8aabe954854878c05c4d1867eb538e66e79f75a0f8f2f13f5
assets/sprites/image_recruit_hd/button_pause.png	1630	53915ca162c5b6fa2fe9a889c4c0e1ac5647e3b05af9cb0cc6def90e4082c082
assets/sprites/image_recruit_hd/button_return.png	2520	6a2dec1a530cdec127a3be75f0d3b1aabc4c2374965b1a1c0b25a64f5f31e46f
assets/sprites/image_recruit_hd/button_round.png	2302	5993b29579778ab733786ae892c8bcfe0556ecaad1c71af2c4639327079d0312
assets/sprites/image_recruit_hd/button_shop.png	4563	6e38cffcf7747115d71772a50b001abed19ad12a806dba7924e67e9e2dc99e0d
assets/sprites/image_recruit_hd/button_skip.png	2161	92b9df245ae6f24e7387c6d91192bf6218e7678a5f5a6d4946ea4224632c7cd3
assets/sprites/image_recruit_hd/recruit_armoredcar.png	33598	8e73b2762905c740dc992b2fed728a262bdbfb55077f7653d5e6a9f1fbc5f35d
assets/sprites/image_recruit_hd/recruit_battleship.png	36286	959feb7edc5d135f232bcbe7b3d996a2a5d7c1298a8191a3eef66429e7629a47
assets/sprites/image_recruit_hd/recruit_cruiser.png	32882	799c7b89ce4e2f0176c7565fe30ef44d5b3a6a9ae223817d2c08b524b47f0808
assets/sprites/image_recruit_hd/recruit_fortressartillery.png	37573	f98cc92eabcfce1d504556250e105de545916a17db349fd97a476fecde3c7641
assets/sprites/image_recruit_hd/recruit_frigate.png	33509	b8d34258532ccf2ba71f3411b19d604583d3350b952c4a30addf26451c606c8e
assets/sprites/image_recruit_hd/recruit_grenadier.png	42025	7f7501ec2db37bdd5545d5c6b335e9db529653303a90e14039e2aca2cf82397f
assets/sprites/image_recruit_hd/recruit_guard.png	40259	ac1b4a51623e8f1f25e1cc7f7925e8333575024559ff5265bae097b108a36fd4
assets/sprites/image_recruit_hd/recruit_heavyartillery.png	38849	2334adaa2f6cf0094bab079ea286c79b734d275f8a2747c47c2c4b5c35cf0e97
assets/sprites/image_recruit_hd/recruit_heavycavalry.png	33590	4b2ab27f7a1c4f73d425d46f27b73a7e495c8b2856da68ad2bd2f30a11c173ca
assets/sprites/image_recruit_hd/recruit_ironclads.png	35506	81ed326b957d295e349ebed3aa42239a1a40496d0d6282047984778fc3a73442
assets/sprites/image_recruit_hd/recruit_light.png	40493	ee7899b3eb327f6fb537d092bae81833166cc29ab505073719c3115011f8b3e6
assets/sprites/image_recruit_hd/resource_small_food.png	1033	18745b09c82a83d7cf41ae5779c62a5d833600d2b5ad813a09c58dcc51e2b7d6
assets/sprites/image_recruit_hd/resource_small_industry.png	633	801c9b586666e54cdc223888c6361738f05274690ca4b99ab836d9612df64f55
assets/sprites/image_recruit_hd/resource_small_money.png	646	7b25484ba06c1832e386e63733ea10e51be171dcc8a262396aed8ea399984b59
assets/sprites/image_recruit_hd2/build_bunker.png	50693	db75c0948171916dd9b997f4d6425cc2f51602ee9e1ad9b2817ff1d71ff7dffe
assets/sprites/image_recruit_hd2/build_coastalartillery.png	35626	e050aad84c18f363c8d8db49c5ac2b245f6c311776e368bb19438224ed546719
assets/sprites/image_recruit_hd2/build_fences.png	45199	9a1d81657ef9d611f37977747934845c923bcb8e17193bb4da5172735fc77667
assets/sprites/image_recruit_hd2/build_largefortress.png	38017	9d7114c89c72d27613f45823d02af9929506cb87ac50c62076514fecc66f88b4
assets/sprites/image_recruit_hd2/build_mediumfortress.png	35534	0eda08798633285c28b5fbdacf798fb9ae114b5495135a3cba3d5b88ea06247d
assets/sprites/image_recruit_hd2/buildmarker_smallfortress.png	719	d47308a19693d26f1481f2cea3729d1a153e820846780a64717d78c115ed45ec
assets/sprites/image_recruit_hd2/button_bar.png	5104	7f925a83691f8224075b7a5995e21b6b4a4b468be4791e6573a1eca29c73cf66
assets/sprites/image_recruit_hd2/button_build.png	4635	f9226e621a2852338eb80e3a2e7092dde41f05eee538fee0725378fdf330b14a
assets/sprites/image_recruit_hd2/button_trade.png	4528	e8ae2d8077e6db79de09ca9660ecd7496b0b8c634bbe8e885922a32ab14b3c9c
assets/sprites/image_recruit_hd2/recruit_lightartillery.png	43041	31f9b919741d6c6616232a002f8fe5fa2ef707085128fa29d6ddf5740efe6600
assets/sprites/image_recruit_hd2/recruit_lightcavalry.png	34909	5152df9c07ccf02f9bf9b9f6f840e64b5497cc319c0bc58932cdd1695a2fb176
assets/sprites/image_recruit_hd2/recruit_line.png	42786	fbf503470f1d691efdffc7f8ba848d4c4c61bc3c9278d02a0639f6bf559aa68e
assets/sprites/image_recruit_hd2/recruit_machinegun.png	37880	c17faca03e0bd0cab25920463199f766d90ac6be2f56d57246be19110edfd010
assets/sprites/image_recruit_hd2/recruit_militia.png	43426	57168a56e2a54ada4dbda1f31d7f4524e2a4e32f79bb20a733caba8efe411d42
assets/sprites/image_recruit_hd2/recruit_musketcavalry.png	38318	e2b6fe60f4638b90c330b3e357f15b66dc766049f90d39accc20dd966f077aad
assets/sprites/image_recruit_hd2/recruit_rocket.png	36680	e0a7c9c26ba4d91aa4aea5647f92055e35e06d32d7e8d60924e71a272982b975
assets/sprites/image_recruit_hd2/recruitmarker_armoredcar.png	810	594df5c62920e8dbced99aa3fb132754e722772616067682e215a58c0f3ddd3d
assets/sprites/image_recruit_hd2/recruitmarker_battleship.png	847	ab65f6e09d7ba4122187147af9ab18da0b3e74694db1b219bdbcdb8f533c2927
assets/sprites/image_recruit_hd2/recruitmarker_cruiser.png	805	02b2db730cfb03cc1c7fe65613c2e8b092596a2e53df61c4d43a95e2080565b9
assets/sprites/image_recruit_hd2/recruitmarker_fortressartillery.png	749	2ae21b501f32e3655e0f6ff8a19f61d80fe98a4945bdad8fb4cce66f249abfcb
assets/sprites/image_recruit_hd2/recruitmarker_frigate.png	758	1db8c4453336ce0071f7a20302494c13af707860328e34c5d6f94b6927b410f8
assets/sprites/image_recruit_hd2/recruitmarker_grenadier.png	745	bdd1577d98bae7b3e50f0fe8d6a84bedb2c864594f7cc71dcb6c434ed4b91d81
assets/sprites/image_recruit_hd2/recruitmarker_guard.png	885	9c145aa7b6a6c9e412624be664a21db5072718f95da4dd3a8d262fc9e4909767
assets/sprites/image_recruit_hd2/recruitmarker_heavyartillery.png	812	484df06c690c22c1ff0f437cc81ee9bdb1ea6b2b134675306023aef9a06728e1
assets/sprites/image_recruit_hd2/recruitmarker_heavycavalry.png	829	e1ef3873bddb3947cbda06bf49c575cf20bc5a8c72b5795bc4d765afbe8d77f6
assets/sprites/image_recruit_hd2/recruitmarker_ironclads.png	768	bb9473fcc1a60f8801f04a8b06752e1085eb95db07f1c055101414a50a54fb27
assets/sprites/image_recruit_hd2/recruitmarker_light.png	877	6f1a645f9fd8b32f89d4ef49e08fa457467c6fcbe1b70ad2b969a5ae8bf1f7f0
assets/sprites/image_recruit_hd2/recruitmarker_lightartillery.png	821	b9b7ba76c7efe30e46667eeadc30dbe62ced0bdc7d557b1c733d5b3cdac9a80d
assets/sprites/image_recruit_hd2/recruitmarker_lightcavalry.png	794	f671153de453e5375995b6bca6f20571fb6c766f35391da2b41f3bd86244185c
assets/sprites/image_recruit_hd2/recruitmarker_line.png	900	4adab0751fb1c97a72c892ad0d77685c1f2951309f12240bd565223e6b4ca574
assets/sprites/image_recruit_hd3/build_moat.png	45976	61741a00ff7728132b6c81d598362d41c0aae398d39fd2854fa4fd702de35258
assets/sprites/image_recruit_hd3/build_smallfortress.png	38509	6443e976a6bc2f43bf56b19d94cb580f71f0f414259ee839f70e5ab2d5da03d9
assets/sprites/image_recruit_hd3/button_dock.png	4668	aaf4b237cef29464161138876ee36266c7667c6a44a1c981ab59209239733130
assets/sprites/image_recruit_hd3/button_factory.png	4642	5b92c47a8a4b48456c11cedb919f9276943a3e106b6a90a442230443e9a79be9
assets/sprites/image_recruit_hd3/button_generals.png	5033	e5ca4f2c3e057395389418ba800ca335bbec0b094774a698e8cfad6fbf3882ac
assets/sprites/image_recruit_hd3/button_items.png	5071	119175718951e1726bddc39471004aea0da7c3262d8945a36d4864bafbeb584e
assets/sprites/image_recruit_hd3/button_ok.png	4433	104efd253aed6fc9842fddceaa1c7677ae02ed50c168785faf2a51052b2a82b4
assets/sprites/image_recruit_hd3/button_ok_gray.png	4174	fec377bb3e02530813ad3aa635b6807c069d0810c39e69ee0feb47a754068b4d
assets/sprites/image_recruit_hd3/button_stable.png	4363	80b1bae5543516e8d880749f2d870cfee899906cd287f7f72e3eec5a93025d36
assets/sprites/image_recruit_hd3/button_training.png	5623	c3afdd2b11b87b919c9329030b014eec7cde9cc9af57eee0f8a48edcde9fe4a1
assets/sprites/image_recruit_hd3/recruitmarker_machinegun.png	847	97741597f2926d3b696c9c10d85371b0c3522ee48fd3a8e7b225dfb76b77751c
assets/sprites/image_recruit_hd3/recruitmarker_militia.png	763	ba9c55d1f75e499d2feb11aaa4be44d275acbbd76de052572f21844e68b74eca
assets/sprites/image_recruit_hd3/recruitmarker_musketcavalry.png	908	99960e2fb686b41f976e60dc2b7b672f9e302fd807208b45847c26b01c4c7b71
assets/sprites/image_recruit_hd3/recruitmarker_rocket.png	1085	8c43d809d1985839148267eb8c8214fbf1abda84035ff255a1885cf0fe9f6a3c
assets/sprites/image_ui_hd/Board_generalinfomarker.png	152	c930274c2fa3843333838dc30e96803d5f9a1a8049d922ca201db3f76dc25dc1
assets/sprites/image_ui_hd/alg1.png	3044	8eeef881b41575f6641d1b4304ac781a8f78e4921eb634a1d1f0591f36472450
assets/sprites/image_ui_hd/arrow.png	264	bc6cb6ac9934b57a8bc67ea03cc733c1f35bd609591f2916f2ce6d9d67988237
assets/sprites/image_ui_hd/arrow_choosebattlezoneinfo.png	1519	6665cca399a12aefef911e33d7f7f797b0d69a229cce87423eb02787f0fc7181
assets/sprites/image_ui_hd/arrow_reoganizion.png	1060	ac16e2157582c7ab68d6876073c534145eb59eb628c60221309c00d4e777f400
assets/sprites/image_ui_hd/aus1.png	2509	d2aedf3f44a5556661dc68f9df5b2e7041e7db1182b02b78a58bc0299d388838
assets/sprites/image_ui_hd/bad1.png	3390	b4fc159bacd1d43d43c6e5567d31102443ec0c2996a527d5f8e27f55d090e0dc
assets/sprites/image_ui_hd/badges.png	3191	bf68c6c7dc7901617a7b0ccf44dc3abfbd8092f38294434a39e1b9ccf4b9e6c0
assets/sprites/image_ui_hd/bar_rank.png	889	060c14aaa7288824a0cb86df3e976a872e7594339a0987f545b1f080bdc32b4b
assets/sprites/image_ui_hd/bar_standing.png	886	64efed2c5509c3608ab045b49bde66574e21529300a63d733c633ecacd340417
assets/sprites/image_ui_hd/bav1.png	2986	cfdd91d4d94cdd3bad22718d6f48284fd94642d193082fc96c4858146ffb1cc9
assets/sprites/image_ui_hd/board_aiaction.png	457	191bae64bfc65ece7e37436b785a395a403d32892c08400780f873988742b42e
assets/sprites/image_ui_hd/board_button.png	2109	715ae2244cf76e2d27e751ac6d3c42fa64768dc849f42dc68489d5804496c137
assets/sprites/image_ui_hd/board_buttons.png	429	6cbba7a612a49bf2a9d7afe38de9960d289c272491ed90266fe5d40b024acc15
assets/sprites/image_ui_hd/board_dialog_ex.png	1178	072e9b366cfc5f83e021a9bd89f810b01a5c686c565d95b08c2774f0e20d3659
assets/sprites/image_ui_hd/board_rankclass.png	204	fa1a7f10d400ce1e41703e7c06dbc3068e3eac037646eecc10a40337eb895e2b
assets/sprites/image_ui_hd/board_resources.png	393	4b3a43916e3bb633c890072488bf4c7c98485c1cf345d025662e0bf71c0e2b4a
assets/sprites/image_ui_hd/board_smallgenerals.png	2559	b5755cb9b4221120a55c9ac81ba4e60f0ea0664705473e5ae3049958a2a7e250
assets/sprites/image_ui_hd/board_terrain_info.png	677	645e3668ad47710b55b7faa1eafa6e0ae305f46d9117e20479e98905273f8251
assets/sprites/image_ui_hd/board_victory.png	683	4c3f69f3c61a51683226fa0dfae9abd751a66026c85a1225760a832a4edb3481
assets/sprites/image_ui_hd/borad_rank.png	2619	4511e2064fcc4f7c143c3262b2459c72d419090d7619ce6d97450c0ccc985ece
assets/sprites/image_ui_hd/borad_standing.png	2649	43b5e9f550d8a056b0cb59789a08ec95b5ab2d8561b14e15342aedf351241d17
assets/sprites/image_ui_hd/box_skilldetail.png	668	b314e146b0ee7c2744f8d0fc658232687ab1c89217b0100638b5c1ead179ee13
assets/sprites/image_ui_hd/box_skilldetail_arrow.png	1112	13375defccf2a1535de827537b18d44bee4250b26b3336f3657a98d4460469ae
assets/sprites/image_ui_hd/bru1.png	3148	3bca3cec6698b06af5f902b0d5eed6bdaed8cdc18da8937590ed6bf2a8e2d2c6
assets/sprites/image_ui_hd/btn_common_blue.png	1366	e4b0771439834616f068d95989f905be09567d4883ba6eab915e7e3f0784199f
assets/sprites/image_ui_hd/btn_common_green.png	1401	383d12ffd02580facbb10b4344ce43f0d86bc75fae832135e58a71c6aba3d2f5
assets/sprites/image_ui_hd/btn_common_org.png	1284	72426b7cbff4e011e9121b9816c5e77ea1e3da58107817f03da7029a808aa1da
assets/sprites/image_ui_hd/btn_common_red.png	1361	5e4b37f0f73dcbe7fb7b6f5171ee7e695038f4a89744f28cd2d0750fbe8be35f
assets/sprites/image_ui_hd/btn_pattern.png	738	ac92a5dc6ba6fdbf89132ccc09b6c6c34f85f6a00f2dfa5ddbf8c180a4dfb636
assets/sprites/image_ui_hd/buildmarker_bunker.png	491	c8e1a489b35100d6ba3d03f814b2468aa0ac44a6cb5737fd53d07dba2f801c34
assets/sprites/image_ui_hd/buildmarker_fences.png	617	cd45e30953ef2e902387aa901328b41384ec98e18020066e1fdb43f7f4e9f829
assets/sprites/image_ui_hd/buildmarker_moat.png	466	414edbb988d0cb6403870834215d4b3b1d10b7face665ec5612905a1a7cacc29
assets/sprites/image_ui_hd/button_achievement.png	3160	2406ad5121bcb46aab610f77ab4b955c6d44e9b9bf68156bb14c6f6f6382a4cb
assets/sprites/image_ui_hd/button_add_generals.png	494	8ce52db2d8dbddb6b7873f16d8adccce2c4155ae91b48c5fd2f8c2107a2c9e67
assets/sprites/image_ui_hd/button_addiapp.png	239	0e276926bef1f1897a5fa876d19ae5154dd2f0cd24665e0b0b89f72fee573723
assets/sprites/image_ui_hd/button_back.png	764	d14eaa42edced73b817e51730cb3841d3b11cfe0f7066db05b0563024eaaba57
assets/sprites/image_ui_hd/button_champion.png	3082	eb83bcb8d647ba8599f14869ccc2e78b512bc0f2d9cbdc9f378a008d96579dd2
assets/sprites/image_ui_hd/button_changegeneral.png	826	233a3c2dfa774eccf7207ab5afdf0f55404edb20618de88bcfc120ae0a324345
assets/sprites/image_ui_hd/button_changegeneral_2.png	799	2e829e43a3437a36c94ecc9da291cd4d902b19240fae78e09aebb989cf1cd064
assets/sprites/image_ui_hd/button_changegeneral_gray.png	776	329873b2269cbb3e07222346be57f5dc4e39ae6f90ec9bd94f85f8fca004e81a
assets/sprites/image_ui_hd/button_changegeneral_gray_2.png	749	73a2196dbd540c4426e630781e606633ca2a49f90a8962eef179228445f41efe
assets/sprites/image_ui_hd/button_choosebattlezoneinfo.png	1577	41136f19fa9020c1317d981481a01712aca06d6ac1195bc4ec1c418140f86cf7
assets/sprites/image_ui_hd/button_close.png	1091	9e75cb5e17ec36985293f6dec8713a928872500cac9168c4245d8d4f9a8fb60d
assets/sprites/image_ui_hd/button_confirm_blue.png	1595	57e4d25f7b01b94928f6b87f0c4d8a6a19568e19e5b3e2883eac34897f036610
assets/sprites/image_ui_hd/button_confirm_green.png	1593	63b23cd2f124b62a5c4c5251bee473161fcd28828908db8fc7eae28a72f1b661
assets/sprites/image_ui_hd/button_confrim.png	1328	ed213920e84aa5275cb2a5327ab139c23664a11c10647a5837ffc0330258679a
assets/sprites/image_ui_hd/button_confrim_gray.png	1207	b23e784801fa06a9ade7397647285f6fb7ba2c3012b607771161bf36f07ee897
assets/sprites/image_ui_hd/button_conquest_asia.png	45932	c531e637da85c5f2cbc1c4a559865481ce3f9a8ade527c433c31bf5a1185d75e
assets/sprites/image_ui_hd/button_conquest_asia@2x.png	168852	5b0f3a0abb286b7350889361d7b260ab9ffab9935b0de2792415114ee1981cd3
assets/sprites/image_ui_hd/button_email.png	3708	aecdf52ecce8c359e4ef2b3c577c1c0fdecdbb8b3ce290ebc4523cd988db17ad
assets/sprites/image_ui_hd/button_fortress_soldiers.png	285	71f65589decebf655f7ffb109420dba7127327d13eab67778872295837f41873
assets/sprites/image_ui_hd/button_general_2.png	58652	63d32cca1428af68603c66e5365667e0ba1aa2516516343bda470a60b4c04a1d
assets/sprites/image_ui_hd/button_general_4.png	54019	eadbc2a8b57bf8989e2bd71feda92766b085c11d7817064105df2c5ba0dae5c6
assets/sprites/image_ui_hd/button_general_6.png	56099	9c1983fd85df4592749ecc5d46fb737a9cf8147a1727bed2863d03f862b17e35
assets/sprites/image_ui_hd/button_generalinfo.png	2139	ef1883e9d6f59097ba17bfe36f1c48208ba5ffd3b3001050fd22d88ce71094c3
assets/sprites/image_ui_hd/button_generalinfo_blue.png	1989	c3e7703cd7a4aa16737d79dbf9fd7fbbe215574acbf94ca3945fb155b1ed0764
assets/sprites/image_ui_hd/button_homepage.png	2062	b1a28b54b5631f1fee4ea951766ed3d983dde4f47c82803cc57074c193036897
assets/sprites/image_ui_hd/button_iapp_badge.png	137902	2476153758d62bafc9fd385c1aba8a2d03ab904e85255ab2d9e9003a1610d5d4
assets/sprites/image_ui_hd/button_iapp_medal_1.png	115574	c33e2ebe958cb5bea5d99df166af44d44a6a60234051dd1e2e22d52b29c95a29
assets/sprites/image_ui_hd/button_iapp_medal_2.png	117380	618bbb9c853b7ca92ed8b146e9030851c99645803ed65ed6ba331c0a6f572674
assets/sprites/image_ui_hd/button_iapp_medal_3.png	133025	089ee8cc7f27e65c2bf4ba3b6309ca0e91490718aad5337c25f4fdb56e8862a0
assets/sprites/image_ui_hd/button_iapp_medal_4.png	147218	198c607bc66d1ce853dcc3563ae789d18cdef9ca962ea09c7fca90e0d4d37a57
assets/sprites/image_ui_hd/button_iapp_shadow.png	1563	968f3a44eb7c0bfe320c1aa32f02a511de0a6b34cb86c2db84bb821ed9c5d887
assets/sprites/image_ui_hd/button_load.png	980	2e17d7f9f2488d8f7b6004ed890d9f55b44b963692f1e08577e3f314e6f4aef9
assets/sprites/image_ui_hd/button_lock.png	2370	97b25f4f89594cb4eb2219393713414f6944c070579084a350c1217b5f645fd2
assets/sprites/image_ui_hd/button_lottery_buy_line.png	153	ad6707a92be1fcf9ac238bde342791d99d3c5a9d83986f71dac59b4def33c52c
assets/sprites/image_ui_hd/button_lottery_buy_line_short.png	118	e103a94626e4fdc62cc8f7485f2359adffcd53077d39bba73353cc5d43d2ce6a
assets/sprites/image_ui_hd/button_lottery_generals.png	158	74a5afd50f11fddf9b72703292a809b31201675308060b6175fd243b15f9daa1
assets/sprites/image_ui_hd/button_lvlup.png	2062	66332aa3e73528b7810faa9d826b586109ea3bbb208dc5ff191ae4532d320e5a
assets/sprites/image_ui_hd/button_mainmenu.png	2007	6bf7faf793f00e47c57a7d75760c3b54ed6ce2a0dc761ecba47c0fd32f5bd5e2
assets/sprites/image_ui_hd/button_ok_gray_noshadow.png	715	f4a93a8a0516c581cc94eb86f295efb6f5c20a32109d507a23ff2f292ca7feaa
assets/sprites/image_ui_hd/button_ok_noshadow.png	817	71c050e8299c2180e0947813b71359d540f8542ef9475b54619575cfbadb0d6a
assets/sprites/image_ui_hd/button_rank.png	2685	0d6195683b4ae8d14bdb678aaf27d2b93c93af8f47e165955eb3ad9664ccca01
assets/sprites/image_ui_hd/button_refresh.png	887	f1f2bc9f05448ec84ff84b9e39333f34cc8af58094ff563712049e7194723063
assets/sprites/image_ui_hd/button_rule_america.png	64951	ec9fefdb639d82e0f8ae59c7b62b9a137c0fe3c70ca92a6ed559e67584ddf4c8
assets/sprites/image_ui_hd/button_rule_asia.png	69770	1e284ec811d247ff67b584e26217ab83e78eef6883c4c5395a6b3eb19a731bb6
assets/sprites/image_ui_hd/button_rule_europa.png	72383	c9b0def872f6dfac0d859be6455cc7233497793e3d80c9a9080ced0feeebf243
assets/sprites/image_ui_hd/button_rule_locked.png	49045	9b822b0dc639661d8bdaa79e813b4956a531c2f29eefe66173cc3a17511ee1dd
assets/sprites/image_ui_hd/button_upgrade.png	1836	54a592042a957a83081e182805a08ca71e4f687f5fac17a965a2d88dc6acbd28
assets/sprites/image_ui_hd/button_upgrade_armored.png	861	16f6ba0fd9bb8652ea3596ae042f5a85d8dbf4ef937bfd7aeba43df00ab1130d
assets/sprites/image_ui_hd/button_upgrade_coastalartillery.png	583	e8955f7597fb703f0b47be4e5cf138a9a6939c2d26d07e9b0cc76e16fe823a57
assets/sprites/image_ui_hd/button_upgrade_fortress1.png	449	c70b0588a282b04a28c1e2f5a9d77877d4e36ca59dfd575d92c7eadcd3e3105e
assets/sprites/image_ui_hd/button_upgrade_fortress2.png	545	4981069dcd63ec8fd6584e1777d27cbc2c39709e6795759b07decc0fcc588baa
assets/sprites/image_ui_hd/button_upgrade_fortress3.png	808	190e4bb068894aa48c2d1d7096570a478f6aa20633035f3a3f1503f016e6d95a
assets/sprites/image_ui_hd/button_upgrade_fortressartillery.png	751	0bb7bfaa272c6946bb5a72fe105d808796ecef6cefd0b470522c2cc0ee3147b4
assets/sprites/image_ui_hd/button_upgrade_grenadier.png	689	4b704f7854863074bacb0a9f71151f6f8d1802a2990297524f8991c65f677697
assets/sprites/image_ui_hd/button_upgrade_guard.png	1493	9b02db07fe6db0705a4398a91e55c3b644ca10d68202b849d3d5175ca859f296
assets/sprites/image_ui_hd/button_upgrade_heavyartillery.png	978	9bb5c72eb54272043a7483f3097b2756002651ba7a4ac81c59ac7cb69f9d01a5
assets/sprites/image_ui_hd/button_upgrade_heavycavalry.png	1310	2ea0d2d24ef316efa03c64f70964fad2572490f70468d5e317fdb447a5506751
assets/sprites/image_ui_hd/button_upgrade_lancer.png	1548	f023b237d68d191aaf509070ed603d61912b42d2c78628338905a81bd889b473
assets/sprites/image_ui_hd/button_upgrade_light.png	1268	5d2e6572423ef0f30309e878652b5f6babf44dde3492d39baf972d1e83659624
assets/sprites/image_ui_hd/button_upgrade_lightartillery.png	975	ba625e51fbccdd44d7b5996f936c37d69c10219c39cc23c17f5a042c4d101018
assets/sprites/image_ui_hd/button_upgrade_lightcavalry.png	920	87ab8a254e675f87c2fc5bd9e29471e0cf1ee32685cc71b04b5038ab9a7eb825
assets/sprites/image_ui_hd/button_upgrade_line.png	1390	2fa77bce86918ca578585993ba425a959a35cb273babf2a50190997743294a05
assets/sprites/image_ui_hd/button_upgrade_locked.png	578	cde5b899682b0c9b446291f525c9ee0583c5e53057a0769e302b9ef1135f1d1e
assets/sprites/image_ui_hd/button_upgrade_lv1.png	2654	f9a7f9feb348e1787bd7636f95db736a5027270d537e7093a8af32100d1d91c6
assets/sprites/image_ui_hd/button_upgrade_lv2.png	2786	156afbc83a602bd416deab17b80def1ddf58f6f531e8f88ce72f880852cdb24f
assets/sprites/image_ui_hd/button_upgrade_lv3.png	2706	d324073516566c57e03059f6e4ef84bddf0391ed9b2dd981cef58d1ede0fee98
assets/sprites/image_ui_hd/button_upgrade_lv4.png	2705	ab16d7c3a915d5910705f936e84318e7964b8e3752cbdc33ceef9e581919b46f
assets/sprites/image_ui_hd/button_upgrade_machinegun.png	1006	8217c9c8a171a965e1fc0a0da4d8a15e3024f77477f90e09190eebc7d26108a1
assets/sprites/image_ui_hd/button_upgrade_militia.png	801	8c8c0f7932b1c0a4f776b2bde921054fd8dcf77d1b7eb7bc1f6a8606108bc092
assets/sprites/image_ui_hd/button_upgrade_rocket.png	1414	afd00cf3cf9f73d52390878c2bf9558ce7c2eb82378614639c76038018b7418a
assets/sprites/image_ui_hd/button_upgrade_selbox.png	1916	5fc052387520d169fc8a4c7fdbaddfb51f5494237ca4639986d83f7e85abde3f
assets/sprites/image_ui_hd/button_upgrade_ship1.png	755	23611f5e81eedebbec570c3fd67c054e8b6586f333c32c910aac68302d0ffef1
assets/sprites/image_ui_hd/button_upgrade_ship2.png	930	ef8aabe53fe1ef15af7fa5c4b4b1e963f22d68c34d1a83b5a414b50b1e5b4e16
assets/sprites/image_ui_hd/button_upgrade_ship3.png	1046	e455cc9854abd8b7a07f9263610b5ea184350ea413fdb31cb5d4c84142fe73e5
assets/sprites/image_ui_hd/button_upgrade_ship4.png	899	1671e3b361c354abb3aefea3e7263f3df41589c06231a5edee81f3b922de0e52
assets/sprites/image_ui_hd/campaign_coalition.png	8815	3fbabece564279c55d796ac98fd7214f2b04de193e614780ffe236040ed9b7d0
assets/sprites/image_ui_hd/campaign_east.png	9904	2cf3e4fe214337120aa34d93b3563201a23ea7271f2a6bdbe5a2edabbc4089e2
assets/sprites/image_ui_hd/campaign_france.png	8645	4340fd4e9467632493765abe99415a24da4bb5e28dbb40ec9312412ddec88625
assets/sprites/image_ui_hd/campaign_holyroman.png	13009	72c4cf4370ac03517b364038565fe307a66a30c575fbda46d9d11c84df5c8558
assets/sprites/image_ui_hd/campaign_uk.png	10432	4e470cbb274fd4e5df64d48ee5f3ce1d1b97cae1215876215a90b45035d02f9f
assets/sprites/image_ui_hd/campaign_usa.png	9845	3655d81c4da902a227e89f9be36217a108618da1ade5586d41cf17b2b3ba4721
assets/sprites/image_ui_hd/che1.png	2849	bba8d16895c70c32f1f6ae52bf96592e5f60cc3e91975fa624d775d3855ba78f
assets/sprites/image_ui_hd/class_1.png	833	fd4f489ed9b2a90f518ebec59e13168d04b8d11e9fc86729da13852403d51548
assets/sprites/image_ui_hd/class_2.png	1128	dbcf00522d796ce4cc9736fba00224384f0c73f6d4337d63872560f20afe30f0
assets/sprites/image_ui_hd/class_3.png	1560	62988ad4855de956879698811ec3fd2e5bc35da7df0e572a52a51d3360df95ff
assets/sprites/image_ui_hd/class_4.png	1879	189bc69a4a252a542054dad3522c739aad9500746cd7613d3e82b7a07695c5ee
assets/sprites/image_ui_hd/class_5.png	1650	c11852900f81f7ddffe6aa816b9091d3457ede4b43e318e7c5afe68abd92dedc
assets/sprites/image_ui_hd/class_6.png	1857	d2780dad0aadd3decbe790aaa3376ea018c7f81799ce49683a9d59b70630e897
assets/sprites/image_ui_hd/class_7.png	1934	a4f7e22825b2db0c8b6aa2bdca900954f30c73ce031045ecfa6822bb0b3a7c15
assets/sprites/image_ui_hd/class_8.png	2083	e02353be22cd5cf7231e27d1291f699816211696ec9d9785d7add7e159602998
assets/sprites/image_ui_hd/class_9.png	2214	ebb1d8c6b5e2c788df7b25232e9174c87c233a725b416f9c04bc1b894371ca13
assets/sprites/image_ui_hd/common_blankbox.png	101	bca39d8ba477b3fbb6962bb4a74398d18eaf1b249adc920ee300ac4e4968f832
assets/sprites/image_ui_hd/common_board_medalsnumber.png	166	b7658d31d6ede28b473161796d1333cd0310a4cefc213ceaa38517cf5043780c
assets/sprites/image_ui_hd/common_boldline.png	100	030838d73addbd209d04d20ba75814ce50ed276d191a9fd34f72b382f12fd990
assets/sprites/image_ui_hd/common_line_hor.png	76	f4f17dd55ccdd55df74657545159e5d33cb7656c12b1795c94b6604d2eba83cc
assets/sprites/image_ui_hd/common_line_ver.png	80	16566b1cb8e8704a654f50fe14d0ac32256ccd1774ec694a1116c856be990731
assets/sprites/image_ui_hd/common_lineframe.png	189	096583fe3d406ba6afeb1669912e89269c38e20cb5b89e603058d3f92f5ac275
assets/sprites/image_ui_hd/common_lineframe_bold.png	189	86b01c7b36b5a0a964e8cfe0d245fa1eec8260765e7a77c6867509c1b9a9d834
assets/sprites/image_ui_hd/common_pattern.png	504	65a8c3c59250b5740f2505fc287630c55ec152b05e42ed5ebf7a8cadf9e48675
assets/sprites/image_ui_hd/common_shadow.png	1098	58a4e47fe7441ebfd1c4b8e46d15d0940ab157c81e9d36cfa5a72b25e9cd0ed4
assets/sprites/image_ui_hd/defense_bunker.png	1245	fe481fbcf76ae2a4107e3333fb40847b35b4fa4cb29e162593584c381c1be297
assets/sprites/image_ui_hd/defense_fences.png	1639	afe98a0cd07b3003ccaf039538cdedc14a748daf5460cef2f74a6de055e02dc4
assets/sprites/image_ui_hd/defense_moat.png	1233	07acf073d4f4c2db250b8dec4e8a6b0798751602a5acc733346c7e510c6e5231
assets/sprites/image_ui_hd/den1.png	3138	dc5c9884e9b8cf2aea702bca2e87c1f7ca87ddbb7c082c9a1356518dde774ce3
assets/sprites/image_ui_hd/diffcult_1.png	465	6c5bd695f582064a9d7c24243713a5aedff8e1afa5906da49c65c54e235130ed
assets/sprites/image_ui_hd/diffcult_2.png	787	33c5dfd698f2d4eea79fdcd23be7b01c9a02682052181dbb4764432a5d44ed7d
assets/sprites/image_ui_hd/diffcult_3.png	1028	d8f1b63961886136fa02af2048c5b01f44735f68a1ca3fdc21303ab508b7a38c
assets/sprites/image_ui_hd/diffcult_4.png	1416	b565d041f8f9eedc952b3cd9c3f803158a9e3f4add8bec4db599e7abf94a1608
assets/sprites/image_ui_hd/diffcult_5.png	1617	2c151710804148e0a537896b1d330a5ac957d3967016edb99fc81f61a0ff3411
assets/sprites/image_ui_hd/egy1.png	2896	9ceeff59c530c105cd36a42b3b58798c7497cecf7b03b41a541a4b5416487b82
assets/sprites/image_ui_hd/fivestar.png	1529	5a061a5af8799ee255ff21e4b9d37d96ad37165a3e69c3f000617e0b2452d451
assets/sprites/image_ui_hd/food_add.png	2358	c16664b1848dfe81266847bc1c6006d5ef671cebc6acab5a00376e0ec3ab7013
assets/sprites/image_ui_hd/food_reduce.png	2288	c60b27783f02c66f42f7d526c4a5e867fd38b81d6faf4b2f3184e02bfcfafa5c
assets/sprites/image_ui_hd/form_back.png	1317	dea7e51c60cd461b8fc42b396bc4c0f1f0cf7f938451e6d4bb209cd0c97d5ba7
assets/sprites/image_ui_hd/form_title.png	892	9bb56e5f08332fe64e9a980c6eb9f0c8dc8e641f98c73a974e2a44b81bb6ca2f
assets/sprites/image_ui_hd/form_title_shadow.png	178	f694105fb3ee4d3024da181d7cc5943c9c2db45b04ccdc785d6fd97298db2f17
assets/sprites/image_ui_hd/fortress_borad.png	147	a6416fe09bd2fdb8ba28994d5280248ea8779c2e2e39f7d63318ed243e85fa5b
assets/sprites/image_ui_hd/fra1.png	2793	894707d31ab1c9b4924d8b6ad7134ce126bca326ba34bc9464d1c0769e1fe6ea
assets/sprites/image_ui_hd/framebox_bold.png	177	7e6a4d0935bf1ef55465e5d49cc3b5914146bcb91223d22421c8a3b443742e90
assets/sprites/image_ui_hd/framebox_thin.png	192	ed27f4cf7e97ee2b2736196fa6c16ba1d028f2a48647719df6ac3860dcb29a7d
assets/sprites/image_ui_hd/gbr1.png	4296	5b6ab88fea164c4452505672b332f378320bc1e17597279767ac6c3e062ae572
assets/sprites/image_ui_hd/general_nameboard.png	159	4b236a394b7257c53cdbe18d9462417e7252faffc9b6e4091cf8b0010ac9e86d
assets/sprites/image_ui_hd/generalnumber.png	1249	009bf0b390a5ca3f0dc8fc5c3d3ac9b4287c9f719c725605b5486c6718d77a64
assets/sprites/image_ui_hd/generalsinfo_move.png	1600	1aa8d35cba3858883c7d0446320700deb729528820289db1482f182d6c43d162
assets/sprites/image_ui_hd/generalsinfo_trade.png	1603	e464fa49cff1eff0c5fcf1bae588a678c2f4b4d0c6c7ffff3788c11f9cdaf619
assets/sprites/image_ui_hd/generalsinfo_training.png	2021	87b2ee408a7efc55473cf8986595ea5e14fc6a8ea0616467b0eb2f9714a6a5ba
assets/sprites/image_ui_hd/gray_board.png	227	6f903e69bc422025d8fab5d5252d9554b9ee9b5d8115175ca80223fc972b278c
assets/sprites/image_ui_hd/gray_board_dialoguearrow.png	235	a0528e1a1527936f3d3a53d60accacebdd0a587296a3ddce83c66f53115d3a92
assets/sprites/image_ui_hd/grid_box.png	140	5017c9e5072d01c3493060403f71b9eff7dc7bf4dd902807eb0361cba2b67d11
assets/sprites/image_ui_hd/grid_box_tick.png	747	cb3396c11c2cedf8d63930e8d6a1f623973267e614d9444fc5612c73d1288733
assets/sprites/image_ui_hd/hes1.png	2775	0579a76f912ae10191a52fdbfe9f86270b62110af400b272d9dfd87d44b8ed7b
assets/sprites/image_ui_hd/hpbar_black.png	2201	0498e86fad65fcaa4d853b9c4a98e4e23d5ef6ccab6540533c6117904d14fda7
assets/sprites/image_ui_hd/hpbar_blue.png	2297	7acc5d219d80ff7d653a9ab18a88007f7afe672f11f564286024fbfff034ea1c
assets/sprites/image_ui_hd/hpbar_green.png	2245	42afdb9433dc1678c96c6022df0667d44ec2939e3664c13bf7e7cfc70344a452
assets/sprites/image_ui_hd/hpbar_hp.png	672	dd6deb5f3aec7bfd32b65f4e9a90ff2fa70b5e71224bc49efd2e69366f680822
assets/sprites/image_ui_hd/hpbar_red.png	2205	669017a28b14862e3d418750218c934e64f86f042c49031856d62785a59bbd05
assets/sprites/image_ui_hd/hre1.png	3698	6b39bbb39e5b758c2460b856e75d1ed4c124d5c7bec33f01aebc2964a1bf3a4e
assets/sprites/image_ui_hd/image_shop.png	1138	c4975b53888fc7b5e24eb7020dff2fb5d710f52c3bc36be98a7b3c291d28256d
assets/sprites/image_ui_hd/ind1.png	3233	ad0ab94127389fbf0c08466142074bcb15de69b4c567ca2f40d8cbb7f9cad023
assets/sprites/image_ui_hd/infomarker_attack.png	739	921f1ca45744dcc6d910b1b55795af5b7f752bcd063e7fd3ee003c883a936077
assets/sprites/image_ui_hd/infomarker_board.png	125	04e7405de559c9c28c0ba0e4772f9279c15a6c05416b66df81d4928c5e1b4ec8
assets/sprites/image_ui_hd/infomarker_food.png	805	087d97fe5c87e23355a4d74289fa35f3823c1cb0920779654be9bfc315dc17c3
assets/sprites/image_ui_hd/infomarker_hp.png	697	f0cf0ebfcacc2a3429d5e6aa33b2a6b3ec5a96daad4b212b7fda2c30f0c098e3
assets/sprites/image_ui_hd/infomarker_move.png	860	6000382b731ee8b279c80fccdf66dfe199ebcdb8472fef1a5c4cca63901fed14
assets/sprites/image_ui_hd/infomarker_range.png	1239	a13921d99d172a4a2d9f47e02626ff08a1555de126b975748cff8e9aa8b91b85
assets/sprites/image_ui_hd/infomarker_soldiernumber.png	549	26846a46b78f23f8984ad4ea9393a79c752534398a421798bea08055627992d6
assets/sprites/image_ui_hd/infomarker_soldiernumber_empty.png	539	6f98300909a198895a061d483e4e43895d899b741803f71181e8685213cf0f97
assets/sprites/image_ui_hd/item_selected_bold.png	416	ef00a7513289431df809aa9c4e76a5b5b12b26a67f56c4ce7ba0b492265461c8
assets/sprites/image_ui_hd/item_selected_ex.png	415	1a98b95fa115df4800ed92ee19b6db977ebd5fd8b6ce8b95949aaef314e5d323
assets/sprites/image_ui_hd/koi1.png	3618	7b84471902703cc0bca6b5167cbfbc7d79bfafef4698d7fdfdb1a5af3b1741a4
assets/sprites/image_ui_hd/mar1.png	2524	764cf62d0f6bfe5feb9414c02b035cac0b06450bd1574ca67cbc32fafb3076ff
assets/sprites/image_ui_hd/mark_unit_armoredcar.png	450	923538c410e0e7582720ddf8857766005ecfa5b1288cdb3eb9462601415fc9df
assets/sprites/image_ui_hd/mark_unit_battleship.png	541	c9a82624a70236870127a5af5a802a36b081357d5c736385fe28574f64642bdc
assets/sprites/image_ui_hd/mark_unit_coastalartillery.png	270	18c966222413eca19acae0a19e2f8251c973977bf94a966f0b6a3f520b1deb21
assets/sprites/image_ui_hd/mark_unit_cruiser.png	512	39ef7fef0253059b3b8a8892272506b94719301bc7ac0704f4d446870ccdcbda
assets/sprites/image_ui_hd/mark_unit_fortress1.png	274	04218c2ab8a13dde0f7813e9bbdd270442e0febd639f50ec079b0a5b1e43f497
assets/sprites/image_ui_hd/mark_unit_fortress2.png	318	f8bdf3ec87b4a721cc1c585db918d3c1d2ebc3d9ecb15e473d18f52ffd31b657
assets/sprites/image_ui_hd/mark_unit_fortress3.png	368	3eb409d1b9e9c7315e4ac3e7f4e066987f0ce9014515e5e4693115986f77c64e
assets/sprites/image_ui_hd/mark_unit_fortressartillery.png	343	f6840e8af82283602d021eef08af0ce040a85cc0545e1053e6fd6de1f935cb0c
assets/sprites/image_ui_hd/mark_unit_frigate.png	384	a5ee6b9b1fe6eecb8fe6bec6f0af78bfaded1ed643a66df6eede10507b2f1744
assets/sprites/image_ui_hd/mark_unit_grenadier.png	354	39ab7d1ade4d9167be6efe97802a5d4ee0edb7629b873847dde8b765b446e022
assets/sprites/image_ui_hd/mark_unit_guard.png	585	77c1573c33c850a810e99c213b1eb5b2a78b3d9e2a617ef0db9cb13e74fa0a22
assets/sprites/image_ui_hd/mark_unit_heavyartillery.png	451	6f30f03ae9c7d7998ac46ce605640f7294ef03692d4925394fbef30d067e5d8e
assets/sprites/image_ui_hd/mark_unit_heavycavalry.png	601	7ef6a3e1728cf6a00e9111afeb6a405e5e4d03af2b77ed33528e6ac54700d8d4
assets/sprites/image_ui_hd/mark_unit_ironclads.png	408	634eccd52328b3e9ce72beb8d4f1046cb4712c6351351033b04bc06c871ebaff
assets/sprites/image_ui_hd/mark_unit_light.png	541	8e8f26f45430dbf190f35ad1aad67c53f57c78dfe9eddb55a3d0dbbfeadf68fe
assets/sprites/image_ui_hd/mark_unit_lightartillery.png	453	0647eb7dd711d5bb488225127935190f61528e48fa8818c86f31de4646f798ec
assets/sprites/image_ui_hd/mark_unit_lightcavalry.png	456	af2ffbdd8fb5d37a338274a54dedd45092840f9a71cc610e51286162c67fb953
assets/sprites/image_ui_hd/mark_unit_line.png	620	47af47525b3fcb561ae0d4bf546441aa8cf11827f13c1a179e0cb81fe41fcdc1
assets/sprites/image_ui_hd/mark_unit_machinegun.png	467	ecf78626de47db3c22a93aeb87f362e374c0a3ea7fa0ca09bc2468dccb2e89ec
assets/sprites/image_ui_hd/mark_unit_militia.png	378	1b626d291ae9172b06fdb5f0c999f18380fdb4e3b865c0f7ef088ee6e9b2693d
assets/sprites/image_ui_hd/mark_unit_musketcavalry.png	597	adf90505192b595cc9bb51c7b8b6e9cea291219f6efaca6f7cf118096c4d9206
assets/sprites/image_ui_hd/mark_unit_rocket.png	651	aeb5104b9728c0e043eabc5321f7d1eb144f3c1234b5e476cfb3a399043afe8f
assets/sprites/image_ui_hd/marker_class.png	1809	d8d54235b5ce1f3d1df3c8aee9f7960dfe8c4971290f6b2320a273a12a9a5f05
assets/sprites/image_ui_hd/marker_dfs_all.png	1204	9fc98d5d455419607364a0d9f594aa608b5951fae91fb3dac8dc40e865014082
assets/sprites/image_ui_hd/marker_dfs_artillery.png	1579	7c035762184a6d998a08bacf7a8192d570f1ef1558ac6be1d58475b00ce26001
assets/sprites/image_ui_hd/marker_dfs_cavalry.png	1474	515f20448c1c59593d0b24887071afc2f7f839a7baf9f354605c92ff0aa28193
assets/sprites/image_ui_hd/marker_dfs_infantry.png	1449	92e2b435e1d24f5da08b89f117081974e875b4b0b17a64d2cb39d7e0fb631759
assets/sprites/image_ui_hd/marker_food.png	2200	03e28f93755e4089a540dba57b8c98b6d05e7003ab0d0ed721f1f6d80940d5a2
assets/sprites/image_ui_hd/marker_generalinfo.png	2380	bb7210fb4c9769cac95aefd2f7e92910996ef3873b2e2c0bd7291b94cfff5e0d
assets/sprites/image_ui_hd/marker_hp_dark.png	521	c43b4f651105b242136460de34630163cdb3818e317a63739aa6b710e5e298a3
assets/sprites/image_ui_hd/marker_hp_dark_large.png	689	cf39c04cebce811c79254368e7d9cc8f0db9318353855ed82519e949b8b63ab9
assets/sprites/image_ui_hd/marker_incoming.png	419	a894c9188ad8c9a3ef9ecd85063c5b5b3a8b2056657eaeff0e65b86e393683f3
assets/sprites/image_ui_hd/marker_industry.png	1240	c57a10426349fe13ad590e371499d3c56b8ef8deeb7981dff047b571f87f9f55
assets/sprites/image_ui_hd/marker_max_1.png	875	8e2aefc7fdbd7ea962251668cf4c9a57424ff6dea203aece2c384929e7473938
assets/sprites/image_ui_hd/marker_max_2.png	4381	5a36ea5d5ea7c7113377667d391e9d669a86130d306a2451c67ecb563067cf73
assets/sprites/image_ui_hd/marker_money.png	1199	96095e40971f56b2b1250f58ee5a5a3706fd16e416bcb9c42aa2507043a6ed50
assets/sprites/image_ui_hd/marker_rank.png	1767	6a35d33991fced903e19a3e42b496c91e17a631ca6c7e26af92438c83cb94273
assets/sprites/image_ui_hd/marker_recover_dark.png	646	9400027882a5296f848ec4a48aec99d7f580c1dd1a9564024205cf52e9bc6b56
assets/sprites/image_ui_hd/medals.png	1867	c26f6b863c20152809d749f12bc8821a420e36b40aab197a539390f2b61006c5
assets/sprites/image_ui_hd/mek1.png	2955	00787bed725eadb033256fabfc3a6753fd0ffb0fec4945dcf22bbfb1404bbea2
assets/sprites/image_ui_hd/mol1.png	2934	c95c54a19788c4caee91fb666046f3e9e2d2d5041a0048045ce7f9a57faf7a9c
assets/sprites/image_ui_hd/nap1.png	3705	1cf9eaeb8d3c6a7bd22ac839db5ef1a09b4580fed42c035ea96d2f37eb29bc19
assets/sprites/image_ui_hd/nas1.png	3063	51ae8cc17b69a69c6bf02710938bf750ab98b1be8118a9833cc56373a1666fad
assets/sprites/image_ui_hd/nds1.png	3246	b295baa4ec6cff46d700e6e523713558fb829fe1d727936283d5d54b12403a58
assets/sprites/image_ui_hd/ned1.png	2882	2ed6b89393c292011a466c12089c472dc08a08bba66743dac800de155012f619
assets/sprites/image_ui_hd/new_confirm.png	686	2ed37b9a3e9e19e22593fb514ca8b8219640179719d85dfc65a66d76d6b110bc
assets/sprites/image_ui_hd/old1.png	3050	0c58c8d78acba7d1d86d9764883d977e06d9f5345d2d337270024c6e00300575
assets/sprites/image_ui_hd/pap1.png	3207	9aa38d43f6127fa42d3955b856dcf261311f4727613d24ec75093f9c9e5da377
assets/sprites/image_ui_hd/pattern_1.png	628	509954a187f42348814248ffd024234ee8d3df73a3ac08e861295573670339e6
assets/sprites/image_ui_hd/pattern_2.png	654	8019ebabf8f515f02c0b3ee283a9ce3e903ba8b0fa1efe5d1b79c7a2c2eadce6
assets/sprites/image_ui_hd/pattern_3.png	467	b586ea947382076f63b785b548e774bad9b81ea236b30c5640c196e65f4c3308
assets/sprites/image_ui_hd/pattern_bg_bottom.png	1668	690d46ddffb71dffdec2da215ea7b90a20ecf15d1047e8ef77d31d310aa0097a
assets/sprites/image_ui_hd/pattern_getgeneral_2_1.png	4349	5a53c5690e72ee4e65ece2f734b9b5856b2cc09672142d6d1726859c46b52b9b
assets/sprites/image_ui_hd/pattern_gotgeneral.png	2570	6af20f445fab291cf5d75596aeab5ec4c34a6259897294950292e2618fb77556
assets/sprites/image_ui_hd/pattern_inapp.png	1460	71eafe956d5f34fcf6e11d962c45e2682ea10ab95909dc5148b3ae5ef5b39d78
assets/sprites/image_ui_hd/pattern_lottery.png	3059	25d1e4c4dd4720646f16c32f3e6463d7d6dee50887aabc47307a99e8992d0bab
assets/sprites/image_ui_hd/pattern_reoganizion.png	1424	1dbcd2ef110dcbe0165a84f6f41f874ec91cbe6b2d73940e6414bb622bf9a376
assets/sprites/image_ui_hd/pattern_save.png	404	07e579f39c4282ffb6cd606fc978b4c00538e52158d7fdcb462bd00e58d957e5
assets/sprites/image_ui_hd/pattern_stage_intro.png	2161	4311a3fd8ed12d167a70f5a83e292e39182092f18c262f3de7f429ba85478b6c
assets/sprites/image_ui_hd/per1.png	3403	c5aa53bc180e3308859371b17ca5dd5741f62ed6a8aecb70f1908410d50ad09d
assets/sprites/image_ui_hd/pie1.png	2962	5cb38565efd23e05da3f7156341ba425896a53a21d2b129c83e667ad3ec73d47
assets/sprites/image_ui_hd/pol1.png	3254	02ba6ab22d0de7d14ed25ec2b55ead921d5b3b36f408bf45a8aa155ad8500acd
assets/sprites/image_ui_hd/por1.png	3142	0d4df3ff58884d1172d94d4939306a97a204f812f19a45aa08c8d4f069446f6e
assets/sprites/image_ui_hd/princess_aus.png	908	ee337678b23bb49394e60a7adfad655527cc22b44fe997c91dddd04d9d871d80
assets/sprites/image_ui_hd/princess_fra.png	951	de642c88c66a0cec21cdce10eb287b557d6cfe704a99895d1206989687bac62c
assets/sprites/image_ui_hd/princess_gbr.png	3245	87dfccdf6490ca48531c6536f291a64dbaa8f09e93f904add72b9b5330a61336
assets/sprites/image_ui_hd/princess_jap.png	3129	42ab5d59dda01f09bdfdccebc9a267c1655caec6a222104a97104891e8fb41ba
assets/sprites/image_ui_hd/princess_qin.png	2917	9eeed2ad2fa1c0a1fe2f8b9814fa925e8f07f2189e66421b3f6789d186309186
assets/sprites/image_ui_hd/princess_rus.png	1013	fefc62ae4c12b73f50d77d6adf1d81b786fa2da3e0f6d7c79886df8b27ad299d
assets/sprites/image_ui_hd/princess_tur.png	2147	077ec9520261e9bcccfa4ce64bd103fa1f4817d264d9e57efddfc6630b7809d8
assets/sprites/image_ui_hd/princess_usa.png	2505	d756c2e159add1de35e7936d4ec8c7c1d98e98ebe8b67ae32b5340ca0786d700
assets/sprites/image_ui_hd/pru1.png	2793	aef2ac21e63a9ec3840f160bbf52a4bce57aac654ee5d55c19a7400cfad812c4
assets/sprites/image_ui_hd/rank_1.png	1064	75b1c3ff33ee8cda78533e4df3e956a400f0c4f0ee6aa52557ca62d788f9b835
assets/sprites/image_ui_hd/rank_10.png	1970	a5ee3cd5e63923865d03ab18780c5c7aaa517f09c19641ebde9324d062d7811a
assets/sprites/image_ui_hd/rank_11.png	1978	a3f68f927f90d5610130bd6d9ca08751300bc11cfeb48ac8a7a4b4211d55f1bf
assets/sprites/image_ui_hd/rank_12.png	2122	aeb4d2b68066681321f927dade98dbf2b43e09657f2d5fdfd06b19282e5a41e6
assets/sprites/image_ui_hd/rank_13.png	1743	4a2b6a12698dfb4ab2bec8b87b6e40a42df216f9c7b6062d0615831f3853dd25
assets/sprites/image_ui_hd/rank_14.png	2702	e8551f1c788aa535c2f0b1bb1af1fc3214a32eaaf6d1136ab3cf2bdc861575bf
assets/sprites/image_ui_hd/rank_2.png	1517	822fddcc60e920b9dc510d1e74885bf2425d1bf281cc9cb06c764c69d9b15698
assets/sprites/image_ui_hd/rank_3.png	1456	0bdfcbb6b3b835c106e3d38bc1a37989e3b52ef5b92d65ee81b2d6d841624f04
assets/sprites/image_ui_hd/rank_4.png	1264	da7bedc341b45e783db70e1a4ce0f3559edd33eaaac4c22668b1e8c79b6d1ae9
assets/sprites/image_ui_hd/rank_5.png	1889	ad119339d03f5402863901ac494039b127794217c50c5a66ddfd9e58c8cdb956
assets/sprites/image_ui_hd/rank_6.png	1828	71e25421df6b374155d325dd014ea8f62373a6d10489349160b1d851dcca461b
assets/sprites/image_ui_hd/rank_7.png	1307	70ccd8f88a211a7802048471b6738520827f00d225f951529f23f88ae4660144
assets/sprites/image_ui_hd/rank_8.png	1898	a63017abf74bccb7dd9f90b591c9f97c825d8fece3e4e8fd097a220ad56bac13
assets/sprites/image_ui_hd/rank_9.png	2029	73879b7fe59c8b2a82a450a360985a083df453995bb6c48afbb97317b6b57cea
assets/sprites/image_ui_hd/rhc1.png	2882	febc1ed4c01b2a5767454b2d872c3aad24f00331a089a2ead11e5f68da77d8ef
assets/sprites/image_ui_hd/rule_0.png	3552	64e9ec92da5b24985fbdd16afdeeb92b603be8015eaf668eb8d91508f8b8589c
assets/sprites/image_ui_hd/rule_1.png	1642	6a76b656bedd73e96401fd32feb7d0f89f2deb178353827fd3120d174b3129b5
assets/sprites/image_ui_hd/rule_2.png	3257	5e00c075d2fdc46f92b6edcc00918707a228a5a924f026d65e7de1ef5d0c3591
assets/sprites/image_ui_hd/rule_3.png	3929	b25b783f8f300151ae59c70c73305c3ee2c2038ae37e9db6d5a530a32c46e70d
assets/sprites/image_ui_hd/rule_4.png	2231	12772ee1ad1f74684be0b9b5df18f27898e76582d18db6bc92b3868d8c8babe4
assets/sprites/image_ui_hd/rule_5.png	3262	c11765f82a303e6b07ace90b76e165ee9e39b6d13e93b83cf427401d13203591
assets/sprites/image_ui_hd/rule_6.png	3791	bde73a6abaac6a09b16139c889e20942ad97374aab9e8ab2f6b22b78fb57e80f
assets/sprites/image_ui_hd/rule_7.png	2543	e5238863f9b019c39e906d36ac36247177f6b58c1dec4c00407fdb0a05c13bfe
assets/sprites/image_ui_hd/rule_8.png	4260	ee7026272b320ff1716b56b60e7d7553abfd5a749b6baf463c6f0d3e596bb449
assets/sprites/image_ui_hd/rule_9.png	3878	0f75758210c936af442b004c2e076a05bdfdc9dcd0d34d45b64817e4ab44fde8
assets/sprites/image_ui_hd/rus1.png	3082	492ec2420551d1dc5c8b282aa056cb39c3b3181d9ef4431f9b3f59e260db20af
assets/sprites/image_ui_hd/sample_smallgenerals.png	5396	4876d8d1de49c0b2317d91ee8ec9e00a62a391cab967d783578c91729da05f33
assets/sprites/image_ui_hd/save_grayboard.png	303	45525ad371418ac83903e649a4bbb7f6b0fb9c331547c6e3b4864db796d340f3
assets/sprites/image_ui_hd/sax1.png	3759	a00cc7160fbc92a24622730b17155ce64d71e45ba25db92ea64ea783271194fb
assets/sprites/image_ui_hd/scrollbar_darkgray.png	94	c2896668f7aaa20310d80745d69be8b17c6ffccf4742425148e8134fae145a2e
assets/sprites/image_ui_hd/scrollbar_gray.png	101	b6bd2f1c73ddf20d0c10983848cba64233262b79aa6d7e45c40d731e047bfdbd
assets/sprites/image_ui_hd/skill_01.png	484	f77e388aff9f0d4f8469a1aa2b273c3d2d2b5afdac3c1b9f924561e11bc6ec4f
assets/sprites/image_ui_hd/skill_02.png	1338	85a0c0ab2fb09f17a9a90bed4d5e2e906cdae920ae40724a8daf7ecf05fdbcdb
assets/sprites/image_ui_hd/skill_03.png	1038	ce8f314c0469f91c10c70a2d2021c069e0bd0709b7530bfe93470fc2271a2239
assets/sprites/image_ui_hd/skill_04.png	710	b851c6eed3e4de78329205dab7543fa0782a86c89033bd7f416a242bb14f7aab
assets/sprites/image_ui_hd/skill_05.png	532	cdba559edf5c5fa8d5a3d146032bac3f690035eabab680a31f86480e91257c3b
assets/sprites/image_ui_hd/skill_06.png	1026	58adc0b6103e574cbce7dd3e5acaaeee1741bad92f78c69877518f7a090e4a01
assets/sprites/image_ui_hd/skill_07.png	679	2f38f3c99d6d7cb1c07eb25337c58f1ff96fb1d4a10a37903af9a3e411af76fc
assets/sprites/image_ui_hd/skill_08.png	692	e54cb1322519bfc721a6a4f027350727db2d7e212454f433cb37caf19361e188
assets/sprites/image_ui_hd/skill_09.png	606	a6bf77aa04d617e20452c055862899c82b6db1615de5eb5b9ee48126a0d8093e
assets/sprites/image_ui_hd/skill_10.png	833	4af1ea35647615210e9d829b7c7e4906a0b48ffa1c4eabf91b7009a9aac57c75
assets/sprites/image_ui_hd/skill_11.png	1037	e26feef3f9bfb918d3c85639d119fa9b4fed65eb60385cc8bf66712743dd09df
assets/sprites/image_ui_hd/skill_12.png	853	65e63010a80cb3c0cd4b04851278c03de2596cc236b42fa71d4eba8196bbd0ca
assets/sprites/image_ui_hd/skill_13.png	1061	cf1ae69889e72c814ef9cace3f084d2bb610620204ffab8170884d76846649c8
assets/sprites/image_ui_hd/skill_14.png	1089	25ce1335be54f04735e6951b1a4e5f761530734b919fa07a3387332c6c8fc94f
assets/sprites/image_ui_hd/skill_15.png	839	3a032f6875f03a9eb3ac16d40b93ac6baf40f098a88db7454e44f19e717d7971
assets/sprites/image_ui_hd/skill_16.png	1004	d6d77a5ba4c27d2d43d78e270828fd269a240d15de2c83be96fb8bea2b6a86d6
assets/sprites/image_ui_hd/skill_17.png	1303	d2a41a96af100b23e7ea59daebe5e661c1c4a3f7227f121576414b4eaaaac2bb
assets/sprites/image_ui_hd/skill_18.png	857	81223e7cd4c50881970698e76f25778318cdb9203dc0bbb7bd6802458f68e90e
assets/sprites/image_ui_hd/skill_19.png	790	d76d6c356d35d00e66be7d95d9c53029d58d7d6c8c4e5ac27636f4a2e81c7de0
assets/sprites/image_ui_hd/skill_20.png	655	f41bc6c3c3f1c22d3b8253fb4f4e1f82d4053c1d498daf099f8e9a91be4b8cc1
assets/sprites/image_ui_hd/skill_21.png	1440	70ee1adfe49f51ae2f6b03660405499a9b86d63a9de614d340ba3fece310f6a3
assets/sprites/image_ui_hd/skill_22.png	1374	aad302128c2a879a900b0395babafe14577cbde5a2e293a4d5ce8c47e0837352
assets/sprites/image_ui_hd/skill_23.png	430	04d67dccb9cf8b10eb1a4120d0ad371c9d377026aa68bc7152a1a777fd9d1969
assets/sprites/image_ui_hd/skill_24.png	1403	bf1ee64df7e0b1186f3044496d34014629bb26391adf8180ccd9dd1fdcecaedf
assets/sprites/image_ui_hd/skill_25.png	1353	948a59ea2ccdb55aeaf44edacde0c9a550fd31c826b0c04964beebdd384f6226
assets/sprites/image_ui_hd/skill_26.png	458	13a2da2778faccd3b4cb1ab5ccedbcffc21bdf900a888ea13c3bc319690acabb
assets/sprites/image_ui_hd/skill_27.png	666	6dabe8835da9df6b4c02d21c22548bff1e691c77adc452dabff3e16a3e957912
assets/sprites/image_ui_hd/skill_28.png	400	d7633ed5282a11b85bed9f200aeba35eae8a6601f3e5dfaff0d4ff146dae17d3
assets/sprites/image_ui_hd/skill_29.png	950	993d6b64d6a189d14919d734a04c4c0ede6edb093d8e906f9350c6fc1a9d601c
assets/sprites/image_ui_hd/skill_30.png	330	ea0d49e2268d34f197d7c931ce7d0e7cad2842cfe145df07e3a61fd36680b8f6
assets/sprites/image_ui_hd/skill_31.png	712	67a87b8536d297b465c3b873a86d18749b999dd282ff27ad06053feadaf473c6
assets/sprites/image_ui_hd/skill_32.png	973	2958a1d1d6581a83bc1faea209e288944999eff0e3be2e77252cbe93511ab9b8
assets/sprites/image_ui_hd/skill_33.png	739	85185e925aba150afb15ef8fea741cd51e0aefdbe6c3422684731080873e4bd0
assets/sprites/image_ui_hd/skill_34.png	1266	df3317dfd05c5395a15e2fdb26d7a2e5a65830d33628d0f5229cf00bddbf01c5
assets/sprites/image_ui_hd/skill_35.png	1322	56d2df7d4b6e84c0affb36413f0d8c5240a92a2303e33ee3b4d6d1b1138c8c51
assets/sprites/image_ui_hd/skill_36.png	1326	f01f8c78847441be3eb18302af20fc2c7136f43fb61f4a7118db1e46b99a07e2
assets/sprites/image_ui_hd/skill_37.png	1385	5e7597a973e794fbabee4044d0440252f51ac2cd5ee473ec086c5e3242975b1a
assets/sprites/image_ui_hd/skill_38.png	1233	c8d2928e06f701751a178909a676b181fa1df7873dec27520486f0aa943e35f0
assets/sprites/image_ui_hd/skill_39.png	1329	baee35be91c1624883a3494a52f2f05a8f2197d031a2557119e6bd14330ce137
assets/sprites/image_ui_hd/skill_40.png	1332	150bcdaa2520d9b01c7cea6c065b90a65dfe070bb6ae646f7e70608d347c45ae
assets/sprites/image_ui_hd/slider_gray.png	251	eb5c0b72432a92dbf2c9294bd3347bf1f30b39047216f6d656010dd17e0b43b1
assets/sprites/image_ui_hd/slider_press.png	245	a57a4feba7ebc55276522415583447f564fab6236690538c5909027eb3075afb
assets/sprites/image_ui_hd/spa1.png	3108	7a2dffa2dac753e5ff98aaf4d2b7efdf5454f838e9f14a442b54195cf764f70c
assets/sprites/image_ui_hd/speed_bar.png	440	8b8fc9b3b57f6451e947812c89f35e1c4e05c129ba2b142a5bdab512aa4e42e0
assets/sprites/image_ui_hd/speed_brick.png	123	c10b903d9367fdee323c76dbd5a782d2e90b99e2da0fec35e4edda69b892b2be
assets/sprites/image_ui_hd/srb1.png	3429	792a337aef3bb07f390516105df6a8d8ff90ebe18bfb282fe8ba60a8dc6cc256
assets/sprites/image_ui_hd/stage_star.png	673	6d9538d625b2392237d32f3bfe9e9260737182e9ff68d2a268b01543dfad0147
assets/sprites/image_ui_hd/star_board.png	2674	353469c8643ca9ea10d39424204246031f6e30aafe5c36982c21e65bd1b4ed87
assets/sprites/image_ui_hd/star_campaign.png	536	627faca4153982d3e8a08817fac0634abbdf88eb1aabff7446e8041f396ba266
assets/sprites/image_ui_hd/star_campaign_gray.png	290	9988a5939ccadb2c74fee1454621533d36ccb2dd9b969d43cd2e51d5c10571b5
assets/sprites/image_ui_hd/star_middle.png	460	f3b0995b7853b7bd01f578f23182f5761df491e2ff843580c45a2a5fe6b163dd
assets/sprites/image_ui_hd/swe1.png	3076	8cd0f3f050c4de4dde993b56dba062dacf60b924609e262a93a799d5cbaa5631
assets/sprites/image_ui_hd/terrain_desert.png	704	8e23b6a4f797c7e0621b9327ffa80bcbadddf5b98060add13a3da868cc46ecfe
assets/sprites/image_ui_hd/terrain_field.png	461	72f249b4c2fcabaa6daa5dc940fa9a15806ff8acdbc6205f67dfd2a29453759b
assets/sprites/image_ui_hd/terrain_forest.png	895	76a3d059d3ab92fdad461968a4847057251b85a31d9cfe0de75e912f2572a949
assets/sprites/image_ui_hd/terrain_hill.png	692	fad862aa694a915b16ddc94e1a3a3cfc499cc72335561a838f72dce28ca9253d
assets/sprites/image_ui_hd/terrain_mountain.png	875	7a2e20b50a9d1bb698810fcec4814fae6eaf0d5164601f63eec49b21e4b3aa65
assets/sprites/image_ui_hd/terrain_sea.png	515	2c8a893dd4ce4eb7a6c71caf508737afb3d530c32421e0830ac19655746af3b6
assets/sprites/image_ui_hd/terrain_wood.png	735	bf65d14de3472224a7b5c94751d7790906e60e4defcaa4cd5fbc1e575163169c
assets/sprites/image_ui_hd/tri1.png	2783	3c92f0b83763bc60ac6fe779e5c4595ac42601eff4d4d96919087af7e56d7453
assets/sprites/image_ui_hd/tun1.png	3100	4e26b7a05f3c7a10d1d32e1263286894d32bba8ab86455bf697888398847ccab
assets/sprites/image_ui_hd/tur1.png	3031	3848d3b5dda3668b2a14a90263d91baecb41d05fdba0642d8f2f4596da0fa5b1
assets/sprites/image_ui_hd/tutorials_point.png	4366	19a9e4e00a29eebca1ced4c31d244c2ad689614c67b5767bbdbcc86a1020cad1
assets/sprites/image_ui_hd/upgrade_back.png	439	887e4492db1a07d29b2ee18de16e223c8d00a1788e64c62f709dc7110d68f64a
assets/sprites/image_ui_hd/upgrade_tag.png	162	77b274e421ab315898e751556fa00602ceb3f864dd45e044242aacd0fe338a05
assets/sprites/image_ui_hd/upgrade_tag_artillery.png	1536	75686e4daea7dd460395cc08bd2ddead97c031f51954eb1a6e720b1c2b4d1049
assets/sprites/image_ui_hd/upgrade_tag_artillery_s.png	1564	f46ebcbd45bb3200cced40e724d627ff01d753d0c35614aaeedb2d91cbbbc7e1
assets/sprites/image_ui_hd/upgrade_tag_cavalry.png	1616	a0a4b0b634d611969481ff296d6e7d571a8e76a0f00271a2bc75896140493985
assets/sprites/image_ui_hd/upgrade_tag_cavalry_s.png	1600	0f1685fa8a83e6845d4b187060ab0c05884e49ecd24cc1d242c1f88595e25f26
assets/sprites/image_ui_hd/upgrade_tag_fortress.png	1336	fbdf3d75497ca09978a6846bd7eb4e5ed83cef1debf11a3b0896db30a215ccf4
assets/sprites/image_ui_hd/upgrade_tag_fortress_s.png	1386	e3831a54fa04167bf84ec7b52b1072a617ee060004a3e9824b0281572ad5346a
assets/sprites/image_ui_hd/upgrade_tag_infantry.png	1414	51b3abb30477d0aed71ccdc2c57ec768efa52fe18863b30cd49f36bf2171776b
assets/sprites/image_ui_hd/upgrade_tag_infantry_s.png	1444	8db5d22e142c570d8ed924d47fd7e7bf10f10c5d1138e0ce6296b4fd930d4a33
assets/sprites/image_ui_hd/upgrade_tag_selected.png	372	eba9d9c3a29be6919427749325ff6fb423303c2e84de6c9b6ddca3fedf447f63
assets/sprites/image_ui_hd/upgrade_tag_ship.png	1556	3d8a2a883580313c424f5c6238c5aec129cd5177e19ad8081b11dae4df82f4d4
assets/sprites/image_ui_hd/upgrade_tag_ship_s.png	1574	775945aed5aaa181db7dc89ac791add73abc709b59814ee67a461a66ee4efcbc
assets/sprites/image_ui_hd/usa1.png	3949	090a4951cfcd55c37767ab80de0ade53ca4a08b69bbf8c599c9841a64026a263
assets/sprites/image_ui_hd/volume_bar.png	1259	fd6b88b57b678257fabec638ded6381a8d8c31dc1a1b11032cd7c898c606117e
assets/sprites/image_ui_hd/wal1.png	3196	b6f45248d83e15b15c3d3f9adee7ff4811ac7dc619ef39fae329f1056d6ec93f
assets/sprites/image_ui_hd/whiteline_for_button_close.png	82	b30ab41db4a5f69bcae6aa9b57e7078e4ce70467f9c83f5f0e1c1a293f3fa6cb
assets/sprites/image_ui_hd/wur1.png	2296	c874cbae07231db74cda6fec0db2a30ee03b650f43155cf4f3d53f1ecc0a22f3
assets/sprites/image_uiadd_hd/adsetting.png	906	18c455db9c4152c496756d5fc2f95d0c6a0ad3404dc4aabcb1f52882167525f3
assets/sprites/image_uiadd_hd/btn_addisable.png	2101	deccb0ed05e9ba039241b6f812920fc5883c4d5e639e61cfcc7067a25db62234
assets/sprites/image_uiadd_hd/btn_rewardedad.png	2591	7349321199b3abf486d43577e666eb48f1979d4c58a57317415ac2e2597b17b9
assets/sprites/image_uiadd_hd/button_confrim_x.png	684	a8434ec559cc1de7eeb0420d0e71b1e8113dd8fdf8ef7419296f0d389c3dd99c
assets/sprites/image_uiadd_hd/button_pause_x.png	2395	59f7aaa026715104547583be4a666fd8fc9f8c7df08565d2777a236f33ad8b87
assets/sprites/image_uiadd_hd/button_return_x.png	3263	87f8aab305d49c4667dfee87a3f9a4a2efb4f890ec24c9528620e26167d76e0d
assets/sprites/image_uiadd_hd/button_round_x.png	3062	17133de4d743384cffd6e155f50a552c96fc986639642babc6e945cafb03406b
assets/sprites/image_uiadd_hd/button_skip_x.png	2843	f9abd09ef485d1c96fa9a8d8d12dff566f3342113c070a363f14b6441316cab0
assets/sprites/image_uiadd_hd/icon_dot_0.png	1227	1c160a4af61ee462b1a2061cdf39eee5d283bc475011d15bea71826e27f4ba57
assets/sprites/image_uiadd_hd/icon_dot_1.png	1146	ee65da7585c53e124e3912162fb4f3de91bdb46da22127d4bafc324dac89f576
assets/sprites/image_uiadd_hd/icon_dot_2.png	1235	d1163701d89c6939319afea6f01f232faf428b76ea29d124b18f9adb6444c6d4
assets/sprites/image_uiadd_hd/icon_dot_3.png	1253	7814d2cbc0c12ff205ef4e8f6193ba44e5e04767cf93a0282bcff93214dbff9c
assets/sprites/image_uiadd_hd/icon_dot_4.png	1231	287f568105265b17e5678e0d1339acf61246e028fdb8dfd99b1111c55de9175c
assets/sprites/image_uiadd_hd/icon_dot_5.png	1179	69f39b69a358a13b0e26988d7a49a2c8907d3c92dbd30f23e7dc54cc85fd24dc
assets/sprites/image_uiadd_hd/icon_dot_6.png	1249	2ccb4f719fa1989cb11a622f189841790cc4789cb52098237fe9b086541c7fff
assets/sprites/image_uiadd_hd/icon_dot_7.png	1188	621c686f605fac69f6c46f2b0fdfc17fe174aa7e424abe186d212a38823d98b4
assets/sprites/image_uiadd_hd/icon_dot_8.png	1302	42e2bd99fb9ecff818447a8cbfd95cf2e0e819ea240950fa0d3ee17b073b4f84
assets/sprites/image_uiadd_hd/icon_dot_9.png	1285	1c0ab714bbee29dd2dbb2f94e9a364d3f01837e3183a431fdaed8264d50f0973
assets/sprites/image_uiadd_hd/icon_play.png	810	57f5fb45c6acfdce74b779ffc5ba84b04a9731e7b115b7dd02b5a3e9dd36e53e
assets/sprites/strategicmap_hd/alg1.png	3044	8eeef881b41575f6641d1b4304ac781a8f78e4921eb634a1d1f0591f36472450
assets/sprites/strategicmap_hd/alg2.png	3129	ceba3102f27ba8a443d1c275b4d2ecb827d934a1cd205d13c1e3708c2efc995e
assets/sprites/strategicmap_hd/alg3.png	3136	d6897ccd0fc718b26ff865993be4f5c64ef97bd3fc3df2da68defda4330fff64
assets/sprites/strategicmap_hd/alg4.png	3147	db78c0841817a92084f27e8f3af80e816b4cfab175f9ebc43ae28756f307c320
assets/sprites/strategicmap_hd/arrow_blue_1.png	3533	a44e59f9c12fc339b5b7a173dc8d128002c35fdeedad9cfed5b71219973ac187
assets/sprites/strategicmap_hd/arrow_blue_10.png	336	a2c37e98279c62b17f346faa1d94ed137e7a37b38738dc71254e7c2dbcd39cae
assets/sprites/strategicmap_hd/arrow_blue_11.png	602	560218327e9a803c5590135d5a26c85762bcdaa0bc6314ca46a2fe0059868e02
assets/sprites/strategicmap_hd/arrow_blue_12.png	920	d40094d30cb1f5675b0142458ade8827f8ad289d79a82ca3eab7b06ba879b62e
assets/sprites/strategicmap_hd/arrow_blue_2.png	3369	4905aed23e69aab66987f5f5f9f9675c8f163f847fb70d40c0bd21731a0f3eaf
assets/sprites/strategicmap_hd/arrow_blue_3.png	3436	4e3f5b4435e03e2fdcedbbf4e542426d54d67d79557e17fa396ec90bbb766645
assets/sprites/strategicmap_hd/arrow_blue_4.png	3166	a29c8ef7fa6b4152aa4797c8c87d0c359f1d95bcb8ab32b88a7338b4e1910b5b
assets/sprites/strategicmap_hd/arrow_blue_5.png	719	115887519b618ca6c618452101d66257a22c45c6a46866cc1ddcb6fe907cd715
assets/sprites/strategicmap_hd/arrow_blue_6.png	6525	f4d4c7280c4f4b65cc2a1f96f2a950c08efe7ecbc8e8e7e83b405a2afb4a36bf
assets/sprites/strategicmap_hd/arrow_blue_7.png	3540	545cbe843385d11a612b4c812a41092a7b1b173f2adfeb5b133c853424bf0730
assets/sprites/strategicmap_hd/arrow_blue_8.png	1006	b0fdfa50ad388a957f0ca66a86ca0c6a4bb6a8039d6216e8de1a3255ec974de2
assets/sprites/strategicmap_hd/arrow_blue_9.png	1054	f0cb1ed7c4765d7b36e08fcbd7e1e6bae7c3a4f3b5dae96dfba8c263c3e29400
assets/sprites/strategicmap_hd/arrow_red_1.png	3517	96201de877efa4d73ad2291b19643b37101188a55f65086e07ef61ca43c0375a
assets/sprites/strategicmap_hd/arrow_red_10.png	335	837fd6307a720562f2dbfd55717adc958028e34ed303a78fc6f826d7b6c69ae6
assets/sprites/strategicmap_hd/arrow_red_11.png	602	a08d015e44a1055d7908dfd533b24a610ebc2133fe87d8ab51ada1e4f4b1100d
assets/sprites/strategicmap_hd/arrow_red_12.png	940	de9d58cf587d875cee2e4968a66b7e78e7dfefa3b81a2a646134d3109248e98d
assets/sprites/strategicmap_hd/arrow_red_2.png	3365	def17fb6f78452ec1fb56b19cb738957a9ecbd94c137a5b8df999b26c3b092d2
assets/sprites/strategicmap_hd/arrow_red_3.png	3429	91103094e9d9323e4fa4a9a7a8c255e5d1defb18b7cafd7febb0744b20f9571e
assets/sprites/strategicmap_hd/arrow_red_4.png	3156	0aed4a29d6ae10d60c044676025379fea22f739c48310cb918059534ddbf9a0e
assets/sprites/strategicmap_hd/arrow_red_5.png	730	3b1bf5d4cfb438559fbe79e7dcd142a816d70eb8ba6c4eb39b61400d71c9a19d
assets/sprites/strategicmap_hd/arrow_red_6.png	6538	40530b782d16a9e1a22ce4d8f0e18dcfc82280698f8625799c1d48e6c51a014e
assets/sprites/strategicmap_hd/arrow_red_7.png	3561	4d521d591e0f33b265f602995033787e50a79e2b083c571c1cddb6e0848a5bf4
assets/sprites/strategicmap_hd/arrow_red_8.png	1007	b538710547b8349b0ea0827b6ba8d58b6a40838505af9b250e740505ca4d7a99
assets/sprites/strategicmap_hd/arrow_red_9.png	991	e64941ebbc7408b2f1533fa7ae97b954796c93534084a5dc9449e5a351d36067
assets/sprites/strategicmap_hd/aus1.png	2509	d2aedf3f44a5556661dc68f9df5b2e7041e7db1182b02b78a58bc0299d388838
assets/sprites/strategicmap_hd/aus2.png	2605	e555163fa1209fbc12c31212e9a10e3088c0cb5ac8932e4aa0734d3f3a6640af
assets/sprites/strategicmap_hd/aus3.png	2631	5a7c050a0130eb933468fbae07f45e8fc93dc9b3933b2087febae069511a4a94
assets/sprites/strategicmap_hd/aus4.png	2643	5498c4579fa1ee2cf02938cbaf73b33871689fe422fcf581ff2e9cbb1fcde5db
assets/sprites/strategicmap_hd/bad1.png	3390	b4fc159bacd1d43d43c6e5567d31102443ec0c2996a527d5f8e27f55d090e0dc
assets/sprites/strategicmap_hd/bad2.png	3494	788bb153a2e2de95e340006330d7631e85a6b2cdf1e00d348f76d13a95981af7
assets/sprites/strategicmap_hd/bad3.png	3514	1197313a3cb012ca2997785db91605b74578da84bd1bc29e75fec6048c42701f
assets/sprites/strategicmap_hd/bad4.png	3501	949dd2c9e68bbde266bd56e1ca42091bf89b53940d03695272075c22113bc393
assets/sprites/strategicmap_hd/bav1.png	2986	cfdd91d4d94cdd3bad22718d6f48284fd94642d193082fc96c4858146ffb1cc9
assets/sprites/strategicmap_hd/bav2.png	3061	7142d91ec117ec3b99ede2f5dcf039650fc3b4a3f3b6a71bb7cb6f90f338feaf
assets/sprites/strategicmap_hd/bav3.png	3110	bbc2db99b24828e64c416068aa6bbff9903fa533e7f6f3f4c391be38ffff97fb
assets/sprites/strategicmap_hd/bav4.png	3097	6b927b27072b870b3b91e59bb32978a0c010789cbb56232732292bf8d740b139
assets/sprites/strategicmap_hd/bru1.png	3148	3bca3cec6698b06af5f902b0d5eed6bdaed8cdc18da8937590ed6bf2a8e2d2c6
assets/sprites/strategicmap_hd/bru2.png	3210	c18c8e7c790d8d7445c137639a3d480ddff5c2164794829324ca6f939ceb26f0
assets/sprites/strategicmap_hd/bru3.png	3276	6c9cad203f82a6be6433495c624f0423485f7091f166bad3fae8e0da187a5e80
assets/sprites/strategicmap_hd/bru4.png	3268	0f817dbd227aa5f0857cb220daf6a3f5801b56ce0ff13ed7a19d07f6a1670d23
assets/sprites/strategicmap_hd/che1.png	2849	bba8d16895c70c32f1f6ae52bf96592e5f60cc3e91975fa624d775d3855ba78f
assets/sprites/strategicmap_hd/che2.png	2954	94370f7492be37fbdea5ecc3c0e905fe9b006966b009313b7714c0a8c31350c9
assets/sprites/strategicmap_hd/che3.png	3002	80281e7abae3f004500ef8f01c8d6f6e6c0bbfff02ced7995c7ba46c6b098a1a
assets/sprites/strategicmap_hd/che4.png	2996	6170b8e6d401fd71f7797ecbd19b7b6bcfddd812e7ecd113ebbf944c14bc3b00
assets/sprites/strategicmap_hd/den1.png	3138	dc5c9884e9b8cf2aea702bca2e87c1f7ca87ddbb7c082c9a1356518dde774ce3
assets/sprites/strategicmap_hd/den2.png	3239	eb180b5ebce7ddf8165e3363827dafd47c7ae83095d3085dfc3b46b895bea54b
assets/sprites/strategicmap_hd/den3.png	3286	88006b6e60728bf3171c41b5fc935f8a65e98fae0388bb021603f9a3fbefdd7c
assets/sprites/strategicmap_hd/den4.png	3267	9195ae911a7915069b9aff24dddb90c5a7eca6d76b01d61b8f4a7dd10627a53f
assets/sprites/strategicmap_hd/egy1.png	2896	9ceeff59c530c105cd36a42b3b58798c7497cecf7b03b41a541a4b5416487b82
assets/sprites/strategicmap_hd/egy2.png	2948	f38565aa3c56db4b3d7d3c438a7dd4e7f2f3b60797d3592d9bd390701c767adc
assets/sprites/strategicmap_hd/egy3.png	2955	318cc1db842a2f8315559e868fe4a41ab7cbe399083652400e69775197a6d80e
assets/sprites/strategicmap_hd/egy4.png	2981	4fb8fe6e69088480b8e8879c4e4e8352b32d71c8990f78e6871b89f367b0b43a
assets/sprites/strategicmap_hd/fra1.png	2793	894707d31ab1c9b4924d8b6ad7134ce126bca326ba34bc9464d1c0769e1fe6ea
assets/sprites/strategicmap_hd/fra2.png	2920	de1c58cd49dd3a544c31d21ab843ea5edf361e033bb65aa9544c91466a3c5d54
assets/sprites/strategicmap_hd/fra3.png	2960	b08376bf6fcf2aeccdf61daf82fa1cece8d856eb917010eafb77ac658312e66a
assets/sprites/strategicmap_hd/fra4.png	2936	a9208543e58ce792d06ffeedbf5013954587114dd040d92acfa3a372a3babc62
assets/sprites/strategicmap_hd/gbr1.png	4296	5b6ab88fea164c4452505672b332f378320bc1e17597279767ac6c3e062ae572
assets/sprites/strategicmap_hd/gbr2.png	4364	d34f4e533a0c220acdafd902f563a5de93977f2f4c1fe00858e8bae0fae42c29
assets/sprites/strategicmap_hd/gbr3.png	4392	812ce7d6617460b5c1729226aebfbaac1c729e535f1d6c924df091bef93de208
assets/sprites/strategicmap_hd/gbr4.png	4400	66019efb7500505b608021174ad6fac84c8f0661690b8228b4eefc2bb919504a
assets/sprites/strategicmap_hd/hes1.png	2775	0579a76f912ae10191a52fdbfe9f86270b62110af400b272d9dfd87d44b8ed7b
assets/sprites/strategicmap_hd/hes2.png	2879	9f92ab58c411b3fb6b9f4bf5333b879bea6a36c6b0f94e1e61bb0265adb904f6
assets/sprites/strategicmap_hd/hes3.png	2942	318ccff8307998657d106aaa301d105fcac2339a1350c3d0ca94fbd9640b22ea
assets/sprites/strategicmap_hd/hes4.png	2933	325ca2614004fa83cd5331400594c4738cec28ee90e2bdef6079b668e5dcc914
assets/sprites/strategicmap_hd/hre1.png	3698	6b39bbb39e5b758c2460b856e75d1ed4c124d5c7bec33f01aebc2964a1bf3a4e
assets/sprites/strategicmap_hd/hre2.png	3793	a2365cb3ff7a13a35efef3ddfeac81505c566434301a917a9d5d3e640e67362d
assets/sprites/strategicmap_hd/hre3.png	3824	c92a039fd9b7a42acf20bc6a68969ea012ef60f8ac6731a7d663f7b157d06e5b
assets/sprites/strategicmap_hd/hre4.png	3846	3571c02c04a383eedf1c3027712c63002a5e3aa882b7c4504fd65148a813bde5
assets/sprites/strategicmap_hd/ind1.png	3233	ad0ab94127389fbf0c08466142074bcb15de69b4c567ca2f40d8cbb7f9cad023
assets/sprites/strategicmap_hd/ind2.png	3281	71d6e8e36d396a265cb8ad67d900287c9d1b3cbd66d30913a898c6442e69c69c
assets/sprites/strategicmap_hd/ind3.png	3316	dad0471cde237a89554f8ff18a842b57b64c9ee980872bf3c4413576583ae60f
assets/sprites/strategicmap_hd/ind4.png	3331	fe998611bade97e568fb04cfb150173a3990de30d8f07b2a9bc6dd9cc0bfe1bb
assets/sprites/strategicmap_hd/koi1.png	3618	7b84471902703cc0bca6b5167cbfbc7d79bfafef4698d7fdfdb1a5af3b1741a4
assets/sprites/strategicmap_hd/koi2.png	3701	ce5efbd6061cf752cbe1eca2214ebfd43b16e5cb8c2899a14bce20d0750a4944
assets/sprites/strategicmap_hd/koi3.png	3740	2956385243e6005749575a3b774e6124ade3fa3a4df55cded3123ea32723304b
assets/sprites/strategicmap_hd/koi4.png	3732	59acc10116309557e3534e1f1ec3f15239c858c0afb138f540598fa2c3fc449d
assets/sprites/strategicmap_hd/mar1.png	2524	764cf62d0f6bfe5feb9414c02b035cac0b06450bd1574ca67cbc32fafb3076ff
assets/sprites/strategicmap_hd/mar2.png	2608	baa621b0c14d40b511a98d00fb19be015f7ff60ad4072acf6b5e9f7afb61a552
assets/sprites/strategicmap_hd/mar3.png	2643	8f7ce643a8789d3c869328aef9a62d3b77a141789c261c2c7cc42927f36ee2ef
assets/sprites/strategicmap_hd/mar4.png	2600	5d6f22706a3cb98e9108d53233acf2f8d48e8705165c4c60c804f4d0bc86cc8f
assets/sprites/strategicmap_hd/mek1.png	2955	00787bed725eadb033256fabfc3a6753fd0ffb0fec4945dcf22bbfb1404bbea2
assets/sprites/strategicmap_hd/mek2.png	3044	a7cd7ab3844e01e4a64cd885292aef0d688bdc297f326a404ddee7047528963a
assets/sprites/strategicmap_hd/mek3.png	3065	8ad70a8ff0e6bef2d5e15447661dbe9abfb1bfde945c3b5ac10e5dffdfb0dc35
assets/sprites/strategicmap_hd/mek4.png	3052	6677d57d9736a7d125e1dc55b0cb36037bdb15ab2af5adbce28a838ba40c5cf9
assets/sprites/strategicmap_hd/mol1.png	2934	c95c54a19788c4caee91fb666046f3e9e2d2d5041a0048045ce7f9a57faf7a9c
assets/sprites/strategicmap_hd/mol2.png	3004	d005fb625c777144ab29a0e08da2b3bad735020d309940cc23034a1ef249cc0e
assets/sprites/strategicmap_hd/mol3.png	3034	b2b4cd61f65b44f4f4e3804c11ee160fe32880d3ca1b5638d71cf87cf8c976d4
assets/sprites/strategicmap_hd/mol4.png	3001	b9a055da06904be8890a411c5f3647a326f48095442c778c637b4b82e3e9135f
assets/sprites/strategicmap_hd/nap1.png	3705	1cf9eaeb8d3c6a7bd22ac839db5ef1a09b4580fed42c035ea96d2f37eb29bc19
assets/sprites/strategicmap_hd/nap2.png	3806	ddeb7791ba8d96f7c558b9ee31ade4b335c060ee611217a4d4018da35a9affd5
assets/sprites/strategicmap_hd/nap3.png	3818	da5172282c93153cba93148b322f2a56963bbfcc09ee46e0b815b0c88bcd6aed
assets/sprites/strategicmap_hd/nap4.png	3739	39e4e519f08fe99ea6ff647f84e57f12b1455b175ad8611199744c8c8017a4b6
assets/sprites/strategicmap_hd/nas1.png	3063	51ae8cc17b69a69c6bf02710938bf750ab98b1be8118a9833cc56373a1666fad
assets/sprites/strategicmap_hd/nas2.png	3157	102a5948caf242dbda31f1bf7ae8657f87bbb68848cdc3394a7ffa65c31638c2
assets/sprites/strategicmap_hd/nas3.png	3231	08198960d079775e9554cdd6400a994a2e75f77dd239bcf2a4f75bdd2b9ee3ad
assets/sprites/strategicmap_hd/nas4.png	3179	f148a49cc7fd4fdf7a880df1433f276dffa8cda1bec489679d8e5b691c1938de
assets/sprites/strategicmap_hd/nds1.png	3246	b295baa4ec6cff46d700e6e523713558fb829fe1d727936283d5d54b12403a58
assets/sprites/strategicmap_hd/nds2.png	3402	e12c4a31083341f47f7f6dd7e4c72df47912a0caffd303a8ca1fa25bbc49bb84
assets/sprites/strategicmap_hd/nds3.png	3393	a5dff5d872d595bc56aba666e21c32c24d85270f3604813a3636a3a5c85e19cf
assets/sprites/strategicmap_hd/nds4.png	3387	7dd54704c8851eacd149c9544df351b7a165c7355ecb8000cdc8c6d12a7dd160
assets/sprites/strategicmap_hd/ned1.png	2882	2ed6b89393c292011a466c12089c472dc08a08bba66743dac800de155012f619
assets/sprites/strategicmap_hd/ned2.png	2976	da5c78efa5ba439ed57c30323e680346f2118e988d4cda95fbbe4a42273c9894
assets/sprites/strategicmap_hd/ned3.png	3012	395d4bb309a95737b93593e78143cf97009250faa84aa4450effd0e97fa7b14c
assets/sprites/strategicmap_hd/ned4.png	2951	ff1a96c2d6596918050891eb30f23f56f0a8b99890dca2bf7a721a6f5ffcb524
assets/sprites/strategicmap_hd/old1.png	3050	0c58c8d78acba7d1d86d9764883d977e06d9f5345d2d337270024c6e00300575
assets/sprites/strategicmap_hd/old2.png	3131	2db187ba00eb290fcdfd6c0ec77e7d386f0f7ac18c30a2e636e43b535bbe952c
assets/sprites/strategicmap_hd/old3.png	3167	1aa60806ceb7aa0a022fe194110554835fc746868269c2da365e8d1478fe242d
assets/sprites/strategicmap_hd/old4.png	3145	bd38786565f6330c945402a822c165c67e826b7034d42adc97aa4cbf2d78e9d6
assets/sprites/strategicmap_hd/pap1.png	3207	9aa38d43f6127fa42d3955b856dcf261311f4727613d24ec75093f9c9e5da377
assets/sprites/strategicmap_hd/pap2.png	3301	e432678bbc7365c51bc5db62700ae78f732dedb1356e5321c7519fd617e45798
assets/sprites/strategicmap_hd/pap3.png	3360	29ccea8bf777dc80b255c770bea9d0949504259234fe51238d4e73e6994c9f20
assets/sprites/strategicmap_hd/pap4.png	3354	8952835a6c0272b3da1610c7b54a06cc9a6d8c26cd607ac052b5774987e4273f
assets/sprites/strategicmap_hd/per1.png	3403	c5aa53bc180e3308859371b17ca5dd5741f62ed6a8aecb70f1908410d50ad09d
assets/sprites/strategicmap_hd/per2.png	3521	a54c4abb23e8f75b7f2026b22df87536a8342feca0f8f586f152e36a8d9390c0
assets/sprites/strategicmap_hd/per3.png	3561	ad537ae93863cfcca67f3bde28f44869d7e8bb9f49918a84c9d3251dcd8ebd50
assets/sprites/strategicmap_hd/per4.png	3613	5bc4e19fff1b1f10a64677cfc33df56f73ee86c983efc718804396844c7d4c63
assets/sprites/strategicmap_hd/pie1.png	2962	5cb38565efd23e05da3f7156341ba425896a53a21d2b129c83e667ad3ec73d47
assets/sprites/strategicmap_hd/pie2.png	3073	f424628f0ff67ec61229d095a3e79184805313171d6a88199a54b8b3e5da2fc2
assets/sprites/strategicmap_hd/pie3.png	3104	3f792ca31b111ccba630fdf29530b5917721bf2ec10bfdfbbed5108d9f8e33b9
assets/sprites/strategicmap_hd/pie4.png	3053	9a590fb27cb60a099032624476b099d02daf05395c535279e7eeed9b6df1552e
assets/sprites/strategicmap_hd/pol1.png	3254	02ba6ab22d0de7d14ed25ec2b55ead921d5b3b36f408bf45a8aa155ad8500acd
assets/sprites/strategicmap_hd/pol2.png	3330	a24aa7a8ca9d00e94dc38fd12bd9128aa9fbf882ed7a58a4b46acc560578fe50
assets/sprites/strategicmap_hd/pol3.png	3381	456a6e1bd7d4d16ca196a7dc0836d7ac1af79eeb4b1293752ae3cc8d377310c9
assets/sprites/strategicmap_hd/pol4.png	3380	c8e2390d1e8442b73ef1ebe73e12e4a042422641903c87997852be39e5092481
assets/sprites/strategicmap_hd/por1.png	3142	0d4df3ff58884d1172d94d4939306a97a204f812f19a45aa08c8d4f069446f6e
assets/sprites/strategicmap_hd/por2.png	3262	e5430b1670112b8d5f00f6a95a625fd80a02c7911ef1d25b8d8d75afc9ea943b
assets/sprites/strategicmap_hd/por3.png	3274	5bfa7259af3ab1bff760f560f3390e04830def92967be46d2c28af04675e4578
assets/sprites/strategicmap_hd/por4.png	3361	d4e0cada166cb828e0a410779932bee8aef966f0036d0ca10d4fd8c503ac0f39
assets/sprites/strategicmap_hd/pru1.png	2793	aef2ac21e63a9ec3840f160bbf52a4bce57aac654ee5d55c19a7400cfad812c4
assets/sprites/strategicmap_hd/pru2.png	2814	f23c1a47abdbce6418f36a32e660dce77ef19b59f078f41de08510002c1be202
assets/sprites/strategicmap_hd/pru3.png	2849	6046ccb7ab89decfda129cdc1e7ffe7bd4c2c0e4d17c468f3810d25616d92fad
assets/sprites/strategicmap_hd/pru4.png	2834	0f9d6dd19d01d68f2f09cfa36c206a5bc56c8dd17a1f12f98274de6c2983136b
assets/sprites/strategicmap_hd/rhc1.png	2882	febc1ed4c01b2a5767454b2d872c3aad24f00331a089a2ead11e5f68da77d8ef
assets/sprites/strategicmap_hd/rhc2.png	2975	5f2709e85349023abb1ee47aedb3ead8383f8fa0af81f7ac2c07a49c0ec7033c
assets/sprites/strategicmap_hd/rhc3.png	3023	26f5fa1e4f90e02781bde9690739c702bf34caab0cef99fb6b908f73da611936
assets/sprites/strategicmap_hd/rhc4.png	3013	2d699851552d334132f1670fce20d1ee4f396c26bdc766917d649ea6f36fb3e6
assets/sprites/strategicmap_hd/rus1.png	3082	492ec2420551d1dc5c8b282aa056cb39c3b3181d9ef4431f9b3f59e260db20af
assets/sprites/strategicmap_hd/rus2.png	3171	6450fc2bee2f48b9a488e0f6de402adf5d73f2598a006783871408385ce75d02
assets/sprites/strategicmap_hd/rus3.png	3241	2c4e25ead978a51a5996bf776905a0da4b4f5eefd7d4d926531d829b260270b6
assets/sprites/strategicmap_hd/rus4.png	3229	95ad595c333b74ca56fd4e2538ca21ba547eb23bc479fe727d6c8637699e15bf
assets/sprites/strategicmap_hd/sax1.png	3759	a00cc7160fbc92a24622730b17155ce64d71e45ba25db92ea64ea783271194fb
assets/sprites/strategicmap_hd/sax2.png	3870	2218069bddcca818fe63dd46ec34108c06caab107ca20db818bfbe5b4abd9730
assets/sprites/strategicmap_hd/sax3.png	3890	6c1b9e0a22651b103fedf66a7f792b12b00e398bd1a74f1aa58bd5794ba11c8e
assets/sprites/strategicmap_hd/sax4.png	3943	13d14a9652d128f3ea07fa2b330005aa0bb4510b324c58260f2e3fcac2a8ff71
assets/sprites/strategicmap_hd/spa1.png	3108	7a2dffa2dac753e5ff98aaf4d2b7efdf5454f838e9f14a442b54195cf764f70c
assets/sprites/strategicmap_hd/spa2.png	3212	b4b11b8432202c3d8e337813f85b2390cdb09b9a4d60c5052b448bb1dd2fa472
assets/sprites/strategicmap_hd/spa3.png	3215	25c9354bb5f3cde0d07b748204bac92db94befd7b0b1539ca74d136cd8037d33
assets/sprites/strategicmap_hd/spa4.png	3220	647bb91d07c5aa6b80447c3cce96c2b13774cb4ef97c35283f9636da12b1fd50
assets/sprites/strategicmap_hd/srb1.png	3429	792a337aef3bb07f390516105df6a8d8ff90ebe18bfb282fe8ba60a8dc6cc256
assets/sprites/strategicmap_hd/srb2.png	3496	37d4df1262728811f830380e9b704cdc1347416287fb207b936581691a4f6915
assets/sprites/strategicmap_hd/srb3.png	3558	4b5b3a866ae935d514050600c0b653521ff869e32028363d4c1ed82634641457
assets/sprites/strategicmap_hd/srb4.png	3572	fdaf157b538b2f5af6a73146181e2467a5470570bbecce5c717c3d6dfde53e8c
assets/sprites/strategicmap_hd/swe1.png	3076	8cd0f3f050c4de4dde993b56dba062dacf60b924609e262a93a799d5cbaa5631
assets/sprites/strategicmap_hd/swe2.png	3206	fd5217e1196a21c25a3dcf8db6189c5a68ed2ce243a8229da4f39c3be5b80d31
assets/sprites/strategicmap_hd/swe3.png	3215	3404195153a2cddc39d4c0bf8142e542662b0f1c60ae39bb2a564b5200ec373b
assets/sprites/strategicmap_hd/swe4.png	3200	f00040f5fd83e14a0266d1d69af8f1e6bf52d43a43c699ec04b8b03a08ccf881
assets/sprites/strategicmap_hd/tri1.png	2783	3c92f0b83763bc60ac6fe779e5c4595ac42601eff4d4d96919087af7e56d7453
assets/sprites/strategicmap_hd/tri2.png	2852	bb0f38165a3a829533cfb1958dc61f2f65252d2ec0965bcfacc1c4edd858332f
assets/sprites/strategicmap_hd/tri3.png	2956	720946be8401d68b50465ca29a90385e5a0c018c442338e27fd56d6e842d4ab8
assets/sprites/strategicmap_hd/tri4.png	2874	58e1cf39920575bc7f5bd56c3003b8c79fd674f7392c5d80153532ccf33a7a3d
assets/sprites/strategicmap_hd/tun1.png	3100	4e26b7a05f3c7a10d1d32e1263286894d32bba8ab86455bf697888398847ccab
assets/sprites/strategicmap_hd/tun2.png	3229	4b561332839693b5d0aef8434de190c0b61263d496c6f6d95fe941816f2f68a4
assets/sprites/strategicmap_hd/tun3.png	3234	b914c20f020d606e7683d5b252e6bbb633ef5e59e9e2f58aab9f7769e548c912
assets/sprites/strategicmap_hd/tun4.png	3233	421c070c064fa644deee3ac8d84320aeca1c5374d087f5d7cef85da3a661c722
assets/sprites/strategicmap_hd/tur1.png	3031	3848d3b5dda3668b2a14a90263d91baecb41d05fdba0642d8f2f4596da0fa5b1
assets/sprites/strategicmap_hd/tur2.png	3183	7906894475f6a968f11cb4b49982b52369a735ff7ae1a3bc3d4d8b62f73297e1
assets/sprites/strategicmap_hd/tur3.png	3188	c42f374e79eb5aff494c95662dff4e7fe9bc65cbdfd49a2bf0f9ccb55064b6b2
assets/sprites/strategicmap_hd/tur4.png	3182	9f7d3132f4e34d33211a5e200fe5e2cad4619c76b2332d830440a14daeebe86d
assets/sprites/strategicmap_hd/usa1.png	3949	090a4951cfcd55c37767ab80de0ade53ca4a08b69bbf8c599c9841a64026a263
assets/sprites/strategicmap_hd/usa2.png	4088	09a4a3db144fe7c6255da308c70a03b83f48e8492b660ea9d5c5e5b04ae24224
assets/sprites/strategicmap_hd/usa3.png	4086	bbb86afce1875457837c0df8f0ff5727f48b41223ae00ae9e0f1c93e93e8456d
assets/sprites/strategicmap_hd/usa4.png	4095	156e935874bd1d3c9efaf0be0fc4b62d27b5800e440aa5005d364622f8eecf12
assets/sprites/strategicmap_hd/wal1.png	3196	b6f45248d83e15b15c3d3f9adee7ff4811ac7dc619ef39fae329f1056d6ec93f
assets/sprites/strategicmap_hd/wal2.png	3291	5b7b47c6945791f4c19f220924d8df47788df667721bac48b2c60d9ecd9c140f
assets/sprites/strategicmap_hd/wal3.png	3366	133d32649a259e01ec143f829e019d36aebb65fc1c57f81f2c55b9863eb4f8c0
assets/sprites/strategicmap_hd/wal4.png	3387	4138d26d64a7c9d334de382886bc95e7366587865656407f9bb027b4c448afa2
assets/sprites/strategicmap_hd/wur1.png	2296	c874cbae07231db74cda6fec0db2a30ee03b650f43155cf4f3d53f1ecc0a22f3
assets/sprites/strategicmap_hd/wur2.png	2391	1426b19341efa66e82992ad21e5912d87f21cce4d463e2c0242f34ba8c26036f
assets/sprites/strategicmap_hd/wur3.png	2409	e92a799f45faba358f1361453cedfdc48f9795b2f785a74993f95ce71f6705fa
assets/sprites/strategicmap_hd/wur4.png	2380	32ed37de2e77a83c27c533941de3e7b6451c4bcc9c4b7146dd5d1547c947d7c2
assets/sprites/tiles_hd/cactus_1.png	1539	2b0a17b0bd3973f8f8ff9880d7298599357fe5d531b0a200282a97e035e27103
assets/sprites/tiles_hd/cactus_2.png	2878	e4ae1cb338821ea5d4f8c3529e34b069c40ce8491e41de4699826f9b57e15942
assets/sprites/tiles_hd/cactus_3.png	5453	abc6a31888a5fb25b299b3cd56c056a25e103ae4c64e47bf5da91171389d22cd
assets/sprites/tiles_hd/cactus_4.png	4815	fd489ccfb4cfaabc85b2e537637eff7f1a850d8ba1be4e22303a2db8ef7e9934
assets/sprites/tiles_hd/cactus_5.png	5901	0b099b72d27b189fac34ec16e46cd26ebdfe91e8ad6758178d7ce12967b000a2
assets/sprites/tiles_hd/cactus_6.png	7325	5a4e4edbd4f2293e80b0269ced099f5aa633fc5403e3a12de0d1cf515c35331b
assets/sprites/tiles_hd/cedar_1.png	1972	7a671113fcde75f2956d02aed28480afb0fb9dfbf4b7e7da7dbc4fa92405875a
assets/sprites/tiles_hd/cedar_2.png	3446	7507bf6f51f3e450a53c7ff1eded555855e131d9a41cc66477a0bed488066c93
assets/sprites/tiles_hd/cedar_3.png	6254	c6308bae5fc047ccf591f4d0d73d7bdd7345fc10a06b3bf3463390a0baff3825
assets/sprites/tiles_hd/cedar_4.png	7672	440a22e1fbeed851de68be552e5e9d3f212496541a9d1c9c4971f0016b65cb7a
assets/sprites/tiles_hd/cedar_5.png	8032	4502bbf380821ba43841fe47c15529633d27db3af8f70a6561bfe9776b52135f
assets/sprites/tiles_hd/cedar_6.png	8412	1577e54628aa25d60556f970ee8eb3d81daeb2e589aecf8d78ce56c83a535796
assets/sprites/tiles_hd/cypress_1.png	1674	497d7f18036dcd689b70e9de77b36b1cab9e4e45fda814f5c75b95667b556c81
assets/sprites/tiles_hd/cypress_2.png	2669	ee38f5a71db6ad652d5e452084054f4c3e4c9c922e5f89992b8033d275a92759
assets/sprites/tiles_hd/cypress_3.png	4228	9f2ec81ab3818b4f1814cfc75d9ba60db5f209753f96fcc2caaec6b53a5fb47a
assets/sprites/tiles_hd/cypress_4.png	5088	e0b251f8637ef04abdea1281c4954745f6586bf074942b2fad6f7e0316d8c910
assets/sprites/tiles_hd/cypress_5.png	5031	d509f8b6ef730677ad65ed1ba405ca122a100f89a90f3536779db66da14ab687
assets/sprites/tiles_hd/cypress_6.png	6466	7b6c7073aa2ad044b544d44cce4e8653d801efd48709d6bafe10696d1be02510
assets/sprites/tiles_hd/desert_1.png	5179	1c9e31e064f3659091d6ea5a6bac347d65e430834342d32ec565f3a767db5460
assets/sprites/tiles_hd/desert_2.png	5273	feb333ce02a09e03a901bf4f20bd8708c1d9a84a370a6e990e946c52c02195c2
assets/sprites/tiles_hd/desert_3.png	6385	cd5a1eddf4b36922e4897eb08c6a7922138948e6634ebe918cef0d70f45f36be
assets/sprites/tiles_hd/desert_4.png	10650	237cb70a307afdd5d2955a7c2d8e71c1bab9e7836447af1f2e3310ea004b801f
assets/sprites/tiles_hd/desert_5.png	12168	3787aa3487194606961b2c8a9825ab574cb0b8b52006f4a789db465a604b3a8c
assets/sprites/tiles_hd/desert_6.png	13148	a47b59dd07fdd3eb996f1f6cbacfa2ecb9cd086d118ed6bc2930ea29c8cff743
assets/sprites/tiles_hd/desert_7.png	14266	2729ef755f33e17e06707f4ab0c9ea2446485feb10274218c91eaf3270f24327
assets/sprites/tiles_hd/desert_8.png	18156	669ebffc7dac0d4d22938408b57fb391594d82fc1c76f4fc93ce20ac3e7d6c08
assets/sprites/tiles_hd/desert_9.png	24907	9d12e5bd8259f4232194101a9b1fa48d8c9bab258eddef01424c13dd5872d57f
assets/sprites/tiles_hd/hill_1.png	6212	4edc7ea3c3ba8656e890aa187f53315edec8e1ea067cafd1c369e5b62811a073
assets/sprites/tiles_hd/hill_2.png	10507	ff23c9c72148b45d7388aba445a6901ea421eb46dbe3c31e7e593b1e3df73af9
assets/sprites/tiles_hd/hill_3.png	15396	b5831a72f6a8e23dd9a259e313ea85e553d1e4e9bff3a5673d68f83d2d916d21
assets/sprites/tiles_hd/hill_4.png	14681	835425d98a6fd3c0c8959b136cf13896a2ab7caff2c3e09273a8ad5c8b4b3f89
assets/sprites/tiles_hd/hill_5.png	20509	86075155b88517dc5053bb3e3d79ea768a35babea215e3c15d7b108bf91bcfa9
assets/sprites/tiles_hd/hill_6.png	23703	6a02150fafc3a868641ac54b839f9db59d14ff3bbb9300fd01615e854d974192
assets/sprites/tiles_hd/mountain_1.png	21523	d2a9686d97fcff582994f02e6b6053339d114e6b0c23926094664ef48028faed
assets/sprites/tiles_hd/mountain_2.png	18741	554c2c417c0fb7c051d6678ed377f2375d66eeadfa40b9c99d76954dda37855d
assets/sprites/tiles_hd/mountain_3.png	25016	155acb755c7b0a6ce117d18eab388c55febcc1989c803dcdf8347839b972f69a
assets/sprites/tiles_hd/mountain_4.png	27383	94b5e8ed1ab42e24219bf66462840e1a4d0bc5d0a1d230a370923be8cbe18929
assets/sprites/tiles_hd/mountain_5.png	33351	63f8a37c0a081fd45ff5a66dc934abbf4ccad458910493c8c058f6b9e123ef45
assets/sprites/tiles_hd/mountain_6.png	31666	f21a1cd33fce494956b40fe0cca4cf99593678c9d251467bf253ab8e810792f1
assets/sprites/tiles_hd/palm_1.png	2185	7c93b597a3af5c83b2165f9464c211683c836c6a4f5a9682d850212d322d5a61
assets/sprites/tiles_hd/palm_2.png	3235	607efcfebdd192cc5537eeed14e8d41ce33f13c04d79275caa0560c31945981d
assets/sprites/tiles_hd/palm_3.png	7805	271905ca815d50f2ed3b526d29387534f2243c6552693caf89778f65b18713ed
assets/sprites/tiles_hd/palm_4.png	9508	10b7406901664910422084fc7bff52ead1afe3379283d066afeceaac1a88ff3d
assets/sprites/tiles_hd/palm_5.png	10200	be7cc1a0fee0fee17b74ab245216b78adf97210eaeafac1b9be77313fc662aba
assets/sprites/tiles_hd/palm_6.png	11292	dff3b6ac4b64fe24f168c04e56dff7a1a102bd6a7a3d776c495c7951a15f6995
assets/sprites/tiles_hd/pine_1.png	1583	466d01919eda5a1b3b7139ab37cd6b8b1a81a5b4f7842a190fd301656abfcd11
assets/sprites/tiles_hd/pine_2.png	2633	15717c7dd5ed6902f6c897871f92e77a1b62eea513fe8fa745a816d805cc3b75
assets/sprites/tiles_hd/pine_3.png	4376	437d8fe5d1a94754e192bd2c0b8eac15201301d6d85a4cdb83f85b302a3bf45a
assets/sprites/tiles_hd/pine_4.png	7440	29f712a6e32f2e083519bc230c8417a4cfec94a7f49b4694bed9d7207bf424f8
assets/sprites/tiles_hd/pine_5.png	6084	391353473f7d75bc7e2175ebb956a9135e0daa2907dcbdab14600c1d8ad0b8b9
assets/sprites/tiles_hd/pine_6.png	8484	248ae91ec3bef42a49d7df722159c49c326f1d0841ce04f6d6c9b28a3f988b8c
assets/sprites/tiles_hd/wave_1.png	6253	2dc33ad945c8860c0fa3b1225dc785765a4f64263f356c596782dbf609597b13
assets/sprites/tiles_hd/wave_2.png	10362	81aa521baf326d99f003dcbd9767c6910c9ebc6faf73bd3b5df0fe31f803af20
assets/sprites/tiles_hd/wave_3.png	9653	41e0aded621667fe329fe6b3ae426281e17d1a35a7bc925ca51d4cb02e765d57
assets/sprites/tiles_hd/wave_4.png	11742	9da2976d8240648d1d7b338517427007520a2b456cf179d77a06f971a4fca1f1
assets/sprites/tiles_hd/wave_5.png	16441	c0c3aba60f87d51017c743a244441d31fb117ecc892a41a05ec1b85e3f557cf6
assets/sprites/tiles_hd/wave_6.png	18266	6674dcac239e4fc85bf71610b5f2bd15cdc48cd318ed85c249fd51b73de07bbb
assets/sprites/tiles_hd/wave_7.png	36119	d7d62e55f75ba21ab919e21d72ee4927768b19535be8f9f78e908f81463ce822
assets/terrain/cactus_1.png	1466	68dd1239c890703223f75e3dc14fdb7a60386508d9f42c24fd7b164b3f0c0338
assets/terrain/cactus_2.png	2742	c309a3de58726bee320a610c1816c6c7c241fc3a31c59e05925af3bf96d4de93
assets/terrain/cactus_3.png	5141	3d2b3aedd1010e180cfb00abdb612842dc3e235f41094d56aafdb6da2e9f177c
assets/terrain/cactus_4.png	4542	04875ffbad5c08f3c20688e01ce7f0acf517e80b9e9568157b7c504b9e6c96bb
assets/terrain/cactus_5.png	5603	8823e7187c9e25d3d6f2d7574f18148991a5938b3152746e23af783394f8b5cd
assets/terrain/cactus_6.png	6994	750d0992646fbac90fb322ea9f430fecbe046545622abab9cab28c7b9c1cff2a
assets/terrain/cedar_1.png	1856	5c9229d71f8cf58d989fbbdee97ca4f68e2bac42db19b2a828b89ff0a1e9641e
assets/terrain/cedar_2.png	3251	4da34fa7001932144910dcc89145cabbcbf949a2443532ff9a541551d20ebc6f
assets/terrain/cedar_3.png	5890	adc81e8486131591cbed457612a078a924e45de7e46f4db370efed42a343002d
assets/terrain/cedar_4.png	7255	7e60b277c0d68b21bbba575b8c9dc3f987b905970e18cc5ab53b1aecac374166
assets/terrain/cedar_5.png	7714	d2f38f67df250ad50c2f76ffebb1bcf10d82b11875400d03a02ba9261fc09ea9
assets/terrain/cedar_6.png	8094	d62b6ec651bac479d5d4b6c7829102f169c2193ee18af13fb0ebaa6f4651bf04
assets/terrain/cypress_1.png	1588	4f127de985b2961076597deb0a067c68721b60800d7a974c81b65141debb1d49
assets/terrain/cypress_2.png	2574	0eeab95c6a982cbee9fedbc5203e62085a452b15a06b8a63d5354e7a272bc2db
assets/terrain/cypress_3.png	4042	a4ddd06da344e4f62b5501f40fe826029a32a39399288bcd14e7fd1af2e48f28
assets/terrain/cypress_4.png	4830	31d2bcf73681bdf197f58df5d5bd6a159d20d772028fa3082cb8c32cc8547726
assets/terrain/cypress_5.png	4836	79f5dd23e01b5ca2378d0d332cdabf4ff8cbe4ff4d0fe0a41515caab3147192b
assets/terrain/cypress_6.png	6211	488c51235f535f0b4cc142b167ead47b5a8456c40bd9ac69c17c411438a153eb
assets/terrain/desert_1.png	5024	2f8607a4dc9a4fe6d38b242b4dd354e7d6c4eb7ad6de4615fda6b13a2e155829
assets/terrain/desert_2.png	5140	f4674c0d87b66d506c4318f608ba5cd04ceacba49ceae5e934e8e43a393539fd
assets/terrain/desert_3.png	6258	02e85e5d1cdc7ce008b1df1716ef5af20e2da2310c434bc1e7e3dce6f77ca6c5
assets/terrain/desert_4.png	10295	b8468c4ccb9d653f3928ceba9a7288726bb0c49f8d1d6133d57b0d6e6210ef73
assets/terrain/desert_5.png	11865	d0c1eccd686d939e2c7f8692866d502470d683299d5cd246b869e55ed5c20bb4
assets/terrain/desert_6.png	12805	616844dba739aae5aed5ec4f00d296fc26256acbbe6a8aac39c5cd3b94a9ba5e
assets/terrain/desert_7.png	13896	75a8fb8808d12231f9c6bb5c3dac7d2111620d86e58156e2d6c383d6ae9706aa
assets/terrain/desert_8.png	17854	c33f79134ef6823a8e6bdc6bdf40b96853d06a0a7db5126f2ff83579db068cd0
assets/terrain/desert_9.png	24275	621d60795123f35ce55809cbe57b31c2eb7918b430e0fe18f9703c03be136a1c
assets/terrain/hill_1.png	6088	273cf5d32a241eacd04883f86b1b91a7aff67e5fe53e65651b040b3255f980ad
assets/terrain/hill_2.png	10093	a277f26e6f3df430e21499e4bd14e65b72a47cc11f1676454456c1337766649a
assets/terrain/hill_3.png	15064	90b7c5498b6c8c8357f24a8d93b5508b9e0684eb06f29cad9b8a604590bb8795
assets/terrain/hill_4.png	14326	9c8c27f7afb3942f48e3283b9107ecf8037710687e6f62f7cbb849f13f0213d2
assets/terrain/hill_5.png	19924	c9eb9f3e33efa80d7c3c6b889ad225d6a22bd6ccec7a35a87ee334907e767ef5
assets/terrain/hill_6.png	22948	7f6663057e365c0ad30ada79309672c2e1f0767e7f5cd6c7f6c443a1afd18b50
assets/terrain/mountain_1.png	20557	f60677b63390b7c6c51cf64a7edb1282bd0e7e94171c502fdbb2fc72e1378ba9
assets/terrain/mountain_2.png	17853	8d1144361133d54966e779e6ed25468580d2ffbdacbaa33699bf48a9636fd475
assets/terrain/mountain_3.png	23756	0044026d0de30a6a5f05ef39158f544d7cdece83d0a4b836060133af305a6e8a
assets/terrain/mountain_4.png	26191	3d1bcd53deb2adfd9830684303bbfe092916e80992a6687432e228956dd3b04c
assets/terrain/mountain_5.png	31646	d98360608415c3c2f6aca6ed7bd476f2e700207bb36997aa19b9ca09ab915782
assets/terrain/mountain_6.png	30555	446ee870e1c12418739b881f0d2123fe1ac43c38f62c9270f67e4dffb5a32ee6
assets/terrain/palm_1.png	2089	11b6734109cb8a182ebf4ebd92e2b4f6b57768d8cf913e29fdc483b3bbf1c945
assets/terrain/palm_2.png	3106	f96d12f76d0bdb075a7423b17445419a869ae72966f8e47380458740c534e22c
assets/terrain/palm_3.png	7685	7fe99c22aa5c98eb4819414998ef25f769a9744ed4ce996cc6442cfeaace30c8
assets/terrain/palm_4.png	9161	0bc2dacab7590f5ee9587890c89ca1cf60a02521aff2acb5a1d569c7454e40af
assets/terrain/palm_5.png	9994	048c627de868fc8f028ee7a7d2ceb28affefab5194224745e50887d7c2616826
assets/terrain/palm_6.png	11138	a97f9d600e7fa61a308bddf8ca499750f300dab1926d35894233dbb7cb889596
assets/terrain/pine_1.png	1522	5694ef25e5974c9ab4cf50bd6be50d5da4f83b3054a83d730a45cfddbc49dae8
assets/terrain/pine_2.png	2513	d6d0905c96ebb7f773b7918f436d7021f04861d847714391e715d49fbe12e2d7
assets/terrain/pine_3.png	4116	ad277b77b1d9760802f6793df7a90622374090918b30cdfc6f066aa18cf3c52c
assets/terrain/pine_4.png	7106	b922e7bb90d3498bff28d27971d75a9747b6c2953b44e9f369ad921a609c97c7
assets/terrain/pine_5.png	5762	1b2097c201a43337afe12407ec4d15edfe1d7a8c2457ee530f592fa96d99be1e
assets/terrain/pine_6.png	8023	effe7a9081eb186ff71668e375c76d2fcbd9be8994dbe02d71c2367e3952ee14
assets/terrain/wave_1.png	5762	a0c78edb1a444e4d57355cf252eb9ed5035fd0e751e3240c2859f6dc7ad6210a
assets/terrain/wave_2.png	9785	2c5466ae1f87fbda7719cc20c62518d205a1afc0a339abaf0281613a854b1970
assets/terrain/wave_3.png	9092	c3daca71bb33c5af283dbcdb8d96510cc33918bab56cb5bd7a3869324f23442b
assets/terrain/wave_4.png	10699	7f45ebe4102b75f6efee65df2769d8b666fca7e81d28b0e4909eacaf97b6dcff
assets/terrain/wave_5.png	15444	643129bb5ed2095ab15f30fd0164578ab333c4530879b1a1768921dc09a42bbc
assets/terrain/wave_6.png	16997	b19060178f80d1678cc00126a62bd4703cb4b7b418b4e62d4339429c9e7085a5
assets/terrain/wave_7.png	34154	b15d794dd55fd7a355076ee3ac5619e0d517334ab517c6ce98e51de8038bc6d9
assets/textures/campaign_wide.png	293502	acb245d3a82ff1659c5c5182863dbe28015fbcb679ad3d8cb45ffb48eb75fd7e
assets/textures/campaignend_coalitiont.png	92420	d24dc42952e12201ea4c00952cf750746adb0ec5d2f4588b211fcfca94bc77ac
assets/textures/campaignend_east.png	88368	f3ca7b2fc66c507a6bb03866c4fae33b27c6c6bc06954d03d3c504a328a2f6f4
assets/textures/campaignend_fr.png	95431	bade76a086545bc28a1829b9534d3a3acb63a7349bdc63f234ffddea4e3f5104
assets/textures/campaignend_gb.png	90648	94aa8b930107cb8f12a8c54b601c0918c7862ea811cbb0613321496ee8343907
assets/textures/campaignend_holyroma.png	83753	4191434ad99ad8455fe4642ff6ba590682121e5e9acd7a32d1642f121f08f645
assets/textures/campaignend_us.png	82275	7e326181ba6458219a63bd15a0cab3dabfeaf98c69353f570cf7e36dd823bd09
assets/textures/conquest_asia.png	60359	d789711d32fa428c6ce1322556c0d5187e0df80e01daaaa7be17cce5ff397056
assets/textures/conquest_asia@2x.png	210962	93a6ad7fa22e73f08696aac93acac09e6c48d974414ed4d4a22b611a60691ffd
assets/textures/loading_title_zh_cn.png	37380	23fb19cdd2602cc176713ed9540a4e642a57bbe11f9a2115c5ad36fe29ee1bb0
assets/textures/mainmenu_wide.png	268001	1f4e5c906e2c51a1d17d3278e5cd0edcc6e4e04c4c89fd492bbfe5b51998398a
assets/textures/tex_conquest_1775.png	40193	e50af2af73a1c1dba7b1641bad038fc43b7acd73f9f2a9b9f87badcfdb269006
assets/textures/tex_conquest_1775@2x.png	142327	fc111b2fa8c16ae056cf132beb1d71020acaa718a140f788ef8b5ba84c36c3bc
assets/textures/tex_conquest_1793.png	43263	78026736ca0f839422177187d372468204fe2fa5f028d11db903105fcab61b4c
assets/textures/tex_conquest_1793@2x.png	156646	780dee138ed6f726e27ad076c1cae5865c71d95f03ee8ccbe46da506f125b0ec
assets/textures/tex_conquest_1806.png	43763	4e2aac39b554d386e0a042874d76561e5e9ad08cfdf7140713b0e394e09dd6ad
assets/textures/tex_conquest_1806@2x.png	152166	683c7b2f492057d4de75ce41e9a2bfc9c01cdec191d199ff7bd592eefe20a0cd
assets/textures/tex_conquest_1809.png	42099	11534179e02a8847848fc615e7a344cb00a077ef6e785ab2f132a3f1e6889b85
assets/textures/tex_conquest_1809@2x.png	153612	f42d3d8ce8bfaa548b1c13e70ab98a7ffa9388522a46090d507c6b663b03fe96
assets/textures/tex_conquest_1812.png	38100	be4c1f8a84222165b74bfc2caeac9416707d387f820deae3b8b900959719d5d5
assets/textures/tex_conquest_1812@2x.png	140433	8dc6f1f4d60355312ca5a5ca2bddbe7ebd7edd76f48d68b937ede316234a0e9d
assets/textures/tex_conquest_1815.png	42896	678148d6aadcefda8afeb4f99fb6b52b120e9b103392cf7597a903bc28027649
assets/textures/tex_conquest_1815@2x.png	155864	4b35517fd1444cf41233c1e8812208683a9407e3e32bfd34fb13f5e933587a4c
assets/textures/tex_victory.png	21432	75e77323b619859be68e7130ecfb83261aeae4775537dafda40b894f2c9d70f9
assets/textures/title_hd.png	99758	6efcf4342d404ca1a7da2cb9e58db3e119dfbf6b77f19e4614945abd57f78edf
assets/unit_anim_native/assets/army_armoredcar__attack_i0_all__0976b74164/manifest.json	8849	18674d74bcaa033f921b81d6bf728a128307b5f828d872d4d69c48a033d4b9de
assets/unit_anim_native/assets/army_armoredcar__attack_i0_all__0eef6f2356/manifest.json	10348	3e00ef5f3efd640f5d1e820cf55ca93d3920074f06815c0519d00f57a06d2509
assets/unit_anim_native/assets/army_armoredcar__attack_i0_all__31f966aa61/manifest.json	10252	45b6c7ae2e9a8dd01863e91c625817e72bc86988090081dd65305e2806fc64a7
assets/unit_anim_native/assets/army_armoredcar__attack_i0_all__3608ea6c4b/manifest.json	10255	13dc925b25333f96c34e43ea4ca1178d1392bfd57138f70e98c9de1eef251496
assets/unit_anim_native/assets/army_armoredcar__attack_i0_all__401705eda7/manifest.json	8849	5d912ff4c60e150411d3044b63df7f9886a4677eed172682733afa4ac2ee65b4
assets/unit_anim_native/assets/army_armoredcar__attack_i0_all__428705873f/manifest.json	10255	5651f0c10601c3e02e5d8855f0dda5077801b46d5435b6537cde808dc18e6d1f
assets/unit_anim_native/assets/army_armoredcar__attack_i0_all__42a4c1f388/manifest.json	10252	1cff37746cb8e992ba11a3c6e1afd1b839ff8d0beb01aa795cc5c5d9312be0fb
assets/unit_anim_native/assets/army_armoredcar__attack_i0_all__434b52d11c/manifest.json	8849	86925f5fe12921058156d232a13350102c90e91c3c6bf173226b19c0cf4ebb7c
assets/unit_anim_native/assets/army_armoredcar__attack_i0_all__4643893043/manifest.json	10252	1b9ffe34f5fec52d6af0cb7b68718094b1dc583d288a8b2f4b40a71dae9024aa
assets/unit_anim_native/assets/army_armoredcar__attack_i0_all__4ec1a44abd/manifest.json	8922	7be2b41c4420426e51f4aee8da88e180a0f4c64956ed93cfc034d5b416988d27
assets/unit_anim_native/assets/army_armoredcar__attack_i0_all__57e7748fd7/manifest.json	8849	631751d92cb8a1310a8c7a60b03e0587b7528e2a8611b194dbcc681b4099214b
assets/unit_anim_native/assets/army_armoredcar__attack_i0_all__5cb20f8af7/manifest.json	8922	2c11238e7cdd4be08887d594d64bff83bb66287c6f15650253aaafecb3fdcda7
assets/unit_anim_native/assets/army_armoredcar__attack_i0_all__5cc58e2fb7/manifest.json	8922	fd0b0e1eb69fcbbc0fc9fbd2ea05f62f01f71f519cf48de3f3bd5edcfcf90172
assets/unit_anim_native/assets/army_armoredcar__attack_i0_all__6205db7995/manifest.json	10245	511e31dcf936574a57f4fb1fe42d1139ed45a427e363056c892b9fba0f32ba86
assets/unit_anim_native/assets/army_armoredcar__attack_i0_all__6ef43fc369/manifest.json	10255	8e44fecfcd98a1900627ff132ecfcd0b76d134b9720d0bcd0ad25a56c41a9243
assets/unit_anim_native/assets/army_armoredcar__attack_i0_all__78900cfc9e/manifest.json	10358	cfdae198c408a78868e84fefc01c47131ec11710e807e950c88c2af06b46f8ca
assets/unit_anim_native/assets/army_armoredcar__attack_i0_all__81faa052a9/manifest.json	8849	da2e5b17577116ae65097afa192ec9563847c9320909cd0d7b4211f97d0bf6eb
assets/unit_anim_native/assets/army_armoredcar__attack_i0_all__84ff3e1c36/manifest.json	8849	33354d381f0ea020841738fd3c7f14680d1702165c710ee956d45156f76a63e0
assets/unit_anim_native/assets/army_armoredcar__attack_i0_all__8574b0ec3f/manifest.json	8918	ad2539470a74aec25d74b4cc63d9c239122f319a135887f1587b233a270d0a85
assets/unit_anim_native/assets/army_armoredcar__attack_i0_all__8620b72a6d/manifest.json	8922	ceefd43880a4e32d8b2d5efc089d7af6ffa7f2c299f05c61f458310d670bc837
assets/unit_anim_native/assets/army_armoredcar__attack_i0_all__86226330b1/manifest.json	8849	1dd56c3098ea81414ed98c9eac80a9c1203356080f690da0a8e17ee68d0143ad
assets/unit_anim_native/assets/army_armoredcar__attack_i0_all__8f380c6e1c/manifest.json	8922	8af6d765e584f759c61abf311126cb31299dda4d4f0a87993f3a7eeeb5d65d38
assets/unit_anim_native/assets/army_armoredcar__attack_i0_all__9996651c20/manifest.json	8922	670d5a341a26de6bf47e00751bbc584c08744cc7311e8a22b86f6ac0020641e0
assets/unit_anim_native/assets/army_armoredcar__attack_i0_all__9a298a78dc/manifest.json	10355	c9c74325cb2d4cad0dc7db9ec5eaecb9ff412829752210c49046dea73a552c11
assets/unit_anim_native/assets/army_armoredcar__attack_i0_all__9c6bbc3daf/manifest.json	10355	5d2b670216bbe18a68b39e5a71bb1010c3bbbacc38aba771f5333b3e0746b45b
assets/unit_anim_native/assets/army_armoredcar__attack_i0_all__b81e065e8f/manifest.json	8845	725d6b81945b9fc6899d2bc58cd9a3a8d811f72d28b1288dd9d47753e86bd3a6
assets/unit_anim_native/assets/army_armoredcar__attack_i0_all__c8318ff4a7/manifest.json	10249	2e9fc2ed7599a39e0dd4f500be5e677c569357e0a48b36807d01481b2fe5449c
assets/unit_anim_native/assets/army_armoredcar__attack_i0_all__c9fc27e091/manifest.json	10358	d14e769e623080f41cada48c0eb3447d277bd7cc5175002474a4bf775e0d160b
assets/unit_anim_native/assets/army_armoredcar__attack_i0_all__d05835984f/manifest.json	10355	fa63f710af79ada41a51dbe57797ab30629d7c8b8cecab1adc12034b2cb9ba46
assets/unit_anim_native/assets/army_armoredcar__attack_i0_all__d5a1d7aadd/manifest.json	10355	673ae123342dfd998e4699d72d8fdf56b2595e864eea8c4f6b314e340e80216f
assets/unit_anim_native/assets/army_armoredcar__attack_i0_all__d79a16f224/manifest.json	10352	a762f004d5a10154a0e5aa9b6e5adfed3efe5000ed4f6bb73afe53cd14aa1e0e
assets/unit_anim_native/assets/army_armoredcar__attack_i0_all__ddb5a1a0a0/manifest.json	10358	640fba9ce5f82e93686b2595969f2b95dc6e93cbb51b4c3346833cd04d0fbef2
assets/unit_anim_native/assets/army_armoredcar__attack_i0_all__e26ca407ee/manifest.json	8922	6c03919818cf603cbd55fae25228c4980a784af99b3294e9485fbf984124c76d
assets/unit_anim_native/assets/army_armoredcar__attack_i0_all__ed2ac18363/manifest.json	8849	cf52d95f95289cdca4b9057f959952018df65a9cf34eb1c1a0f2c0a332b63a16
assets/unit_anim_native/assets/army_armoredcar__attack_i0_all__f1981f9c15/manifest.json	10252	ac9d6f6722645293e2c3ae3d4ec69c8d3bfdb9859fde35dedf8f90e655b3e168
assets/unit_anim_native/assets/army_armoredcar__attack_i0_all__f8d7a1a555/manifest.json	8922	6a75e919ed474ea2b79ce2e76d4e50229361f1dbbd6d4db7bc00d8f3b8f7b72b
assets/unit_anim_native/assets/army_armoredcar__finish_i0_all__1c01c61b10/manifest.json	4127	a7d964f347885e22f3b68daced85fc31ca7534293d1fb9e6ca05d82fea130068
assets/unit_anim_native/assets/army_armoredcar__finish_i0_all__2c51ffdda9/manifest.json	4127	89cd5e34f0ca979346de5e2ef8c946203866ec4969c04b49edf99e2b489012b0
assets/unit_anim_native/assets/army_armoredcar__finish_i0_all__3780dcfc97/manifest.json	3794	c72d6a0a705929b2e005a8ffa6629cb8462f08b8484ba85077e1cddad63baf56
assets/unit_anim_native/assets/army_armoredcar__finish_i0_all__3ebe199f69/manifest.json	4127	03108cfe81610f1d1b37cb4a5f9b9cd4275dc6bc7a22f53764bfd2d932b9fdb2
assets/unit_anim_native/assets/army_armoredcar__finish_i0_all__41f6f38467/manifest.json	3794	033393985ec257c3d6c7820a83d0aee450951da53b24dca4f67a7b28026db99c
assets/unit_anim_native/assets/army_armoredcar__finish_i0_all__47f41ab9b9/manifest.json	3790	c89cff7d31cab209f5793c3ec030ecf28414ee441eb48df3bb6a9397f5bdfd7c
assets/unit_anim_native/assets/army_armoredcar__finish_i0_all__56198ac6fa/manifest.json	3794	f81b9f215c45c34806b276ad40f3f234b81f3c09afef533fcd5c2eae383a2b1b
assets/unit_anim_native/assets/army_armoredcar__finish_i0_all__6113a34031/manifest.json	3794	eeb460ff6a6fdd0a8ae406934f1ad70ac1aa6935d90887c4b6f28efc65c7b239
assets/unit_anim_native/assets/army_armoredcar__finish_i0_all__674738c449/manifest.json	3794	ce19ca261e80d5f43607509fe11c0ea85d6450f13241f2ba804d055b3ca57e78
assets/unit_anim_native/assets/army_armoredcar__finish_i0_all__7bd1df09ce/manifest.json	4123	f0e901afd7309be965f79fc26f142d160fa5a2bf56e85ed560faba983ac184f1
assets/unit_anim_native/assets/army_armoredcar__finish_i0_all__7ecf6d69e2/manifest.json	4127	f70b66b1694e320e240c9c26d40f4b2a66ee1da9fe7c37b3aa4dbe094be8bb63
assets/unit_anim_native/assets/army_armoredcar__finish_i0_all__822b40b75b/manifest.json	4127	8eb8e71998059a5f22ed11be5e5c7e8f5f3aa089322a3e3871f103e987336ca9
assets/unit_anim_native/assets/army_armoredcar__finish_i0_all__a03d1ad312/manifest.json	4127	9d27e3673659b320fba30808491cd116d32f6735494deecc9949229af20fae59
assets/unit_anim_native/assets/army_armoredcar__finish_i0_all__aafff74f87/manifest.json	4126	3ee0eece706e837c2ba0f4590e22dca6b0d4b5262e5ccf2b647ce1b9069047a3
assets/unit_anim_native/assets/army_armoredcar__finish_i0_all__b0bb6d6caf/manifest.json	3794	3ddf299a6b5e9777a5415b948b3ecc4841199d7cd6447465c590dc4a5c077ca0
assets/unit_anim_native/assets/army_armoredcar__finish_i0_all__b12422eb16/manifest.json	3794	fe44bd2e5e1c21b340e311089f25c70b09eacca9ba2f0e987dbbba2dc9f53470
assets/unit_anim_native/assets/army_armoredcar__finish_i0_all__b9d07b32b9/manifest.json	4127	6c382400cc0350b817e66a4f6d236fe1dda7c369e46d6ee3faa31604ea107ed9
assets/unit_anim_native/assets/army_armoredcar__finish_i0_all__bd9f819944/manifest.json	3794	5290b7f2a18dc0b86b6fdb7bb84e5218106f0861c6d5ad78f8f89401df78a245
assets/unit_anim_native/assets/army_armoredcar__ready_i0_all__1534ddc98d/manifest.json	2056	7545f0557270dd0b427fdbf2b22239e22ff7232b7fcc751721cae35b28099b0d
assets/unit_anim_native/assets/army_armoredcar__ready_i0_all__1e19696ab7/manifest.json	2999	514bd186c41b3c06f5f0dc7738f87632bb702b91403f48404212879825198335
assets/unit_anim_native/assets/army_armoredcar__ready_i0_all__1fe60404d7/manifest.json	2995	8e129991b9631566ad28f19dd8e87c5128caf514a6698cae5d5b963028e58e4c
assets/unit_anim_native/assets/army_armoredcar__ready_i0_all__2d8b2ac121/manifest.json	2082	5cd70471c53f5409d67c7bc25cefa061d1a5ed93da98f8bcc0ac0561e6c7cb86
assets/unit_anim_native/assets/army_armoredcar__ready_i0_all__35a51a6ef9/manifest.json	2999	6b82904bbe5daf8f2739f1a0924136124943bc42e0af0b595800d02a8f9e6f46
assets/unit_anim_native/assets/army_armoredcar__ready_i0_all__3704ce1825/manifest.json	2986	55a052e9a609ec58d1220f466f3c953f2c4dcc01c8b14743d284c640b2672e02
assets/unit_anim_native/assets/army_armoredcar__ready_i0_all__388fd1d02f/manifest.json	2986	e284469d30542a8d2161a86914984378ef22d265e54e3085f4a88c9bbd1b6f50
assets/unit_anim_native/assets/army_armoredcar__ready_i0_all__4083194e12/manifest.json	2986	2c1b82b144211c25fcfc9208d014c4f6078139111b94f0f2e6a1d576e1ca901a
assets/unit_anim_native/assets/army_armoredcar__ready_i0_all__54c80219ec/manifest.json	2085	af90d3379abad5409d881009ac5c15f6e111808a929e5002148b63a6669285f3
assets/unit_anim_native/assets/army_armoredcar__ready_i0_all__59e5b37fcf/manifest.json	2052	efe82fb393fe81badd841ca4171884c47b5de5d6e2df1dbfefe8aea031a6a7f1
assets/unit_anim_native/assets/army_armoredcar__ready_i0_all__5b1c3ce2ce/manifest.json	2059	2f27e39b444de91738758848f73f967966b40ece743452d127600a23a34393b6
assets/unit_anim_native/assets/army_armoredcar__ready_i0_all__640f6e4009/manifest.json	2999	911b76ebc7763b8739aa98924506182efab3d41fdc6d2612049e726c94a390da
assets/unit_anim_native/assets/army_armoredcar__ready_i0_all__68778f8d38/manifest.json	2082	7ccd838bc4b5c27bd3cf4bcb74838d1b004bc983402d65c3c40f81c4984d05fd
assets/unit_anim_native/assets/army_armoredcar__ready_i0_all__68b024dec0/manifest.json	2085	ecf9ea389305b1d809bb2a15436884ff31a16c3424a12095d5186ba9a563eae0
assets/unit_anim_native/assets/army_armoredcar__ready_i0_all__71a2493abd/manifest.json	2986	661597c8d76969e40c5df5254a5743a7ee61138909173bd0a807b123e06d5cdd
assets/unit_anim_native/assets/army_armoredcar__ready_i0_all__799ffbc1a0/manifest.json	2986	0431e9c7bee1a55012543444946b10b87b99c5aceb605275345da30ed415df5a
assets/unit_anim_native/assets/army_armoredcar__ready_i0_all__7d2897f336/manifest.json	2082	c9021abcf42c0aef956ac7d579a121297f477d764a62ded30f9a3ca969949801
assets/unit_anim_native/assets/army_armoredcar__ready_i0_all__7e512a30f3/manifest.json	2062	ddbddbcc44b397e08eb3aa100a8048ee15cbb6eecd55155d8423e15535d02a89
assets/unit_anim_native/assets/army_armoredcar__ready_i0_all__82c6f6b8b4/manifest.json	2059	897be74759d5074f69cda2de7f3e2f355c9f28ac78e8af3eba3d87512ae2b05e
assets/unit_anim_native/assets/army_armoredcar__ready_i0_all__853d8e55aa/manifest.json	2991	d70ab7fea737793e4f49fff3253be248b4557e24f676050678593a1b522ad8db
assets/unit_anim_native/assets/army_armoredcar__ready_i0_all__89512d6951/manifest.json	2999	79e926eda1bc5341b8d749663091bde7a445fc014f5d5031eebbbdd0f3defa3b
assets/unit_anim_native/assets/army_armoredcar__ready_i0_all__8b3c11d8dd/manifest.json	2085	924b4d1eace62aa90e3a717e5e0326d2201088a0e02e7b670ed26995c290a64c
assets/unit_anim_native/assets/army_armoredcar__ready_i0_all__8e7b54af83/manifest.json	2999	c516ed309e5ca07f3491ef7522a2b98e9a21d93389d2fb4f65aed914bec71e4c
assets/unit_anim_native/assets/army_armoredcar__ready_i0_all__96f2417de0/manifest.json	2999	90c85e8b92866379dcd5cdbf99483d45cbd0b9d1f6b7f99f691a31122bbc099f
assets/unit_anim_native/assets/army_armoredcar__ready_i0_all__ad33326215/manifest.json	2986	0ea469f7ed7a0d9e3ed340e41596ab85aa5d8910921da3e09e6458ab3998b9c1
assets/unit_anim_native/assets/army_armoredcar__ready_i0_all__ad8d7be4ef/manifest.json	2986	36464ece74ba02f46af6ddd86bd4ade45c78ef5971c045868e93351c01496d1f
assets/unit_anim_native/assets/army_armoredcar__ready_i0_all__c55c77fd18/manifest.json	2059	3778b3e32a32acf3bb36c06ac5b74e8112d1cb6bd1133e13d183995b7c1f44ad
assets/unit_anim_native/assets/army_armoredcar__ready_i0_all__c80405c641/manifest.json	2062	655bd4aaa1fa40827062e87f979a221a77dbc4eaa997f9d0251fbed06bc8d415
assets/unit_anim_native/assets/army_armoredcar__ready_i0_all__ca062f6d55/manifest.json	2075	579a2a5cb068393d6f943147a45e15e83f02dce3c304d0a6f02eccf2aab86d01
assets/unit_anim_native/assets/army_armoredcar__ready_i0_all__cd9c08de80/manifest.json	2082	de00c878ba0ca0a25b2aa316b72c05404b018ecc57b1e75b803bba32d884a147
assets/unit_anim_native/assets/army_armoredcar__ready_i0_all__d8d2260cb0/manifest.json	2995	008abd58efbdc5a4943785315814a69edd08268caa85c72aa61140ff57ee71b6
assets/unit_anim_native/assets/army_armoredcar__ready_i0_all__e0845c3a57/manifest.json	2999	83542d023a0e25f4b4c3440e328ec3f22527d77d82f82b8bb0edb78cd6cf6cef
assets/unit_anim_native/assets/army_armoredcar__ready_i0_all__e28e06e1df/manifest.json	2059	b2ea474381c8c37e04f494c3eab96b1cfc265b88f6a26b84353623ad5647c7db
assets/unit_anim_native/assets/army_armoredcar__ready_i0_all__ebdfbd9f4f/manifest.json	2079	b8d3050697ac21de9361eae810c01c2b5e904736be93bef9c12faa2b81d957cf
assets/unit_anim_native/assets/army_armoredcar__ready_i0_all__f64911bbf1/manifest.json	2062	7ce3b73f54f7d975399eef61d60cee15198b8020428a60e76c7add99bd3022a1
assets/unit_anim_native/assets/army_armoredcar__ready_i0_all__f833440b71/manifest.json	2982	f09286d4ed6678cf6d2b80ca51f2b31fa26ca50e44b08922205648823df5f88d
assets/unit_anim_native/assets/army_artillery__attack_i0_all__0134b0adf8/manifest.json	8109	496b2b496a3a685313b34913abf2fe46fe4180318c9d413f0084a02100a5d162
assets/unit_anim_native/assets/army_artillery__attack_i0_all__03a976b202/manifest.json	8087	f31befa896ea321592245543baf58b0a7d8abbaa978b1aee9fbd6afad3e1cef1
assets/unit_anim_native/assets/army_artillery__attack_i0_all__128e9eefb9/manifest.json	8072	070ee7cf174438693424d0ec19f1a060ec54056f58083882b4c101adf0ccf2f6
assets/unit_anim_native/assets/army_artillery__attack_i0_all__13abf3841f/manifest.json	8075	d3549bf39f6d0ba98029094dcc35dea7b260d26cc271d13993c0a7e5a724efd7
assets/unit_anim_native/assets/army_artillery__attack_i0_all__15fe222e74/manifest.json	8012	40923488d1dd020273d86bcae869e3bcb86dd3c63d6ed09e1540dd6ff1397609
assets/unit_anim_native/assets/army_artillery__attack_i0_all__2655e7dee6/manifest.json	8076	d51dc2bb14d42d085f7e3321ea382d8031c58d423529f76680849c8e095e0e0b
assets/unit_anim_native/assets/army_artillery__attack_i0_all__2b892e21f0/manifest.json	8072	94dbe5a4c0ae880cc1f7fc3121790074310d3d4f64ecbb4ea91dcf1050ac458c
assets/unit_anim_native/assets/army_artillery__attack_i0_all__3434411a57/manifest.json	8071	e8b46337b2e75017236aea5154f5663a7c4f48ba71244c9b145c137a554ac68e
assets/unit_anim_native/assets/army_artillery__attack_i0_all__3ac0736800/manifest.json	8076	01e12abb446c2e97015e1732ce79158da6364c1c17d6242379fa59c351088fde
assets/unit_anim_native/assets/army_artillery__attack_i0_all__4ed1e02d3e/manifest.json	8008	646d6dcac33a3244b1c90fc8b56a43222e2d39dae2732b60b15a4f5a8d5c65d0
assets/unit_anim_native/assets/army_artillery__attack_i0_all__5065c8d0f0/manifest.json	8076	ef138bbd51462644c3fbe8d88031ba68515235f6d8782156c29176167fc48872
assets/unit_anim_native/assets/army_artillery__attack_i0_all__52484a9df3/manifest.json	8012	368c7747051fad2d6a8b07fe7057b55973fae3309f0b5d36d1bdc7de0fa49bb3
assets/unit_anim_native/assets/army_artillery__attack_i0_all__5320c5da68/manifest.json	8075	8d2890bca948238cfc791a78f229fbb1b28e92b8a27b0b9e3806b04f5ef02da3
assets/unit_anim_native/assets/army_artillery__attack_i0_all__5bf41ed5d3/manifest.json	8092	a9b027b72dce98aa3d5459fc933dea17d298a48dbef80a02c02d0f610fc8fd66
assets/unit_anim_native/assets/army_artillery__attack_i0_all__5c5d0f4463/manifest.json	8075	346c428ba9c33715cf074d165f3c32e56706d5ff5c5e13d93ac52d173f66f7c3
assets/unit_anim_native/assets/army_artillery__attack_i0_all__60b42049f8/manifest.json	8105	11283780b0cfe3c4918df52d45abb361f1bd215aaa133057413116d05b20a661
assets/unit_anim_native/assets/army_artillery__attack_i0_all__679bcbf7ae/manifest.json	8083	d9213066c24161e78871a47d30eddc0c689a5ec948b60605145cf670e8a64687
assets/unit_anim_native/assets/army_artillery__attack_i0_all__6c810cf7cb/manifest.json	8068	d8d01f45bb813ee913c0324e714012adbb7070d0a62f6740039bee68b888021a
assets/unit_anim_native/assets/army_artillery__attack_i0_all__6ffa6fcbb0/manifest.json	8087	f4adfc999854841f33e31a34822c0b7557adee1b0c60f717dffacc948fbf42ab
assets/unit_anim_native/assets/army_artillery__attack_i0_all__785ac17538/manifest.json	8087	25faf271d891b49dfdfc00ebd3fb91d60195c3949473c1dab34791dbca20a9b8
assets/unit_anim_native/assets/army_artillery__attack_i0_all__792c27cbb0/manifest.json	8109	fc790d91fc6bb9910c87a3e685b69c6aa4b5b45bdae75dcc2bbac4ce27c8bdd2
assets/unit_anim_native/assets/army_artillery__attack_i0_all__867ff54136/manifest.json	8091	d2b5bd8f1ce1ac4e5a6f1973ba60dd531905d003e9395e25330b9fb225367f17
assets/unit_anim_native/assets/army_artillery__attack_i0_all__97eb9ce774/manifest.json	8092	8a8b0db3eb89d925fdb26813b0e089f1ed3012ebd1c7d97b68a65b3c0ab5bf07
assets/unit_anim_native/assets/army_artillery__attack_i0_all__a2c1d4c661/manifest.json	8075	da4bd7880b72e122cdb1160063e1aeaf0a507b7f664645c504919badf6d41e90
assets/unit_anim_native/assets/army_artillery__attack_i0_all__a3ab440da6/manifest.json	8072	f58d885ad851b5e965e7b1f5a63387140574cfc2b99530d468620b22bf6dc91d
assets/unit_anim_native/assets/army_artillery__attack_i0_all__a5a9a097d9/manifest.json	8012	813a678aa3c96c800ea8bfd8b603f15c045c088738c9a84e83fba1d48303c1da
assets/unit_anim_native/assets/army_artillery__attack_i0_all__ac605849f7/manifest.json	8076	cd80ae95d9ac25fe78403ce1cb03eec5a6cb396edd159d59d60042d31610fe5a
assets/unit_anim_native/assets/army_artillery__attack_i0_all__af59b57934/manifest.json	8079	5a96042b8ecc38b9078b4e95f8ea93863340a8869c8bf7975b7ef5aca9959972
assets/unit_anim_native/assets/army_artillery__attack_i0_all__b1b7782001/manifest.json	8068	3534d3a9753a360f52d0a09fdd0fac1fe0488ca43f759950a62329575c1220c8
assets/unit_anim_native/assets/army_artillery__attack_i0_all__b6d5425128/manifest.json	8072	564943997ca02eb52d4b972a46eac097f461f2ea4c20b56e530c02465dc42162
assets/unit_anim_native/assets/army_artillery__attack_i0_all__b92ed1887d/manifest.json	8092	4cfc749b48485605e4df631317063b549b85cf6abe97abda1c52763f9090142b
assets/unit_anim_native/assets/army_artillery__attack_i0_all__bd31a27240/manifest.json	8109	ebe4b516e329552e20f4a1abe6e56774ff5bf839a7f60bba019fb966d9ece24a
assets/unit_anim_native/assets/army_artillery__attack_i0_all__ccfffc98e2/manifest.json	8087	df7e2009cb2a6b468ec8b273ab79cf606f984ed0f9d2520757e462932ecd5f41
assets/unit_anim_native/assets/army_artillery__attack_i0_all__d84f0229d7/manifest.json	8083	94334c9d9a64130a84889dea5fef192b35104f95417dbc56ba47b7a52616e4eb
assets/unit_anim_native/assets/army_artillery__attack_i0_all__e3e3e65544/manifest.json	8012	5fe7cac1520d412cb1b0c5deef98b95ee55b7024c2cd8c2714607be9f345f239
assets/unit_anim_native/assets/army_artillery__attack_i0_all__e80f5a1915/manifest.json	8109	9a7852f9a3082d0fa004f38a7ed912419002c115e24fb1e0e27c544554ba551b
assets/unit_anim_native/assets/army_artillery__attack_i0_all__e9f07e3921/manifest.json	8083	9c248fb24fe5926723975f14d355d79bf55ddd030f6701d64d6bc46540cf9cb6
assets/unit_anim_native/assets/army_artillery__attack_i0_all__ea2fc124fc/manifest.json	8087	6c4cafbea538f4d04490c0bda9dd1f34f82cda246d1950ff37b5aaf997aed944
assets/unit_anim_native/assets/army_artillery__attack_i0_all__ec002e99fa/manifest.json	8072	4c58c784161bedf7dc677e68784f19fd2dce4d469bbe5561bb82cc3401bf1063
assets/unit_anim_native/assets/army_artillery__attack_i0_all__ee3b1cba38/manifest.json	8083	04b659cf04809da277564794a01fb1ec181733e7c28638354db6b10563153729
assets/unit_anim_native/assets/army_artillery__finish_i0_all__0145350fa7/manifest.json	5188	bc69e9ddd8245d48d056cba64b178091eba601da2aaeed60ee722efdbccd8186
assets/unit_anim_native/assets/army_artillery__finish_i0_all__04725d14f1/manifest.json	5188	4bcb5d644c48eeebbb3437c9317beca6172a6792bfae9348a2433a68196d7164
assets/unit_anim_native/assets/army_artillery__finish_i0_all__04e56bece9/manifest.json	5156	2d532377376073ea61330255537476b0091ccc8549181b913a00a3818ca99b5b
assets/unit_anim_native/assets/army_artillery__finish_i0_all__064eefec69/manifest.json	7433	650debb1123705610388d81c7b8c85650673a8a9a7641f792734377a40c3c2fc
assets/unit_anim_native/assets/army_artillery__finish_i0_all__0d25bce44f/manifest.json	7434	2fb48d81b1400b6dbc94a96777ab48198ff8ed1340553a097745ac1c823c1b8a
assets/unit_anim_native/assets/army_artillery__finish_i0_all__0d33ab0922/manifest.json	5184	15cbe42e7f29adfbed4ae0058fa9615748280c89db5149b380d06000e3216a96
assets/unit_anim_native/assets/army_artillery__finish_i0_all__1975b4650b/manifest.json	5158	84e78a628f5f3b6a0cab04a1644935b90a7eb54d3b40e72831ac16d349690ee7
assets/unit_anim_native/assets/army_artillery__finish_i0_all__1ca9a00459/manifest.json	7528	f3f3a3ec77dead6fc6a8632dbc4ad00053e7c65f7b19cea9e39c71b3ba51ee27
assets/unit_anim_native/assets/army_artillery__finish_i0_all__1d271c521f/manifest.json	7434	9f2dac09b9aeb28531a40f66f0e10925926302e0d93a16c54add9cce939f5179
assets/unit_anim_native/assets/army_artillery__finish_i0_all__238c379e5e/manifest.json	7529	dbd481fd4314eaed27497d0d4058d30c6c02d5e3326f799ede0760043cc7cb71
assets/unit_anim_native/assets/army_artillery__finish_i0_all__2850875748/manifest.json	5154	f0f8478825bc903eae3b8a5d706229f218fe93b51127fd0b0cb1953a39369bf0
assets/unit_anim_native/assets/army_artillery__finish_i0_all__2a9209e2d7/manifest.json	5157	729a44eee5df2ba4ecfdf71868785a17c89342bb3e96dec7d46345728c2d9f55
assets/unit_anim_native/assets/army_artillery__finish_i0_all__401df769a9/manifest.json	5202	201e76ecec92e8bbb63ff2452d16844d63e1674c09873a07e9da7829411061ce
assets/unit_anim_native/assets/army_artillery__finish_i0_all__40bd9dc5e0/manifest.json	5188	e14a236b776bf26ea0ae7290e2c124999ee41a1f77e268e481fdae4ac9882e40
assets/unit_anim_native/assets/army_artillery__finish_i0_all__4b95426415/manifest.json	5161	c3f7dec1e7c7a95f98852a428b0357c82bb5653c7387d1338a1f4b0509cb94cd
assets/unit_anim_native/assets/army_artillery__finish_i0_all__697148d3a7/manifest.json	5202	7b38516fbd29809a3e4a691f143a3ab90ff4253ca0a5d7b5387a1f933b25f0b0
assets/unit_anim_native/assets/army_artillery__finish_i0_all__6d159dee9e/manifest.json	5198	1c4bfd7864a708edc148fd15814f575e2613d9b8d6a45981c4a18ab75015b241
assets/unit_anim_native/assets/army_artillery__finish_i0_all__74cf812ac0/manifest.json	5202	e11d3cb8eafb9f21990ece3b98d0a1db0dc582d9b34d3e976cb172158ebaf12c
assets/unit_anim_native/assets/army_artillery__finish_i0_all__86b7c82c12/manifest.json	5202	ce107b0f14e662c08ed6c9108bedde3a073e7be083981cc4ba16809277cf3c97
assets/unit_anim_native/assets/army_artillery__finish_i0_all__89a161d047/manifest.json	5157	babde6d2cda62a155bdee117295f0a43b6de44557299b97d69ed43ec2ddb1a08
assets/unit_anim_native/assets/army_artillery__finish_i0_all__89edfb23b2/manifest.json	5152	56bed15736fb4a632f98f45729ef20bada33f334e1665bee28b9c413c0a59082
assets/unit_anim_native/assets/army_artillery__finish_i0_all__9c469891b6/manifest.json	5158	93e2159d1df7ab832a93bc962ef91ca41830d8f4fdcc04f6fca84279758cd0b6
assets/unit_anim_native/assets/army_artillery__finish_i0_all__9d6019f5ff/manifest.json	7429	64b49746b9a14685bfadcc7751f77914804f6c892f3c1d6a2c3c26fa4f2e3427
assets/unit_anim_native/assets/army_artillery__finish_i0_all__a385e1882b/manifest.json	5188	a85b45930c64e8079f842d4430b2fde9a2ac59ebdac37e6e6a579c66911bc57d
assets/unit_anim_native/assets/army_artillery__finish_i0_all__bc14fb0288/manifest.json	7527	cee79fcf832c47e8c6680298b554909d75644549dbce263534a4c68290d847be
assets/unit_anim_native/assets/army_artillery__finish_i0_all__be209c13ef/manifest.json	5158	b0f9bd12bf42a873bcedb4b373b0ff63aa21ecbce58193e0a1aefc312f02e882
assets/unit_anim_native/assets/army_artillery__finish_i0_all__cd55a2fbba/manifest.json	5157	530b2da8a63f5230a0c0fbca3f876bb07876f5aca0d521fdda24a40619bd242a
assets/unit_anim_native/assets/army_artillery__finish_i0_all__e3aa38a0e2/manifest.json	7523	4a6a22c928ed51e6b55b18d4cb26a8c95ad2d724ec09e00d16b036d50290359f
assets/unit_anim_native/assets/army_artillery__finish_i0_all__ea0a4e90d6/manifest.json	7433	a06e34348c4f634e2fd08745e4a867573add51d1d5910aa9eeca6f983cbd00d1
assets/unit_anim_native/assets/army_artillery__finish_i0_all__f0d43d839f/manifest.json	7528	e4f82ffd4fd69f6598d7a2c4108752345c1096c5c16e9af29b775884c5091662
assets/unit_anim_native/assets/army_artillery__ready_i0_all__00996416fb/manifest.json	1866	7469c8e78bafd556dc44500fed698338436d4ad4279330a871568476de867b3e
assets/unit_anim_native/assets/army_artillery__ready_i0_all__00ebe9f88e/manifest.json	1867	5547f2da0751a2baeefb759a1c16f293bb77bbd15dc27443c44a60377795d9f3
assets/unit_anim_native/assets/army_artillery__ready_i0_all__0416b7a9aa/manifest.json	1851	7bcca95bda08613cd2ff2fd6b4cdee685c1e1ada08c41f6c5e42257f16f6e72c
assets/unit_anim_native/assets/army_artillery__ready_i0_all__0a8b4b39e6/manifest.json	1867	d98b3a891acc846763e527d581c072447969059e4f133372c00299e25ce26d32
assets/unit_anim_native/assets/army_artillery__ready_i0_all__1f979a26f3/manifest.json	1713	0401a39f47e57935fc7b3d274be346ece1184123c32bc3305c23bce4552679a4
assets/unit_anim_native/assets/army_artillery__ready_i0_all__27e5a549ed/manifest.json	1709	13f2e98cc7fcb3ddc94317815e843632a9dd77f36116590adffdcd5e90e77eac
assets/unit_anim_native/assets/army_artillery__ready_i0_all__2ab6778c04/manifest.json	1863	e8fd6a8cba5d37b8816cec26b56159e0588548dc4c00647c109fb6b748ed1d3d
assets/unit_anim_native/assets/army_artillery__ready_i0_all__2ae5efb233/manifest.json	1855	0188b5d69727b4009e1bae2ed5336ddffe6708f1ba1b19d65cff5ccf3c99e0f9
assets/unit_anim_native/assets/army_artillery__ready_i0_all__2d4496e603/manifest.json	1855	6059347fb947b0eac536b3a2676abfadb8189953d44b28fd9dad4a84b93334d5
assets/unit_anim_native/assets/army_artillery__ready_i0_all__35f02becaf/manifest.json	1866	3e698d44266f9079036d1146f79bbdfadc6043988dbef382d9b0d0d629cadb76
assets/unit_anim_native/assets/army_artillery__ready_i0_all__36aec9cd60/manifest.json	1858	8f45bdb77051d31107fb81a50f1a0779b9b268783cbc8dc2090b62724b7c5da1
assets/unit_anim_native/assets/army_artillery__ready_i0_all__3e010422be/manifest.json	1861	17ec9771eb3548f8578227a8b945a1f824c2c33f196c2f6f0fe0de24a19280db
assets/unit_anim_native/assets/army_artillery__ready_i0_all__40b33d430a/manifest.json	1855	7e095f1064f177f8bcd029a828ca8322ae868d743d2c9cc99e47466d17431486
assets/unit_anim_native/assets/army_artillery__ready_i0_all__44167445b1/manifest.json	1854	94238c739ba5e2cec922e1733840be3661c7e2ec8e1c2dd76d419c8d71400981
assets/unit_anim_native/assets/army_artillery__ready_i0_all__45b8cb162f/manifest.json	1843	a6c81e7b87b8f1c80a8905cfda3248c4be1cc136fa8cbd02489142aa6b60a71b
assets/unit_anim_native/assets/army_artillery__ready_i0_all__49920bd8a0/manifest.json	1865	3b6e658e435e7d27969749b2e49dd0c614e6cc85fd07d2806d0447af4b5b1b27
assets/unit_anim_native/assets/army_artillery__ready_i0_all__49f3dfa8de/manifest.json	1858	5559cd6c358fc460c9950b6b20790141d4f698f8b77560eef6f6e69b2b0f5e91
assets/unit_anim_native/assets/army_artillery__ready_i0_all__5225d9222f/manifest.json	1864	c536f38f9e83cdde800e391239008d7d8f064cd8e623112f255ded8d63a8cdab
assets/unit_anim_native/assets/army_artillery__ready_i0_all__535aaf379f/manifest.json	1847	8048a97b3c11842c3d875b7c1e341e9632a219028bc0e9691663aef8145fdecc
assets/unit_anim_native/assets/army_artillery__ready_i0_all__6bd59889c4/manifest.json	1860	768e98f7e00aa05b345e42b952a9873974360047aa85674f68bf88370a10bcda
assets/unit_anim_native/assets/army_artillery__ready_i0_all__7e76f997eb/manifest.json	1713	52a00fa422f7def4d72003d8bea24eddba0016b7279d62139d5fb2baf0c61bbf
assets/unit_anim_native/assets/army_artillery__ready_i0_all__88d62e1b4b/manifest.json	1855	021252a7f780e6e49a65a8dd266e4ea84f75b15d062815b2a107dd048f6744e8
assets/unit_anim_native/assets/army_artillery__ready_i0_all__8b861cc674/manifest.json	1858	70781996f2338cb1197ecd2983f97a47e8bd02a14e3860da035372156d94c41f
assets/unit_anim_native/assets/army_artillery__ready_i0_all__9db6047278/manifest.json	1713	ec6308ef0273dd18af0c0e20a0134322752ee14e8f0036b53aea181790c6d059
assets/unit_anim_native/assets/army_artillery__ready_i0_all__a02366c998/manifest.json	1713	f27a4a849e8038696197c75a6e1ed44728905e9de2e70ed4a083008501c7191f
assets/unit_anim_native/assets/army_artillery__ready_i0_all__a6fdecb1da/manifest.json	1713	13196a71aae18997d87e70943c819383a13493772d77f33a8a3e5abc912255d7
assets/unit_anim_native/assets/army_artillery__ready_i0_all__a73cf10005/manifest.json	1709	3ae2288ec649b579e58292eef7d3cb5e502053d1d8ce0cd94259d14c1267261c
assets/unit_anim_native/assets/army_artillery__ready_i0_all__a84fd6702e/manifest.json	1847	d851213980ecd7297c1e854247dc1c3561fd79ad43189219c585bc61a667c36f
assets/unit_anim_native/assets/army_artillery__ready_i0_all__ac33d3b852/manifest.json	1864	754e440812632bf92d1329acb1ac039b1e9b72d2b37060f10b359d40b7f422a6
assets/unit_anim_native/assets/army_artillery__ready_i0_all__b73a9500e0/manifest.json	1713	aba52e0bc81864d2aa36d38c92d9906d42f9fd218231748eb24a63d2c1da03cb
assets/unit_anim_native/assets/army_artillery__ready_i0_all__be959175a2/manifest.json	1713	8e4d3466b2094bc64b98e6418eb2dacc1d143e89e19cb0af3def10cfcec38262
assets/unit_anim_native/assets/army_artillery__ready_i0_all__c180caf1e1/manifest.json	1864	72e08110837c7b0b39b792d2502358c0e7da9665f9d0e2de4a450d05e7ce6711
assets/unit_anim_native/assets/army_artillery__ready_i0_all__d8057fbf0e/manifest.json	1847	0bffe0c2e0c669c4a71a1e4e89e0aa0578330a8fe49de3db4138603907536da8
assets/unit_anim_native/assets/army_artillery__ready_i0_all__d8ac609c73/manifest.json	1713	969d01834a4314bf5b9875dd7ee81efa69fea44f44cb7268d0a94a7c32ebcf73
assets/unit_anim_native/assets/army_artillery__ready_i0_all__e181ae362a/manifest.json	1847	bbee925975dac97dc6694399329d0b4f558a508905ae3bed342c199cfbd2484b
assets/unit_anim_native/assets/army_artillery__ready_i0_all__e9122e865e/manifest.json	1867	c0eeba91bd43ccd7f8fa799cb6f7de21aa2c641386993241fe8461fed98da776
assets/unit_anim_native/assets/army_artillery__ready_i0_all__edcd652246/manifest.json	1867	d1cd0a410f6487c59776de075b1ce8bb93dde3a20c5bdd9e9d84fd9662bb36b4
assets/unit_anim_native/assets/army_artillery__ready_i0_all__f298cc8273/manifest.json	1864	bc47749e2231dcf235dd3e7bb61368721a87c4980a7519315efbc2d8067328ab
assets/unit_anim_native/assets/army_artillery__ready_i0_all__f45d8160a6/manifest.json	1858	75e7932c689aa266b519fe31e05084bf91776e9084d8e5386ad7d8fbe63e0875
assets/unit_anim_native/assets/army_artillery__ready_i0_all__fd7081f900/manifest.json	1866	74bbefb8dde85d198ea774744da8dc9a6b5f34e9153df7624a84efc3ab450978
assets/unit_anim_native/assets/army_artillery__reload_i0_all__076afceba3/manifest.json	7553	b7a2bdc3bc787e79db1f96d80c538d7d0a9f923aa499d049379d133fe583efaf
assets/unit_anim_native/assets/army_artillery__reload_i0_all__09b9924b08/manifest.json	5717	23e4d7a33c88355c0239dad76543919af0326cc4a1200d33943e04aac2186a05
assets/unit_anim_native/assets/army_artillery__reload_i0_all__2669924930/manifest.json	8518	e012d202af0690972bfa8671a6bfaa4ae962ff0c7d7fef33919604e177c4a652
assets/unit_anim_native/assets/army_artillery__reload_i0_all__26a5bf1c1b/manifest.json	7525	b49fcb6c0885b75e553f43c09fded1e1f3ed95c4d3f22c9c85905645a34d0995
assets/unit_anim_native/assets/army_artillery__reload_i0_all__36bfe97092/manifest.json	5717	3e489c3db3719b869bf1fd2afc545da956198782ec91f04209593918ccd92e74
assets/unit_anim_native/assets/army_artillery__reload_i0_all__3e097c0c79/manifest.json	7525	7b45c58d537f58ec1c4873a45478f763833b203d1e216d5de2602a6e2876a57e
assets/unit_anim_native/assets/army_artillery__reload_i0_all__48c035ea0e/manifest.json	8514	81c4bb068e097d71752d716bd0fe4299e49c2c831c70be0294a4e64afe73a810
assets/unit_anim_native/assets/army_artillery__reload_i0_all__64271bacd1/manifest.json	7536	a0f094e200db0b566e29eaabd0d6855a0265fc3379501ef6c81d5219cbab55a4
assets/unit_anim_native/assets/army_artillery__reload_i0_all__6653bfc3ee/manifest.json	7536	04bdf7e8b65aef36cb84e5ff31f404cac8058c20bc60b2c8ee87df30713a85ea
assets/unit_anim_native/assets/army_artillery__reload_i0_all__69d7765227/manifest.json	7521	e815dd56d3ddbff41d809d676b4f6f98b0045b309f98ad29a26e9ae58d15cfb3
assets/unit_anim_native/assets/army_artillery__reload_i0_all__7ed724ef72/manifest.json	7553	8d226572326af22a3296eb5806275b1011b7097e11635b3a2ed7e3d5c18b7b9a
assets/unit_anim_native/assets/army_artillery__reload_i0_all__8599a79a83/manifest.json	7542	f7f712d0e6888466062def3c65c174cd2a817eb31d264a1ecc497797ea281bd3
assets/unit_anim_native/assets/army_artillery__reload_i0_all__87ffee0f70/manifest.json	8518	68271e9d4f7b4b2ec7f502e78b21253db9fa3a37d7a00197ce839f33dc5c769f
assets/unit_anim_native/assets/army_artillery__reload_i0_all__8c6f85732c/manifest.json	5713	27f1e5b0043e30407dbb49111af0cf42795d6282cfbe1b1914f456b505b7f66f
assets/unit_anim_native/assets/army_artillery__reload_i0_all__90bd9391bf/manifest.json	7525	1749739776298c2fadd4be730f54ad4c84c6f4c5d1a4d14e54abb530ee261f54
assets/unit_anim_native/assets/army_artillery__reload_i0_all__93a5f7c5cb/manifest.json	7553	22257f1ab8a79df72109cd39bfc9d0d73897b29a343798b3f214491b57a4d4aa
assets/unit_anim_native/assets/army_artillery__reload_i0_all__accfb7aadc/manifest.json	7542	e061ff993d3680cbdfd39c43e68e7ee738deaaba7c8f9ad7105d21cb07a14076
assets/unit_anim_native/assets/army_artillery__reload_i0_all__ae8df640b2/manifest.json	8518	5708d26e37da48d8395ba0ad38fa3a34c982d571f286635e851b1dda402a7ca5
assets/unit_anim_native/assets/army_artillery__reload_i0_all__b4b6c4150b/manifest.json	7542	f9727006a20f545a15158a9449f659573d5241f010140c9942b2adfa4bd7906d
assets/unit_anim_native/assets/army_artillery__reload_i0_all__bb6b505851/manifest.json	7552	00f91df1f058a76e74921e651712faa146662e510dc93c6390ccccf6fc94c811
assets/unit_anim_native/assets/army_artillery__reload_i0_all__bcd4eba51c/manifest.json	7536	c55ca86b686e42a6119ca93150d616bf32238523adfc4ab64cf4bb05419ea5d9
assets/unit_anim_native/assets/army_artillery__reload_i0_all__c18d4e749b/manifest.json	5717	1ef84b2dbc1657e31536768daa5515bf6dff5c5544ff14d818c62c6c1a8ffcee
assets/unit_anim_native/assets/army_artillery__reload_i0_all__c2f02a2baa/manifest.json	7525	09034acadd4116ecb78e8c8f67cd507c3ea79f8f527bcd8b58f9ec20b2d808c6
assets/unit_anim_native/assets/army_artillery__reload_i0_all__ca89e841eb/manifest.json	7538	53896ccc7be39b729fec5ba0ba61a05b122c0af848686c10c25e1b4c82dfda94
assets/unit_anim_native/assets/army_artillery__reload_i0_all__d8f5746a5b/manifest.json	7548	f23c852d28b551a94a43d15658fb5e03f1e588604bec5e8ab08cdeb5afa48997
assets/unit_anim_native/assets/army_artillery__reload_i0_all__e2d52d8421/manifest.json	7542	526162c71aba5632590d0fcb98e76f3ed378140b6fc705f211ccb57f182e2912
assets/unit_anim_native/assets/army_artillery__reload_i0_all__f6c7b44ff9/manifest.json	7532	ea50859c109d7d2f1d60592aa1018b87d1269cd540519eea0e2b25480bc4fa70
assets/unit_anim_native/assets/army_artillery__reload_i0_all__fa4886104b/manifest.json	8518	4b5b9df927b8788f4bfd253ee7a30180c553951317b62eac937ab7d6e5aaa599
assets/unit_anim_native/assets/army_artillery__reload_i0_all__fb2d554132/manifest.json	5717	22036eacbefa995c168aedda492228b2f85ac9558ae4a03d43486c4c81e67c54
assets/unit_anim_native/assets/army_artillery__reload_i0_all__fcb1ce3e25/manifest.json	7536	dd7e4f35a293659bd6c4ef1873afb9568ab3627e44fdcd24680787c7ad9e7715
assets/unit_anim_native/assets/army_grenadier__attack_i0_all__06026ae9cb/manifest.json	4684	bc59f2bbd8b111cf805d052abbb8c85891d7b896e6dc140249fe9085559822c9
assets/unit_anim_native/assets/army_grenadier__attack_i0_all__15eefaba83/manifest.json	4684	cc717185b5b7441e1bcfaa5e63d6628de203e032e3401892fcd2de00681781b0
assets/unit_anim_native/assets/army_grenadier__attack_i0_all__2c74a0b510/manifest.json	4213	4ed1eb35922e90fcefca1c07139a41aad1cb70d8966d647fba74127708b373b3
assets/unit_anim_native/assets/army_grenadier__attack_i0_all__3821ef5520/manifest.json	4550	8c9f91c6293775c321141acb76baa51fe4e10de7eb411abec5b6c15689b44ee2
assets/unit_anim_native/assets/army_grenadier__attack_i0_all__3d24384eea/manifest.json	4210	0be03a2b0949a1637b69e7c82f6509ede4f4ae434d7b3d22c5831da444e943b3
assets/unit_anim_native/assets/army_grenadier__attack_i0_all__47a471a70e/manifest.json	4687	41f112bbfa59f5b467b5e9903f5ac160702e91c7a826a319fd9ad7757982b045
assets/unit_anim_native/assets/army_grenadier__attack_i0_all__563e25757b/manifest.json	4213	47f467ad53a363a5252e145e4d04d77fbffcb648cc7b4ea67ad7ebc28a18a484
assets/unit_anim_native/assets/army_grenadier__attack_i0_all__598c538bb0/manifest.json	4210	b530df9a90600e726b09aaa3fecf0958f55c8b1b5a20b7918c6ef5981519ce99
assets/unit_anim_native/assets/army_grenadier__attack_i0_all__5ea0a1ee69/manifest.json	4549	eaba7c5edf6726747be2d9e5dc2116b7493b27794772f4c2d05b1447e828bb94
assets/unit_anim_native/assets/army_grenadier__attack_i0_all__6590a5cab0/manifest.json	4213	f872d471694146a283994f6f38909424d6de16c5ef14f97d3536fe63288cda99
assets/unit_anim_native/assets/army_grenadier__attack_i0_all__6e577b9d64/manifest.json	4543	e37510ceb133f0310a94fe42a3b78471f1fb7e5afd6e815e513326616a6325f8
assets/unit_anim_native/assets/army_grenadier__attack_i0_all__6f80e2397c/manifest.json	4210	7b0a33cf07bc60d679d0e508fb9af3975a02e9dad067e30e3108e8329fc9fe8e
assets/unit_anim_native/assets/army_grenadier__attack_i0_all__72036677c6/manifest.json	4684	805f1ff2f6541569d536579aadcb77ca95b043dfe1a1e739813ad47a2d2841e6
assets/unit_anim_native/assets/army_grenadier__attack_i0_all__74670a3ec2/manifest.json	4547	a5517aed725391ee155f50849ef0a3b8602e2329f5d4951f8a5b6af429fcba57
assets/unit_anim_native/assets/army_grenadier__attack_i0_all__8ea2e528e6/manifest.json	4684	c1b7de56af5ffea2569a0d537f1a6db9b0127bc24f0222ae6ec00b22acb38ce8
assets/unit_anim_native/assets/army_grenadier__attack_i0_all__8fa639491b/manifest.json	4550	1df637445c97df9aad21e4fc36568557d76473ee0656c30600eb3ef0ac3d17f5
assets/unit_anim_native/assets/army_grenadier__attack_i0_all__99d11b9a32/manifest.json	4547	c450d9ddd1ccbed162edfe40e3a3d2bc0dbb68235746bb467be7560f9ab2c4e8
assets/unit_anim_native/assets/army_grenadier__attack_i0_all__9ec66890c3/manifest.json	4547	184540d8bc2fcaf1af4e221702d124f523a563ab92c4a211ac628fa3cf87b579
assets/unit_anim_native/assets/army_grenadier__attack_i0_all__a61a8f33ae/manifest.json	4213	86ebe5181f182645f2de6ee6b1dababe448c8782d4710f7b2409e06228c230bc
assets/unit_anim_native/assets/army_grenadier__attack_i0_all__abfc643d49/manifest.json	4206	de1445aa717c04964e05eac4e029010e2edb9fbe0ca64049f9a86bed86f71289
assets/unit_anim_native/assets/army_grenadier__attack_i0_all__b1b1ca1d61/manifest.json	4687	b1167256b70027ec20af7d34c49afaa6b101fd7d8364dc29be5c5977119e6d39
assets/unit_anim_native/assets/army_grenadier__attack_i0_all__b933c57d78/manifest.json	4687	c7dc4ff09f0b93b4ff6cc2570e64bd33e4d820d8844f92aad5b39587a6d80e2a
assets/unit_anim_native/assets/army_grenadier__attack_i0_all__b9997e958d/manifest.json	4686	301f783430fdb1a647c66f9c8177a12135829e6ea6619242ad88e75364fed2a4
assets/unit_anim_native/assets/army_grenadier__attack_i0_all__eb852d950d/manifest.json	4210	a3d7fdf48e57afefe647d6b1e5b00d6acfd429ddede94ff21e60d054cb26800b
assets/unit_anim_native/assets/army_grenadier__attack_i0_all__f6aa96011d/manifest.json	4547	4291556e8c8f997fffc6e5d8747c4d8ed066eda9d6385413d6385846235859bb
assets/unit_anim_native/assets/army_grenadier__attack_i0_all__f9f637213d/manifest.json	4550	06f5ac9184ae232da2d310db826a225403d656a3eeb660b1aabf4b058be49edc
assets/unit_anim_native/assets/army_grenadier__attack_i0_all__fec6db76af/manifest.json	4680	e0dee294d3265b205f392a3ecd6321ed2adaae1c084db3f542ce622f499fcd4c
assets/unit_anim_native/assets/army_grenadier__attack_i1_all__00369ef13f/manifest.json	5453	144e4f3386718fae62c6fb10f306df55cda3f3b5967135fabe25a1672eb72483
assets/unit_anim_native/assets/army_grenadier__attack_i1_all__01ee7f9835/manifest.json	5453	d8bdbe68e7602cfcf1520490b71e595ba0780e5bd883ef7db7829d76fcb10c27
assets/unit_anim_native/assets/army_grenadier__attack_i1_all__0eaa095def/manifest.json	5481	f7f1ed6c0e8e6839903f961beac75a4953e93b07c119c1cb66c93268b8b2a6ae
assets/unit_anim_native/assets/army_grenadier__attack_i1_all__127af37673/manifest.json	5494	007d694d995afa780620d536cfdbbeccc0bd59a9c1ecb4e33592da69571a3d25
assets/unit_anim_native/assets/army_grenadier__attack_i1_all__12b93f13cd/manifest.json	5493	7bdd4386965812bef795bcdf5dbd0c6e24b7a589f139aca4f6b8cda20e7e327b
assets/unit_anim_native/assets/army_grenadier__attack_i1_all__1438cf50bf/manifest.json	5458	a19b93f944175545ba6010784c3454345ab3b41fab3005e6c55e9a620cc7ad4b
assets/unit_anim_native/assets/army_grenadier__attack_i1_all__14c4eb6f47/manifest.json	5492	9ef7931ec23775bcefe0b6a1a9ac7e45d40ec4d91c905b9ef1dbb0d2ff2f1b6a
assets/unit_anim_native/assets/army_grenadier__attack_i1_all__1e6974950d/manifest.json	5472	4d46feafc7a400cf924c8e1d34832c3b151f1bd967f59c998ffc7b25e32bdbf2
assets/unit_anim_native/assets/army_grenadier__attack_i1_all__2da4511ac3/manifest.json	5495	385af3d53ac4c185012b29a067855b6b3c99e3eaa7a7df6705b23fbcf24abf82
assets/unit_anim_native/assets/army_grenadier__attack_i1_all__43199e4615/manifest.json	5493	356f72f12d3289b745c62a8966d45298d0097e26cee921b2ee2b80df2eb2f4a8
assets/unit_anim_native/assets/army_grenadier__attack_i1_all__5a22fa5d74/manifest.json	5480	6cdd79687ecea95ab193ad25513741d9562bdedc5838b8104cd50e05abb16ae1
assets/unit_anim_native/assets/army_grenadier__attack_i1_all__77583b3dc2/manifest.json	5445	4d55b090a68ac1483453159ac9af0ca7e46817485e868e198b0d8eb03ab9333c
assets/unit_anim_native/assets/army_grenadier__attack_i1_all__7ddf764907/manifest.json	5452	18cfd1cb6b226d4730d950ebbb88057d198b94deb13d851536ad07b12816a600
assets/unit_anim_native/assets/army_grenadier__attack_i1_all__83e46b28bb/manifest.json	5484	e30e02ba5d6ff3ab1bbcb31adca5d5fe4cc10bfccf4e8ddfc4609f87bc77b265
assets/unit_anim_native/assets/army_grenadier__attack_i1_all__8841ff3dca/manifest.json	5481	3675737da71e97bebb32ebddbef1129d8e78b0ea6eaafa6340049b32d1d77665
assets/unit_anim_native/assets/army_grenadier__attack_i1_all__8982f66b5c/manifest.json	5469	2aa6eac89594d6393ea612d23bcfa48fec8a8a408aa9081e9bbf4a9dcd2c8d43
assets/unit_anim_native/assets/army_grenadier__attack_i1_all__9193095f7e/manifest.json	5486	e444cb6b34f60561d243cef1b53cefa153612422083ea8702bbfc20d74d0d26f
assets/unit_anim_native/assets/army_grenadier__attack_i1_all__925849dea1/manifest.json	5476	f5b4156663d52e5c36ee0790b1f031d99178a2815d04c01a2049298974d2f48a
assets/unit_anim_native/assets/army_grenadier__attack_i1_all__aa8d5a8ec1/manifest.json	5451	1029c5ed4b827553621de393e8e68c99f836348f0a04400d6de2718e9ca05e80
assets/unit_anim_native/assets/army_grenadier__attack_i1_all__b13f74d84d/manifest.json	5481	d26478e5485e9d59db5700e891edf66229024e9d955195b50662c5d1b90ab80c
assets/unit_anim_native/assets/army_grenadier__attack_i1_all__be30bd2f82/manifest.json	5453	4e1822f85bf3bbbda144105fd2725387d3fee158923ae391c9e2ba010e11c00a
assets/unit_anim_native/assets/army_grenadier__attack_i1_all__c5fd759bc8/manifest.json	5452	a1913171cc8c5264034ead05361935522a432f370601889f8206466171a14242
assets/unit_anim_native/assets/army_grenadier__attack_i1_all__c8d8fd3bc4/manifest.json	5496	02e2b3155bf3c2a7b3b28bd7eac6f00965648609ac6b46f0911d1ac30bccd7b8
assets/unit_anim_native/assets/army_grenadier__attack_i1_all__cd7dfc09e6/manifest.json	5473	ccb5365c6fe12c61bf70b182095c65c9e13344a70f4a555dd2dc3c91870e3f75
assets/unit_anim_native/assets/army_grenadier__attack_i1_all__d38917f769/manifest.json	5479	08cf0722f60e4e2ae0ed83e106ce8a21b98ca91572920e1442106045c876dc42
assets/unit_anim_native/assets/army_grenadier__attack_i1_all__d7914c0cc4/manifest.json	5480	be6da2a8355ab4e14c063aec8337f02895d0c6c20fca92d8c7cf219106ce188a
assets/unit_anim_native/assets/army_grenadier__attack_i1_all__e5ddd2ca2e/manifest.json	5493	979dc01c69f9180f776529fb16bb784e3bc9c8a3d5e8de7112bb410865c74a12
assets/unit_anim_native/assets/army_grenadier__finish_i0_all__01439da6bb/manifest.json	3793	0e7bd782f4bcaa9fbb586bb38647ea8263012173ec8d683791a19add5034da4b
assets/unit_anim_native/assets/army_grenadier__finish_i0_all__10619bb460/manifest.json	3792	7924d668b03a7f3e43c2ed14a1680e363ff25e703b976e85a075d2ec269d56c6
assets/unit_anim_native/assets/army_grenadier__finish_i0_all__1700e71a3f/manifest.json	3790	cb224eb0d6845a436ede97ec5ec2d65cca19a42a537756d6dbebde2f4eff320e
assets/unit_anim_native/assets/army_grenadier__finish_i0_all__25feba2695/manifest.json	3788	2c049fb6727ff780657c29506341ab5b0b9da405aa34ede23c619283a91f3211
assets/unit_anim_native/assets/army_grenadier__finish_i0_all__31c1a15ebc/manifest.json	3793	e9985116067c09ffc4a181dc1634e23267016ddedae48999e3c778f1bdf86119
assets/unit_anim_native/assets/army_grenadier__finish_i0_all__34bc85367a/manifest.json	3788	06019aa72d51c14ae57f897a2d37c9105e7efa242ec229067da99c4360619008
assets/unit_anim_native/assets/army_grenadier__finish_i0_all__39e8e57c9a/manifest.json	3817	2c5a450b986fcbd53e989f02a8946c417a4165ac8c284a2b98619f2a62addc7b
assets/unit_anim_native/assets/army_grenadier__finish_i0_all__45323a3ec5/manifest.json	3817	69604b71a3d3d4da3408f93789857d4be69b35bfdead6ec1375670389fac7c79
assets/unit_anim_native/assets/army_grenadier__finish_i0_all__51956fb548/manifest.json	3795	49cffc5e0f8ead4112b00ef010a4bbbf1ede6881d2d5e18cf1fd3f98c65af8b1
assets/unit_anim_native/assets/army_grenadier__finish_i0_all__6302484c80/manifest.json	3819	2605129a8e17c2d7e6220ac1337310a9d3fc4619cef6d68bfc80af7d19f91946
assets/unit_anim_native/assets/army_grenadier__finish_i0_all__642eb0bee6/manifest.json	3792	bbdb546853bf4eed04d03b0150daf3b95e515c8e924f0795ea68af60c01320d5
assets/unit_anim_native/assets/army_grenadier__finish_i0_all__6f320fbd0b/manifest.json	3795	53eead1f30a0bedb6369a42299ad1d1a68e43432c16ffe0bbb526d226a533039
assets/unit_anim_native/assets/army_grenadier__finish_i0_all__75535be982/manifest.json	3792	8c2fb87caba4e8aeb87010bcaffdb3bb5d4579cd0a848f1df8c66755e41c2870
assets/unit_anim_native/assets/army_grenadier__finish_i0_all__7e72ee83b0/manifest.json	3816	025d1b99430da9efaaeccef2c4b7bcf8ff748260c91b5b05c2d2b76621a4fb0a
assets/unit_anim_native/assets/army_grenadier__finish_i0_all__7e8b575685/manifest.json	3793	7d9021069d5ba45d5478cbb29c3d8c1f94c5bf03b060affbec49f78c341135dc
assets/unit_anim_native/assets/army_grenadier__finish_i0_all__8bd7ee85a7/manifest.json	3785	5f9f098cea996e9506db9b7a565518af7ab610a55aef0d6dcbad08442ed183a3
assets/unit_anim_native/assets/army_grenadier__finish_i0_all__99c961c2cb/manifest.json	3790	32a1a59ca7d836659cc7f946ff6d9d476fd778e83ea2df32923ecf88b4a91098
assets/unit_anim_native/assets/army_grenadier__finish_i0_all__99ebad37f1/manifest.json	3793	05c057e3906dab679e04d58d7b3ecb4d81925e1cde46395f815d9d3d2a109df2
assets/unit_anim_native/assets/army_grenadier__finish_i0_all__ba1d427366/manifest.json	3819	3b40f89aac2e743f68d81fa97ea580d9721aace2091a5bfb992927f62602232d
assets/unit_anim_native/assets/army_grenadier__finish_i0_all__bf8b020f44/manifest.json	3820	26d671072466fd06042720f8a65829c6e5f589ec8055b5c037134b450632b98c
assets/unit_anim_native/assets/army_grenadier__finish_i0_all__c53d5b4bc2/manifest.json	3792	6e7b7921aed531fa2262857a54a15dfe29ca95cd44c8acb0ff4b66298079e1f3
assets/unit_anim_native/assets/army_grenadier__finish_i0_all__db105e4e90/manifest.json	3786	6f1b4aae030478fb98c861a40304a4a9e6cb2dc95bb4a2d4bbb9792f5a26a389
assets/unit_anim_native/assets/army_grenadier__finish_i0_all__dca5044d88/manifest.json	3790	5cfc3467173a5381f42b410c4f404d988634abdb7476195a847fa7bc90fc99bb
assets/unit_anim_native/assets/army_grenadier__finish_i0_all__e7b58ff952/manifest.json	3820	49ce2fdb4313ff3ebc0c2a6dd0dd47b17f674ca862684a176c5d34171d83b0b4
assets/unit_anim_native/assets/army_grenadier__finish_i0_all__ebaff3587a/manifest.json	3817	168f4943a75f7ee072ec772d48ca3fcf98f045619451d1c44a486040df610372
assets/unit_anim_native/assets/army_grenadier__finish_i0_all__fd01af5546/manifest.json	3795	1bc99fcc7817c449551a7d2330b8d5062b486d51af76618ca8547bc6a36e9b1d
assets/unit_anim_native/assets/army_grenadier__finish_i0_all__fd95fdb2f6/manifest.json	3813	1da492cf83f614d341ab54705e5d203f0760e069c7534521a6f40a46d52b9d00
assets/unit_anim_native/assets/army_grenadier__ready_i0_all__17983840b3/manifest.json	2355	479cff15a90fa8722fe56cad47f0247bf3aaa8eee9d90a52b5f719e10f538871
assets/unit_anim_native/assets/army_grenadier__ready_i0_all__1951288aa4/manifest.json	2355	033c1f3688c3d560fca53875178e3a997744dd64aa9505479a8e705a4e0a3a57
assets/unit_anim_native/assets/army_grenadier__ready_i0_all__1b94c3cd58/manifest.json	2354	b50561c138d8935e99d469774273771a89dce5bee2669fcb401de9ab425c1d82
assets/unit_anim_native/assets/army_grenadier__ready_i0_all__1e020ceb88/manifest.json	2346	8dc55da14662d874604db86a16850e5fb713a259f6d5d10145e82057e6a33977
assets/unit_anim_native/assets/army_grenadier__ready_i0_all__2e40fca7db/manifest.json	2352	6650db4cce54c2e5a833bb0e6ebd757a907ef8acbb3b80315dd3a23f6fd9beb8
assets/unit_anim_native/assets/army_grenadier__ready_i0_all__3bdcb376ad/manifest.json	2352	f1588034dcb5bdc30dfd9f899a12d01cd0cbc3688799b2b6a05e6c23e9a160a5
assets/unit_anim_native/assets/army_grenadier__ready_i0_all__487d436d7a/manifest.json	2348	f21b42ecc8a24e13c52365d3264c8d259913ad58576ea8731afe4c854d746b2a
assets/unit_anim_native/assets/army_grenadier__ready_i0_all__559e34c697/manifest.json	2343	6d21a93f2bfada710d22429d0081713e784e1c7ba810c2e63625ab63ac63b20f
assets/unit_anim_native/assets/army_grenadier__ready_i0_all__5a2923586d/manifest.json	2351	166695e938ca9e8d7c14938d2e90648f070627019ae2063de97f7190b730075a
assets/unit_anim_native/assets/army_grenadier__ready_i0_all__705f520393/manifest.json	2346	80666e6a3afddf55d6b896248490ac93a288407ae17f7553e2428714493503c0
assets/unit_anim_native/assets/army_grenadier__ready_i0_all__719fc718fd/manifest.json	2351	7b5b9a1475ec3e041a2de5478bb958d7eb7e2fa031cfc8aa50fe43fa365e3d1d
assets/unit_anim_native/assets/army_grenadier__ready_i0_all__77f166c561/manifest.json	2355	6dfcc2ca748afa6ac53062f2c2daa90dff81eb5a01b4a7981816834cc53cce04
assets/unit_anim_native/assets/army_grenadier__ready_i0_all__815190caf6/manifest.json	2352	52f84469f34ec16d5d4dd6312877290888a1557b33fb9533eae35e6b18f5b642
assets/unit_anim_native/assets/army_grenadier__ready_i0_all__8fd6300cf3/manifest.json	2343	a7261d49d6e40d083c5656e8b3e0a948087447afee2a34b86d76f793ce417c11
assets/unit_anim_native/assets/army_grenadier__ready_i0_all__913e8e9c38/manifest.json	2354	ff86bff656b10ac584ead71913353cc85d2dce3def081e191f37b7240f674101
assets/unit_anim_native/assets/army_grenadier__ready_i0_all__9f3ce6d28b/manifest.json	2351	9c41d426daf43b1ab456401a1133bb49847f9057fbef3cb0257f4c4d774a3f4c
assets/unit_anim_native/assets/army_grenadier__ready_i0_all__9ffa81c013/manifest.json	2351	caa129bfe4dadbe7f0c9af9c9469768be729581184892b54fa5afed7b856c322
assets/unit_anim_native/assets/army_grenadier__ready_i0_all__a7bc13ee75/manifest.json	2344	6263cf337c1b4821a6c2192a972ff930fe5d680123b45ab9dc47a4a5dc4daa9c
assets/unit_anim_native/assets/army_grenadier__ready_i0_all__b88164b5c1/manifest.json	2344	0ab66e53ee8e4e67dd3acac53a61469489dcffa14d97917e40f0258f7826821a
assets/unit_anim_native/assets/army_grenadier__ready_i0_all__bd6b22b8ae/manifest.json	2354	c5cf4432bb283b7012526cc020cc08d3038ae2a1204e3a301de93543fe3694ed
assets/unit_anim_native/assets/army_grenadier__ready_i0_all__c4c6604569/manifest.json	2352	36f9ef8cec224480741348963c961c4cde920efbe4edd6894349efae718f1e0b
assets/unit_anim_native/assets/army_grenadier__ready_i0_all__c87599405d/manifest.json	2337	f39546e3f3603df5cf4b3621c737b7dc10c34b997684a0fcf9f1ce535303c43b
assets/unit_anim_native/assets/army_grenadier__ready_i0_all__dc4bf7486f/manifest.json	2347	10e2cef0da0d9a729eb26572801d5023c14f3d94d9d5f730a8f3eb8a75811b42
assets/unit_anim_native/assets/army_grenadier__ready_i0_all__ec750b158a/manifest.json	2354	70d5decf5930888c626b843dea95649db74ee7b392cbd2749eccd979c4465bf8
assets/unit_anim_native/assets/army_grenadier__ready_i0_all__ec7cf59ac1/manifest.json	2355	9a7a440fcb765558b6b221714a143e6f81c649c1979587af98f3254dc0fb0131
assets/unit_anim_native/assets/army_grenadier__ready_i0_all__f19c9bd3d9/manifest.json	2341	6333588c5b27e2eff6cf900e0b73546c0884246fae776bfd2ce937cd57d8f2fe
assets/unit_anim_native/assets/army_grenadier__ready_i0_all__fbef9525a3/manifest.json	2341	74b470ada5d952285b6ee8b8c759926567f43285256b45c5d90d85bc4b576bd1
assets/unit_anim_native/assets/army_grenadier__reload_i0_all__0613ffb4a5/manifest.json	6493	bb871aaf0304728a62fdb3326cd9747d27293dc4ee3e53d18ebaf42277615ff8
assets/unit_anim_native/assets/army_grenadier__reload_i0_all__0812071aa8/manifest.json	6497	4bcb3e6f988746a6bb4351c1e7c68aa01baaba9194b0e239de495e4887925286
assets/unit_anim_native/assets/army_grenadier__reload_i0_all__0adf4a5c50/manifest.json	6831	8a8376f2468fcb8fcba4c3413fdf8b63ffb4e6e5c124ea5c10d7ca1d1b6d44b2
assets/unit_anim_native/assets/army_grenadier__reload_i0_all__15ec95e3ef/manifest.json	6488	5fd39d6daa6971af35b98b368481c8cffee0c0831f40c9eba03bd9eeafbe9463
assets/unit_anim_native/assets/army_grenadier__reload_i0_all__2d7fb54889/manifest.json	6493	96ea3654ba30caa0ab4d9dc0b2201646848d0ad066bd9d9553465b9dce97f2f9
assets/unit_anim_native/assets/army_grenadier__reload_i0_all__348eddf715/manifest.json	6497	26bdd66e9d6b7af008407462bca0738122d7e2ffcd0217095db6c61c77afd381
assets/unit_anim_native/assets/army_grenadier__reload_i0_all__4add71c1cc/manifest.json	6817	b5059bbeeeb197f642e34267e389d00b16f448cd870d1581fad7c7abfd3bc581
assets/unit_anim_native/assets/army_grenadier__reload_i0_all__55c8fed55b/manifest.json	6834	b7260788178673bead21f3619ae2a0dae1ee108fd9f48a9825fcf7495bbfab00
assets/unit_anim_native/assets/army_grenadier__reload_i0_all__5739da48dc/manifest.json	6497	e50c54ccc3391e0ddee23b5c7072db48c90fc50e0198f4d465020604fe5081fe
assets/unit_anim_native/assets/army_grenadier__reload_i0_all__59af3ebafe/manifest.json	6496	5ed6a62ed132ae9e7c299e21615bf05c87442b568c27b209984481fae6a3c167
assets/unit_anim_native/assets/army_grenadier__reload_i0_all__6269c68a03/manifest.json	6820	47a77f10fa070b3dee3718324f4118615f0dbc3dc38ce4c1d0cf2fc81ba6d3ce
assets/unit_anim_native/assets/army_grenadier__reload_i0_all__639edc5cc9/manifest.json	6493	c947509ccc532bca92207a38ca5ed44bd38df388aa6a06bc7ae305019ef37536
assets/unit_anim_native/assets/army_grenadier__reload_i0_all__798d8b8499/manifest.json	6501	e21ad44098ef40cbcab6541f724e0d84e14f382f195a32f18b9b182b54a1a270
assets/unit_anim_native/assets/army_grenadier__reload_i0_all__7a3aaab269/manifest.json	6812	32f78e1ec93b6c0c15475f27fa4d854ab918baf2d95e9e0b994a4c821548ea56
assets/unit_anim_native/assets/army_grenadier__reload_i0_all__7abf30bc4e/manifest.json	6492	16c3fede135a6d7df9c5cd42ea5276e75b03ddfbbd08973e4adb0f5dd6952a40
assets/unit_anim_native/assets/army_grenadier__reload_i0_all__ac0893c225/manifest.json	6496	39f013d6753ec1f1ba721bbb4d7311338d4f295b38743cb2e1d221cf865233e8
assets/unit_anim_native/assets/army_grenadier__reload_i0_all__b0a1a8dee9/manifest.json	6493	dddff5e9123c0ff4da1957910a76618ba9a84e8d0f286bec7821896af9c954e6
assets/unit_anim_native/assets/army_grenadier__reload_i0_all__b48f1e8054/manifest.json	6500	f7272e7a248e811b622024492ad5ccc1abaa54124f15cd26f352831646496607
assets/unit_anim_native/assets/army_grenadier__reload_i0_all__b71522a46e/manifest.json	6497	9a4f955862495f6c87c7f5c02f4ae6f163f6da88d0663677125753f83a71fff2
assets/unit_anim_native/assets/army_grenadier__reload_i0_all__b768542019/manifest.json	6831	5897889a2503a238f1648329ce9c30aa199cefe02400ee41a24b0bd1e0f9c170
assets/unit_anim_native/assets/army_grenadier__reload_i0_all__b8ba44f9b8/manifest.json	6500	afc22658f794e424712c51b4ba3cd21917fd41907114515294d5cbc3c4a7435c
assets/unit_anim_native/assets/army_grenadier__reload_i0_all__b925fe4fe5/manifest.json	6494	377c3455451fa32ef386c5eee80574b2245d6755da06a40e68d93b9ad093dbd9
assets/unit_anim_native/assets/army_grenadier__reload_i0_all__bd5a40dc67/manifest.json	6495	95e05545421fab3dcea2cf9d2870212e312988b0ec8f27ad615e3b393e241cde
assets/unit_anim_native/assets/army_grenadier__reload_i0_all__c8b21d22cd/manifest.json	6831	761623bd474309dd0da8612591b84d401c8934276fb59e5f9ff2dce76c1bca9f
assets/unit_anim_native/assets/army_grenadier__reload_i0_all__ced28d3665/manifest.json	6819	332ed5d0826c9a7b402a1e1950d228d14f0e2af0b569187775ae007e84598f4d
assets/unit_anim_native/assets/army_grenadier__reload_i0_all__e1119c1c64/manifest.json	6500	9d4954179af7b32bdece0502d39d4b70da2ddd30e12dae4485a8dc74fd1a04eb
assets/unit_anim_native/assets/army_grenadier__reload_i0_all__f5fa125ec7/manifest.json	6831	0e44f77ab3c4dccca5ad76ddc4de9bd15e62ffd95d03a2a1429a531cf00f43bb
assets/unit_anim_native/assets/army_guards__attack_i0_all__09c2466561/manifest.json	4161	eb438e6a6a5133ca027a75045b7ae6c91521967a30893b238f0978c726a8ef10
assets/unit_anim_native/assets/army_guards__attack_i0_all__0b2314ac9c/manifest.json	4164	2551e6c0901a1503c62b007eca3d3de0625d5cc9b645695343b6a6bebe70bf20
assets/unit_anim_native/assets/army_guards__attack_i0_all__13439b5eb2/manifest.json	4641	64d018413840d1f188f7767f2642114bb974c248d3fcc9df9d86ce660f698117
assets/unit_anim_native/assets/army_guards__attack_i0_all__165a886c31/manifest.json	4519	5a4f81a3dd493d8ece7cf440abae6f8a85cf693dd7615d5fe4c0bc58a6e6d06f
assets/unit_anim_native/assets/army_guards__attack_i0_all__208e0a90f0/manifest.json	4640	7888e31490d81eaabf1c32c73088ac07b8f5374e8b3e7f65767f520dfa93c3ba
assets/unit_anim_native/assets/army_guards__attack_i0_all__3844d0f254/manifest.json	4638	453d214e2aab81ba91453a68b830149b462c655eccacb1f5bc8a4e0b71f3ba02
assets/unit_anim_native/assets/army_guards__attack_i0_all__3bf43c02a0/manifest.json	4522	27ae6e570ba0820b3fe12e7033d8279ed300e5f41ed488b47e66ad98344730d2
assets/unit_anim_native/assets/army_guards__attack_i0_all__57bd1fd06a/manifest.json	4161	c6b037557895498786be8399662a5e4664273a1ccd0882bacdcde9a68d7116b7
assets/unit_anim_native/assets/army_guards__attack_i0_all__64e660a3d9/manifest.json	4163	d1951a83720816ed717463c9311d69fec518d975d5d23f89509a03f65f04db66
assets/unit_anim_native/assets/army_guards__attack_i0_all__77bd9bc058/manifest.json	4638	c33e1a49f8cbf4c61f6b24f8c7802c9404de991cd4093c1eb02bc9aebb33d44a
assets/unit_anim_native/assets/army_guards__attack_i0_all__7c1ed0f833/manifest.json	4515	15eb7ddd6fc71e769062bc7fa6b855e96f99d69fe43312d7510e00c36e87d55e
assets/unit_anim_native/assets/army_guards__attack_i0_all__7c88f5890e/manifest.json	4522	3679690554492ec5e717cfe619046d209d47ee879381a9edb12f1dc4dceb9270
assets/unit_anim_native/assets/army_guards__attack_i0_all__8215b490c8/manifest.json	4164	c1277757204f29b3d7831f5b573e815b7b6af7ff8bd26c12871158c73febfd88
assets/unit_anim_native/assets/army_guards__attack_i0_all__8e124d55dd/manifest.json	4164	d78db3d11818ff39d52d66c00ad76ab1d8817cfcd8faab29e06ccc3d636d907c
assets/unit_anim_native/assets/army_guards__attack_i0_all__ba013f5e11/manifest.json	4166	5c24f15c81f8bda7a1c4ed57955bed89fb1647a35f295b33dff7f688a6019625
assets/unit_anim_native/assets/army_guards__attack_i0_all__bbd3cb44c8/manifest.json	4516	3444a8db5f7804670ac4026a112eab5c7745fabcc98dc8c27443757e7eebc23f
assets/unit_anim_native/assets/army_guards__attack_i0_all__c285ddb031/manifest.json	4157	926e759d9d09acdc24117daacf177ce217b94f94d08912869b775eb80b96e2b8
assets/unit_anim_native/assets/army_guards__attack_i0_all__c7f7014619/manifest.json	4634	72da77568c1f2f25c3817f3654919ed318a67f9758d42d8524ccceaad469990a
assets/unit_anim_native/assets/army_guards__attack_i0_all__cbbe2d75d7/manifest.json	4641	c1e33935b52fef54c119d8b37e208fa2166c6853df0460afd88ea3481425105b
assets/unit_anim_native/assets/army_guards__attack_i0_all__de3de59369/manifest.json	4638	d14849c9bc881a1a832942b8b0bc70ad93c985ea44e8cffc93d2e52c2f000f64
assets/unit_anim_native/assets/army_guards__attack_i0_all__df27c58c2a/manifest.json	4161	c4f72067ebc5bc9c20feceac1b1e32e21c1b4a8c4cd1ca5ef3a0199cd47f01a8
assets/unit_anim_native/assets/army_guards__attack_i0_all__e68b362d2f/manifest.json	4502	d32b03a220b16daa407ed2182ead4b51640408613eb3a8daf0944feecd879920
assets/unit_anim_native/assets/army_guards__attack_i0_all__ebe820a5fc/manifest.json	4519	481e0cfd709a92a102ee003e5d7652fbd13f594e65ab3c2e1f4eb98f1fba13a1
assets/unit_anim_native/assets/army_guards__attack_i0_all__edce2f6d93/manifest.json	4638	80a425afe8fa1d0799b0876e75552d43eda6d83287fb8b470d1bcbdf586f69e1
assets/unit_anim_native/assets/army_guards__attack_i0_all__ee330e70a2/manifest.json	4519	a8928123d054806483265d62bd12eba05b85c1363d584341128a83a146622c5d
assets/unit_anim_native/assets/army_guards__attack_i0_all__f654b49585/manifest.json	4522	e81edf740e3c9dd42fba91683e763d9c5545ab1fee7dcbfa2fa71e1ac67428a8
assets/unit_anim_native/assets/army_guards__attack_i0_all__fd2c6c2225/manifest.json	4634	8b065459c2fab4dab43a73b0a3e79b7d8ccb265eef5be324d218377daf54a87c
assets/unit_anim_native/assets/army_guards__attack_i1_all__06daf90c7f/manifest.json	5562	3f2263e7bbd8f00cecac682377325430fdceb07e1394c0b7f7bf7a26056a1459
assets/unit_anim_native/assets/army_guards__attack_i1_all__0f1ebbfab2/manifest.json	5463	69a0692feb4027ec5524b8bd56ae4f8b4c549b5d099b06ac5fd0901a81ec8b67
assets/unit_anim_native/assets/army_guards__attack_i1_all__165c7ae21c/manifest.json	5559	3490052f3574b7dea38279a95a887474394ed02067ae6e9b34a46129d0593dcf
assets/unit_anim_native/assets/army_guards__attack_i1_all__1c2b9dd954/manifest.json	5549	c0724022f7fcdc88ed2cd4f9802adb5bc46a4b086c7ab8b4224af12905efc1c1
assets/unit_anim_native/assets/army_guards__attack_i1_all__1cb862d1ac/manifest.json	5470	8a0eed4d731c4acbed0b2d2ddc4b98f62f1665e4ea47d454c3e091ec94b62e66
assets/unit_anim_native/assets/army_guards__attack_i1_all__1febb3d0bc/manifest.json	5468	3dd9bdd340b680e85422107f45a2cda0671c6ec117c6ded53a7a9a128f14fe9b
assets/unit_anim_native/assets/army_guards__attack_i1_all__23bec27572/manifest.json	5558	27bb14747112083dce84f893ffe105d218191b6be70e1aa193a49053ae81ee4c
assets/unit_anim_native/assets/army_guards__attack_i1_all__25a7ce6874/manifest.json	5567	871e9904d2573cf6d31354c5afb8ccf58b658926054e84b180d78ee0740384da
assets/unit_anim_native/assets/army_guards__attack_i1_all__364a5044f8/manifest.json	5555	4cf6402a4d57528fca36fc689fed5d8147adf5ea58cc666fdc1f6f4a88864ece
assets/unit_anim_native/assets/army_guards__attack_i1_all__36c9683e63/manifest.json	5473	e3b85d3c46b84fb5c95eb22b2157ffdaa37229515728395968242dcd60356a41
assets/unit_anim_native/assets/army_guards__attack_i1_all__438e0bd6f9/manifest.json	5459	288251b3b47107be62f04d5134bc9fd5cb2e6ee7ba1a431b83f3497425346022
assets/unit_anim_native/assets/army_guards__attack_i1_all__68f4b03c13/manifest.json	5451	6979097cabe31d0a8ba7c0855d9bcb58fd5625bcc50d71efb58719058b4daf04
assets/unit_anim_native/assets/army_guards__attack_i1_all__6a6023a55e/manifest.json	5561	1b797a8750a1104740f0aee3579bbfea6db4cb0de747a61ff1268b101d364929
assets/unit_anim_native/assets/army_guards__attack_i1_all__7de14d102d/manifest.json	5473	d875272830ba8de073bb7c1782049b1cb70f42e019cdb1458b0e58c2bcd85fc7
assets/unit_anim_native/assets/army_guards__attack_i1_all__83d051da9c/manifest.json	5465	3d08f3f5b0ea6f4696fea7cc14c1c74a52f4bd5ece0fd3e9493d85e749e42da8
assets/unit_anim_native/assets/army_guards__attack_i1_all__86d48550fe/manifest.json	5562	0dc18764a7e258b841de490c26b8795b7a5c014b5e51eb6e707e583369b775a4
assets/unit_anim_native/assets/army_guards__attack_i1_all__91db5164ab/manifest.json	5565	bff1a463beedb8d799c23e66423529b153df65f0dab7e2c1cda58c0580f0719a
assets/unit_anim_native/assets/army_guards__attack_i1_all__9473c29094/manifest.json	5555	807a7ea7f6ddc6b36f52739c4c9e01fc334eebc7504878bb6200da78787ac48f
assets/unit_anim_native/assets/army_guards__attack_i1_all__98d55644c9/manifest.json	5556	6bdb1f0c934be3eb0022f80cea2b679e791dab1bc23dd0867a7a2bdf0a7b8b9b
assets/unit_anim_native/assets/army_guards__attack_i1_all__a216dcd225/manifest.json	5564	ac1eff795367616f9ad38e7a49a3fba3ee1cd2b9fc0886af117cf1bcdf7d440f
assets/unit_anim_native/assets/army_guards__attack_i1_all__aaa3aa6411/manifest.json	5559	ce5dd41c416163c8ce255898aa0fd79bd9d4d404efb3ff8094b620f178df3daa
assets/unit_anim_native/assets/army_guards__attack_i1_all__b17cb6e598/manifest.json	5563	b6ae10e248fbd69bf7e9d918e666ca164f462245f7c4441c9b2e6d6e325d5eb1
assets/unit_anim_native/assets/army_guards__attack_i1_all__b2bb0d0145/manifest.json	5553	f41ba96bf91cee5f7278046ee14045a62bb83c08fcb9e58acaed0d7f2b7ee1f8
assets/unit_anim_native/assets/army_guards__attack_i1_all__b48bc5e13c/manifest.json	5469	aa5f11cb4943cd0111c21c3d2d04ba5be5020a619195ef6c2a10f4c231f47c0e
assets/unit_anim_native/assets/army_guards__attack_i1_all__c986c2e64d/manifest.json	5564	73429b757af7181813f93f2d17721656ac1de348ac7c694dae35486832c79c85
assets/unit_anim_native/assets/army_guards__attack_i1_all__e5d5df75ab/manifest.json	5559	fe584ff82c8502d03b7d6a9ced6339947073cf8ce3b024b0c8a38414097ee567
assets/unit_anim_native/assets/army_guards__attack_i1_all__f709c4906c/manifest.json	5559	55128d3112c6837acfd9b4472d12ca2ed87b31fa51b6620ea2f0a7dd60f5e33b
assets/unit_anim_native/assets/army_guards__finish_i0_all__021583dc1c/manifest.json	3809	45715f8bcdf6679ab9748c33b9cd5e481246770c0f1e08e932a6c00c7e968296
assets/unit_anim_native/assets/army_guards__finish_i0_all__0b6353a65c/manifest.json	3812	dbc59d7bf56ef934ec894f313649a5bcabf63df67d468ff1872909f7b6bc47b9
assets/unit_anim_native/assets/army_guards__finish_i0_all__1e53dbaab7/manifest.json	3792	9f00a68b77edfc57d4bbb16c51fa55715741007b5de90bd4ada3b047dfde38c7
assets/unit_anim_native/assets/army_guards__finish_i0_all__209598a870/manifest.json	3788	d1ffd3210469e1fb9d234e9d1fd23e8c1a322c714b3a0e7ddd08dbf4d86c2c23
assets/unit_anim_native/assets/army_guards__finish_i0_all__231d35b3b8/manifest.json	3813	fa07c504b3c898d85b4bfe03e91fd955c8ef24dab853e18d5e5718cdbf105efb
assets/unit_anim_native/assets/army_guards__finish_i0_all__2384452e94/manifest.json	3813	51784acf1fbf809b670c44154933177d0f16b83ca2083f2485479950b3008ec5
assets/unit_anim_native/assets/army_guards__finish_i0_all__2c1ef17fe2/manifest.json	3792	bad67bc84e09eaefb618a8d36213dbbe68abef557bfed3f7d99a89edac297913
assets/unit_anim_native/assets/army_guards__finish_i0_all__4a2d34536a/manifest.json	3792	cded992850ac4a4179e210ca6016cbd7c1b8f9b2507c608d28b90744541b43cd
assets/unit_anim_native/assets/army_guards__finish_i0_all__56aaef193e/manifest.json	3813	63e431b7123c16ac2172fa3cc4fb04dad4fb41dd47bad8ed1477ffb26f3210b5
assets/unit_anim_native/assets/army_guards__finish_i0_all__69fb663ecc/manifest.json	3810	191ac81d6e53f1fa2525100e00bd9212f033cff7d9c54d0a55cbefbdd595d019
assets/unit_anim_native/assets/army_guards__finish_i0_all__73c698fd93/manifest.json	3798	82dee9a47b21dc1e955566476426d145ac218ddf04d8f8d704e279fc7e99cae8
assets/unit_anim_native/assets/army_guards__finish_i0_all__74c93a3345/manifest.json	3795	c4f2e0e7d3c7b6d0a2960a6b88294ae5711032f7573d2ff845d5953a225449af
assets/unit_anim_native/assets/army_guards__finish_i0_all__7ab67fa08b/manifest.json	3810	1191a3a36cd0e9c8eb3863b9245bf7068981791ca48f0865aaa50d2678ca3bd0
assets/unit_anim_native/assets/army_guards__finish_i0_all__870cc784a8/manifest.json	3794	afb3c135bb53b3d1d27e771da861d7f595c70b2a2e6c58e0b022c6ce599210b0
assets/unit_anim_native/assets/army_guards__finish_i0_all__98540343f5/manifest.json	3809	f3cdb95769d9f55c63ef99770d1c7bef84b8fc7fb658b1ecc25448d6fef90d89
assets/unit_anim_native/assets/army_guards__finish_i0_all__a609965318/manifest.json	3783	0b7953b7a995f900c2303c5e4b6125a4ae516b8530b222adb809a0bae9c5da32
assets/unit_anim_native/assets/army_guards__finish_i0_all__b7931b25e2/manifest.json	3812	1ef5088c8ab810c76a81bb45ea43002b3e5ca0227a7f2a0d3d8d4cd94a9576ea
assets/unit_anim_native/assets/army_guards__finish_i0_all__c0dfca4e8d/manifest.json	3805	0955489f5dac2b9c08f1da2a12754a7e7220f94f35bc3dccd1fa12a88e1bc542
assets/unit_anim_native/assets/army_guards__finish_i0_all__c76147169c/manifest.json	3812	18fc20eec1a5538c2f4e4a5f1653eea96fe47a1e124b38a78661ed1bd0fae18d
assets/unit_anim_native/assets/army_guards__finish_i0_all__df9e3f889b/manifest.json	3809	ef86cd1d5cd7f87f765be966f34e22fe57970036c702ba4473212a4652aa6218
assets/unit_anim_native/assets/army_guards__finish_i0_all__e487a5480c/manifest.json	3809	76c1712432c8764e382e4bd2aed0acfa7f535ab302485631a716773706439e3c
assets/unit_anim_native/assets/army_guards__finish_i0_all__ea07d464d1/manifest.json	3802	3e9dbf905b9be26bc012e3db1a100eb1650afc392c436f5f71aaa671123d822e
assets/unit_anim_native/assets/army_guards__finish_i0_all__f0b4e8f761/manifest.json	3806	6c9dba8085796a6d7ee382da26b457a086084d931f68af97d4e94c120621dde8
assets/unit_anim_native/assets/army_guards__finish_i0_all__f3ee7407bd/manifest.json	3792	323b63398c16a51537ba83713aa5f01a4362fdc5c5d724d0156ae7140ec0550d
assets/unit_anim_native/assets/army_guards__finish_i0_all__f5acadf242/manifest.json	3795	31e5f23250b48963b06e1b9a1742e36e8410eba70626c69a710096432e6108ad
assets/unit_anim_native/assets/army_guards__finish_i0_all__f70c76f847/manifest.json	3810	d846cd7b40266ddd401d7f7f79b6bf0fc685a3debb348ffbdf0df72882243c46
assets/unit_anim_native/assets/army_guards__finish_i0_all__faf4712e77/manifest.json	3795	8fd536c76dc9277a75c98fd9b361c13e01f11c55bf6f74e0e90b15165b817a03
assets/unit_anim_native/assets/army_guards__ready_i0_all__142e224ba7/manifest.json	2343	4968ca963cb66d3a535fbcddefc24b83d958c51d5ad57fc676ed4bface751e48
assets/unit_anim_native/assets/army_guards__ready_i0_all__185ca7e5d5/manifest.json	2348	4c69e0dfbce19b6b210d2280d88b7c1c832ccb07a71b76a915aaf06a03b92a64
assets/unit_anim_native/assets/army_guards__ready_i0_all__1fab078b3a/manifest.json	2348	4a56db8a0f7b7cf52a01c1b2657161fedb79c5345cd18bfb598580427a148a28
assets/unit_anim_native/assets/army_guards__ready_i0_all__21014beaa6/manifest.json	2341	0347035b192b7ac36702406d511b581daf779eab34d976c85514f62e1241618f
assets/unit_anim_native/assets/army_guards__ready_i0_all__2421c2f67f/manifest.json	2349	f9b925df78b5311ddb3a874196d16c255d980ee1c889ef8700dd019c61eaf3ad
assets/unit_anim_native/assets/army_guards__ready_i0_all__317470ab09/manifest.json	2349	1e2f61d24a82f1376818878accf748b4d1b06e442af39870d1dc210a11aa2078
assets/unit_anim_native/assets/army_guards__ready_i0_all__3a26dd45f3/manifest.json	2346	d399fdab49610dc7176a960ea40dff9a5c9ff4f35c774b40d0bab38030fe26e0
assets/unit_anim_native/assets/army_guards__ready_i0_all__3c5a0c44da/manifest.json	2349	e42b20ce5f6020584e3309eac8c3db5b28af5eeca4c1c62c487a77f43d5378ef
assets/unit_anim_native/assets/army_guards__ready_i0_all__4964bb454c/manifest.json	2352	d183d08c91f421cd9869e88af469dc8d66a769d513c3203e27c5d4e3e4c32a2e
assets/unit_anim_native/assets/army_guards__ready_i0_all__672dedd6bd/manifest.json	2349	4944628547e95d1355f8c76ee41c5e7799203404ca8c92a5992bbee35073ca8f
assets/unit_anim_native/assets/army_guards__ready_i0_all__782fcda41f/manifest.json	2352	2ef1d1c1070138f5f0e57d03f763668e1b90349da42cc4c17faa2901ddc60668
assets/unit_anim_native/assets/army_guards__ready_i0_all__7acaf4083a/manifest.json	2346	01c25d0e28e89d12223745ab6488855e3ea32bc76d02480657544c4f76efaecc
assets/unit_anim_native/assets/army_guards__ready_i0_all__7ad5d0acab/manifest.json	2347	b10548f7961f3020ff2f73729ca3ac5977d742203fd00c19a624ab6a77630fbe
assets/unit_anim_native/assets/army_guards__ready_i0_all__82b50c435e/manifest.json	2346	94bd096fb92cb58bc11d0115525315199eff2bd034000627c25929437be8431a
assets/unit_anim_native/assets/army_guards__ready_i0_all__8d59034fae/manifest.json	2345	cc87a6e00dcf97a10c6b7e25d76adfc8a81f4dae6b717ba1e3de1b11475d7c31
assets/unit_anim_native/assets/army_guards__ready_i0_all__a770b8ae29/manifest.json	2350	4fc2c6e3518c0fd36d491b6d98ae24dc3f5677fa12e6b56c71050047768ac625
assets/unit_anim_native/assets/army_guards__ready_i0_all__a79b70cdf4/manifest.json	2347	a03c302aee448f3752a62ca84d235c68f46ca2a85ae26384e9fa5f24985f7367
assets/unit_anim_native/assets/army_guards__ready_i0_all__ace13999f2/manifest.json	2349	62e4ed07e8d786b14a3114c010e680f231ecced9ca054b2a3dc706d84ac9cbd3
assets/unit_anim_native/assets/army_guards__ready_i0_all__af8109d2ea/manifest.json	2350	cb8201b5d938c375d91b87572c9f2ab9160bf8bf8d6a94e4c45efd4a3890136c
assets/unit_anim_native/assets/army_guards__ready_i0_all__b5c23d5f5b/manifest.json	2353	de8575c59408b73a6831a612c3bd0981c8989a3fa6a411d1ee60b3631b22049a
assets/unit_anim_native/assets/army_guards__ready_i0_all__b72538bfc7/manifest.json	2342	fa482e4e30274bf553b899651d359e6794d2154243ce2b0f09fc8272e419cb7a
assets/unit_anim_native/assets/army_guards__ready_i0_all__c42dd68f5e/manifest.json	2346	d73a97fc87c78f25f32482111f74cc712d730df6784a22ff8e4bbaae2af479ac
assets/unit_anim_native/assets/army_guards__ready_i0_all__d708e36396/manifest.json	2350	288fe96062762b6a7002f92d5d0383825aba42b26dc0cf9e8d191fc39628d104
assets/unit_anim_native/assets/army_guards__ready_i0_all__e65d07b4ec/manifest.json	2334	3f892cb6021bd071a15b1a3bceb0ef3305dbedbf1fd8fdf3861c574b8fe1ae4e
assets/unit_anim_native/assets/army_guards__ready_i0_all__f1eec5a843/manifest.json	2347	4560bc611ef65bbd226b3597f0c7bd85761b9c5f2626f725f165ca6cc37db251
assets/unit_anim_native/assets/army_guards__ready_i0_all__f52103c13c/manifest.json	2347	280054321e9f5b1df30db38c73c09708590d684fdc5863d0256e33d07cc23007
assets/unit_anim_native/assets/army_guards__ready_i0_all__fa0440025c/manifest.json	2351	89fae8117729032a527c2e86a2d2dc49df9b375574ee319b24f7645383f70bc4
assets/unit_anim_native/assets/army_guards__reload_i0_all__107bfb7ac8/manifest.json	6419	742e7e83707d19fb3dea119ea1b983056b1c292f937a536df9a38e3080fedba6
assets/unit_anim_native/assets/army_guards__reload_i0_all__18407de085/manifest.json	6865	499aa2dfa1126518170ab5429c93249285a38d7e02ac07b881f41cc4989b4bdb
assets/unit_anim_native/assets/army_guards__reload_i0_all__256f68e46c/manifest.json	6870	7f0ae811f6e632330978182441f1d57daad49058360157cfd946b570fa3cec60
assets/unit_anim_native/assets/army_guards__reload_i0_all__2cffe9cb6a/manifest.json	6411	115b3b44be6878bf0aebcb0cb94568ad067b038c899378d0951ab558ce0c429d
assets/unit_anim_native/assets/army_guards__reload_i0_all__3222905567/manifest.json	6862	200d25a4cc7e8738fd551534278a11c79f3e28b03e1488ed4348d727facbd1b3
assets/unit_anim_native/assets/army_guards__reload_i0_all__419ba2d527/manifest.json	6433	de4b1a9216e71638318af6b3ed0e8c62bfe8567b7d0e325d3f7ad3891e845b45
assets/unit_anim_native/assets/army_guards__reload_i0_all__42843de6dc/manifest.json	6420	b00a0bed656527b5dc060c2c19468d2fc4f6beb210a813c4498518dd597cf801
assets/unit_anim_native/assets/army_guards__reload_i0_all__46f54bbb33/manifest.json	6439	23376406a4c0e4c606f47a5ee8fa4dd41e575ce86f8d3bdbedf98f1cbdeb9dc1
assets/unit_anim_native/assets/army_guards__reload_i0_all__4717d2147b/manifest.json	6430	7edf26dbaa0a9bbb4ef7f537ae7add252439e7143ccad71f34699f7c06035a93
assets/unit_anim_native/assets/army_guards__reload_i0_all__555be3ace2/manifest.json	6433	7a62c48108bb04175532a1785a25a7b1b5d9e96ff962cfdfa25c1189867c95c9
assets/unit_anim_native/assets/army_guards__reload_i0_all__578f67c957/manifest.json	6869	2edae94cb97d158db83e6e8a20d099bac44972ea4effbab6b8b1dadb68fec141
assets/unit_anim_native/assets/army_guards__reload_i0_all__61cc8fe37d/manifest.json	6441	f872452acd2c0b67d6b83dcf4eca04e58f5cb3ccac658b2efb19fde99649294a
assets/unit_anim_native/assets/army_guards__reload_i0_all__6d79696b6a/manifest.json	6427	f51e1411a70c4d78190897f0a63a4979afdfdb2611f8c0d3b4a38a932a3e10f0
assets/unit_anim_native/assets/army_guards__reload_i0_all__6ddefda3ac/manifest.json	6415	6f62494c44185cb58020b30959c3bf01970ece847e0dc0a3ffaf28fc50ee0452
assets/unit_anim_native/assets/army_guards__reload_i0_all__78f3988be8/manifest.json	6433	a02b84d324515661d8975988651aa62753e449f53cacf7b600f95131cb6f5799
assets/unit_anim_native/assets/army_guards__reload_i0_all__7e421c0793/manifest.json	6866	c73805b819d79f3511c0384bd3db6ef8f1b32c2af01f1bade04cafd0e02f5fd0
assets/unit_anim_native/assets/army_guards__reload_i0_all__7f484b4305/manifest.json	6416	3362d92de5c6d493e3062d8ce801cc6cb9e363e41a6bfcca35f67e0517c98e43
assets/unit_anim_native/assets/army_guards__reload_i0_all__8f45c74385/manifest.json	6398	0823b0f6ffd0b8396d2cfb472d0e6cc54804cc4e7b4bc5dc484728dc6544e611
assets/unit_anim_native/assets/army_guards__reload_i0_all__abdf19e4e0/manifest.json	6431	fb0de55ef6473d38bc6233d3ac9a60cd89eff62dbe406e50681935c95437eae6
assets/unit_anim_native/assets/army_guards__reload_i0_all__ac7cfbff76/manifest.json	6416	059a7e176f8913db5c16886d5fc3dd70671ba54c481fb1d015bc4b34fa9f2e38
assets/unit_anim_native/assets/army_guards__reload_i0_all__ad361b0d01/manifest.json	6869	6041270b7538683f07b4510bc614886594fcb14ee4356f48d9426e7e739084b1
assets/unit_anim_native/assets/army_guards__reload_i0_all__b648d07107/manifest.json	6419	7593eb1bb36916b9214f3fe94adccd2725f2466711b29d6a4b03c86f1e33511f
assets/unit_anim_native/assets/army_guards__reload_i0_all__bf63a7e8bc/manifest.json	6417	7faa7c4e095d58a2546a1b5b3caad9e8f675a7bfdb9edbd826c737ae6df2fd33
assets/unit_anim_native/assets/army_guards__reload_i0_all__c34a98162a/manifest.json	6867	4ac240bf7ad1bf43a29ed1a8859654b02d21f1b593169b750c4a6e7a0920ac3a
assets/unit_anim_native/assets/army_guards__reload_i0_all__c94ae134a7/manifest.json	6869	fab724fb13e871928e6b0b8274661150532ab1e24b779117ac64fded02dc7f72
assets/unit_anim_native/assets/army_guards__reload_i0_all__d1b1da1d65/manifest.json	6430	fea7e4bb6d5ce9be8969a3aeeb7ee2714d63d28c721929558df9776ba53f0f5d
assets/unit_anim_native/assets/army_guards__reload_i0_all__f931fab83d/manifest.json	6867	ccf54933c83197d5e2840b1f9b546bcbf6d7ef7ca10cb9daaea639a720187d7e
assets/unit_anim_native/assets/army_guardscavalry__attack_i0_all__0991c42036/manifest.json	4198	6295d254362984c16226daa222c4fa7c8dc955a0db30ffbd84f09951619330ab
assets/unit_anim_native/assets/army_guardscavalry__attack_i0_all__0ae2e028c0/manifest.json	4875	e4ed1fc0ff21b3450db954d7722e99de0dcd945b058d9ed7387c9a7f059e3929
assets/unit_anim_native/assets/army_guardscavalry__attack_i0_all__379b874b4e/manifest.json	4870	ec6e444cb032b26cb7a31e6efcd4bcd983c667c2d2b595e18bda4382774c118b
assets/unit_anim_native/assets/army_guardscavalry__attack_i0_all__3eb980a59e/manifest.json	4199	acc3fd700e2dac94654f848e437e3c4554d1b6192d45d5f8d865feb7bef935bc
assets/unit_anim_native/assets/army_guardscavalry__attack_i0_all__468145283e/manifest.json	4873	29a238d8d7197abb382fc08633db5394da2d089872229ef4bc89cb96d59a2628
assets/unit_anim_native/assets/army_guardscavalry__attack_i0_all__5dd352edc9/manifest.json	4871	46af169fdb5341e0a5cb660c13494427686fd55f009339e61c7b8c5f04374715
assets/unit_anim_native/assets/army_guardscavalry__attack_i0_all__67bafed021/manifest.json	4202	7f9d5ce9a3060a31124c2cbe874c21b916a1df2e06e297dfd752e7f8e92f90c6
assets/unit_anim_native/assets/army_guardscavalry__attack_i0_all__70d35f9e92/manifest.json	4872	107e4c84a18690771afcf6fd1400c333cc7a3d73a0d7fd9151f0575a5d1c387d
assets/unit_anim_native/assets/army_guardscavalry__attack_i0_all__8c69f52aab/manifest.json	4867	4c8696a53a4420cb039db89e97bce8470b909192d2135072b9fdcdf1d0a328f6
assets/unit_anim_native/assets/army_guardscavalry__attack_i0_all__94c7953cb1/manifest.json	4872	d31a3958cd6fe57b0c12141837315223d6f1f0a562d5c0d763ac469996b22716
assets/unit_anim_native/assets/army_guardscavalry__attack_i0_all__99822d7988/manifest.json	4201	cfff621af61af73076668ec98d8449551482fa0aba9e6fe3eefda03e063c19b1
assets/unit_anim_native/assets/army_guardscavalry__attack_i0_all__b6ab913920/manifest.json	4197	0b242845ccec69dd12d1548a2c437de82680b36a3c419e7cf6d8723b70c3a8f0
assets/unit_anim_native/assets/army_guardscavalry__attack_i0_all__c563fe0f97/manifest.json	4199	17f8eee397556b6264b6e2f62e07d9ac5f8b043d23785da952d6ebcc54578d0a
assets/unit_anim_native/assets/army_guardscavalry__attack_i0_all__d21f26a8ad/manifest.json	4194	b94e018faa86c5ba95031bb4a2f4538f1fac50d5efe6473f8f72e779377d3c86
assets/unit_anim_native/assets/army_guardscavalry__attack_i0_all__f59bd3336a/manifest.json	4200	d40931e52fd912b9df5f0c31f075fa36711d3158a7b7b6c5fc3de4177c3eb5aa
assets/unit_anim_native/assets/army_guardscavalry__attack_i0_all__f62ad3a37d/manifest.json	4875	8aab63570a02234236767a2d3ed4dea6ac0b0c6c587ab32b372f038649afaf18
assets/unit_anim_native/assets/army_guardscavalry__attack_i0_all__f7e9ba877c/manifest.json	4874	97598d279885440fed82d57fdb159c28a03d6cf745ebdf0a4c371833074b5909
assets/unit_anim_native/assets/army_guardscavalry__attack_i0_all__f900569228/manifest.json	4199	52b47a1b6fe4bf4b1cc274581134dc77f07e0cac66085337a8f4f47cb2c69a47
assets/unit_anim_native/assets/army_guardscavalry__attack_i1_all__08ed276920/manifest.json	5583	7aeb80cb7c077ce7d3bc59521b56db564092d32faa7e0abb4462bc76719c4d42
assets/unit_anim_native/assets/army_guardscavalry__attack_i1_all__0dcfa6011e/manifest.json	5513	ddaf78142c0192bec595e83b37a7c72c275b7a30977874486b5a114ff555e047
assets/unit_anim_native/assets/army_guardscavalry__attack_i1_all__35cde4443b/manifest.json	5545	5b816c919c2e4c0901e04fa102956b7e20cef82027abc6f8118fb719e2a77fcd
assets/unit_anim_native/assets/army_guardscavalry__attack_i1_all__448355cdb3/manifest.json	5570	d411196085a2cc4a276450a9918d568d58ab306c9b07aed6d254849c1937b0b5
assets/unit_anim_native/assets/army_guardscavalry__attack_i1_all__654ffca0b7/manifest.json	5546	2c7e189a9ce8bb9a2f1827df513a6dde9497200b29b76327053f0f5d9426fe69
assets/unit_anim_native/assets/army_guardscavalry__attack_i1_all__7394a9e16f/manifest.json	5570	5907efebade1c768809c3ee71c771970ed23366a99a0094cf082738861be03de
assets/unit_anim_native/assets/army_guardscavalry__attack_i1_all__836a30433a/manifest.json	5541	40b24a3d4c1548a443747b57268e806384bb22c0d1ffeea6a4dbf0b3976643f4
assets/unit_anim_native/assets/army_guardscavalry__attack_i1_all__9832749e7f/manifest.json	5541	ef66c0524229483ad651637e99bda0a048d5fad82749befd33b91c9384c05d34
assets/unit_anim_native/assets/army_guardscavalry__attack_i1_all__9874f31ab2/manifest.json	5545	8171d9c3dab616c08c9ea927d58bc2e72ea3551d8171d44cd83f70de84a4bbe5
assets/unit_anim_native/assets/army_guardscavalry__attack_i1_all__9d3103ff80/manifest.json	5578	7adf3682efa0e35786eb6b7b5961ac2ccc0f1eb170ab9e27b2963251fa75f92e
assets/unit_anim_native/assets/army_guardscavalry__attack_i1_all__bf4ce15b0f/manifest.json	5544	e26974d11fcb115a79b96e049b42eaf6df6f4a1139a571ff77ecbe2becfd0f2b
assets/unit_anim_native/assets/army_guardscavalry__attack_i1_all__d3fa7dacf5/manifest.json	5544	a0c04a8a6ae4eb71fb26930f79373f23b340b784925d7b07e6125b82cbe4ec91
assets/unit_anim_native/assets/army_guardscavalry__attack_i1_all__d5dbb5d7ba/manifest.json	5568	15555b5ad3ae8f53c46ca571f995097333f795123bc51ec91b5335050e08e9f9
assets/unit_anim_native/assets/army_guardscavalry__attack_i1_all__d78e40c950/manifest.json	5558	299afee754e9e45be63102bac1c3eeb2bd9ffcf9753608574e18dd61fa5763cc
assets/unit_anim_native/assets/army_guardscavalry__attack_i1_all__ef5420d03b/manifest.json	5568	7718641b1d33a5a0906847859aae7696bac575fd71d536b1b22e82e3c751cdf4
assets/unit_anim_native/assets/army_guardscavalry__attack_i1_all__f2f8e43083/manifest.json	5566	e8a9cfb65407678101c6602abdceee4ff52f55487eec39868fa90b59190993ec
assets/unit_anim_native/assets/army_guardscavalry__attack_i1_all__f66e7d0c5b/manifest.json	5566	eed9ccf1ee6ec40721746e299814b1dac694ab7812a6792404c26a40f1bedc97
assets/unit_anim_native/assets/army_guardscavalry__attack_i1_all__f8ba56ac32/manifest.json	5570	ebda3edc1f398c33e4055e2d1a3ddc048a5d4e510ca5161557562a7a2e8b412d
assets/unit_anim_native/assets/army_guardscavalry__finish_i0_all__30515005a1/manifest.json	1765	a30d7bbdc32f76f300caa145573df811c5138db87443709c90a5039d6efb94cc
assets/unit_anim_native/assets/army_guardscavalry__finish_i0_all__33d1875037/manifest.json	1762	5d6c2f31132c64f7fee40eb4ea9e37246a59c5b8d081ee67e6752e5be5da2235
assets/unit_anim_native/assets/army_guardscavalry__finish_i0_all__444ae2725a/manifest.json	1763	4ad483b1350c3db3813787c8907b89d2362d9b86418b267b83437c4de1d169fc
assets/unit_anim_native/assets/army_guardscavalry__finish_i0_all__547a9ec57e/manifest.json	1764	86f7e29ec227640c6c5af1e354c398ce41c6bcac36f815886df34eda81d549a8
assets/unit_anim_native/assets/army_guardscavalry__finish_i0_all__661bac98ca/manifest.json	1757	3ad64c17a8df2d57a58411229cc8813949e2b135dda2b2921456159670c377a5
assets/unit_anim_native/assets/army_guardscavalry__finish_i0_all__66eedccd09/manifest.json	1761	a7916834a3af54a150ddc0b78fc1045118f05d5628950a80534e803e6cbb002d
assets/unit_anim_native/assets/army_guardscavalry__finish_i0_all__6c10b68e05/manifest.json	1765	6a7555f37bf1357c3e17dfbd1a04c4b3d81ac337fd5718fb52a338edbab2d3bb
assets/unit_anim_native/assets/army_guardscavalry__finish_i0_all__6e48bd8575/manifest.json	1768	e68be422987c61d5b2aae090b900d29140a395dba7a1aec535883e26dc67696d
assets/unit_anim_native/assets/army_guardscavalry__finish_i0_all__768c31381f/manifest.json	1764	9db25a2bce352c52fe3b00f8c8fbecb3245054ff78581923cefd6af54af211be
assets/unit_anim_native/assets/army_guardscavalry__finish_i0_all__7a2c8b06b0/manifest.json	1761	52f700c8ffedfc1027ccae260cbcbe2c56be4423269c36e245d412bb56cf1629
assets/unit_anim_native/assets/army_guardscavalry__finish_i0_all__8df1f7c51e/manifest.json	1761	0893d41c287ac2f3731aaba3ff883a4b9acf6c204f8497a5e95b323d14c8ded8
assets/unit_anim_native/assets/army_guardscavalry__finish_i0_all__91e8dc4e39/manifest.json	1768	2869fab39158cb8fdb8975221ec02f6465c71d89ae80ff756e264cafcb81b526
assets/unit_anim_native/assets/army_guardscavalry__finish_i0_all__a30177474b/manifest.json	1763	881c0133913ed73996c6584ded2624996aa40fd3455e3934ebf82896949193ed
assets/unit_anim_native/assets/army_guardscavalry__finish_i0_all__b798b791d1/manifest.json	1761	dc965ae33b0a254d29e618cca83effab4f345fa75b2a7f3f6584bb050b7c0a5c
assets/unit_anim_native/assets/army_guardscavalry__finish_i0_all__bd5b5c6865/manifest.json	1766	ff99e158ee79444023be5b49d249d61785b2e5700c591b22f1566813777d9357
assets/unit_anim_native/assets/army_guardscavalry__finish_i0_all__d4399ab502/manifest.json	1768	b40cab9bd505e1189090f13a56efc461bd5763e86076bb382e4c839bbc8646f2
assets/unit_anim_native/assets/army_guardscavalry__finish_i0_all__d88ff8c2d6/manifest.json	1768	235c35e5254391116f970b183d96356819b9e17b4ed58e20d92784336a447925
assets/unit_anim_native/assets/army_guardscavalry__finish_i0_all__edfd4986d2/manifest.json	1761	bfe5a446bbcd81a7682f3b3c39d1850a6ccd6393c8118672578a2a9db598b74e
assets/unit_anim_native/assets/army_guardscavalry__ready_i0_all__012742d4ea/manifest.json	3524	5d377c08fb78fe243098f244703e2917b3e202dcff6e289fee006e2b942127df
assets/unit_anim_native/assets/army_guardscavalry__ready_i0_all__0c2e43ca28/manifest.json	3287	3c4fd4f12207f86bc5d140a208213eb8b4ff6d33d0a4f93ba3eb64fa1d64d795
assets/unit_anim_native/assets/army_guardscavalry__ready_i0_all__0d2477a06f/manifest.json	3516	7410a17c17cff01b9b1d0f020b73b259cd7c06370337f825da3809955b993743
assets/unit_anim_native/assets/army_guardscavalry__ready_i0_all__3942178438/manifest.json	3523	7b36b6e944f205ac837b04a1af1009781ffc42daf91f0e538c0f9c16a0206e43
assets/unit_anim_native/assets/army_guardscavalry__ready_i0_all__3d1ad95aa4/manifest.json	3525	6f445bf39239861ecd0f297065de691194fbd4fdd29175f7ca01ddecfdfdd488
assets/unit_anim_native/assets/army_guardscavalry__ready_i0_all__41caaa2929/manifest.json	3290	95337374728926846deb46bc5d32008795d13550cda6b8cb250b59f4784869bc
assets/unit_anim_native/assets/army_guardscavalry__ready_i0_all__47b3cacfd9/manifest.json	3289	516bef196313e48881828e8e32984ab81dde8e1d3deecedd40cafa93f7c054f8
assets/unit_anim_native/assets/army_guardscavalry__ready_i0_all__75047a6f08/manifest.json	3286	af0e9ec8942da5eb3249cd2657bdcf91c65d89aae2700fcf0d459b7877e0deff
assets/unit_anim_native/assets/army_guardscavalry__ready_i0_all__7588964fb6/manifest.json	3522	19be0d15dfac55b6f85053d3b207e3e80044bb616b8358f76208afd216c676c0
assets/unit_anim_native/assets/army_guardscavalry__ready_i0_all__b12ee1d8f1/manifest.json	3284	99ff4d5293e733aba02f864e4fb4e3784efb032fb95bc913f76830977e84f7cc
assets/unit_anim_native/assets/army_guardscavalry__ready_i0_all__b312edfe1b/manifest.json	3290	61436e9ef917ba8561fe032ababfd5506fdc5325d13eca7fe7e1581289d60e2f
assets/unit_anim_native/assets/army_guardscavalry__ready_i0_all__d28875ab60/manifest.json	3519	ae5b2e5e1219db0c896bb9df77a6d33704c66cc912db25a171cf94d429fba630
assets/unit_anim_native/assets/army_guardscavalry__ready_i0_all__dad16389d3/manifest.json	3522	125b810504d85cc906449248ee06e260ed89a4a622ef2570e0e555f7dba5e32f
assets/unit_anim_native/assets/army_guardscavalry__ready_i0_all__ecca7d0f51/manifest.json	3288	a5af3f8bf517017840caabe640886cf6bb9eb80656ec49fd00c4bc337657a872
assets/unit_anim_native/assets/army_guardscavalry__ready_i0_all__edb9776430/manifest.json	3292	ae9e15939d84b50c4071de80dd8870e11f18dc32b0374479d97a65ad586bf56f
assets/unit_anim_native/assets/army_guardscavalry__ready_i0_all__efedbac43f/manifest.json	3290	12832d385ec59cb25211a7de8d60b099c88dad2f0b388658d952575b33094250
assets/unit_anim_native/assets/army_guardscavalry__ready_i0_all__f32c6ad205/manifest.json	3522	54c0bca985097005910ae4fef0bcedf8322701175c3be2dfe96c2c90d651219a
assets/unit_anim_native/assets/army_guardscavalry__ready_i0_all__fd513c74ea/manifest.json	3518	a935e13a1f764d03b19b5f3f166065d25a4a0e28b19a5f5639895d0b70c13551
assets/unit_anim_native/assets/army_guardscavalry__reload_i0_all__15613e5d2c/manifest.json	5945	b865fefbbe3ec262134a60b2ca80de6b43716a2ac030ef6b76d1f5b87b97f683
assets/unit_anim_native/assets/army_guardscavalry__reload_i0_all__1ce645ed0e/manifest.json	5945	485d0fd83b1d00c12daaa40f194a6b385f67a48df74430da7e648790623dcb53
assets/unit_anim_native/assets/army_guardscavalry__reload_i0_all__376eff4489/manifest.json	6642	5a442aa00fab5928b777e407403053a18458d7116e3fd7b6e454e59d7df746ad
assets/unit_anim_native/assets/army_guardscavalry__reload_i0_all__3bece981dd/manifest.json	6645	3811d1bd9760bb3486fbb4b0eb9332fbbbe0dc3f1acaea0f65282b8142bd300e
assets/unit_anim_native/assets/army_guardscavalry__reload_i0_all__4dff30a8e5/manifest.json	6648	8a2d0fc8dd355ac584e7afd31af7f90183bc3d618ffe0ab3e842865b4685e673
assets/unit_anim_native/assets/army_guardscavalry__reload_i0_all__54a705bad2/manifest.json	5947	e55f07e8cf0fbeed198b6a2c8f5c0d4affcc450f871423a06b568a30fc874711
assets/unit_anim_native/assets/army_guardscavalry__reload_i0_all__554b37bd74/manifest.json	5948	cacbf316c776121a19fd9dd1261afd8ddb9a511571ed753da3ec6b0953eafd49
assets/unit_anim_native/assets/army_guardscavalry__reload_i0_all__55aedfde33/manifest.json	5947	17ee715e6b9827af8d13de8da0c10df27e2ebbe1e617780947e73b8d771047fd
assets/unit_anim_native/assets/army_guardscavalry__reload_i0_all__640192e70d/manifest.json	6646	21b91d68478276f5ebe15aac35f339e66a5f0793066ccfeb256f47680a0586b7
assets/unit_anim_native/assets/army_guardscavalry__reload_i0_all__7849f1eb30/manifest.json	5945	d387c23672d76d8b4e68a64bb62848bc81689ff42c28bd4269d5972a135fe2f7
assets/unit_anim_native/assets/army_guardscavalry__reload_i0_all__7c8336ba27/manifest.json	5941	5c9737fe081ade1fc15905f1a8bd20b79e6af7a41717d9d78eeb08b5996cf353
assets/unit_anim_native/assets/army_guardscavalry__reload_i0_all__c0653db879/manifest.json	6646	fd3f7e017f874e09e406540e9f6211a8fa6ff11c09d02916e26266019ad99c6d
assets/unit_anim_native/assets/army_guardscavalry__reload_i0_all__d6dc34c2ec/manifest.json	6649	d83ca229b0f9f48d0bdf0d5506fcea18e5a05d6b764495c9ae51a1ba8c0f1fdd
assets/unit_anim_native/assets/army_guardscavalry__reload_i0_all__d76bc5612d/manifest.json	6649	2b7ec44146bd1935be13ae8fd91ef4b107c34e82b074249c229fa328e3965b52
assets/unit_anim_native/assets/army_guardscavalry__reload_i0_all__e49eccb883/manifest.json	6648	f7b9887fe5697b8c8ef5dd45a6f4d2b49f3e3a931dded1cfb7eb5f3554ec444f
assets/unit_anim_native/assets/army_guardscavalry__reload_i0_all__e7833c8e68/manifest.json	5945	55c53944934a9cd80c0542815601c3a21b42d20e9368c8d75457e151e6ebb61c
assets/unit_anim_native/assets/army_guardscavalry__reload_i0_all__e843b6b039/manifest.json	5948	d111c077fd534b5068c499e30afe0742abb0a8ef1f3afbd93de0e80a94489fde
assets/unit_anim_native/assets/army_guardscavalry__reload_i0_all__f7cbf33bc6/manifest.json	6647	f459594854f428112d922ccbe5bd209d4d01321c4376ec10a15296adb7e346a6
assets/unit_anim_native/assets/army_guardscavalry__undoready_i0_all__039441d1a7/manifest.json	2008	daa99db13d7c19948cffd0f857426771656cb267c61fb9cdcc2091a464a67736
assets/unit_anim_native/assets/army_guardscavalry__undoready_i0_all__0859d23404/manifest.json	2000	6d835fe61d413faff91307da9d6a78f60d6b0f9212450545e53595d621e97cac
assets/unit_anim_native/assets/army_guardscavalry__undoready_i0_all__6e5ef36b81/manifest.json	2000	6bd79f125ec9d452cc5d82a0237b4aa8bf41f30d8f46112db6ddcb5d1acd6c2f
assets/unit_anim_native/assets/army_guardscavalry__undoready_i0_all__80356c52bc/manifest.json	2003	6c19b254e665ceb4240a1e53478dc49f2fee8639685b6650716d7176c77b158b
assets/unit_anim_native/assets/army_guardscavalry__undoready_i0_all__94a3ee585a/manifest.json	2008	5e5984e8da27046aa4d9926351bfb0c6ce047139974a0033d87ff4c23bc6ebd1
assets/unit_anim_native/assets/army_guardscavalry__undoready_i0_all__a047469a9b/manifest.json	2003	97e95f5ab56ad2195ed8653f9515623e61bb0fd83c422823ae1f4810e6165376
assets/unit_anim_native/assets/army_guardscavalry__undoready_i0_all__a1c3a0b3f4/manifest.json	1996	15e4fa1e8b6c312f5f4060e1dbeed49734e2f5d21dd781f553382d183ad3bfa1
assets/unit_anim_native/assets/army_guardscavalry__undoready_i0_all__a9ea9b354b/manifest.json	2008	c63f65ebb6a2e3be148272096cc500a8451715b62fd0270032ea9fb657a78f33
assets/unit_anim_native/assets/army_guardscavalry__undoready_i0_all__b0f1e3eeb9/manifest.json	2001	326e2df497b5f5cc7a9970c00164f906008c7a3f5df3d98e8f579f267f53bd9b
assets/unit_anim_native/assets/army_guardscavalry__undoready_i0_all__bf3fc7503a/manifest.json	2006	80613a105ce345219bb90f58cdb4e27263ba6b76abd88a614ee3cac83648ab47
assets/unit_anim_native/assets/army_guardscavalry__undoready_i0_all__c3ec3f5de6/manifest.json	2005	49487e38557bfd4dfebbb4b33ed9b92c32bf3eb63289e4f3ac4d031f3d7d09ad
assets/unit_anim_native/assets/army_guardscavalry__undoready_i0_all__d00df11a2f/manifest.json	2005	1af15578940959adbf234898ef8b49c216b06b13882a09295e60c79b36683015
assets/unit_anim_native/assets/army_guardscavalry__undoready_i0_all__d25a1b168c/manifest.json	2001	140f68020bdcd32079b638d37fe1bf5081f32edb04002d15fd7995c624d05764
assets/unit_anim_native/assets/army_guardscavalry__undoready_i0_all__e95bd2c599/manifest.json	2005	52e2a28fa163d475148f565317ec769998ca7fe45d6958b3c95c31fed8bde1e0
assets/unit_anim_native/assets/army_guardscavalry__undoready_i0_all__edb74c7836/manifest.json	2004	65b4f940fc7ad8c24900c31780045ce6d4942c261c0a925423237a77e38401af
assets/unit_anim_native/assets/army_guardscavalry__undoready_i0_all__f2a58e0b2c/manifest.json	2004	1a1256fadee5a852b3b43e399ffd4f50cb43f5f53a9910ef34e17cebea710659
assets/unit_anim_native/assets/army_guardscavalry__undoready_i0_all__f2d34a6739/manifest.json	2008	ad87346d3e4a3a93af8af708f8b7c6d25409c4b344b06cb5488cbe343354d8c0
assets/unit_anim_native/assets/army_guardscavalry__undoready_i0_all__f8a92d07b9/manifest.json	1999	7df92e8d399d4e1f1b3e32f3995dd587f17e198c80ee96dbf80033c4cd8605f2
assets/unit_anim_native/assets/army_heavycavalry__attack_i0_all__00de6a0397/manifest.json	4403	ba2484f3f6e8fd78bcf1268fbbd0461ac8e954541e6f4cf2efaed46b77e604ac
assets/unit_anim_native/assets/army_heavycavalry__attack_i0_all__075dadf0be/manifest.json	4530	94414318015ac27753c75b119f9a94060389e3e0018156cd778ffcefcddd22a7
assets/unit_anim_native/assets/army_heavycavalry__attack_i0_all__07634cdfb0/manifest.json	4403	2c1d000f5192239207fc9fd483a56396a030cda3c0656fc4adeaef463697b093
assets/unit_anim_native/assets/army_heavycavalry__attack_i0_all__0ded654dc2/manifest.json	4418	60046222362778067112986ccedb4499d45aa03fa0ed7aeec45a7b2308882e7e
assets/unit_anim_native/assets/army_heavycavalry__attack_i0_all__1c3d189837/manifest.json	4313	cd10456b3c43d0602c6396ecdc46651391c9407fdf2a2cb06b230febf33abf0a
assets/unit_anim_native/assets/army_heavycavalry__attack_i0_all__1ff74b7644/manifest.json	4658	e389ce3cb8a146c9fb635b34b754d33df84a5c66944dc88b305ca680163d0cd6
assets/unit_anim_native/assets/army_heavycavalry__attack_i0_all__2cd9696064/manifest.json	4537	0016cf39b4be7615fcff6af9367139a30042b55e58d24d1fb2eee31d27445816
assets/unit_anim_native/assets/army_heavycavalry__attack_i0_all__3f42c3fecf/manifest.json	4662	dc3287e23a85cd5b4f10476858658d52e4f708b85cd1306d1cfe5928c3e7be18
assets/unit_anim_native/assets/army_heavycavalry__attack_i0_all__4078bfa23c/manifest.json	4662	ea04bafaeb13db9de7a3a339ed9e6a7d03936f50f28870a1bcd0da33bea16004
assets/unit_anim_native/assets/army_heavycavalry__attack_i0_all__69c31a8173/manifest.json	4651	6fade8087f53716cd797f9459a38cf58e157461f2194905d124e26ac2fd995b9
assets/unit_anim_native/assets/army_heavycavalry__attack_i0_all__794489dd32/manifest.json	4662	5bb089d0e92313b1c5a643fff2ac5d0ff9be11992016e1a8bb2fcb9026c05659
assets/unit_anim_native/assets/army_heavycavalry__attack_i0_all__795b3571a8/manifest.json	4651	096e22e9d00fa31695ef0887ce282a32a427151dc9e85f87525921c9b694f4ad
assets/unit_anim_native/assets/army_heavycavalry__attack_i0_all__7dfcae98ed/manifest.json	4417	0bcdd47ded80d22c90317688557ef12ed95bd74f693b3fa6a9c42564a7887bc3
assets/unit_anim_native/assets/army_heavycavalry__attack_i0_all__81be02e48a/manifest.json	4418	8ee64ee2d7b63d381a115314f1c2360c1cf0b4eae2d3f06530ef5730daecd7cd
assets/unit_anim_native/assets/army_heavycavalry__attack_i0_all__8e8f6fe843/manifest.json	4662	9faa26220c61f4558a08a52c3408066c916a104a926f1750a5fe61889887623a
assets/unit_anim_native/assets/army_heavycavalry__attack_i0_all__94bbdf444b/manifest.json	4421	07669ac6e85bae341d39de5e3ebe63fb55402978fdb00bc27e7b10203f8f0e07
assets/unit_anim_native/assets/army_heavycavalry__attack_i0_all__e4136fb23c/manifest.json	4418	53efd2f04324d0903edbf6e37f61d3a1f9c4dca10f6eb1c5bd5720aa8f76e61b
assets/unit_anim_native/assets/army_heavycavalry__attack_i0_all__e8c8261f2e/manifest.json	4665	f8e0a1eac3ff44aa53f20dc8b6522101921b97bba0b38ca5b2b2f5bff7cb4a7e
assets/unit_anim_native/assets/army_heavycavalry__finish_i0_all__06c0d61a1b/manifest.json	1765	d500cb04e6652c5fe5c401875f2afcbae0e759ca78955b2efb43225902f80398
assets/unit_anim_native/assets/army_heavycavalry__finish_i0_all__0e61ae8446/manifest.json	1772	4b9e6871c686f171fad65318aa42cdc8fa5b92462397dff288dfa079b7511b9a
assets/unit_anim_native/assets/army_heavycavalry__finish_i0_all__146c6613ed/manifest.json	1765	3df14f69855022246c66eb5f64eec8fcac144a064ab09f8b2e006d50c82b6474
assets/unit_anim_native/assets/army_heavycavalry__finish_i0_all__1b681d3619/manifest.json	1762	4432bc7b96db7b2e93acafd5a3bca7d17e9d034e98ec40934b5dcb81cd08e0bd
assets/unit_anim_native/assets/army_heavycavalry__finish_i0_all__2ac5b01edd/manifest.json	1762	160b13d7a350e56f3fa68bcac1d46cc061dea21a1c67bad93748bc910865cf81
assets/unit_anim_native/assets/army_heavycavalry__finish_i0_all__2ec595e6f7/manifest.json	1775	5bc3886bc2cbe3384f007bfaa2a61f13dc4b4ceefa67aca8ac3bdfe605d0eab3
assets/unit_anim_native/assets/army_heavycavalry__finish_i0_all__2f61e0d4b6/manifest.json	1775	17e143b1fcb4185d61cceac47904941308f62b5f7ddec21e927cf3af22c2a241
assets/unit_anim_native/assets/army_heavycavalry__finish_i0_all__3daaceb08e/manifest.json	1765	defb7d01bcc4168d4d837a5e2ccdc2b334d28940b064ba9f21eba62b90db344b
assets/unit_anim_native/assets/army_heavycavalry__finish_i0_all__3e5ccbb02e/manifest.json	1765	59858ecad81e06262a5f2b557e2f7a4b979686c155ed574abde0fe508f342770
assets/unit_anim_native/assets/army_heavycavalry__finish_i0_all__42b37465a7/manifest.json	1762	8fead8fa95784c8941ba3e57c07686f382f1702e0836b4568b10a5c3e4947360
assets/unit_anim_native/assets/army_heavycavalry__finish_i0_all__42ef3ea955/manifest.json	1758	c31e3da096fe23361fb473c666bea2090d0474b36a19e92fc102001b438e76cd
assets/unit_anim_native/assets/army_heavycavalry__finish_i0_all__67e34621bc/manifest.json	1774	9c0cb540d65af339fa1fc8556a09cc5085324b992c2ef1294a62c8258d05107b
assets/unit_anim_native/assets/army_heavycavalry__finish_i0_all__822516c76b/manifest.json	1771	143f2f0622c69f7d5be8a7e39d850db600993920b7052281d28b3ee7530e20ba
assets/unit_anim_native/assets/army_heavycavalry__finish_i0_all__d62d90dce1/manifest.json	1768	38389d7c0c9f72bd76131b47265a78cd3a33ea6d2f1d31141ef745c5a6948b10
assets/unit_anim_native/assets/army_heavycavalry__finish_i0_all__e4c5e178b5/manifest.json	1772	db82d419f53b3df4d6667f558c2bb6e15d375d188c5840f2a93fbaa2bdf9fa75
assets/unit_anim_native/assets/army_heavycavalry__finish_i0_all__edefd2d279/manifest.json	1762	f6044006af54ff3d43a8940550757818ab08cd878d6b37709fdc58c4ad79367e
assets/unit_anim_native/assets/army_heavycavalry__finish_i0_all__f3f541e079/manifest.json	1774	8b06e6a80789b466282bacee7f4fe775c45a00c4e1c91774d867c2b928f924ea
assets/unit_anim_native/assets/army_heavycavalry__finish_i0_all__f69794ac33/manifest.json	1772	291cf44806203ee066bc29643fccb32c8fa05487b714825f630c299a783190d4
assets/unit_anim_native/assets/army_heavycavalry__ready_i0_all__03b3ea2304/manifest.json	3415	4575d17a0d210e0fee3175377bfd88e89a08d445d721c377eea2f621bde86b85
assets/unit_anim_native/assets/army_heavycavalry__ready_i0_all__0cfe73e107/manifest.json	3787	a55208079e4eec31e26570dff60162752c7427399387b76d449416594db69c07
assets/unit_anim_native/assets/army_heavycavalry__ready_i0_all__0e66c73686/manifest.json	3338	51bdb3634d5cdd5c900f49db97c61e624b979387a77db72c32a21d0cb5088d9c
assets/unit_anim_native/assets/army_heavycavalry__ready_i0_all__2223ad0541/manifest.json	3794	ba52a12d23ac0b0d53a884cf75c12ce4b1466bbd27296598dfdfee8798aa0909
assets/unit_anim_native/assets/army_heavycavalry__ready_i0_all__234ceb4ada/manifest.json	3345	4066df290d9d398831cf6fef129808191c484d20a04cc094369c2064fea4f916
assets/unit_anim_native/assets/army_heavycavalry__ready_i0_all__25130f4c0e/manifest.json	3342	f9c00ada5b13b900cd23d050f4476916109e39fec63579b12b5f01197aa77d52
assets/unit_anim_native/assets/army_heavycavalry__ready_i0_all__2874cd658c/manifest.json	3791	98a767aeef24f87b5cbb35b95ec883db4e1c0d3837360cdcee79b7def8b6ce4c
assets/unit_anim_native/assets/army_heavycavalry__ready_i0_all__3f4c995af2/manifest.json	3779	6cbbe30b88a18581c49df15f8e6be477fcbb05ab2b128503bcf99f24caf42eb4
assets/unit_anim_native/assets/army_heavycavalry__ready_i0_all__4540a4de26/manifest.json	3889	a34816b6e44121602a1b43734c74b5721a8e44245294cd2fe93e5d40e2e04495
assets/unit_anim_native/assets/army_heavycavalry__ready_i0_all__590a63d52a/manifest.json	3888	283ae086fd373a03b12748c55ba9e4ccb0bf21482db6b2e70c247e0fedd99e1c
assets/unit_anim_native/assets/army_heavycavalry__ready_i0_all__6ecef4a1ac/manifest.json	3782	d176b00db68a0c7ca00d11b2dcc226ccd18003aa43d9fc59650b0dad895963fb
assets/unit_anim_native/assets/army_heavycavalry__ready_i0_all__8157f4ad4f/manifest.json	3342	34827fb82ca696167e60a27a38a649f32b7d48dc8f13f02508cf024d2072da4a
assets/unit_anim_native/assets/army_heavycavalry__ready_i0_all__9527173485/manifest.json	3339	d86df34c4f483297d7025c2acced39d77319c68427aef025e0778e4d4fe9845b
assets/unit_anim_native/assets/army_heavycavalry__ready_i0_all__9aa572ac95/manifest.json	3342	8fbad18fb6c41e90fbd81862f9b0fbce4eb6e6115b795f4b19e3354672773449
assets/unit_anim_native/assets/army_heavycavalry__ready_i0_all__acfa04e84b/manifest.json	3415	beb211046c17d1cac66db06bb2f71c3780f7d22d61c1f36e2d68962152f469c3
assets/unit_anim_native/assets/army_heavycavalry__ready_i0_all__d332feaafe/manifest.json	3779	88d946b4742343cdd6b6dc65f5ec7ff2d0ddcda9041a4a8d896c02d455790ae9
assets/unit_anim_native/assets/army_heavycavalry__ready_i0_all__d5cd78a85d/manifest.json	3802	11dd8b8217b0f76cda2fed4acc9b7ff8afc6070f01a3d34ed2933d3f0d7d6a75
assets/unit_anim_native/assets/army_heavycavalry__ready_i0_all__e2b9393053/manifest.json	3345	46abad0f7e419749561cc8e578deec7c2b11fba16ba1dee6081ad2b45a4bbd85
assets/unit_anim_native/assets/army_heavycavalry__undoready_i0_all__319ffa644b/manifest.json	2035	ba37950f88c2cda28ff07348f905dfb9b30e07e77a54da13457fe5a34d20a2e0
assets/unit_anim_native/assets/army_heavycavalry__undoready_i0_all__339ce21d6f/manifest.json	2034	7b20ce8e96022f5bd64af5070dbe2d8775e3e603cb7c919d948bccaa3b20faaf
assets/unit_anim_native/assets/army_heavycavalry__undoready_i0_all__3b3c1b2f64/manifest.json	2035	cdbf228cdb0b0549f5bb65ebcc5d0dd450ae0382e2cc85dda6e446a1de99ba71
assets/unit_anim_native/assets/army_heavycavalry__undoready_i0_all__3cbc0af614/manifest.json	2028	8c43ddfc81c4e6d28fe130e7404eefed3a1c4835da7f2619ec2e6a72f1470a66
assets/unit_anim_native/assets/army_heavycavalry__undoready_i0_all__4604aebeae/manifest.json	2035	f96eee458df34a0caabdb49e5d2e77b04f2b586c3e97bb8769f32223526fef45
assets/unit_anim_native/assets/army_heavycavalry__undoready_i0_all__505fba968d/manifest.json	2035	97cbea73fa3acc3500c9322ceb60e64861802619899064f71ec3d8cbb414ebf5
assets/unit_anim_native/assets/army_heavycavalry__undoready_i0_all__5420d11017/manifest.json	2034	37bedc94e00077188129effa6354ab611938a0eb69204339c40612b25f2f0eb6
assets/unit_anim_native/assets/army_heavycavalry__undoready_i0_all__5e1841b5ec/manifest.json	2028	bcdd95dba060384034401fbdd31dc337dcb1824eef2b9955190c79322b7ae1a5
assets/unit_anim_native/assets/army_heavycavalry__undoready_i0_all__68d1b5bc6d/manifest.json	2032	53d7be6b5052d62730d5bc914de1fbd8afef300b26f366b6cf802ae084ccbb08
assets/unit_anim_native/assets/army_heavycavalry__undoready_i0_all__766d6d886b/manifest.json	2032	aecc9a8a5ad106677de6ffa72696b3e7e6ad28f47afe8da4728d6858f641ca4e
assets/unit_anim_native/assets/army_heavycavalry__undoready_i0_all__7b2f223f34/manifest.json	2032	6cf7f5b24ec5eb0965bbf7afedfbeeea3db1f0cd1f7fc465dc15b491a7c22811
assets/unit_anim_native/assets/army_heavycavalry__undoready_i0_all__95ad59ccad/manifest.json	2032	f8c55cba5d39404e6546ce0ab58c1aada4237ea4d0080db3e44445bde9e8f680
assets/unit_anim_native/assets/army_heavycavalry__undoready_i0_all__b8cb79ac4c/manifest.json	2032	9e6493266662a9cb2a2b010e4800071454c4851d0594490f51dfaffc3dfe86c8
assets/unit_anim_native/assets/army_heavycavalry__undoready_i0_all__bb297c72ba/manifest.json	2035	7138188439c95bddc836ef26858c814c44b66f9511f92539ada8a13c1d49e9b9
assets/unit_anim_native/assets/army_heavycavalry__undoready_i0_all__d9fb50d4f1/manifest.json	2032	b9326fcb88e367378a5cc384212c96e8d449d1af0857f56e3f8aa22c2d28c3ac
assets/unit_anim_native/assets/army_heavycavalry__undoready_i0_all__ed9b114de1/manifest.json	2035	f90fe0fe8c64b0940abe781af951fd867e7c75da443a12ec38eecf4d24862683
assets/unit_anim_native/assets/army_heavycavalry__undoready_i0_all__f08d03dc96/manifest.json	2032	6ff695b789181b86b36e2523dcb117aebb7b525f2a58312b0420eec364d815dd
assets/unit_anim_native/assets/army_heavycavalry__undoready_i0_all__f83fb3f2ed/manifest.json	2032	f8e2a43be4e29d796d9af640df15347cd5347f6b0a8383b9bdc0367053b0bf54
assets/unit_anim_native/assets/army_lightcavalry__attack_i0_all__092e5f5a03/manifest.json	4064	35c11bb793f12cce83599e8222af14327ff17216056524786846ad1198aeafd0
assets/unit_anim_native/assets/army_lightcavalry__attack_i0_all__0c18b68350/manifest.json	4062	9a54147b1e1e9aaa8d7526566e49587d379624fac3076c847675a8ea941cb8b9
assets/unit_anim_native/assets/army_lightcavalry__attack_i0_all__0ed2e00674/manifest.json	4452	3be5630953c790a4122b9b2dccbd019d301e3f9c7169320e54108103dde91c7a
assets/unit_anim_native/assets/army_lightcavalry__attack_i0_all__17c3bdc7bd/manifest.json	4064	88699f9e9f76724d965c011eeb43a15643aa5144e6e06a81effe58d503e38eba
assets/unit_anim_native/assets/army_lightcavalry__attack_i0_all__2d01bab3e5/manifest.json	4436	38c07615bd12bd6bdeb6c540ad7412ac3c9b963602b096e73cfe8313d4ad7938
assets/unit_anim_native/assets/army_lightcavalry__attack_i0_all__3dade804c2/manifest.json	4071	e5109de8ebec6ff3dd854169ba8c324ef082b974acc68327e22aa78b59454e51
assets/unit_anim_native/assets/army_lightcavalry__attack_i0_all__5e914687ab/manifest.json	4455	94aea90eb9ac7df95bb61bf80beeb2278503fdd91ed7ee9410f4f8b785b9ca20
assets/unit_anim_native/assets/army_lightcavalry__attack_i0_all__6048c9c820/manifest.json	4067	fe30b3871920903cf7e8e7a4eb111c4a0c20b55dc7a3710e55807106a02eda7e
assets/unit_anim_native/assets/army_lightcavalry__attack_i0_all__6b2dfc00c6/manifest.json	4069	d9057096f6dd1253be7a7a11a0218fe40ca7d58c2dee2e27875a0ffc09f783a3
assets/unit_anim_native/assets/army_lightcavalry__attack_i0_all__6c11a7fa99/manifest.json	4062	f116d1421adea3fe9e8df1732cb69f53dc0d6d168e5ae3ca3b4791e47ed6d9b9
assets/unit_anim_native/assets/army_lightcavalry__attack_i0_all__77df43dc92/manifest.json	4460	2c609cb715eef18dad3e8b62574b26b242c9d1e81fd9b15111c374679a97272d
assets/unit_anim_native/assets/army_lightcavalry__attack_i0_all__7c36a5ac85/manifest.json	4456	23acab6045dbdc043f760679ecf0f37e8cbd31277350a5d4dd733d4031e1c95c
assets/unit_anim_native/assets/army_lightcavalry__attack_i0_all__943cd5075f/manifest.json	4065	c2ec3d23f80e2414aaf8bff8d9599f25e1ad0e68026444050c452db9a5086ef5
assets/unit_anim_native/assets/army_lightcavalry__attack_i0_all__9b3d95644d/manifest.json	4448	113809ca5fe3197af5e7fb2e7b3ec72b60c28b5d76a7e88d62a8a3c361abafa7
assets/unit_anim_native/assets/army_lightcavalry__attack_i0_all__9d1e2d5d0a/manifest.json	4459	f927eee00d854a8412450b29d995bc4af12a33e7a5a142e6491fc7d4d78f398e
assets/unit_anim_native/assets/army_lightcavalry__attack_i0_all__ae037379d1/manifest.json	4459	7636639a0886491ccf37446180960e4a0dd906bbfc67ee5532ade7be54706a44
assets/unit_anim_native/assets/army_lightcavalry__attack_i0_all__aed66d8f91/manifest.json	4069	be652eece40e7a19ce304d57325c987a6900fbf7b2d522036d26e4d5c8f90681
assets/unit_anim_native/assets/army_lightcavalry__attack_i0_all__e1990e4482/manifest.json	4459	631b5d08a012aa6bcba1a93f3b49c733645ddf8f6b1c53dd4a0f4cc60967e431
assets/unit_anim_native/assets/army_lightcavalry__finish_i0_all__09e9cbbd27/manifest.json	1726	ed3f2f4b5c85bd93c6f0b36cca6ba1d7479d27c7f632b547e167c30f2bcb32c9
assets/unit_anim_native/assets/army_lightcavalry__finish_i0_all__309c6ce878/manifest.json	1723	5839cf2e55de435c3d634747cc444bcffb00a2672b194efed2375fb493eee24b
assets/unit_anim_native/assets/army_lightcavalry__finish_i0_all__337f4f367b/manifest.json	1723	9516bdaf08518ca1e347cd6bdb82263f4924e527f47bd4d8e04874c515c18b38
assets/unit_anim_native/assets/army_lightcavalry__finish_i0_all__4b57b9ecb9/manifest.json	1777	c42323054f33b5067fa7245b4a843561eb67515258b9e7980039e416bdae488a
assets/unit_anim_native/assets/army_lightcavalry__finish_i0_all__4d9dfee178/manifest.json	1722	f2892d25dcf51a6cbe960eb363ba99d5501762546e8a3e36d42ddbffb87d9e8e
assets/unit_anim_native/assets/army_lightcavalry__finish_i0_all__5fb4bdf890/manifest.json	1719	455481e6741e641ac36989e8f02ad8a509bbc305831616d26b5f064499a0b1f3
assets/unit_anim_native/assets/army_lightcavalry__finish_i0_all__6cfa482b01/manifest.json	1725	9d8e6e16c88d7a3952ce8b67d44cbb354db09f0145ef2ef1baff3247d0b18b58
assets/unit_anim_native/assets/army_lightcavalry__finish_i0_all__6e2465cfcb/manifest.json	1726	eede9c47515ed08e97368f11bfa609a01e01ae099eb6a20644664dbf05c5e43f
assets/unit_anim_native/assets/army_lightcavalry__finish_i0_all__a036ad6582/manifest.json	1774	42d63e4edbb82f7ef88c985dead7e13cfa22449901485755d01128a01ac40019
assets/unit_anim_native/assets/army_lightcavalry__finish_i0_all__a51360d46d/manifest.json	1723	12e650029e34441f50323e1e94a2eb9dc9446fe170ed0f99726f63053a88ce2a
assets/unit_anim_native/assets/army_lightcavalry__finish_i0_all__a56acf0e1c/manifest.json	1774	e0024a2ddb5f1c54d657fdadbed7adad6fae77deb97d739e4665ff633dc37714
assets/unit_anim_native/assets/army_lightcavalry__finish_i0_all__bc8582711e/manifest.json	1774	cb8aee44bf4abb8ced4f19a0b9745f78a2cb5254bd0dd6addf4b815ace203619
assets/unit_anim_native/assets/army_lightcavalry__finish_i0_all__c920acda6f/manifest.json	1774	1e792eabb1548a8d6e53c3fff869dfb1e841f055776a25d271118a416429e843
assets/unit_anim_native/assets/army_lightcavalry__finish_i0_all__c9b268420a/manifest.json	1770	2eb1073337afe160009758faa2fe285397f96b080fe51c8b5bb01dd3596a896a
assets/unit_anim_native/assets/army_lightcavalry__finish_i0_all__db94065ac7/manifest.json	1777	df9a952960334c4499aa1f9fb7283eebc17f5fd80f1da28164504740f1bf0027
assets/unit_anim_native/assets/army_lightcavalry__finish_i0_all__e4aa16cd96/manifest.json	1777	caa7d767dfc67ff550a1ab4cb9ea28cc52553a740f0f817b839b57835258052c
assets/unit_anim_native/assets/army_lightcavalry__finish_i0_all__f0f83fa091/manifest.json	1777	71431bf2cd3fbe8551469d9a5294792a3a397ae1562c4c603b43ed30f7ebb785
assets/unit_anim_native/assets/army_lightcavalry__finish_i0_all__ff0e5a9f22/manifest.json	1725	9bf3b5dfdf3bed4990883a7944aa467d517de950d89f2c79785d785c22126ae6
assets/unit_anim_native/assets/army_lightcavalry__ready_i0_all__0991d7daac/manifest.json	3617	33d7594412b53b10d7879c8061d9f90db7de1defbd362a83240bd759373c28b2
assets/unit_anim_native/assets/army_lightcavalry__ready_i0_all__0c140da3f2/manifest.json	3625	e5bb10f84cf86b99df5bd85c01b6a91eee3d1749ab3a9ec3bcf392365a433bb2
assets/unit_anim_native/assets/army_lightcavalry__ready_i0_all__0c6dd9c7e5/manifest.json	3391	456ecb47fa8e05d8dac1f76c58a86288638ad9941b13f8eae9dfdef54e41450a
assets/unit_anim_native/assets/army_lightcavalry__ready_i0_all__14bd544093/manifest.json	3621	d335af2a332e6d6d1f009030673a335003e694002bc51fa8146a2b83d5212a75
assets/unit_anim_native/assets/army_lightcavalry__ready_i0_all__1cbc1b4906/manifest.json	3388	3d09cdfe7133dff412679608c6ea7d75d99fb170c3d12d523c230cec54c60356
assets/unit_anim_native/assets/army_lightcavalry__ready_i0_all__1e7506d526/manifest.json	3622	5c28256365aabceb97de10921880831667e2985023521233a5fe4f43b032f52e
assets/unit_anim_native/assets/army_lightcavalry__ready_i0_all__29d9eb70db/manifest.json	3620	544fd7f649649b8fb53886be8c4a7231502ace5260452e07aa80ad8ac126f216
assets/unit_anim_native/assets/army_lightcavalry__ready_i0_all__3538a5caad/manifest.json	3390	93dc1dd3671d99e7e7b6d4585503b966fff60997ba5c8b4b2be98bf4bd345de8
assets/unit_anim_native/assets/army_lightcavalry__ready_i0_all__35c8082545/manifest.json	3385	60d72e56505659a7f1581758a9c767d2837c7b837e5a183cc5c8a185e5a540cc
assets/unit_anim_native/assets/army_lightcavalry__ready_i0_all__3627dcea32/manifest.json	3381	e3a5f09825cde11dc20efef6a1d28960a20fcdc4ce38b568bde445284ef7386e
assets/unit_anim_native/assets/army_lightcavalry__ready_i0_all__555f3ce438/manifest.json	3613	6bce99fb74b9e6c605d2384fc89c60ad94c85392c646b6e2c267e5a60599a97e
assets/unit_anim_native/assets/army_lightcavalry__ready_i0_all__56243f7816/manifest.json	3388	92b0a6f7267fdc5527e266222367d8ed4ec9feb4cbf6fabbcbaf9ee52e94952a
assets/unit_anim_native/assets/army_lightcavalry__ready_i0_all__7240af2d3e/manifest.json	3391	c33fa318e2689516cb60855f748471a6f4961455349a88a084037e43c7c3f05c
assets/unit_anim_native/assets/army_lightcavalry__ready_i0_all__9249bde6b3/manifest.json	3624	308a02b79bd1cc89052965ad4b676d12d2b63ff71d6487ef319f37d2607e9c13
assets/unit_anim_native/assets/army_lightcavalry__ready_i0_all__b16dccb4c3/manifest.json	3393	44b4f1e0b74c02e928432c6164ba10510f3737052ebe396ff7ded64554576890
assets/unit_anim_native/assets/army_lightcavalry__ready_i0_all__b64aa66804/manifest.json	3624	3c4e815a744f40a1be5fc7307c6483752d0d7461a061cef253a827b91792ec36
assets/unit_anim_native/assets/army_lightcavalry__ready_i0_all__bda15c4518/manifest.json	3620	74f51bb2b008c002f2cee2c766d54ea123c8820382af2730635736ad237b5a15
assets/unit_anim_native/assets/army_lightcavalry__ready_i0_all__e95c6189e0/manifest.json	3389	b9ab27c3c7208eef414d334f8efb1b540b8e87f4686eb5c17ba216eef4a03768
assets/unit_anim_native/assets/army_lightcavalry__undoready_i0_all__1049420eb1/manifest.json	2027	cec19b99e19b905950c9848a3b88758232b9f47eefb36bcc6c4c314aaad9dc44
assets/unit_anim_native/assets/army_lightcavalry__undoready_i0_all__2bbe67f802/manifest.json	2028	338f3e8d46a18c9a90f27b899def86bc933a7a0010405ce117befbc13cf666a7
assets/unit_anim_native/assets/army_lightcavalry__undoready_i0_all__55fba158fa/manifest.json	2028	9798bea099fed4bb78e0cb3839c3910cce3c4d050a015966b76ec37b3087e1e2
assets/unit_anim_native/assets/army_lightcavalry__undoready_i0_all__654c6f7e86/manifest.json	2028	bae62e51d3bcf9b333efddda21bb87130791273967163658715d92a4f11ee7f7
assets/unit_anim_native/assets/army_lightcavalry__undoready_i0_all__662a938d91/manifest.json	2026	83c1f2fdc88579065106315eb9ecd45c0c61aef1a1d72d4ec94eee48b43fb27c
assets/unit_anim_native/assets/army_lightcavalry__undoready_i0_all__6800cfd1ce/manifest.json	2025	bc00f761d4485cac040d70b002be11b19901cf50591ef251f9500153a904696e
assets/unit_anim_native/assets/army_lightcavalry__undoready_i0_all__7aa54f8596/manifest.json	2026	a22fd01a421ac046b819d91dad0213a55f5ab41a3889c715be1e9b8bfbe9a8c7
assets/unit_anim_native/assets/army_lightcavalry__undoready_i0_all__9ebb6a6dc0/manifest.json	2025	148d9819e814adea8d99065e0e225bf088558b342af9907009372bcb62f6b4c7
assets/unit_anim_native/assets/army_lightcavalry__undoready_i0_all__a576bf1b92/manifest.json	2025	6f4b443c37520c207a30c4f69a287aa9cc4bad859f9dd739e83c6da673012a72
assets/unit_anim_native/assets/army_lightcavalry__undoready_i0_all__c1fc2e4523/manifest.json	2021	79eaacb609b318657f462b1493269746b48cd4fd0960fc52ac5f6f27a9fcd07a
assets/unit_anim_native/assets/army_lightcavalry__undoready_i0_all__cab688cc57/manifest.json	2025	334e4c6dc544ca752ba6e9d1cd9632388ef5e4b5304ae9b0c98ea3ec7623d124
assets/unit_anim_native/assets/army_lightcavalry__undoready_i0_all__ccf77d8a55/manifest.json	2028	31a8664f32a5de26f884480cad60e52e3273dd9126b52b92c5ea0a38d90f8762
assets/unit_anim_native/assets/army_lightcavalry__undoready_i0_all__cea08a965c/manifest.json	2025	1eaff8a3e1123b5c3cc0dec36dad67955b0172c740d33b99c0db2cd6d62cac98
assets/unit_anim_native/assets/army_lightcavalry__undoready_i0_all__dd8ffbd80c/manifest.json	2028	21798cfcb4c7f802b741063f35b3357c328deb9f578bbd8ee6984712c2786371
assets/unit_anim_native/assets/army_lightcavalry__undoready_i0_all__e0367cec30/manifest.json	2021	6aecfac0f28d434e049975a3c62db3a20eb09b6bd6ac866393ca498d75108cd9
assets/unit_anim_native/assets/army_lightcavalry__undoready_i0_all__e5c3a25da6/manifest.json	2025	e388b38aa0b5385dec07a378f3e7c29dce6c9ce81596a627c34e5a5337ce0da4
assets/unit_anim_native/assets/army_lightcavalry__undoready_i0_all__e8f3cdfcf6/manifest.json	2027	964c6fe4b18744b3b5024ba0c196396e599807a0253d8912255f7bcf9b577c5c
assets/unit_anim_native/assets/army_lightcavalry__undoready_i0_all__fb216d79eb/manifest.json	2028	9c313f9dbf68973e0c865993615e30aa5c9336b48cfe5254343b5148a5f296bd
assets/unit_anim_native/assets/army_lightinfantry__attack_i0_all__0a3bd3d52f/manifest.json	4773	ba5f0c93991d03ca929c9be6e276bdee17da9376049ae272aea67cf3bb8befd1
assets/unit_anim_native/assets/army_lightinfantry__attack_i0_all__19b0d77e37/manifest.json	4318	ddf42437e784b2852be36efafa9fd5e2d0e80d6174e995b82de1f14f4cefcd67
assets/unit_anim_native/assets/army_lightinfantry__attack_i0_all__1d7ad47ee5/manifest.json	4324	54772f81d4a1c9388c063e51cd66c192c61a3a27be62ea344fbb9abcd3ec78f5
assets/unit_anim_native/assets/army_lightinfantry__attack_i0_all__25a1b61121/manifest.json	4318	a031b814a008d6540024907c8cf2ba9d8add2bb3e2c75d3b972338592ab82e21
assets/unit_anim_native/assets/army_lightinfantry__attack_i0_all__469632d970/manifest.json	4325	3fd805f3403ce16a3988123a054cc1f648cf86d9c4ea54ffbf8661f81b462640
assets/unit_anim_native/assets/army_lightinfantry__attack_i0_all__498b4841ed/manifest.json	4781	1414c4d9ba0917b772ee948c4d842dd51f882094e6da8d99131eb0543bc85a09
assets/unit_anim_native/assets/army_lightinfantry__attack_i0_all__5311340b85/manifest.json	4776	98af16a600a0f9ac1e5aace97fc1f36b2592be44cd6b7489427a9777ebff28a0
assets/unit_anim_native/assets/army_lightinfantry__attack_i0_all__5962a81081/manifest.json	4320	c92956d6c45b832ec69e8f86c7f5863d179842575f6ca88570f0e866522858eb
assets/unit_anim_native/assets/army_lightinfantry__attack_i0_all__59b25182a3/manifest.json	4548	6e6108bf07fa1124bfdd560e86324869532b73ebf393305d56f9ada4c632a792
assets/unit_anim_native/assets/army_lightinfantry__attack_i0_all__656ed538a3/manifest.json	4322	2e679c0ae9ff435960ad6af177ac794f98e4c51ff978916a2517e082b0714af3
assets/unit_anim_native/assets/army_lightinfantry__attack_i0_all__6c504e6140/manifest.json	4325	3558731cc177e9eb6ffb1ff271cec58990043673d424758a2384788417276007
assets/unit_anim_native/assets/army_lightinfantry__attack_i0_all__700928849d/manifest.json	4551	e68836a9959df87611c1873e7d65fec9b1c3d173b00c35802f93cf0b89d35675
assets/unit_anim_native/assets/army_lightinfantry__attack_i0_all__72e9e2a689/manifest.json	4546	7fc17c9d920a02fbc33971488052cabea1cbab164b73574c5efbe589949c6df9
assets/unit_anim_native/assets/army_lightinfantry__attack_i0_all__79e151d31e/manifest.json	4550	e47f93dac3a68850a1e311807c87202566338ff00834d2ac40aba2386134fd30
assets/unit_anim_native/assets/army_lightinfantry__attack_i0_all__7a29617cc1/manifest.json	4779	d702822b792106dd3aa74929252930dceb8f02a5bb35dc36d07bff2a646306c3
assets/unit_anim_native/assets/army_lightinfantry__attack_i0_all__8615bb843d/manifest.json	4544	093ddc001d3ef695e2a6fbe7cc982ac7deee45ef9e3364dd39e9712881295e57
assets/unit_anim_native/assets/army_lightinfantry__attack_i0_all__88b32c79d6/manifest.json	4774	1c605b2903318057a03fb4b7c0629e36a64e4aedce051daa76801d68f4e9f752
assets/unit_anim_native/assets/army_lightinfantry__attack_i0_all__8d9b5b22f3/manifest.json	4782	2b8ae24a46ad36276a95ff0ffce9bab1d42816c370d236cb561a7924686becd5
assets/unit_anim_native/assets/army_lightinfantry__attack_i0_all__b23e4afcdb/manifest.json	4322	130ce4a6e8f2eac738719fb154291d39e8144e94560cef1323134ac846c9a5aa
assets/unit_anim_native/assets/army_lightinfantry__attack_i0_all__bc971380c6/manifest.json	4548	088b0474582c84111be1e7bde3758fc4b0333b27d472f540844c35410caeea44
assets/unit_anim_native/assets/army_lightinfantry__attack_i0_all__d873820b5d/manifest.json	4778	4d22db30acaf02f0a9b04962a916181a88fce003a4f317f3db52c5de77f107e5
assets/unit_anim_native/assets/army_lightinfantry__attack_i0_all__dcf5a4609f/manifest.json	4774	29f58ef836d4c292c4660dcfe635ca5c55591143ec869bfc5b8427b251156697
assets/unit_anim_native/assets/army_lightinfantry__attack_i0_all__e0af391b59/manifest.json	4545	b7b48b601d19981349ecc1315b3107fcd9737695b3db4012689b85ba94b5ded5
assets/unit_anim_native/assets/army_lightinfantry__attack_i0_all__ec677de3a6/manifest.json	4550	14571c026dcb6019837c9e07c9849cbbc5072fc8edb60b76b86ba93158304c6b
assets/unit_anim_native/assets/army_lightinfantry__attack_i0_all__ed243a1502/manifest.json	4316	1e72175d940c084d34c71b2da727f92374241cb05cf6ee361006b1d30c5108b8
assets/unit_anim_native/assets/army_lightinfantry__attack_i0_all__f1724a1a07/manifest.json	4781	24c834792454c7764c56927bb62ee52d9492dc249813c28e7f80a4fc0ffe5c24
assets/unit_anim_native/assets/army_lightinfantry__attack_i0_all__fe514e3944/manifest.json	4541	699fb763ae6a8f03908defe2ab39835a7d153c218bfaa94fa61ce0ba1fe85b93
assets/unit_anim_native/assets/army_lightinfantry__finish_i0_all__0359433d0d/manifest.json	3621	a0f03cddf6938f710d0e8e7345d1aadffd45f826a970a7a2bc2ce7c2405bfb77
assets/unit_anim_native/assets/army_lightinfantry__finish_i0_all__047e9dbab9/manifest.json	3637	5962e14ed601a2cc89fad82b59c0622fae8a9cada6cf6ae3e55bda96b641b5de
assets/unit_anim_native/assets/army_lightinfantry__finish_i0_all__19d3938702/manifest.json	3641	02d86e1571dac08f8b2af1ba537e2b3345625f3747547e954137031bf6b33ae5
assets/unit_anim_native/assets/army_lightinfantry__finish_i0_all__2a1bfe2bb7/manifest.json	3627	dd4d2b6428c8fce3b2549cb7d674ca5dd12ca7e444154f5c529bd6e1a4d03f7c
assets/unit_anim_native/assets/army_lightinfantry__finish_i0_all__2c0f4c92d9/manifest.json	3646	ff178d5042bf386cd454c4c88c226780a2c65e1746553fbcd71d1361c4ef7740
assets/unit_anim_native/assets/army_lightinfantry__finish_i0_all__31f3733291/manifest.json	3630	db3f264c7864f791c991bbc930beecea5ffa4a80884f63c0ad2e1ea7be3f561c
assets/unit_anim_native/assets/army_lightinfantry__finish_i0_all__360a5eba68/manifest.json	3647	992dd7ac4e662e88ba03b2ddba5959f10dfc2bc2aa5289f8620a5ed11f53dedd
assets/unit_anim_native/assets/army_lightinfantry__finish_i0_all__46d2a191a0/manifest.json	3624	9cd3b420afc348e2f60bcd0efadddf0bbf3215264d4f6ca96f90bb951895c4cd
assets/unit_anim_native/assets/army_lightinfantry__finish_i0_all__494e7790e3/manifest.json	3618	f289f2e7f3c7d2516b1459bd0ecf4d016c0d311c697fdf6085322203f89a4c7a
assets/unit_anim_native/assets/army_lightinfantry__finish_i0_all__6bf0b04b22/manifest.json	3630	5f6369a0b4b2015c018d7ff09afd065cfcf1c90d59f27383c99cdb1b8bf4d10f
assets/unit_anim_native/assets/army_lightinfantry__finish_i0_all__6c3d8376e8/manifest.json	3627	14d1df35aa9adb5be1a43431ac4ed1a2e9223d87dd4b6016ca0f33bb83b25eb3
assets/unit_anim_native/assets/army_lightinfantry__finish_i0_all__6f2cfbab6f/manifest.json	3633	10637234ae890c30ba40d9303c26cffa6361f665a647bdb60fa0b4c45ea2ddd7
assets/unit_anim_native/assets/army_lightinfantry__finish_i0_all__7079e994c6/manifest.json	3638	f536eb6b08993abc8bebdb7b98feaa5ddff0754a7eeea7f5052b09c5dcb1c54f
assets/unit_anim_native/assets/army_lightinfantry__finish_i0_all__81f195899d/manifest.json	3641	4ee7e24796f9b6870a493213431f9696ea7ae199cad3ffb1c1f522dc07073bd7
assets/unit_anim_native/assets/army_lightinfantry__finish_i0_all__a333836cb0/manifest.json	3616	9a2ff164d6b8127009591eff0769717439d63f242acf8dd1f976451c28a0a46f
assets/unit_anim_native/assets/army_lightinfantry__finish_i0_all__a9a891b537/manifest.json	3617	ec3a7f58728a1a1e1bbabca11280253eabbe9becb8987029e46b3bf5fe8784b4
assets/unit_anim_native/assets/army_lightinfantry__finish_i0_all__b01fba1205/manifest.json	3616	01f3a5c78a1b697bb045fe2b81d7291c731aec65c06d5548b4fb7f25245b0fb8
assets/unit_anim_native/assets/army_lightinfantry__finish_i0_all__b30b140625/manifest.json	3618	997de1944c131c0295f2ca04b5098e90e8b7198dc06da25d311c87d53ad72ed4
assets/unit_anim_native/assets/army_lightinfantry__finish_i0_all__b56d00ac0c/manifest.json	3640	b2af229c330e0c425043e28cfe0c89377b8259a4c28037cff37a2bf3b84fed61
assets/unit_anim_native/assets/army_lightinfantry__finish_i0_all__ba62eb1664/manifest.json	3626	24f11ae401d00163b21073ff3f1fbdb8e0f6b2bb731e6ec8bbce2404364177f5
assets/unit_anim_native/assets/army_lightinfantry__finish_i0_all__c191e5f9d5/manifest.json	3619	5207d2f7cc1efe61594f7b5034a03d9f5b65a5dca3bd37da1afaca770468a5e1
assets/unit_anim_native/assets/army_lightinfantry__finish_i0_all__cc4d251f4e/manifest.json	3641	0c4f02e9266d2ba6cff5103b9be08275c1dfd6edec9336bee64a88bb82dd1380
assets/unit_anim_native/assets/army_lightinfantry__finish_i0_all__e4a143682f/manifest.json	3625	a9ef3f4049ba940c25e5203882cb4aac81d36c5929a19e05ce1c666a91a7f093
assets/unit_anim_native/assets/army_lightinfantry__finish_i0_all__f42795d290/manifest.json	3639	2b2cda30a5bc232dacb1761b759f4d9d727b737c5fbb0a9c202b5e9980768b83
assets/unit_anim_native/assets/army_lightinfantry__finish_i0_all__fe21abf86a/manifest.json	3618	5d5874795f3e4d3a306e8477941cbd379f56c9e4795f0d41a62ca1853871c7d3
assets/unit_anim_native/assets/army_lightinfantry__finish_i0_all__fe5d14a48f/manifest.json	3630	b0b4e9f237f555cafd4f094d9e93fcecaeff32272ff8a34779f1e7f90ff975e2
assets/unit_anim_native/assets/army_lightinfantry__finish_i0_all__ff021fc365/manifest.json	3629	61e7715555e74d6d8563e12bc8d0eee6c18821d87504ec7d3b3f96ab432ed640
assets/unit_anim_native/assets/army_lightinfantry__ready_i0_all__0550fa54ff/manifest.json	2135	2eed1b59f116631ab5c5e0a2f2c3e1ff298762df2d5a5b168f47fd5b48cc4be9
assets/unit_anim_native/assets/army_lightinfantry__ready_i0_all__0ab298de73/manifest.json	2127	4eedfdf63f33b824e197d7f6c1126dc8cdb69daa163e46194f121a102247c554
assets/unit_anim_native/assets/army_lightinfantry__ready_i0_all__10dede22c2/manifest.json	2128	8a9055523f5c20ba3ee3b88c66405688a69220f65355f2402372b4949984faff
assets/unit_anim_native/assets/army_lightinfantry__ready_i0_all__183a447159/manifest.json	2128	e05032ff498d485cce9431320547a92396a43241d8af82ffe3f12295d1315f1b
assets/unit_anim_native/assets/army_lightinfantry__ready_i0_all__1a53f62bdf/manifest.json	2128	3fe1b00ccd50816af3754f29f2c016b19aa7f3050dc1ed396b5a124f2ded9ffa
assets/unit_anim_native/assets/army_lightinfantry__ready_i0_all__21fd50bb03/manifest.json	2134	cc8edf5c2d898ca0e68f59139313fdc4d914c99e614aa52136ad4c4e17610fb2
assets/unit_anim_native/assets/army_lightinfantry__ready_i0_all__3438ea14e0/manifest.json	2132	5add46ec7db59d451476b115caf8dcc4a3d3d104ac61dc7d79d2b4af7b8e75be
assets/unit_anim_native/assets/army_lightinfantry__ready_i0_all__4c22553ecd/manifest.json	2127	a8c63a0ae29268936a9f650bc3988d26e9e821f848cb6e3253b24a0a53f1523a
assets/unit_anim_native/assets/army_lightinfantry__ready_i0_all__5d4411cbc7/manifest.json	2123	03ed3b8a61d9d163a9d63d606a20c73a17c6d602b0575f55be9cc2b313bcfba1
assets/unit_anim_native/assets/army_lightinfantry__ready_i0_all__5e01e4e678/manifest.json	2129	94eb82e7aefe616b1c68550a0043236604caa6e5b467a79e61c5609fd352ed8e
assets/unit_anim_native/assets/army_lightinfantry__ready_i0_all__619df21d5c/manifest.json	2132	55b786350f65fd1b929040531e06039c3e0c4f1944cb72b2340b6105c2a2074f
assets/unit_anim_native/assets/army_lightinfantry__ready_i0_all__66e4c0b8cc/manifest.json	2132	5541c505eecec1b2e711198aa1c92937b299e2fcbfe556a865ce40af2ec7b91d
assets/unit_anim_native/assets/army_lightinfantry__ready_i0_all__7610782103/manifest.json	2134	6531846cf14cc1ecf060ef9e5efdc96190c7740fac5ad231ef55092eb977885b
assets/unit_anim_native/assets/army_lightinfantry__ready_i0_all__a6dadaffb3/manifest.json	2135	937bb23b0187bcd0da8ed509513ab2e18917d2942202f7a76747788e4356ca33
assets/unit_anim_native/assets/army_lightinfantry__ready_i0_all__bfe6eff59a/manifest.json	2129	2d5f14362682aa8f5b9159f65cdeed3a77ab959d7d491e257c936565b0445747
assets/unit_anim_native/assets/army_lightinfantry__ready_i0_all__c6c3e881af/manifest.json	2130	4b89baccb379ea102fe3308f1ff28b0b03d81324ee5427cb27ad82edc0158053
assets/unit_anim_native/assets/army_lightinfantry__ready_i0_all__ce7262622e/manifest.json	2128	007f73fe2e9d5859b8da23b4e3c7a3005cb8d2e2c6230d2ab7d425e82a3f123a
assets/unit_anim_native/assets/army_lightinfantry__ready_i0_all__cf8f1762d3/manifest.json	2126	8f5bc593b3dc9d1618a905033a2fd2ce2baca18ca9606a2df726329a82910e5d
assets/unit_anim_native/assets/army_lightinfantry__ready_i0_all__de3e0e16be/manifest.json	2130	2f917986135cf6fac8a7f4e37424403d3ce1ed0f64e593f0bb74901924f3bfba
assets/unit_anim_native/assets/army_lightinfantry__ready_i0_all__df99c25a81/manifest.json	2127	9f0aa2434341068813ddf6dd6341c3e6750d621358fc43a24fb3996014fb28ea
assets/unit_anim_native/assets/army_lightinfantry__ready_i0_all__e436ca1a25/manifest.json	2131	e3dfdef158b2c7c567a4d873554f17b1cb6553107e8bb80ccf659f94567906e8
assets/unit_anim_native/assets/army_lightinfantry__ready_i0_all__ead926775f/manifest.json	2123	1dbd9ef98eb13afcecb7bb36dc17ae4d61debc911cc3c9c778fdca62478babae
assets/unit_anim_native/assets/army_lightinfantry__ready_i0_all__eb463729e5/manifest.json	2127	994ce79f6792c85c7c58bacd0182ef32469b246152b6aa1f7d9a321b11f558e7
assets/unit_anim_native/assets/army_lightinfantry__ready_i0_all__eca7dd60ec/manifest.json	2125	08a331fdedfc72e632f8f19e051400907b147f3b8146b8c7825b016d6b91787a
assets/unit_anim_native/assets/army_lightinfantry__ready_i0_all__f053f0666a/manifest.json	2125	bb050697558a1c23014d5a0185b7657a4cb67437db98faf23933b4ebbb5d472a
assets/unit_anim_native/assets/army_lightinfantry__ready_i0_all__f16c2f82c7/manifest.json	2130	c0749965926df7bd28575c62c34dee0ecd6630842fda8ae4d2aa6c11cdf247d8
assets/unit_anim_native/assets/army_lightinfantry__ready_i0_all__fe3d775c4c/manifest.json	2130	359d82ca1081179ece1f72fdb178eac213f330c5abef74286479c6c5d3752c6d
assets/unit_anim_native/assets/army_lightinfantry__reload_i0_all__01adf79893/manifest.json	6404	1270bc3658f036c4637a0e0076973e6284bb8f671dedfac8d2b4e81e684b1c3a
assets/unit_anim_native/assets/army_lightinfantry__reload_i0_all__060856c551/manifest.json	6403	6a30a4864cee31713a1dc6d7ee50acfb922bc9d3a9f7f6399c547a930b0d5738
assets/unit_anim_native/assets/army_lightinfantry__reload_i0_all__1129b126bf/manifest.json	6376	39a2766761cbef90516274d2036f229b4a7842b0140ee574b647aeb397717f02
assets/unit_anim_native/assets/army_lightinfantry__reload_i0_all__246eb5cc2b/manifest.json	6875	bf318e201845ffcbe229250f85fbf345a6ae61fc82cd4170b9a5b4e683f3a095
assets/unit_anim_native/assets/army_lightinfantry__reload_i0_all__360a115817/manifest.json	6361	5f53316474415f45eb970cfc1713db8b72a8d8eae425b8d41b5c0c5ee315f2a8
assets/unit_anim_native/assets/army_lightinfantry__reload_i0_all__3fb2383c5f/manifest.json	6400	72731334b303d0a96cadce34b7a3346cba0c9620b9ca52fc3544ba0b45a2dbe9
assets/unit_anim_native/assets/army_lightinfantry__reload_i0_all__4e168dddd8/manifest.json	6392	cf09e0227d196c80a4bfeb01154d1d550dccdfb935970dab1662d8158d9f472c
assets/unit_anim_native/assets/army_lightinfantry__reload_i0_all__5465496f85/manifest.json	6403	8843ca488ca58bc8ef44c3f642077b4720864f008808b85cfeda279017d5be9a
assets/unit_anim_native/assets/army_lightinfantry__reload_i0_all__5c93e565b6/manifest.json	6413	bbac236ccdc2e3f987c8032882823725daace416a0e0341606a6b6eab8ad643d
assets/unit_anim_native/assets/army_lightinfantry__reload_i0_all__6263ada630/manifest.json	6392	691496524fcbf8ea1bfddc71f2ba655b4a0d4a1653e19b85928e648ecbf36e36
assets/unit_anim_native/assets/army_lightinfantry__reload_i0_all__740b368f52/manifest.json	6873	e1e8224e8a37fa7d81a6c7c1b800bfa94408bb281ddae958891e32a388d448e5
assets/unit_anim_native/assets/army_lightinfantry__reload_i0_all__7ba0f2535c/manifest.json	6796	53c07b128ee26a2c8ad871619790dea96a9bc07416e637bfd4e4d7264c37fd0f
assets/unit_anim_native/assets/army_lightinfantry__reload_i0_all__81a73bfe72/manifest.json	6877	1fda3a7af2800975d4ce8e7e49c858efc5e35e1d640277f1a876bed38581cc71
assets/unit_anim_native/assets/army_lightinfantry__reload_i0_all__97413987cf/manifest.json	6877	cf42663c24e0b23ac8a0a5b893eb490737001517daed5c2e5353e7663a4c5e41
assets/unit_anim_native/assets/army_lightinfantry__reload_i0_all__97a990c7fe/manifest.json	6440	c45ebc34ff3e072cb731de90ca98bd8c5210d69e0534c65d000cae19bfd50a65
assets/unit_anim_native/assets/army_lightinfantry__reload_i0_all__9ee8bfd92f/manifest.json	6403	655a2f6f64380a5a01707592a13edb148e49a67c547f2a6420f2098fb4b21eb6
assets/unit_anim_native/assets/army_lightinfantry__reload_i0_all__a45a00a5a0/manifest.json	6374	2bd163a200430c1b47e963c9c8cc97e1bf7c1c85104ec35c329eb07764ff760f
assets/unit_anim_native/assets/army_lightinfantry__reload_i0_all__a50464371c/manifest.json	6874	c4343f6b18afcfba6ba30d85bd227dc8c1edc413e7daa792985abfca83ad9f6f
assets/unit_anim_native/assets/army_lightinfantry__reload_i0_all__ab553885b4/manifest.json	6403	76286eb636697529ffd65383ae23dfd0ae045102fc4f3b57704d284b56ee2056
assets/unit_anim_native/assets/army_lightinfantry__reload_i0_all__b2a37a9294/manifest.json	6389	0c08f47ba491015e97adb94c2cd3975190999a2b50aa9290231edfc63a53e028
assets/unit_anim_native/assets/army_lightinfantry__reload_i0_all__bfcd0944d0/manifest.json	6871	07a3dba91d43aa076b4c8f9f23ddb6687bc5b8220d8bfbe3c110be598a7dbac6
assets/unit_anim_native/assets/army_lightinfantry__reload_i0_all__c46401f92c/manifest.json	6400	766666cefbf60e30d2d1a1bb5c953e2b6abd9c272cc1592701e458bfcb387691
assets/unit_anim_native/assets/army_lightinfantry__reload_i0_all__c63cf6d5bf/manifest.json	6394	8d510aee218b23edda49be4c0aae5dfb993568a3d8d82c60b0ff5b0000aef532
assets/unit_anim_native/assets/army_lightinfantry__reload_i0_all__d024de254c/manifest.json	6878	d9fbd86e13ea681e1a7d45c0c3b79a82c88cadf5a1ff3b623817b655555f34ac
assets/unit_anim_native/assets/army_lightinfantry__reload_i0_all__ea3c13260e/manifest.json	6876	4defe863f526d419faad9f8ef5201d920140edee5bebc54928a27c5deb06019e
assets/unit_anim_native/assets/army_lightinfantry__reload_i0_all__f235629e9d/manifest.json	6399	2c7207bb04574d70ce916dcc4bc80dc19a53975ad9d95750f9b5ce2e4d84624c
assets/unit_anim_native/assets/army_lightinfantry__reload_i0_all__f9b5d56669/manifest.json	6390	ce92a4f8776cae5efeebbceb0f02b9658b9e8e9738137a66b9c67a67c71abe4b
assets/unit_anim_native/assets/army_lineinfantry__attack_i0_all__0d15af1c95/manifest.json	5018	d09df622d13f5984be6ddfa0dddbabf3d45c81d71d0e33935a5dcf2f9708393d
assets/unit_anim_native/assets/army_lineinfantry__attack_i0_all__0ef7b7973d/manifest.json	5012	06733f8110661641e76ad246d02e88cf717ecd180377a448638337635703eca6
assets/unit_anim_native/assets/army_lineinfantry__attack_i0_all__1853d296d9/manifest.json	4660	900b50b2ff1cae03ace50a32ce73094fa3cf514df328c9588086db5ecdcba7dd
assets/unit_anim_native/assets/army_lineinfantry__attack_i0_all__18c95f2496/manifest.json	5014	1efc82e51e3629a350398c4b885c26fd2f770b2f9421b71f52ea0f18229357d0
assets/unit_anim_native/assets/army_lineinfantry__attack_i0_all__23820850a3/manifest.json	4659	7000a38c9bc1be484c0fef04effd3cd4c9b095d7e0086d6aca4032953c6420fd
assets/unit_anim_native/assets/army_lineinfantry__attack_i0_all__29e2947358/manifest.json	5014	b9930661fe35ad4e46820ed7d360497b1a6a808627b9e3e32ed03c276dba254c
assets/unit_anim_native/assets/army_lineinfantry__attack_i0_all__2bebad46fb/manifest.json	5018	5ecc073aa90a173e2000d0777a363b03ed3660ec72168b3a375674b8b55f27a2
assets/unit_anim_native/assets/army_lineinfantry__attack_i0_all__2c5698420d/manifest.json	4657	b0b3f358b3b17f3d0cff177ba9878b8bf3fcfec6bce346b13bfc3f2dc693c7ef
assets/unit_anim_native/assets/army_lineinfantry__attack_i0_all__31222c5fcd/manifest.json	5015	79316396ff5aa6baba62d77664d6b9366c01249f7ae9a66b3aa0a37ad56a58b7
assets/unit_anim_native/assets/army_lineinfantry__attack_i0_all__3bc2726e42/manifest.json	5011	26837db6bb6e0b2b881420bb47a5a066729e50113ee4f1a9385472001a3550e4
assets/unit_anim_native/assets/army_lineinfantry__attack_i0_all__431a8b58e5/manifest.json	4657	7781534bc263ff8df4180181926b31efd22cdccc0e595c5bf0bdc760a308afe1
assets/unit_anim_native/assets/army_lineinfantry__attack_i0_all__45cbaf7ba9/manifest.json	4660	7cd7937e06be6733b5f3a0c2e59ee03fb5e025e776bebc8e6bb0d2443d56406c
assets/unit_anim_native/assets/army_lineinfantry__attack_i0_all__46b372f18d/manifest.json	5014	bc25ccb329f8dd4f148364bfc170aea733968d71b325aa973e150491fd445a88
assets/unit_anim_native/assets/army_lineinfantry__attack_i0_all__5327cb1c5a/manifest.json	4657	adae140fa515d73896693ac285d6948c3a63bd6c5d5b8b009cc2cde78fd0f65d
assets/unit_anim_native/assets/army_lineinfantry__attack_i0_all__580af8390e/manifest.json	4653	80b7ed058c172c516e86ee7b593ebd6a4b007f6c0950e45ebbda55f30506272c
assets/unit_anim_native/assets/army_lineinfantry__attack_i0_all__61a2afb322/manifest.json	5018	cc29d681fe37db7458f64d5a1495999027317ae917d2c378a4ccf439f7891385
assets/unit_anim_native/assets/army_lineinfantry__attack_i0_all__68da2b6fca/manifest.json	4659	210c11dcbdab60fe69cb077100daf449b0f3471ae0a51cb8f2f1105c06525545
assets/unit_anim_native/assets/army_lineinfantry__attack_i0_all__741b271e21/manifest.json	5011	e86f816ded702e0a5228afca802c1b7283293b75bf25da20db40ae6462ecd371
assets/unit_anim_native/assets/army_lineinfantry__attack_i0_all__b9f902b38b/manifest.json	5011	536ee1010822d16446f89444e2154590d060debd3a4b17fe09549b5dd8f4e61f
assets/unit_anim_native/assets/army_lineinfantry__attack_i0_all__c38c78b474/manifest.json	5015	56d583d416a69935a734d58f2704a87725063517df529a655ade42f0a8257b7c
assets/unit_anim_native/assets/army_lineinfantry__attack_i0_all__d197fd7d53/manifest.json	5011	d85fae77592d17c401f74d17c3719aef8d5dc48923a75a5472425990b14a755e
assets/unit_anim_native/assets/army_lineinfantry__attack_i0_all__d5010a67a2/manifest.json	5007	cfc8320c370f267108045ec93210820cb0d7b5f69fc099dac0c46837e5f71d0d
assets/unit_anim_native/assets/army_lineinfantry__attack_i0_all__dd262d3201/manifest.json	5015	a9782f1fda4d0e795fe6edbaa837c191b301ddebbbe12237af315f859cac1785
assets/unit_anim_native/assets/army_lineinfantry__attack_i0_all__e0fdaf0508/manifest.json	5015	cd8ed00f474dbd5a0e5fb252107d0ff25141e459558b4e33922b136655ab7c13
assets/unit_anim_native/assets/army_lineinfantry__attack_i0_all__e496952fc9/manifest.json	5015	447d00e55f29d1f63af1da742daffbb4194af3f2636100503d352088eac95f2b
assets/unit_anim_native/assets/army_lineinfantry__attack_i0_all__e87e1be3cf/manifest.json	4657	26afa767170f632f53b6c49cc0298d4d59819e30075ac125f64c9310f960e5b8
assets/unit_anim_native/assets/army_lineinfantry__attack_i0_all__ff0b6c9498/manifest.json	5018	c1623b2140a38bdbf97c0c5b2fc1ba7493bda06a968b5729d4210a2926233788
assets/unit_anim_native/assets/army_lineinfantry__finish_i0_all__09912f6a7f/manifest.json	3829	2d9cbc625e617214a2a50dea888d990d7b3a339970b0f1f756092e7f5808c079
assets/unit_anim_native/assets/army_lineinfantry__finish_i0_all__1078fab85e/manifest.json	3843	103b1ee04c1f9cf3b2d9470480b37a64f4863f6ce27278914695c12bde86f568
assets/unit_anim_native/assets/army_lineinfantry__finish_i0_all__152ab5a5bd/manifest.json	3843	448d1a74e40616d821c03c2b6fe17c82cd2cc8683411fea6110c0f37e42b87cb
assets/unit_anim_native/assets/army_lineinfantry__finish_i0_all__209a5cc8c5/manifest.json	3847	b20d87e74047de0b9125ca093ec76c388058def08ce41db95b97bbb613122c26
assets/unit_anim_native/assets/army_lineinfantry__finish_i0_all__262f341c3e/manifest.json	3834	5aebc15ca85ab7932ea3923a4d9f313d2e20d2a2940c03f2893f315dae66509b
assets/unit_anim_native/assets/army_lineinfantry__finish_i0_all__29c47e0644/manifest.json	3847	ac9e8187a3e6c44fb40b7cbbcb39fb0d860b56df1e380a75ff1daf7d25351c15
assets/unit_anim_native/assets/army_lineinfantry__finish_i0_all__301103082c/manifest.json	3848	a4bca39d4fa9e619a287ea41ab9fc1f4a78bc07c67440b0139cf7b36e275ab9a
assets/unit_anim_native/assets/army_lineinfantry__finish_i0_all__33a0d07396/manifest.json	3830	0e07cd8def3812bbbabf5ff42d84a862b5bc27260f159438d933ee8a296aa2a0
assets/unit_anim_native/assets/army_lineinfantry__finish_i0_all__38cd7d8a25/manifest.json	3850	79504256e9c18ccd8e0e9eb6c637bfb55f1e804f650e183811d8d435c6d8fb04
assets/unit_anim_native/assets/army_lineinfantry__finish_i0_all__3c1ac7fafa/manifest.json	3829	3d72608b5d3121dfcf2b504571a0f8db4b50309b52428a8e52bf72b75ca7d282
assets/unit_anim_native/assets/army_lineinfantry__finish_i0_all__4a2c4d8c72/manifest.json	3828	d30984aa4b188b8623d289ef375b03f688ccfec218fdb4dbf6b16c1fcc5e1632
assets/unit_anim_native/assets/army_lineinfantry__finish_i0_all__4f879ec2b3/manifest.json	3827	29db8eb6a111ec8a4b29d29b3130a5f8234aac57278ff7b0085decdebb6165b6
assets/unit_anim_native/assets/army_lineinfantry__finish_i0_all__513b9b4da1/manifest.json	3835	4af736c151aedc3d6886bb87a3e6e92f58ca5c5642fbb8c2545aa5380d7b1109
assets/unit_anim_native/assets/army_lineinfantry__finish_i0_all__574e6444bc/manifest.json	3831	5842c2396715eb4a7ee04198ecba926d6ce9eca2d43b85e010a1f8e292913b80
assets/unit_anim_native/assets/army_lineinfantry__finish_i0_all__5d5b43cc23/manifest.json	3831	0aa386ec45791737c6b44684df56e6b5048d35626d71f841879546929ae8feb3
assets/unit_anim_native/assets/army_lineinfantry__finish_i0_all__69bdf52c7d/manifest.json	3826	2f436ce04242b0194841312097a93f78092920a42b8be4efc477e30a860441dc
assets/unit_anim_native/assets/army_lineinfantry__finish_i0_all__72cc500b17/manifest.json	3828	dd8be2a28a25bb6da82b484cd26874b257e04dcc9981e63457be9e5ccbd644e0
assets/unit_anim_native/assets/army_lineinfantry__finish_i0_all__75907df633/manifest.json	3824	828e061c452a2751f01ee36a487b289b7b0b92579fcd537d8662780eaa1a6f83
assets/unit_anim_native/assets/army_lineinfantry__finish_i0_all__768d320a60/manifest.json	3847	2f5a906e2f43fe369efb32fb2961067c5ce82ad5a898fc85dba573c3bc465136
assets/unit_anim_native/assets/army_lineinfantry__finish_i0_all__8e8d579769/manifest.json	3829	06c7cbd7f87be2b5723549373140fbd072bfedf16edecc20973bd1275f3a4b30
assets/unit_anim_native/assets/army_lineinfantry__finish_i0_all__93c568e3dc/manifest.json	3836	5d85ccb81a97be424948b71630cb9f2cc08ec655cfeee00389a00882c17d4e5b
assets/unit_anim_native/assets/army_lineinfantry__finish_i0_all__941017ff17/manifest.json	3829	6eecc90dbbf6f32095ab01e4327ea896c4a2577b85f2d1072db077e3655737ab
assets/unit_anim_native/assets/army_lineinfantry__finish_i0_all__94b621a741/manifest.json	3828	a1738ba10d852d3ad660e5cde0bb24aec4ca640273bd4680fa6123bddc20a353
assets/unit_anim_native/assets/army_lineinfantry__finish_i0_all__a0ad3342f4/manifest.json	3847	bccf13f3edc117a0b85e27993acef9151e3271f9360c6a9cd38b0e2ba226199b
assets/unit_anim_native/assets/army_lineinfantry__finish_i0_all__b234b69540/manifest.json	3824	6dc04f4b691b0f9755e39264e41ef7933bc47b6e1cf2ed9fd999cb4e95f3778b
assets/unit_anim_native/assets/army_lineinfantry__finish_i0_all__c700376e68/manifest.json	3831	ae4c2b67581f44c7d4f3b4f3c1bc677064beb1556a1195190e4e6a9cbd653fd4
assets/unit_anim_native/assets/army_lineinfantry__finish_i0_all__eb989579a2/manifest.json	3850	df5d66755ffc9e4bfc87737acb85dd7b578a2435f295a2f479c898d1dc5c6162
assets/unit_anim_native/assets/army_lineinfantry__ready_i0_all__163778c383/manifest.json	2315	184637362341d7a2779f03d1702c0c4c6114b1dc6283d649a19ee41f737af8df
assets/unit_anim_native/assets/army_lineinfantry__ready_i0_all__16ae3d9ad9/manifest.json	2319	9e024e7140632157aa9fd2c8959c546b0d9e0cfee8599a480b5df7b4eb39fba1
assets/unit_anim_native/assets/army_lineinfantry__ready_i0_all__20ac990fa2/manifest.json	2336	c1800ae028a0e15e9f9a1c56e7a7141e3378d77613b43b514b9c35233638f8f5
assets/unit_anim_native/assets/army_lineinfantry__ready_i0_all__32b75d4bfa/manifest.json	2319	a799474f5b690bfdde413063ae9cb3ab963893e2b639132306c0e1de8e8fce2b
assets/unit_anim_native/assets/army_lineinfantry__ready_i0_all__36a2feaf4c/manifest.json	2332	ad9236f9c20ced0eaa8c011960538c85bd1a4fefa56919ff0190ec18cdc65493
assets/unit_anim_native/assets/army_lineinfantry__ready_i0_all__3ddb31437b/manifest.json	2330	36c8d0005278103ee2ae60036a1e12794a6684f94251ecf7b07e964aad5f0efa
assets/unit_anim_native/assets/army_lineinfantry__ready_i0_all__42a91a150c/manifest.json	2332	445757f04e8333c591e13ba8e864a5d5f9f69d2a01c04ee0f87da3ff1a99a963
assets/unit_anim_native/assets/army_lineinfantry__ready_i0_all__4847a46869/manifest.json	2319	35b8302278c817f709f61aa56d05c3df886e977f6f938c8ba96b2628b0ae2628
assets/unit_anim_native/assets/army_lineinfantry__ready_i0_all__51fb07ab16/manifest.json	2339	c75f6e6a753c8a0eb8ad17fb75f6afab331e511625534ab8296c16cb6b83216e
assets/unit_anim_native/assets/army_lineinfantry__ready_i0_all__67e9af54a6/manifest.json	2321	54358af50c9c4928424bdce9f09c38d512f0023adec8d8e38d19f27c12a6a452
assets/unit_anim_native/assets/army_lineinfantry__ready_i0_all__6abdc923db/manifest.json	2330	bfe86d315248e12a6504a88dd60d78e9330094448e501de39953f1942ce312d3
assets/unit_anim_native/assets/army_lineinfantry__ready_i0_all__76a9973fa3/manifest.json	2339	1dc94e7bf99d1e4ff278a7db27d01511625c967ba5be03ddc0a1947d1e47a223
assets/unit_anim_native/assets/army_lineinfantry__ready_i0_all__88ce51e945/manifest.json	2339	a5e2836f519efd86712c9058666efe7e67696303e9d85cb55c5d9c955dfbf904
assets/unit_anim_native/assets/army_lineinfantry__ready_i0_all__8a3488e83c/manifest.json	2329	3c0f0c1ef7f48fd4de0551e2fd5fc1a9f86b204f0e288dc9efad3e9c740419c6
assets/unit_anim_native/assets/army_lineinfantry__ready_i0_all__8f539913c9/manifest.json	2339	216d1bc7303dbca52caada624b4ff4e4a9b3ebc81e145ed66a4d48055c3c974d
assets/unit_anim_native/assets/army_lineinfantry__ready_i0_all__968d741d3b/manifest.json	2326	42f8b8363b5c444f53f247d99f989f367c23f317d01b827f5232b41a8005daeb
assets/unit_anim_native/assets/army_lineinfantry__ready_i0_all__98445517da/manifest.json	2322	555f563366a3cb21309b220596c721a15b33e3a016ab623c410e7607e0cdf95a
assets/unit_anim_native/assets/army_lineinfantry__ready_i0_all__9f8925a241/manifest.json	2322	7c40effcdd98a0438b11dcef36e78d66dc02c8ffaa8135c3a584b0fe5bdfae3d
assets/unit_anim_native/assets/army_lineinfantry__ready_i0_all__a922ae1214/manifest.json	2333	00b29b3d03bc0e9bf3de700795b0e3e5a670b5a933d59870ad509dc488a0f085
assets/unit_anim_native/assets/army_lineinfantry__ready_i0_all__a9fe5400a9/manifest.json	2319	f86e52f653f54468d3df94ae5cbe9f059c022d7d88b8e050553d459ad5622f3d
assets/unit_anim_native/assets/army_lineinfantry__ready_i0_all__abcf4ff961/manifest.json	2336	6b063fb8a054a05839e5d30b16448fea58ed7f96ab03dfe0e459fdee1546b78c
assets/unit_anim_native/assets/army_lineinfantry__ready_i0_all__bb44db750a/manifest.json	2332	dc4c83ef8088e69317fead242709eeb60468ff1713a91c9c427574950aa62b6a
assets/unit_anim_native/assets/army_lineinfantry__ready_i0_all__c3f3ba8bff/manifest.json	2332	4a1dcb587316610b796519ce856ba46731a13b367fb659e6f34a261ea265f818
assets/unit_anim_native/assets/army_lineinfantry__ready_i0_all__d014517f82/manifest.json	2337	9e41aed0aaa6556f71bbc19c5e5e574ff4b51a80749cb12e2a8bda8b08d2811f
assets/unit_anim_native/assets/army_lineinfantry__ready_i0_all__e965347473/manifest.json	2329	17f5fbd9e223cbecf50ef101bc66e1d637c6dfeaa01705660a0b74542da749c3
assets/unit_anim_native/assets/army_lineinfantry__ready_i0_all__f40b862fb2/manifest.json	2336	5bc6f80d0386789e397957574279ebe7712ef0646a47a6a4929f807ed726091c
assets/unit_anim_native/assets/army_lineinfantry__ready_i0_all__f688dcc8f4/manifest.json	2321	f1ade112bc1f7c1c23a9f9a0ae401388a3423bb1cb84cb7c6c51d2e1b9b1836e
assets/unit_anim_native/assets/army_lineinfantry__reload_i0_all__0428988846/manifest.json	6602	88bb19092d6330dccd86c645a207f64314f55aa7eaf354db20b628a14739f699
assets/unit_anim_native/assets/army_lineinfantry__reload_i0_all__06ae74913e/manifest.json	6599	3b9c3722cba274c1931019047ae46279d19a1763c45f16dc212c6942e00af03a
assets/unit_anim_native/assets/army_lineinfantry__reload_i0_all__22288a5712/manifest.json	6481	3931fda94766ab6eab47e3eb0bfb6464d07c8e286b764972c13bc0c006d6db1d
assets/unit_anim_native/assets/army_lineinfantry__reload_i0_all__29611cd30d/manifest.json	6476	095561fe4cb85e575eab5f669f654d61a65ecc7da0dd5b2aa3f7a0ef885d3119
assets/unit_anim_native/assets/army_lineinfantry__reload_i0_all__2a49b9a6a1/manifest.json	6464	43cf7db070920c859d5f90a2495676cf7ccd2ed9524f0ec47e9ba80600fadaf8
assets/unit_anim_native/assets/army_lineinfantry__reload_i0_all__2eeaba74b0/manifest.json	6469	abe9e05d1ed5de411e5df77e9eb7e09b802898e8aa529b269013036707a1e4b3
assets/unit_anim_native/assets/army_lineinfantry__reload_i0_all__301324c129/manifest.json	6474	83709a3a7c9e625a365a9b07e3fd87bfc412368a8e192a743018759b20234b84
assets/unit_anim_native/assets/army_lineinfantry__reload_i0_all__326e42d706/manifest.json	6601	a2b55a9bf5acc8d7a3162a209fd36c559375bd8584d2f08264694a62c2b01bb6
assets/unit_anim_native/assets/army_lineinfantry__reload_i0_all__33fe450d5a/manifest.json	6476	e1ba5430d20601cc836c0bac2b414b1e6debc48ca0775b6eed02374e5237f108
assets/unit_anim_native/assets/army_lineinfantry__reload_i0_all__35c2dfcd0b/manifest.json	6599	7117461683712b857ce5d25bfbce451a1e9a3a6531d645461e8e4f2e6d7c7ae8
assets/unit_anim_native/assets/army_lineinfantry__reload_i0_all__3a5826a96f/manifest.json	6486	685bf457c13aa678234a89f849deb69bcb34ae8e4c950665806bad87aef133b5
assets/unit_anim_native/assets/army_lineinfantry__reload_i0_all__43f4675211/manifest.json	6611	d63b485d5be86351becac02545fa3b92623bd2fd0bfcc8c22c9dfb68f4aa6537
assets/unit_anim_native/assets/army_lineinfantry__reload_i0_all__584fa2267f/manifest.json	6471	68f704dc5a852daa2c7bf58a79015bfa1c96f3a184df44fce54eab027b3f2ee5
assets/unit_anim_native/assets/army_lineinfantry__reload_i0_all__7bc07d88d3/manifest.json	6595	2c42104a22aa957a3c4cdca7a1c12dc4e8315a50bd60543b6a07b8331815895c
assets/unit_anim_native/assets/army_lineinfantry__reload_i0_all__8558bbee5f/manifest.json	6468	52f8460dc8914732c2952da4216c8d3ffc4831084083b8be097b9fdcbebf737e
assets/unit_anim_native/assets/army_lineinfantry__reload_i0_all__8b16dc0dd8/manifest.json	6471	bdfc7235e77c0c356c534ebc45faa095e9fbf7e48131053ec2c32b2b6b95f397
assets/unit_anim_native/assets/army_lineinfantry__reload_i0_all__96b6a901b9/manifest.json	6482	07de8ad57dc8d5ef083c791be61356c5a0094133cc3abc7480458faf21e0eecc
assets/unit_anim_native/assets/army_lineinfantry__reload_i0_all__99555e3175/manifest.json	6480	8227ce6a81f2d0833233f25ee45c0d30ba11073a59ce74175d07c68ab7ccabab
assets/unit_anim_native/assets/army_lineinfantry__reload_i0_all__9a6cc81da2/manifest.json	6479	6dbe6b8587f7a93459834ffa3ce17eb9ce0dbbd996bfb8914ffde85ae4c37c9c
assets/unit_anim_native/assets/army_lineinfantry__reload_i0_all__b3378ad4b8/manifest.json	6486	c243749d07c8c8d59431d0ffefe4ee5895579a75077a6be9ca9401f369f29bf4
assets/unit_anim_native/assets/army_lineinfantry__reload_i0_all__b6329ea6cc/manifest.json	6605	2244159a497aad4264396b220aeb8ab4b621ed169ec7c189d129265ba31fc69b
assets/unit_anim_native/assets/army_lineinfantry__reload_i0_all__b66eb5508f/manifest.json	6469	3b55a0cd6d58c77a73b6c80e22a47e362db944f18df58d35bc8b2fa144f9bbb1
assets/unit_anim_native/assets/army_lineinfantry__reload_i0_all__b92799effe/manifest.json	6473	32d66f8fc901c054e2025a410348dcac184fc3d98c567013e2e64ff597e63df6
assets/unit_anim_native/assets/army_lineinfantry__reload_i0_all__bb7799f481/manifest.json	6473	61781f97e91b2e1415b4dbc57d49cd49c013fc91f4ba7f32263e68e6e00d3be3
assets/unit_anim_native/assets/army_lineinfantry__reload_i0_all__dd26a6f0da/manifest.json	6606	a832fafcb7251a676c32df46fff834c1e74854ebf07a9d9ffa12c843fa1e79f3
assets/unit_anim_native/assets/army_lineinfantry__reload_i0_all__e774a4956f/manifest.json	6476	d5052d061694bbb503a7aee558cd2fd645e0fd49e26bbf0541888df61f34a58f
assets/unit_anim_native/assets/army_lineinfantry__reload_i0_all__ff09f5cfe5/manifest.json	6612	e10cad942ab18cb6c0c66f7f522d03c900cd060248bb75f83c8a48d258e24965
assets/unit_anim_native/assets/army_militia__attack_i0_all__0a7f933af6/manifest.json	4431	9efe1ae18e8a36ab3ba6ec0da8db6dffb499ac049cdaa37bd170428506d142bf
assets/unit_anim_native/assets/army_militia__attack_i0_all__119e47adb3/manifest.json	4552	20a3b0c9055dee0405c0dea30d0f4a8bb88a855be6e48ed1b1cf9d459ffe1922
assets/unit_anim_native/assets/army_militia__attack_i0_all__1eb72c6fe5/manifest.json	4529	cc676abce82b524e6ff87b4bb2417c2010c374f7045641f598bc72d7e5cc1a78
assets/unit_anim_native/assets/army_militia__attack_i0_all__264ede015d/manifest.json	4424	e5ada0935f0456bf34b7f74064d3a8d25437fa89a14dcac2e5d4e18e4fc2fdeb
assets/unit_anim_native/assets/army_militia__attack_i0_all__2d1ecbedd1/manifest.json	4428	c82bf377c96612c19ed0545a3cf1187c7fbdedc7875a8bfec330b5c7f48fabf2
assets/unit_anim_native/assets/army_militia__attack_i0_all__32a90c031d/manifest.json	4555	cd7dc55b6e4de798cc64d47149b84aac773b7f1265abceec71c7472fec74889a
assets/unit_anim_native/assets/army_militia__attack_i0_all__442e6c206f/manifest.json	4527	7de30519466fa18d9d56b7d6fd70c5b6be6137f8b08f3ba1edf76e3025eaedff
assets/unit_anim_native/assets/army_militia__attack_i0_all__4dd707d388/manifest.json	4514	5bb189f488a3b2adb4a497ed34087150a30e5e42a0198d8bca1c3ddafb349205
assets/unit_anim_native/assets/army_militia__attack_i0_all__65d52ae156/manifest.json	4386	d4f514ff597ce2917851b86d6dc91c85c35c64a9cd31c5f80d3317ee99c38adb
assets/unit_anim_native/assets/army_militia__attack_i0_all__67d2e43e79/manifest.json	4508	1067b90fbbbc5049e7fe0e15c62822f47b83156f71507b3c38aa84c311659ed4
assets/unit_anim_native/assets/army_militia__attack_i0_all__6b8bdeed9a/manifest.json	4510	30c94ee708871add7e44a686425fc9cfcf923bb8d577b7bea7b803a02239bd06
assets/unit_anim_native/assets/army_militia__attack_i0_all__74d99b1c97/manifest.json	4523	53fd3516e20e2359121c04a30d8005c096ec0a0b43ebd78d9031be51bbffe0b1
assets/unit_anim_native/assets/army_militia__attack_i0_all__7c1712b6d6/manifest.json	4555	314ff064180f30a28ba12828967af4c5394bc39182c6fb3c13e8ac591c9b8fc8
assets/unit_anim_native/assets/army_militia__attack_i0_all__7d4220854a/manifest.json	4527	d1659c8e68163d49402683d301f6e81f82d2d8e346e0f80886653ab126f64673
assets/unit_anim_native/assets/army_militia__attack_i0_all__7e99671598/manifest.json	4530	1ed7f7a078120a232e155c33599cfd3fcc83f202badda7b55d166ff44f828323
assets/unit_anim_native/assets/army_militia__attack_i0_all__94c4de82fb/manifest.json	4523	eb39c987d7407b671394ef122e67e9e2048245e4ad6db5fbb95acec0368a4c8a
assets/unit_anim_native/assets/army_militia__attack_i0_all__a0ffb7252a/manifest.json	4401	f1fe6bddcea66ffec2515d81bf99d72916e7e0ffee16fd6511e8552fdccfe525
assets/unit_anim_native/assets/army_militia__attack_i0_all__a59696134d/manifest.json	4552	1345e7f32c076fdd17a765b5d3122256e31b0a397979187d617561ffc1cd263d
assets/unit_anim_native/assets/army_militia__attack_i0_all__a7773e1029/manifest.json	4428	f1fa92e0a0e3b017d6a01d17799096b50382e0bb8c6fcc8d56dc4ef61dc26697
assets/unit_anim_native/assets/army_militia__attack_i0_all__ab8a6aa9b0/manifest.json	4383	f5bdd7a4426ffcee7e5702c925479a17d5e42551d5d7fe39e462efed49e4f806
assets/unit_anim_native/assets/army_militia__attack_i0_all__ac299dd812/manifest.json	4510	136a04fa413cc0179da04acc77f9c516c05b538b0a431e96be2210c4bd422349
assets/unit_anim_native/assets/army_militia__attack_i0_all__b9ac0dcec2/manifest.json	4513	0b6386540ce25484badbcf734204adbdf799a9fc1dbefe6b342da1f13f852bab
assets/unit_anim_native/assets/army_militia__attack_i0_all__b9c74192bd/manifest.json	4431	12aff1cabb3f3b7cbde3f771464dd32475491544ec616402a009cd549f14b9cd
assets/unit_anim_native/assets/army_militia__attack_i0_all__bc7444f25e/manifest.json	4548	6dcfc2c809284bff777d9aaa4df3cedea4bbc28d770b9b356b67b5bca4105004
assets/unit_anim_native/assets/army_militia__attack_i0_all__cba11ab9dd/manifest.json	4552	0574b98c65072e42fc85d1ceca3db1afc04722183957a63bee696add87946e12
assets/unit_anim_native/assets/army_militia__attack_i0_all__e167c2d6c0/manifest.json	4428	bb9559df55609bda30952e28440de74de3fc0f06c463b393fd02c67677c24d9b
assets/unit_anim_native/assets/army_militia__attack_i0_all__ef3056da61/manifest.json	4527	a975460cc0266501e12a30f56e1a029c00c90a66a4358e1d7957a12c30fdd173
assets/unit_anim_native/assets/army_militia__finish_i0_all__0c5ed13605/manifest.json	3803	7abc2d53f5ec05165776fe92dc3f3110959ac04fe244bebd211db6c965a3c0aa
assets/unit_anim_native/assets/army_militia__finish_i0_all__34299c3d88/manifest.json	3830	8b509da5fee74b7cbbbcb26f048dbfc851d4a3fda6cf454a679a7148968f4750
assets/unit_anim_native/assets/army_militia__finish_i0_all__518e6e9ffa/manifest.json	3808	df3ac8184c95769f841f8d01aac41ed5278fac691b79623e1615dae8a954908e
assets/unit_anim_native/assets/army_militia__finish_i0_all__575f1be234/manifest.json	3821	f849534995ff218055cec980d78c72229f4646e8c5ed82bc1d7a8f5217939a17
assets/unit_anim_native/assets/army_militia__finish_i0_all__57feff7331/manifest.json	3810	0368a736555a3df33013f868cc449f55bc17c5d04ac015932abea0e4cfdd2761
assets/unit_anim_native/assets/army_militia__finish_i0_all__600db7c1c2/manifest.json	3807	f28d38206b6246d41d353d94c04ecfac0c0bc657398f483d26a06bcf8519a391
assets/unit_anim_native/assets/army_militia__finish_i0_all__6ca6f21254/manifest.json	3812	6b1bedb8bca3c1e6ffc0710eb3a0549e3535586b6670c5c819c34dac596a2358
assets/unit_anim_native/assets/army_militia__finish_i0_all__6e6c05e99b/manifest.json	3832	8f648fc30af2c9b9dde2db228a3b1b0c31a539b4fda18a8b53e2d022c4e3279c
assets/unit_anim_native/assets/army_militia__finish_i0_all__7d371c7758/manifest.json	3830	2c32b8051068c6a2f11675570485eb9fb7090fc40303498e703875e639fa74b1
assets/unit_anim_native/assets/army_militia__finish_i0_all__7f83a5a12d/manifest.json	3810	e50bfc8f0f76ef21a216077418677c30ab4f5a6e69000e33a2a1356195b4b30a
assets/unit_anim_native/assets/army_militia__finish_i0_all__90b4b4ada5/manifest.json	3807	088eb19fd07de4747660ed2b05c2b08ec9a102870e7f18f29b9852f96dd9d401
assets/unit_anim_native/assets/army_militia__finish_i0_all__98f32f4597/manifest.json	3815	fb67575fd7955f0841e427fb5c5e5c73843d65e48f2da6d8365d82c00e15745d
assets/unit_anim_native/assets/army_militia__finish_i0_all__a08d2a04d4/manifest.json	3817	74346839fa41053bd127efd38d4e648348b60b1b14c994ab0ced64008a171cd7
assets/unit_anim_native/assets/army_militia__finish_i0_all__a25694c042/manifest.json	3807	6708c21698c85dcc994dd61695c4c7202cc46c08ba6dbe4809a69744482319c6
assets/unit_anim_native/assets/army_militia__finish_i0_all__a544da522a/manifest.json	3813	05276b2608f4bfbbe87fbc3107dc80d5db456c5b0fd4a0d323399be8da1c70bc
assets/unit_anim_native/assets/army_militia__finish_i0_all__a802072644/manifest.json	3815	22878d1b6773bfe8fe6e118d14416641825a568f95e0469dce31188df4516718
assets/unit_anim_native/assets/army_militia__finish_i0_all__a895a60303/manifest.json	3833	621117c14f1e8a2726b976ebf9515a701dcd150757f6438d11695e1f18acb57c
assets/unit_anim_native/assets/army_militia__finish_i0_all__b0b6193119/manifest.json	3812	1f9d301934b15152373a1ff4be4ae05af64007f337f042ec2b507bfab11dc266
assets/unit_anim_native/assets/army_militia__finish_i0_all__c23c77f92b/manifest.json	3826	33d760817c6401cdc5efa8310db379f9051c94215b15d3e86478df951b930297
assets/unit_anim_native/assets/army_militia__finish_i0_all__c7225d7fbd/manifest.json	3820	f864cdf686a03257957d9ba26cf4009dc10b5b70ffcd1f02f12178407c40e5c7
assets/unit_anim_native/assets/army_militia__finish_i0_all__d3a76580f8/manifest.json	3815	f0a55dc9cbb7f200e6d39b13795df8b48a5f190f824343949b41b41c3598d2ae
assets/unit_anim_native/assets/army_militia__finish_i0_all__dc776458cd/manifest.json	3817	d62db23c45f5f695f010ef0ee7e0f9ab43a5b197eb980ffc6f8d6c9948ddc9a7
assets/unit_anim_native/assets/army_militia__finish_i0_all__e0c1294c85/manifest.json	3830	3a6f73f40b26eed866e5f18d15d9820ac002137841fc9d95857219234ff269d5
assets/unit_anim_native/assets/army_militia__finish_i0_all__f18d4ab985/manifest.json	3814	1056e15732c23b35399ef7c8702a53191b7b5bb16b92f390caac58b2a4a4955b
assets/unit_anim_native/assets/army_militia__finish_i0_all__f68ae9f143/manifest.json	3812	31a3e4ef25ca8efc8e7543f0ef60ed1e7838bc5c685349af232a230d44e2ad4d
assets/unit_anim_native/assets/army_militia__finish_i0_all__f8cbf2437e/manifest.json	3815	9b605c5b16ffd71904415c3926958568749ffb7be3251581cda24083dff34845
assets/unit_anim_native/assets/army_militia__finish_i0_all__ff308b95fa/manifest.json	3812	1f7ecd99635a741d9b5bbd110e4d09b895053c042beffe4eb9cb4259681ce260
assets/unit_anim_native/assets/army_militia__ready_i0_all__07db7530aa/manifest.json	2313	9eb115443dc993da5432dd9de1f53a9c1e3b9753a56a3101821c197868c69b99
assets/unit_anim_native/assets/army_militia__ready_i0_all__15a7c35438/manifest.json	2322	69ea46e354c1454ebcc5b391876dbc736877ec4ca6f7274705f433df3acc4285
assets/unit_anim_native/assets/army_militia__ready_i0_all__196a725851/manifest.json	2319	f5d79b38a9ed172964b7c1bed0d74ba300290af0ffb228b5c7de1b71983b56d0
assets/unit_anim_native/assets/army_militia__ready_i0_all__1c4572eafa/manifest.json	2341	61df8eafcb19a386a9e5ee76e8dd23b6c9c554bbf0763f97ef2d60521d679ace
assets/unit_anim_native/assets/army_militia__ready_i0_all__1e2de6dba2/manifest.json	2426	d5ee2f04dc8b555ac76abb3f3773eb593a7cccd8bc2a0ca5807b2a80dd8694b0
assets/unit_anim_native/assets/army_militia__ready_i0_all__201d0008be/manifest.json	2422	a70f4fe85e223540fe7743be8d09e6423054f1b0345e71ca6bc2e718a3330421
assets/unit_anim_native/assets/army_militia__ready_i0_all__31290fb1bb/manifest.json	2320	7656197fd563ebf95d301aa796a130419d6b40e651baa8f155942a59bd967a73
assets/unit_anim_native/assets/army_militia__ready_i0_all__31d9f2dc9f/manifest.json	2341	32103fcf69d590452fce94744a97b8f15b5d8382665c68e28d57d330f1981c29
assets/unit_anim_native/assets/army_militia__ready_i0_all__4199af2bf5/manifest.json	2338	06610e5b2bc276ffe5754351777b9e3b39ca147117ace9265f79a5cef505606a
assets/unit_anim_native/assets/army_militia__ready_i0_all__420f8a20e4/manifest.json	2427	59f88597636f22ed6cbbeced2477f516bcdada032149ae953c43df90dbb737e9
assets/unit_anim_native/assets/army_militia__ready_i0_all__579709ed22/manifest.json	2338	2a5f052daa75188af805dd769eb260f59f7804885c137d833e3562381d12b031
assets/unit_anim_native/assets/army_militia__ready_i0_all__5dde3de5ec/manifest.json	2418	399bda535f6815f8d7473d43c13e10592c740b5161becfeecf728380a0101687
assets/unit_anim_native/assets/army_militia__ready_i0_all__6ed7bb4a63/manifest.json	2338	3dccb6b08e6b658b28b51d3867c66c6235d2ee80b8059862d7cb85df871323b3
assets/unit_anim_native/assets/army_militia__ready_i0_all__709c33a5a4/manifest.json	2424	602d6d84cb4041d3a4573981963e0533df79e5e85ba0e14504333b2c13fe1460
assets/unit_anim_native/assets/army_militia__ready_i0_all__b659eff9ba/manifest.json	2316	b51dc69c9e688128dd18ebdd1048e0a21b4bca3d9d77688d30cc4837d2aee024
assets/unit_anim_native/assets/army_militia__ready_i0_all__b77803d667/manifest.json	2422	cb943254d828d03a818024551961143ce412083f77ebadbb418f998589886108
assets/unit_anim_native/assets/army_militia__ready_i0_all__bbff70e02b/manifest.json	2328	ef7d15748a9bba71266b84251e1a2c05d7593f28e7caa4a5a11265cc40025aa7
assets/unit_anim_native/assets/army_militia__ready_i0_all__bcd3f4e2a1/manifest.json	2315	81ea4e4fa2f101ef9b2803e86deac3b0dde955475b36f9c2c30453e6c08facf4
assets/unit_anim_native/assets/army_militia__ready_i0_all__bd65e9a5c2/manifest.json	2425	3600a4f99f0e3a9fc13e0887e26b304a4a3c5849ea04c0513540762830e16b2d
assets/unit_anim_native/assets/army_militia__ready_i0_all__be938d1cfd/manifest.json	2429	36394fbc50887045eac808607e61a4df130aad4172813bdcccf00ca3f4f6e930
assets/unit_anim_native/assets/army_militia__ready_i0_all__c154bf86c8/manifest.json	2323	11dbc1585c5c8277ebd8cc7b01f5ecb00e6dbe1a0885e976b6c76e59b270a512
assets/unit_anim_native/assets/army_militia__ready_i0_all__c2862facfd/manifest.json	2322	0911a2c285b99913a520104686be16dc652e3fb3847a25e7ffb58ca664f98855
assets/unit_anim_native/assets/army_militia__ready_i0_all__c313892045/manifest.json	2319	4de88969f4c65dbe139252958ffd8ad6b21125193d233ac16d4b66a397a89a40
assets/unit_anim_native/assets/army_militia__ready_i0_all__c738b93d90/manifest.json	2334	c6f8e725b07ee447fa515b9d396d8aa62e5819792529341fb182fba342e20010
assets/unit_anim_native/assets/army_militia__ready_i0_all__e2a3371aa7/manifest.json	2320	f33f93634df1753447f86ceb3310334f14ac762b0b45f3712e89624458e27dc4
assets/unit_anim_native/assets/army_militia__ready_i0_all__ed5c8c2138/manifest.json	2320	891abae78f2cf256873851e27ec8df947499578c3cfa9e604d50aa8e5e05112b
assets/unit_anim_native/assets/army_militia__ready_i0_all__f478cdc474/manifest.json	2430	b5e130d653205a7fb9ce2c86455e3251f3f20a11fd7da3360a43acf9c052c80b
assets/unit_anim_native/assets/army_militia__reload_i0_all__03556d9b56/manifest.json	7128	1690f1c0d0f7fa1894e9cc5d33d01fdd11d981436e0460a7f86812e5de20c083
assets/unit_anim_native/assets/army_militia__reload_i0_all__10dbce0308/manifest.json	7130	065ef28d199beb752ed9f77d22fa6020351a1d13d029d6f456b7fdeb10574cbb
assets/unit_anim_native/assets/army_militia__reload_i0_all__3339e5bf78/manifest.json	7089	7562a6705d9dcf1de51888c5efdf201defbc26e790f37c1da1f0a32348631526
assets/unit_anim_native/assets/army_militia__reload_i0_all__49b779c160/manifest.json	7145	c1bc5d0cb36d37b5b0131261d163bcc875666cff2258771912c9154a2095d3e3
assets/unit_anim_native/assets/army_militia__reload_i0_all__4dd87f7c67/manifest.json	7092	e6e3fc4b9a1bba1623f3dd60cc61003bd968e8c35076b621d934fc099ced4201
assets/unit_anim_native/assets/army_militia__reload_i0_all__5a04c51f30/manifest.json	7143	819bb4713108e4782dc621223fb50f38aafaa810555a4d572225ac3c3cc2445a
assets/unit_anim_native/assets/army_militia__reload_i0_all__71106eba12/manifest.json	7142	9a056efae5d3c995de8c4f8d169b478698d7b16c8f0bb7073a66d379f357271c
assets/unit_anim_native/assets/army_militia__reload_i0_all__769d67aa85/manifest.json	6652	e039fa51cc5404ecc645209e789d18bb2c77169e069777c2c5cbd43eb8c54b6d
assets/unit_anim_native/assets/army_militia__reload_i0_all__77f63bb91b/manifest.json	6655	622c86bff49ea53938c2e10416fc776464cd78d6381021b08d36b5630e2ede6c
assets/unit_anim_native/assets/army_militia__reload_i0_all__8461b077a2/manifest.json	7090	0dc6a687ff3016b32ba2af13f2c200c3ba4d8ca5366a8c2f970db197a50d5b76
assets/unit_anim_native/assets/army_militia__reload_i0_all__86985fa9f7/manifest.json	7152	3971d3ee3bd672c3e86933866336545b989737a18246dcf2eacc3e2dc8b22682
assets/unit_anim_native/assets/army_militia__reload_i0_all__87c5b4414d/manifest.json	6657	22635439521d3cf03e3f1c8a51729a0ad36c45e7f95311368d0044449fb824c6
assets/unit_anim_native/assets/army_militia__reload_i0_all__89bb7544d6/manifest.json	6660	f85873445c904cd7469a2337a42543aa1827e48de3940c77149d345b53d3530e
assets/unit_anim_native/assets/army_militia__reload_i0_all__8b57ed1b14/manifest.json	7149	ad33ea00b595217a86b52e38580f7ffcbc54eb14c50dc9d90b9e968d56506186
assets/unit_anim_native/assets/army_militia__reload_i0_all__90903dd16a/manifest.json	6652	b718c302a2e94ab518599f74906836c573baf30fb4c13add3480a963363ad175
assets/unit_anim_native/assets/army_militia__reload_i0_all__ad86e3fd53/manifest.json	6660	cdd834cb36eddd346a1567c73f3e41a6d38da6415495ca2b6b69da54a189c5aa
assets/unit_anim_native/assets/army_militia__reload_i0_all__bbc8ebde7f/manifest.json	7147	dcb6a6394e0fe3139c262382743dd85f752f0c58eb5364e9501dc1955e52018d
assets/unit_anim_native/assets/army_militia__reload_i0_all__bbdabbe678/manifest.json	7124	740f26d9518195bf0fa54267fdfaa5d8982a422e5890fb8aa1c95b03a367904a
assets/unit_anim_native/assets/army_militia__reload_i0_all__bc98b98479/manifest.json	7132	b233cced285405e015983324bae0297610e5ec974e63337e074c7b93e2741edc
assets/unit_anim_native/assets/army_militia__reload_i0_all__c6392d3653/manifest.json	7123	e62a88051b87193da57786a900348f0dac7bb089a5da60f049d48f587115a953
assets/unit_anim_native/assets/army_militia__reload_i0_all__d011d82689/manifest.json	7137	7a0d068fe0cbc15d5591fe1f10ecd2af302688ac90970445b647ba1c94cfa7dd
assets/unit_anim_native/assets/army_militia__reload_i0_all__d9c4790b26/manifest.json	7085	3f22f91a07d9c4a00241a116c540aece83a3e7c22940b00afbb6667de3f96032
assets/unit_anim_native/assets/army_militia__reload_i0_all__db12221c2d/manifest.json	6648	306a579b1f81a392e27cd81ecc873bb285c655046202a24b29193aa6088f1a9f
assets/unit_anim_native/assets/army_militia__reload_i0_all__e267b55f7b/manifest.json	6646	8019a685a8bb679cbf7d9abcba81b15a40cbff1da8f46a601ea862cb8180a35c
assets/unit_anim_native/assets/army_militia__reload_i0_all__e40d9c8aed/manifest.json	7134	0001f97f451eb061c50a3d5ce87f00e55f9f1581de38e4ca5f7eec0e639ac4b8
assets/unit_anim_native/assets/army_militia__reload_i0_all__e4f3c60fc7/manifest.json	6652	68a07d9874eabaaa68c346951ac864105e7f1735afbe60ba33617449b3b7368c
assets/unit_anim_native/assets/army_militia__reload_i0_all__f1b8918382/manifest.json	7123	79ac6631d430ca4056f6a2e156516cab46bd5a0f0bce71551a6419601d38c2b9
assets/unit_attack/army_armoredcar_03bdb0c6f949.webp	4112	dad9fc0f374d63071856fe55c2403614e0cfdba61f4fb5d0042cabfe0c54d182
assets/unit_attack/army_armoredcar_03e0f731a803.webp	2856	d55355ffb1760f6b32b8dc11b5d9ede6f8b502137c31c76c09fecb64ee4f675a
assets/unit_attack/army_armoredcar_0423993795e5.webp	3830	2498410f29f98e60b82fa3f1356d1015cbbfad15b92489837dd0741f77f44b98
assets/unit_attack/army_armoredcar_05db54987c13.webp	4146	8f35ad39eb3927c705176f7e955c950f71c3e5ee773d20bf524407214cb1cfe9
assets/unit_attack/army_armoredcar_0bf27e9a96a2.webp	2856	d55355ffb1760f6b32b8dc11b5d9ede6f8b502137c31c76c09fecb64ee4f675a
assets/unit_attack/army_armoredcar_110c65a74892.webp	3830	2498410f29f98e60b82fa3f1356d1015cbbfad15b92489837dd0741f77f44b98
assets/unit_attack/army_armoredcar_11dedf93a564.webp	4170	00c2ef6d548e317cd7863432c84fb3d8dc193ec2cc74da2f5c08cdcd64c0f05a
assets/unit_attack/army_armoredcar_146a40b984d8.webp	5784	5be481a9eb723152d05e743b03e4cdaee38adcf0bd59044e827b2c979586e60f
assets/unit_attack/army_armoredcar_1c95eb3cd9d7.webp	5420	dd44f0e95d09db244067e8889ebc801337ae4db78109f29e1613b5e8d0addf31
assets/unit_attack/army_armoredcar_1dcc61fe50a5.webp	5420	dd44f0e95d09db244067e8889ebc801337ae4db78109f29e1613b5e8d0addf31
assets/unit_attack/army_armoredcar_1dcfde990dfe.webp	4164	dff65b01d00be6d9b514c44cc6b3d36bb4892b34d056039abbe06c43d1a39be6
assets/unit_attack/army_armoredcar_1dee1da16df9.webp	5420	dd44f0e95d09db244067e8889ebc801337ae4db78109f29e1613b5e8d0addf31
assets/unit_attack/army_armoredcar_1f5634d5d2e8.webp	5784	5be481a9eb723152d05e743b03e4cdaee38adcf0bd59044e827b2c979586e60f
assets/unit_attack/army_armoredcar_2092a6fbe7a0.webp	5784	5be481a9eb723152d05e743b03e4cdaee38adcf0bd59044e827b2c979586e60f
assets/unit_attack/army_armoredcar_21dca8af9460.webp	4162	3e40c2ceff1e038da04c90f881fff4414353945f1f0400254137e82cab7867fb
assets/unit_attack/army_armoredcar_28491c03ef4f.webp	2886	e107fbd877161562bb16f618d832643d434ae401cdf49d6e4e646d43f1170112
assets/unit_attack/army_armoredcar_28fbc24327f1.webp	4170	00c2ef6d548e317cd7863432c84fb3d8dc193ec2cc74da2f5c08cdcd64c0f05a
assets/unit_attack/army_armoredcar_2c75166d130b.webp	3862	0d5b8ec4a43f404800cda33c957e5117c01de22bda10505463f349980b4d3460
assets/unit_attack/army_armoredcar_32f0d6985dae.webp	4244	e77cc75907710a9c61b9b1877417aed226a1d4ff302fc6ff6d405040d3cb7dd8
assets/unit_attack/army_armoredcar_338236661790.webp	5878	aee5ccbecbc88e17785a7b5824c0b6086e8376355095ee5fa6f2bac1fa705019
assets/unit_attack/army_armoredcar_355755b7b3e5.webp	5420	dd44f0e95d09db244067e8889ebc801337ae4db78109f29e1613b5e8d0addf31
assets/unit_attack/army_armoredcar_378c640c987d.webp	2796	d10c4dd6185c0b49c6b332ce6611810e619fdbcd66c286152715910c2aa8451e
assets/unit_attack/army_armoredcar_40225a7c895b.webp	2860	b2192fae84d4cb2057d9a0389eaa802bba4d629750077a2748d86edbba0645f6
assets/unit_attack/army_armoredcar_4060a3ee5836.webp	3830	2498410f29f98e60b82fa3f1356d1015cbbfad15b92489837dd0741f77f44b98
assets/unit_attack/army_armoredcar_413bebcc7fc0.webp	4112	dad9fc0f374d63071856fe55c2403614e0cfdba61f4fb5d0042cabfe0c54d182
assets/unit_attack/army_armoredcar_43f25db6b01c.webp	4170	00c2ef6d548e317cd7863432c84fb3d8dc193ec2cc74da2f5c08cdcd64c0f05a
assets/unit_attack/army_armoredcar_447c253a5edc.webp	5420	dd44f0e95d09db244067e8889ebc801337ae4db78109f29e1613b5e8d0addf31
assets/unit_attack/army_armoredcar_44be9255f9e4.webp	2860	b2192fae84d4cb2057d9a0389eaa802bba4d629750077a2748d86edbba0645f6
assets/unit_attack/army_armoredcar_44c16f165852.webp	3830	2498410f29f98e60b82fa3f1356d1015cbbfad15b92489837dd0741f77f44b98
assets/unit_attack/army_armoredcar_47665f15254d.webp	4184	7ddfb7b2fe1b7168f87fa8ccf63295aaddc3a805a3b496da54f7a9d9e9598b0a
assets/unit_attack/army_armoredcar_476b0707b723.webp	4244	e77cc75907710a9c61b9b1877417aed226a1d4ff302fc6ff6d405040d3cb7dd8
assets/unit_attack/army_armoredcar_48fab2c37e82.webp	5878	aee5ccbecbc88e17785a7b5824c0b6086e8376355095ee5fa6f2bac1fa705019
assets/unit_attack/army_armoredcar_49d33955f74c.webp	4138	2e9800246b310a0261c7ecdd9d988a6b7d2f46bb210f569ad9a90858b775e763
assets/unit_attack/army_armoredcar_4abd73a649c5.webp	3862	0d5b8ec4a43f404800cda33c957e5117c01de22bda10505463f349980b4d3460
assets/unit_attack/army_armoredcar_4d4bc9a675d6.webp	4162	3e40c2ceff1e038da04c90f881fff4414353945f1f0400254137e82cab7867fb
assets/unit_attack/army_armoredcar_4e9f4d92fc33.webp	5420	dd44f0e95d09db244067e8889ebc801337ae4db78109f29e1613b5e8d0addf31
assets/unit_attack/army_armoredcar_4ec94da35e33.webp	4162	3e40c2ceff1e038da04c90f881fff4414353945f1f0400254137e82cab7867fb
assets/unit_attack/army_armoredcar_51449f80ec85.webp	4244	e77cc75907710a9c61b9b1877417aed226a1d4ff302fc6ff6d405040d3cb7dd8
assets/unit_attack/army_armoredcar_56d5fdd85016.webp	3830	2498410f29f98e60b82fa3f1356d1015cbbfad15b92489837dd0741f77f44b98
assets/unit_attack/army_armoredcar_5855048609a8.webp	5878	aee5ccbecbc88e17785a7b5824c0b6086e8376355095ee5fa6f2bac1fa705019
assets/unit_attack/army_armoredcar_5a4811a925da.webp	3862	0d5b8ec4a43f404800cda33c957e5117c01de22bda10505463f349980b4d3460
assets/unit_attack/army_armoredcar_60f5893b11f6.webp	2856	d55355ffb1760f6b32b8dc11b5d9ede6f8b502137c31c76c09fecb64ee4f675a
assets/unit_attack/army_armoredcar_61919218ca28.webp	3836	23b0f7e925959e7718a0da67edc7a3b45e847a8bce366732de1d169047cc9f09
assets/unit_attack/army_armoredcar_644954273f58.webp	2796	d10c4dd6185c0b49c6b332ce6611810e619fdbcd66c286152715910c2aa8451e
assets/unit_attack/army_armoredcar_68b16166b355.webp	4244	e77cc75907710a9c61b9b1877417aed226a1d4ff302fc6ff6d405040d3cb7dd8
assets/unit_attack/army_armoredcar_6bc0bd29a64d.webp	5878	aee5ccbecbc88e17785a7b5824c0b6086e8376355095ee5fa6f2bac1fa705019
assets/unit_attack/army_armoredcar_70a7a13843a3.webp	2856	d55355ffb1760f6b32b8dc11b5d9ede6f8b502137c31c76c09fecb64ee4f675a
assets/unit_attack/army_armoredcar_71281dc5972e.webp	4170	00c2ef6d548e317cd7863432c84fb3d8dc193ec2cc74da2f5c08cdcd64c0f05a
assets/unit_attack/army_armoredcar_71694bfe25d2.webp	4170	00c2ef6d548e317cd7863432c84fb3d8dc193ec2cc74da2f5c08cdcd64c0f05a
assets/unit_attack/army_armoredcar_74ccc3f06437.webp	4170	00c2ef6d548e317cd7863432c84fb3d8dc193ec2cc74da2f5c08cdcd64c0f05a
assets/unit_attack/army_armoredcar_76154d84965f.webp	2860	b2192fae84d4cb2057d9a0389eaa802bba4d629750077a2748d86edbba0645f6
assets/unit_attack/army_armoredcar_76ec986a079a.webp	3862	0d5b8ec4a43f404800cda33c957e5117c01de22bda10505463f349980b4d3460
assets/unit_attack/army_armoredcar_7aab1d0831ee.webp	4244	e77cc75907710a9c61b9b1877417aed226a1d4ff302fc6ff6d405040d3cb7dd8
assets/unit_attack/army_armoredcar_7f4f7a52b23e.webp	2796	d10c4dd6185c0b49c6b332ce6611810e619fdbcd66c286152715910c2aa8451e
assets/unit_attack/army_armoredcar_82eacc65c546.webp	3926	e97f10d3f059018da515b6bf9a194fd89b28659550c99b651fffd0e09b2640f7
assets/unit_attack/army_armoredcar_87690ffd13fd.webp	2840	47151c3c850dbf699d44c963bbba6f6444e4fb28339425426d793f7c1db122e7
assets/unit_attack/army_armoredcar_88f851c45c3c.webp	5446	48de457ac1dc2e400629d18334c603dcd112e4b607919648f3e92b1f404263eb
assets/unit_attack/army_armoredcar_898b621b1c0f.webp	5878	aee5ccbecbc88e17785a7b5824c0b6086e8376355095ee5fa6f2bac1fa705019
assets/unit_attack/army_armoredcar_8b5198ebe63f.webp	3830	2498410f29f98e60b82fa3f1356d1015cbbfad15b92489837dd0741f77f44b98
assets/unit_attack/army_armoredcar_9297ed3973c1.webp	2796	d10c4dd6185c0b49c6b332ce6611810e619fdbcd66c286152715910c2aa8451e
assets/unit_attack/army_armoredcar_93b1cd485f81.webp	3862	0d5b8ec4a43f404800cda33c957e5117c01de22bda10505463f349980b4d3460
assets/unit_attack/army_armoredcar_9736a49918c8.webp	4162	3e40c2ceff1e038da04c90f881fff4414353945f1f0400254137e82cab7867fb
assets/unit_attack/army_armoredcar_99a916d3b5f4.webp	4162	3e40c2ceff1e038da04c90f881fff4414353945f1f0400254137e82cab7867fb
assets/unit_attack/army_armoredcar_9b9b393d3dce.webp	2860	b2192fae84d4cb2057d9a0389eaa802bba4d629750077a2748d86edbba0645f6
assets/unit_attack/army_armoredcar_9dbebef0a124.webp	4112	dad9fc0f374d63071856fe55c2403614e0cfdba61f4fb5d0042cabfe0c54d182
assets/unit_attack/army_armoredcar_a1f127c09f3b.webp	5784	5be481a9eb723152d05e743b03e4cdaee38adcf0bd59044e827b2c979586e60f
assets/unit_attack/army_armoredcar_a2c1fc7e58ae.webp	2860	b2192fae84d4cb2057d9a0389eaa802bba4d629750077a2748d86edbba0645f6
assets/unit_attack/army_armoredcar_a77ff5097821.webp	4112	dad9fc0f374d63071856fe55c2403614e0cfdba61f4fb5d0042cabfe0c54d182
assets/unit_attack/army_armoredcar_a7d56b6c5e9a.webp	2796	d10c4dd6185c0b49c6b332ce6611810e619fdbcd66c286152715910c2aa8451e
assets/unit_attack/army_armoredcar_a959c6240cb2.webp	5420	dd44f0e95d09db244067e8889ebc801337ae4db78109f29e1613b5e8d0addf31
assets/unit_attack/army_armoredcar_aacb19b69cc4.webp	5470	71424036937aceeca1273393b37d04f4d4491549deea469adebc9f1091a5ecf9
assets/unit_attack/army_armoredcar_aca098df98be.webp	2796	d10c4dd6185c0b49c6b332ce6611810e619fdbcd66c286152715910c2aa8451e
assets/unit_attack/army_armoredcar_ace049099f6f.webp	5440	30515466378178166def44b28379332d081b2573e7007bd3299522440c778858
assets/unit_attack/army_armoredcar_ad4f152cb594.webp	5482	c0b3d60347fa8abc20593ef34c0bd487c720ff0fcf86ef006228d2bbd244b596
assets/unit_attack/army_armoredcar_b22ab4fcf4a7.webp	2850	cfb714f337dc7a4fdd26a8323458ac8a63279ade94108b20d9e7f6ef23a92da9
assets/unit_attack/army_armoredcar_b3c1eaa4f977.webp	4244	e77cc75907710a9c61b9b1877417aed226a1d4ff302fc6ff6d405040d3cb7dd8
assets/unit_attack/army_armoredcar_b4c6adc6f032.webp	4148	1e03f88a1326261d35a7c5c9bdef8f3e2c6e8db301324c12c4a237adca17a48e
assets/unit_attack/army_armoredcar_c67a3333fa39.webp	5518	b8bf501748b62988af95edb0ab0efb0eeeb005451a3da57be30cb13e92fbb712
assets/unit_attack/army_armoredcar_c78036f62de3.webp	4112	dad9fc0f374d63071856fe55c2403614e0cfdba61f4fb5d0042cabfe0c54d182
assets/unit_attack/army_armoredcar_c8956fb165ef.webp	5812	8d54f5b9d8d2aca607ad9d38c864a8acf676273b8aadee62be97d9323e4a0c2e
assets/unit_attack/army_armoredcar_c91d2b589250.webp	3874	dbbd0d6910a5a067d2fb57d07546dfb079e47be058f1682f380accdc92fa3845
assets/unit_attack/army_armoredcar_c97d659c306f.webp	2860	b2192fae84d4cb2057d9a0389eaa802bba4d629750077a2748d86edbba0645f6
assets/unit_attack/army_armoredcar_c9bb2494c82f.webp	4146	bd0cbd544b5ebc0b2fe157f8810f6b0edb079b260586fbd9ef95f6a7f77d09d9
assets/unit_attack/army_armoredcar_c9ecb01c0673.webp	4112	dad9fc0f374d63071856fe55c2403614e0cfdba61f4fb5d0042cabfe0c54d182
assets/unit_attack/army_armoredcar_d18d08d06e63.webp	5784	5be481a9eb723152d05e743b03e4cdaee38adcf0bd59044e827b2c979586e60f
assets/unit_attack/army_armoredcar_d346e52fe55a.webp	5784	5be481a9eb723152d05e743b03e4cdaee38adcf0bd59044e827b2c979586e60f
assets/unit_attack/army_armoredcar_d8b42cd3a57b.webp	4170	00c2ef6d548e317cd7863432c84fb3d8dc193ec2cc74da2f5c08cdcd64c0f05a
assets/unit_attack/army_armoredcar_d8bf78b8afc7.webp	5784	5be481a9eb723152d05e743b03e4cdaee38adcf0bd59044e827b2c979586e60f
assets/unit_attack/army_armoredcar_d90e2c4bb060.webp	4162	3e40c2ceff1e038da04c90f881fff4414353945f1f0400254137e82cab7867fb
assets/unit_attack/army_armoredcar_dc5383bedfd1.webp	4112	dad9fc0f374d63071856fe55c2403614e0cfdba61f4fb5d0042cabfe0c54d182
assets/unit_attack/army_armoredcar_dec41a5200fa.webp	3862	0d5b8ec4a43f404800cda33c957e5117c01de22bda10505463f349980b4d3460
assets/unit_attack/army_armoredcar_e87083f5d988.webp	2886	c192003f27846ce336a92c4818b544ff07cb4e912f0c9827dada116c0cad8474
assets/unit_attack/army_armoredcar_ea05a38bdfdf.webp	3862	0d5b8ec4a43f404800cda33c957e5117c01de22bda10505463f349980b4d3460
assets/unit_attack/army_armoredcar_ec8a08d9db73.webp	4182	794ceca494970bc1147353ed0792a5d028d6e5daaebf095c5966c89483fa5f2e
assets/unit_attack/army_armoredcar_edb13bee8111.webp	3830	2498410f29f98e60b82fa3f1356d1015cbbfad15b92489837dd0741f77f44b98
assets/unit_attack/army_armoredcar_eec72477fa0b.webp	2866	93acd9fe7d35e1742641086350f52cc9994610b7abf68506ebc544e5f1427784
assets/unit_attack/army_armoredcar_f1a9e3062530.webp	2856	3aebc86e24f1d5cc019d07185e5eec7978e6c76eeb10d412bdb38cde5f980c57
assets/unit_attack/army_armoredcar_f1cc6b968bd6.webp	5878	aee5ccbecbc88e17785a7b5824c0b6086e8376355095ee5fa6f2bac1fa705019
assets/unit_attack/army_armoredcar_f250f9040a4f.webp	2860	b2192fae84d4cb2057d9a0389eaa802bba4d629750077a2748d86edbba0645f6
assets/unit_attack/army_armoredcar_f2873bcb6083.webp	3856	38a78c43d8f34e3bfb85172ab56a870d9cc3151aa06de4c1c984b97e7d907faf
assets/unit_attack/army_armoredcar_f5c40a8c27be.webp	3914	852a010bbefce509f350456e6d80e2421319947d0f47dd952cce40cfdf4a26dc
assets/unit_attack/army_armoredcar_f683cce1980d.webp	2856	d55355ffb1760f6b32b8dc11b5d9ede6f8b502137c31c76c09fecb64ee4f675a
assets/unit_attack/army_armoredcar_fbba6060f185.webp	2856	d55355ffb1760f6b32b8dc11b5d9ede6f8b502137c31c76c09fecb64ee4f675a
assets/unit_attack/army_armoredcar_ffb1d85a9f18.webp	2796	d10c4dd6185c0b49c6b332ce6611810e619fdbcd66c286152715910c2aa8451e
assets/unit_attack/army_artillery_01bb4ac3a28b.webp	4578	ef2d6713519b2420246f494b964ca990eaf071635f96e97bbb8553853ab09497
assets/unit_attack/army_artillery_0259a6e198c6.webp	3390	8c0859e62910d9abfc71480cbb50518531639b8205a6bab296281a7ae6698602
assets/unit_attack/army_artillery_02db4306bc5a.webp	4814	8a637000416346b16ca76939279dbf017b27781b81a5be2c44e7a17a618f463d
assets/unit_attack/army_artillery_0359cc0c2e58.webp	3450	5897e28f9299fb11c6a08f17a6e7cd5b58ab94caf1df33d1e8e0a384bec94ef6
assets/unit_attack/army_artillery_049e22c361e0.webp	5376	bf30b7c3bf14737b9d1e1a704509a4d991bf1b92096ad481796e5347ad525f4a
assets/unit_attack/army_artillery_05351a6109ad.webp	2616	d00bf769e1be22662dfc1e271f6c0f633eaddd8f1e03e33a8bd738271e8f2b4a
assets/unit_attack/army_artillery_05fc0ba747aa.webp	4934	5715b478ed1b5fcd4b74ad18f3aa9511e7967badaa65b2c823824a3aa45f26c2
assets/unit_attack/army_artillery_067e015c58e0.webp	5376	bf30b7c3bf14737b9d1e1a704509a4d991bf1b92096ad481796e5347ad525f4a
assets/unit_attack/army_artillery_079cb651c09f.webp	2632	28445633188c4837f9488f9ee584b5457684d6c8e18ac217c66540b2d96d7ec6
assets/unit_attack/army_artillery_0c053d33d396.webp	5238	a29fa4f674c749cae0a75307af0eb127b17ac6dbb056a349b1c745e4c0a028f3
assets/unit_attack/army_artillery_0e4fb4bf2e33.webp	2616	d00bf769e1be22662dfc1e271f6c0f633eaddd8f1e03e33a8bd738271e8f2b4a
assets/unit_attack/army_artillery_0f3430c43d73.webp	4814	8a637000416346b16ca76939279dbf017b27781b81a5be2c44e7a17a618f463d
assets/unit_attack/army_artillery_0f871c1fd2c3.webp	5214	61b9de28255c71d0697af4c60e14b39994d7156c8647da3addfd0b8e25fb14a9
assets/unit_attack/army_artillery_11148b928a29.webp	3636	860af69e87b58522b9638f71f5b34ede33c4bdbabb612b356e21b15f5ed90fb5
assets/unit_attack/army_artillery_116d12cd4ca9.webp	3636	860af69e87b58522b9638f71f5b34ede33c4bdbabb612b356e21b15f5ed90fb5
assets/unit_attack/army_artillery_11d4e2bc3550.webp	3636	860af69e87b58522b9638f71f5b34ede33c4bdbabb612b356e21b15f5ed90fb5
assets/unit_attack/army_artillery_12b643fc9ba2.webp	5312	1ce9064ed8c55bc37b2e43ea3c3a9a8d9367d68e5a1b2ae4abd03325b8915478
assets/unit_attack/army_artillery_134f25a7f906.webp	2686	a01df9363247abd4499d6c7494a9f5a6d73dceababf42fa1a5030e50da5fdfc0
assets/unit_attack/army_artillery_14a6c8994720.webp	4872	37b9ca107f8dc8d7aba37c572ea8796357533bca87e5709644856065b216eae2
assets/unit_attack/army_artillery_16b8d7fd4aea.webp	5002	11de280b3d2f1ff5f2227ce46b55edacb84cdc6bae5c534801ddf4ce9fdcaf33
assets/unit_attack/army_artillery_1972678e1b78.webp	5002	11de280b3d2f1ff5f2227ce46b55edacb84cdc6bae5c534801ddf4ce9fdcaf33
assets/unit_attack/army_artillery_1be1859a4320.webp	3388	4cd9866824a43ae2decc8f775ea333be59cecb4e04c43d08f54b74e5bdbc8f48
assets/unit_attack/army_artillery_1c7a257496c3.webp	5014	f9032218826dfbe89814a83ed24c3411cbf95c7462df5c276d73b86b602dee5c
assets/unit_attack/army_artillery_1d9db86910e2.webp	4624	3fc2d39bf8704f2dff26229542e28ebe25dc5428eeb38e98554a01b11085c586
assets/unit_attack/army_artillery_1e0f5f417bca.webp	4948	94a426a9eeb53221510cee70c5258f1984b061f2f76de280c30cd0fd1c7e0c16
assets/unit_attack/army_artillery_22b28c0ddec7.webp	3370	3ba7ea8e70a11391e7bea368b9ce45e30ecdb524df505e1a3e8dfd8f5a6434f5
assets/unit_attack/army_artillery_2498d298ac6f.webp	4876	5286f35f1492e55860c6e3e39892f75803dfcfe73011d6a298525988a8aca503
assets/unit_attack/army_artillery_264f5eeb021f.webp	4872	37b9ca107f8dc8d7aba37c572ea8796357533bca87e5709644856065b216eae2
assets/unit_attack/army_artillery_26d49623727b.webp	3526	42bb997ad753a1218ff72191fc56ee1ddbc02b679ea40c7edbece955b3e6c7af
assets/unit_attack/army_artillery_2737aa60d059.webp	5270	879b86358e2e57f4ef999c78c612c93851c78d61a0cdbbdfcee6c609558d463a
assets/unit_attack/army_artillery_27d8e0d9dca4.webp	4658	fe07ecb6be0d4f8761cda236c2e02b23958826b9dcb226906018b0c406ccd927
assets/unit_attack/army_artillery_29871649694c.webp	3812	08009fb16329cf54b065d943a0673d4230ab9d30325e2a5a74d740680f94983c
assets/unit_attack/army_artillery_2bcd043dadf4.webp	3738	1a99c55c8935691a7ed8e07d54972febddb187b3228d93cc5edc790762a8cfbd
assets/unit_attack/army_artillery_2cb5e4988579.webp	4876	5286f35f1492e55860c6e3e39892f75803dfcfe73011d6a298525988a8aca503
assets/unit_attack/army_artillery_2dda1d9a5f9d.webp	3436	5ffc6e39b662bf751570a3fc1100d08dc36467952bebd245811b73254163b5b8
assets/unit_attack/army_artillery_2deb0b48a029.webp	5270	879b86358e2e57f4ef999c78c612c93851c78d61a0cdbbdfcee6c609558d463a
assets/unit_attack/army_artillery_2f3d3f4b6a7e.webp	4814	8a637000416346b16ca76939279dbf017b27781b81a5be2c44e7a17a618f463d
assets/unit_attack/army_artillery_2ff0bc5c84c3.webp	4762	59f1c8f747be69e6e1355587307226853142c025140387211cbed3d3366e4091
assets/unit_attack/army_artillery_31e62f258435.webp	5002	11de280b3d2f1ff5f2227ce46b55edacb84cdc6bae5c534801ddf4ce9fdcaf33
assets/unit_attack/army_artillery_328cd1ae8d9c.webp	5212	97048b005aeead39fafc510c9eacc7580dd2f20d1b5d073c613aa4c51d9815d1
assets/unit_attack/army_artillery_32c22066743b.webp	4658	fe07ecb6be0d4f8761cda236c2e02b23958826b9dcb226906018b0c406ccd927
assets/unit_attack/army_artillery_35e077bc16cb.webp	5376	bf30b7c3bf14737b9d1e1a704509a4d991bf1b92096ad481796e5347ad525f4a
assets/unit_attack/army_artillery_38905e59b378.webp	5234	b2c44b273c21d1103570352e85c466ecab8fe8abbddc06b79838d4683261fdd1
assets/unit_attack/army_artillery_393927ca4f0b.webp	5180	9b1be3c218830f5e3bced368799fb5f07e5c9fd40b6412c4d7ebe6389bdda396
assets/unit_attack/army_artillery_39a30008b019.webp	4872	37b9ca107f8dc8d7aba37c572ea8796357533bca87e5709644856065b216eae2
assets/unit_attack/army_artillery_3af09a60f17a.webp	5238	a29fa4f674c749cae0a75307af0eb127b17ac6dbb056a349b1c745e4c0a028f3
assets/unit_attack/army_artillery_3ca13f99c60b.webp	3436	5ffc6e39b662bf751570a3fc1100d08dc36467952bebd245811b73254163b5b8
assets/unit_attack/army_artillery_3fb9ee75602e.webp	3636	860af69e87b58522b9638f71f5b34ede33c4bdbabb612b356e21b15f5ed90fb5
assets/unit_attack/army_artillery_3fe553d4e568.webp	4814	8a637000416346b16ca76939279dbf017b27781b81a5be2c44e7a17a618f463d
assets/unit_attack/army_artillery_40949ac9ef78.webp	5376	bf30b7c3bf14737b9d1e1a704509a4d991bf1b92096ad481796e5347ad525f4a
assets/unit_attack/army_artillery_40ab0d0fafc4.webp	4624	3fc2d39bf8704f2dff26229542e28ebe25dc5428eeb38e98554a01b11085c586
assets/unit_attack/army_artillery_4332133b0be2.webp	4944	3e66fcd60712e560e8455372aec7fde58eb55921917fb3305e7164c73a55ce94
assets/unit_attack/army_artillery_433af4e89cc2.webp	4948	94a426a9eeb53221510cee70c5258f1984b061f2f76de280c30cd0fd1c7e0c16
assets/unit_attack/army_artillery_442986831998.webp	5070	7bbbde145396ad8456d9ead207abfce88e577d9dc0e480cb7c046a98fb98d186
assets/unit_attack/army_artillery_4752372c6bba.webp	3436	5ffc6e39b662bf751570a3fc1100d08dc36467952bebd245811b73254163b5b8
assets/unit_attack/army_artillery_478e6c89ce07.webp	5180	9b1be3c218830f5e3bced368799fb5f07e5c9fd40b6412c4d7ebe6389bdda396
assets/unit_attack/army_artillery_479e61f99e1e.webp	4934	5715b478ed1b5fcd4b74ad18f3aa9511e7967badaa65b2c823824a3aa45f26c2
assets/unit_attack/army_artillery_4aa52f6fcf45.webp	5376	bf30b7c3bf14737b9d1e1a704509a4d991bf1b92096ad481796e5347ad525f4a
assets/unit_attack/army_artillery_4b640768828e.webp	2678	ff886e600cdc77868d8c91c8c5c0ddaa76d9e13f82066d7f8411978c9fdb56f2
assets/unit_attack/army_artillery_4dc98afc4554.webp	2642	f39ece47f4e165c8acb5bc3eb783fbaf48b40c7e5013436b1b972f32b82ff7ed
assets/unit_attack/army_artillery_4dcb64687bda.webp	5012	5a200194985eed5e22a87308564c48557a3b0696364613295b7fd31a6b163357
assets/unit_attack/army_artillery_4fb415a7daf7.webp	3526	42bb997ad753a1218ff72191fc56ee1ddbc02b679ea40c7edbece955b3e6c7af
assets/unit_attack/army_artillery_50257eae7727.webp	3482	63e4d74348881c58ae4508a1c4a45bb5f659b7d229b859b67ec079a154b95684
assets/unit_attack/army_artillery_518c94c20cd8.webp	5376	bf30b7c3bf14737b9d1e1a704509a4d991bf1b92096ad481796e5347ad525f4a
assets/unit_attack/army_artillery_51a8dd3dee21.webp	3436	5ffc6e39b662bf751570a3fc1100d08dc36467952bebd245811b73254163b5b8
assets/unit_attack/army_artillery_527163cc735e.webp	5270	879b86358e2e57f4ef999c78c612c93851c78d61a0cdbbdfcee6c609558d463a
assets/unit_attack/army_artillery_53f7600a65e2.webp	4918	a9f72a9bcebd28aeb5fc1a0b623f4082788cb466a3868f21e33c122b6d15de01
assets/unit_attack/army_artillery_56440c59ffda.webp	4934	5715b478ed1b5fcd4b74ad18f3aa9511e7967badaa65b2c823824a3aa45f26c2
assets/unit_attack/army_artillery_5667b77457a0.webp	5180	9b1be3c218830f5e3bced368799fb5f07e5c9fd40b6412c4d7ebe6389bdda396
assets/unit_attack/army_artillery_57ece7eb9a2d.webp	5180	9b1be3c218830f5e3bced368799fb5f07e5c9fd40b6412c4d7ebe6389bdda396
assets/unit_attack/army_artillery_5cce067d27e7.webp	5234	b2c44b273c21d1103570352e85c466ecab8fe8abbddc06b79838d4683261fdd1
assets/unit_attack/army_artillery_5d86c7cb89fe.webp	4872	37b9ca107f8dc8d7aba37c572ea8796357533bca87e5709644856065b216eae2
assets/unit_attack/army_artillery_5ded63e63c67.webp	4874	a2fc898410e9605cea2913ad17dc924c2441d9eaeaf6ed79e900bd4d2f3b02cd
assets/unit_attack/army_artillery_5e7b60e617ed.webp	3636	860af69e87b58522b9638f71f5b34ede33c4bdbabb612b356e21b15f5ed90fb5
assets/unit_attack/army_artillery_5ea762347048.webp	2616	d00bf769e1be22662dfc1e271f6c0f633eaddd8f1e03e33a8bd738271e8f2b4a
assets/unit_attack/army_artillery_5f358b22115c.webp	3388	4cd9866824a43ae2decc8f775ea333be59cecb4e04c43d08f54b74e5bdbc8f48
assets/unit_attack/army_artillery_60ca2d537ff2.webp	2616	d00bf769e1be22662dfc1e271f6c0f633eaddd8f1e03e33a8bd738271e8f2b4a
assets/unit_attack/army_artillery_617e1325d3e3.webp	5238	a29fa4f674c749cae0a75307af0eb127b17ac6dbb056a349b1c745e4c0a028f3
assets/unit_attack/army_artillery_628af1bec1b4.webp	4948	94a426a9eeb53221510cee70c5258f1984b061f2f76de280c30cd0fd1c7e0c16
assets/unit_attack/army_artillery_6396e907b30a.webp	2616	d00bf769e1be22662dfc1e271f6c0f633eaddd8f1e03e33a8bd738271e8f2b4a
assets/unit_attack/army_artillery_63c9a31e3955.webp	4918	a9f72a9bcebd28aeb5fc1a0b623f4082788cb466a3868f21e33c122b6d15de01
assets/unit_attack/army_artillery_64001bf1ab86.webp	5180	9b1be3c218830f5e3bced368799fb5f07e5c9fd40b6412c4d7ebe6389bdda396
assets/unit_attack/army_artillery_647318200893.webp	5270	879b86358e2e57f4ef999c78c612c93851c78d61a0cdbbdfcee6c609558d463a
assets/unit_attack/army_artillery_64914e6a051e.webp	4658	fe07ecb6be0d4f8761cda236c2e02b23958826b9dcb226906018b0c406ccd927
assets/unit_attack/army_artillery_6520a7636d4a.webp	4994	f48b0a9cc3544c0679ca3c9ec9aaf734077e6ba0bd66c604aaf697a644deefea
assets/unit_attack/army_artillery_65f4710bea07.webp	5066	119de3df0966dbe7e21f631720881ad46601a27b44714fe1e72c6858a04eb2c0
assets/unit_attack/army_artillery_65f7620bd50e.webp	3388	4cd9866824a43ae2decc8f775ea333be59cecb4e04c43d08f54b74e5bdbc8f48
assets/unit_attack/army_artillery_6692ae082cce.webp	4890	0d3915ab5af3b1663aba568500bb0f8c44b2e0d09747f9c46e56f70af624a32e
assets/unit_attack/army_artillery_66fac52a1de9.webp	4660	87ab8fc5d6caddfba28412349c82938a56c30801d236874233d1f25258a4db70
assets/unit_attack/army_artillery_68857cde2f5a.webp	4918	a9f72a9bcebd28aeb5fc1a0b623f4082788cb466a3868f21e33c122b6d15de01
assets/unit_attack/army_artillery_68ec6a4d0fbe.webp	2678	e5719b403a6105d3649276004d3ed7ad5b3e1e5bf5b25e3f9904ddbeabf6b9f6
assets/unit_attack/army_artillery_6a5061e9a67c.webp	4982	ac554ecb56044efdf3a230be5cf0f763dca8d305e720ebcec31e373560d34ffc
assets/unit_attack/army_artillery_6c78a6504454.webp	2678	ff886e600cdc77868d8c91c8c5c0ddaa76d9e13f82066d7f8411978c9fdb56f2
assets/unit_attack/army_artillery_6df252f4a245.webp	4814	8a637000416346b16ca76939279dbf017b27781b81a5be2c44e7a17a618f463d
assets/unit_attack/army_artillery_70345d5c8afd.webp	5002	11de280b3d2f1ff5f2227ce46b55edacb84cdc6bae5c534801ddf4ce9fdcaf33
assets/unit_attack/army_artillery_70b8d6ca128f.webp	3482	63e4d74348881c58ae4508a1c4a45bb5f659b7d229b859b67ec079a154b95684
assets/unit_attack/army_artillery_748447cfe143.webp	5208	00c51e60c4694c4d81a0ddfaa2fb0018e91eaf8626be536a35cbf2731e7413c9
assets/unit_attack/army_artillery_76903607b7bc.webp	3812	08009fb16329cf54b065d943a0673d4230ab9d30325e2a5a74d740680f94983c
assets/unit_attack/army_artillery_77e76b9b76af.webp	4934	5715b478ed1b5fcd4b74ad18f3aa9511e7967badaa65b2c823824a3aa45f26c2
assets/unit_attack/army_artillery_7a270b3d2d30.webp	3482	63e4d74348881c58ae4508a1c4a45bb5f659b7d229b859b67ec079a154b95684
assets/unit_attack/army_artillery_7c0b5d965ba1.webp	5230	866c5316530e8c69d53ef3ca7159a78006cf085f827f26542eebe5ddbfd55e30
assets/unit_attack/army_artillery_7ee2b7546381.webp	5234	b2c44b273c21d1103570352e85c466ecab8fe8abbddc06b79838d4683261fdd1
assets/unit_attack/army_artillery_802858d1f9ae.webp	2584	a79ff949b276d1d61c51cba2454849441c5a5384b90fdd972b4ab217067223e9
assets/unit_attack/army_artillery_802d521a8ab1.webp	4814	8a637000416346b16ca76939279dbf017b27781b81a5be2c44e7a17a618f463d
assets/unit_attack/army_artillery_825c6da7f7cb.webp	4658	fe07ecb6be0d4f8761cda236c2e02b23958826b9dcb226906018b0c406ccd927
assets/unit_attack/army_artillery_847d4fb704d1.webp	5238	a29fa4f674c749cae0a75307af0eb127b17ac6dbb056a349b1c745e4c0a028f3
assets/unit_attack/army_artillery_858a9b9f8980.webp	5180	9b1be3c218830f5e3bced368799fb5f07e5c9fd40b6412c4d7ebe6389bdda396
assets/unit_attack/army_artillery_8617ea7e491b.webp	5242	a22474d847472d3fb92b6db0a8281c84d82fc10bd11f2409d257d503f73d3fd7
assets/unit_attack/army_artillery_89ad6279384d.webp	2686	a01df9363247abd4499d6c7494a9f5a6d73dceababf42fa1a5030e50da5fdfc0
assets/unit_attack/army_artillery_8a77bb4c9bd1.webp	3388	4cd9866824a43ae2decc8f775ea333be59cecb4e04c43d08f54b74e5bdbc8f48
assets/unit_attack/army_artillery_8e8bd9abb683.webp	3436	5ffc6e39b662bf751570a3fc1100d08dc36467952bebd245811b73254163b5b8
assets/unit_attack/army_artillery_8ec7e3ebd407.webp	4876	5286f35f1492e55860c6e3e39892f75803dfcfe73011d6a298525988a8aca503
assets/unit_attack/army_artillery_8f3db6990fb4.webp	4844	849cf2cae6d2ca95ddc97e9407c3e72ef38e3991e6e04595ab813f2da17c5653
assets/unit_attack/army_artillery_8f9762e78dc6.webp	4904	206ddb913ef6264d9c13dec7821af1b82fcdf5e4c059b65d6e9c5c22f56e6705
assets/unit_attack/army_artillery_8fce0187e3a9.webp	2686	a01df9363247abd4499d6c7494a9f5a6d73dceababf42fa1a5030e50da5fdfc0
assets/unit_attack/army_artillery_905d3cd5b186.webp	3482	63e4d74348881c58ae4508a1c4a45bb5f659b7d229b859b67ec079a154b95684
assets/unit_attack/army_artillery_908e5e3d5e89.webp	3812	08009fb16329cf54b065d943a0673d4230ab9d30325e2a5a74d740680f94983c
assets/unit_attack/army_artillery_90f213c22267.webp	4934	5715b478ed1b5fcd4b74ad18f3aa9511e7967badaa65b2c823824a3aa45f26c2
assets/unit_attack/army_artillery_91348df3551d.webp	4948	94a426a9eeb53221510cee70c5258f1984b061f2f76de280c30cd0fd1c7e0c16
assets/unit_attack/army_artillery_91b6cc8659f4.webp	4872	37b9ca107f8dc8d7aba37c572ea8796357533bca87e5709644856065b216eae2
assets/unit_attack/army_artillery_91e34e9adbf8.webp	4624	3fc2d39bf8704f2dff26229542e28ebe25dc5428eeb38e98554a01b11085c586
assets/unit_attack/army_artillery_91ead29e81f4.webp	5332	36c5e8fef13f3a9afa8bb2be363d9d394d23430b107cfb66cdf6158e21881ed5
assets/unit_attack/army_artillery_922cfbb3dc5e.webp	4918	a9f72a9bcebd28aeb5fc1a0b623f4082788cb466a3868f21e33c122b6d15de01
assets/unit_attack/army_artillery_92455ca05597.webp	3436	5ffc6e39b662bf751570a3fc1100d08dc36467952bebd245811b73254163b5b8
assets/unit_attack/army_artillery_9445794b769e.webp	4624	3fc2d39bf8704f2dff26229542e28ebe25dc5428eeb38e98554a01b11085c586
assets/unit_attack/army_artillery_960c68201a71.webp	3436	5ffc6e39b662bf751570a3fc1100d08dc36467952bebd245811b73254163b5b8
assets/unit_attack/army_artillery_975721d7b472.webp	3526	42bb997ad753a1218ff72191fc56ee1ddbc02b679ea40c7edbece955b3e6c7af
assets/unit_attack/army_artillery_9807410e5dee.webp	3482	63e4d74348881c58ae4508a1c4a45bb5f659b7d229b859b67ec079a154b95684
assets/unit_attack/army_artillery_993029f80d40.webp	5002	11de280b3d2f1ff5f2227ce46b55edacb84cdc6bae5c534801ddf4ce9fdcaf33
assets/unit_attack/army_artillery_9a0ab17929b2.webp	4872	37b9ca107f8dc8d7aba37c572ea8796357533bca87e5709644856065b216eae2
assets/unit_attack/army_artillery_9ab383a20b3d.webp	3328	4545a990ad35029223dec7059c419211e49f76130b0cd5f0de789fbba7a72d6b
assets/unit_attack/army_artillery_9ac0c9bffc85.webp	3526	42bb997ad753a1218ff72191fc56ee1ddbc02b679ea40c7edbece955b3e6c7af
assets/unit_attack/army_artillery_9ad9aee9780d.webp	4944	3e66fcd60712e560e8455372aec7fde58eb55921917fb3305e7164c73a55ce94
assets/unit_attack/army_artillery_9b48ca8bcb02.webp	5238	a29fa4f674c749cae0a75307af0eb127b17ac6dbb056a349b1c745e4c0a028f3
assets/unit_attack/army_artillery_9b78ba5b14a3.webp	4944	3e66fcd60712e560e8455372aec7fde58eb55921917fb3305e7164c73a55ce94
assets/unit_attack/army_artillery_9b97811f95e8.webp	4876	5286f35f1492e55860c6e3e39892f75803dfcfe73011d6a298525988a8aca503
assets/unit_attack/army_artillery_9c320c31388e.webp	3812	08009fb16329cf54b065d943a0673d4230ab9d30325e2a5a74d740680f94983c
assets/unit_attack/army_artillery_a0bf7bc3a581.webp	4880	e2307d84bd803576904fa74abbcb1821ee633ea2360050b583f4fbb5acdd683a
assets/unit_attack/army_artillery_a0fc315b6bce.webp	4944	133c71293c4d7c74c8c5c60a3ed911a4c48cac75f1ac35b9381aa70abc989bda
assets/unit_attack/army_artillery_a1433cee6701.webp	4810	91f0e0c4c4b793c140e55363b2d3cc864e104a72c24dc0a6dc81dae8a1781b20
assets/unit_attack/army_artillery_a26a41578248.webp	4624	3fc2d39bf8704f2dff26229542e28ebe25dc5428eeb38e98554a01b11085c586
assets/unit_attack/army_artillery_a3245e3a98cb.webp	4934	5715b478ed1b5fcd4b74ad18f3aa9511e7967badaa65b2c823824a3aa45f26c2
assets/unit_attack/army_artillery_a3b4a2862b14.webp	3812	08009fb16329cf54b065d943a0673d4230ab9d30325e2a5a74d740680f94983c
assets/unit_attack/army_artillery_a3b6c39e09d9.webp	5180	9b1be3c218830f5e3bced368799fb5f07e5c9fd40b6412c4d7ebe6389bdda396
assets/unit_attack/army_artillery_a6b34339922b.webp	4944	3e66fcd60712e560e8455372aec7fde58eb55921917fb3305e7164c73a55ce94
assets/unit_attack/army_artillery_a85b653d3ce6.webp	5206	9e01f1b2f0ac8c41cfcb3b3b49f00be1e2fb02f00704e7335f6cbcdae78c9bc2
assets/unit_attack/army_artillery_a877e401d0d4.webp	5270	879b86358e2e57f4ef999c78c612c93851c78d61a0cdbbdfcee6c609558d463a
assets/unit_attack/army_artillery_a8de8980dee1.webp	3388	4cd9866824a43ae2decc8f775ea333be59cecb4e04c43d08f54b74e5bdbc8f48
assets/unit_attack/army_artillery_ac1c8e8ceac3.webp	4624	3fc2d39bf8704f2dff26229542e28ebe25dc5428eeb38e98554a01b11085c586
assets/unit_attack/army_artillery_ade797176568.webp	4658	fe07ecb6be0d4f8761cda236c2e02b23958826b9dcb226906018b0c406ccd927
assets/unit_attack/army_artillery_afa295e1257c.webp	3526	42bb997ad753a1218ff72191fc56ee1ddbc02b679ea40c7edbece955b3e6c7af
assets/unit_attack/army_artillery_b19535f3a060.webp	2686	a01df9363247abd4499d6c7494a9f5a6d73dceababf42fa1a5030e50da5fdfc0
assets/unit_attack/army_artillery_b3dd1c41dcb5.webp	3634	d785e9ff81c11092131a5b47853b3cd6c31c6d01debe643a02536924239bcf22
assets/unit_attack/army_artillery_b3eb3087a08b.webp	5234	b2c44b273c21d1103570352e85c466ecab8fe8abbddc06b79838d4683261fdd1
assets/unit_attack/army_artillery_b4525d261335.webp	4944	3e66fcd60712e560e8455372aec7fde58eb55921917fb3305e7164c73a55ce94
assets/unit_attack/army_artillery_b4b78f4dcc2a.webp	4624	3fc2d39bf8704f2dff26229542e28ebe25dc5428eeb38e98554a01b11085c586
assets/unit_attack/army_artillery_b4cefba6fb89.webp	4876	5286f35f1492e55860c6e3e39892f75803dfcfe73011d6a298525988a8aca503
assets/unit_attack/army_artillery_b582eb7ecbd4.webp	3438	b81216fe49c579d5d4c73a3528eb93d0527d40104b79754be785a362c65b1d2e
assets/unit_attack/army_artillery_b740ae3437a5.webp	5234	b2c44b273c21d1103570352e85c466ecab8fe8abbddc06b79838d4683261fdd1
assets/unit_attack/army_artillery_b91379129103.webp	2660	ba6565cf3fbd8e3eeb95674ff25ddbc695cf089e8c2863e7a1113d846703f8a7
assets/unit_attack/army_artillery_bb4b15dfe6f7.webp	5006	2fe7a573c5e5367e51b2dbea1641dacc9db382683b3c86f43edb44a11ca0ce4d
assets/unit_attack/army_artillery_bce64f4161ef.webp	4934	5715b478ed1b5fcd4b74ad18f3aa9511e7967badaa65b2c823824a3aa45f26c2
assets/unit_attack/army_artillery_be0225d3288d.webp	5270	879b86358e2e57f4ef999c78c612c93851c78d61a0cdbbdfcee6c609558d463a
assets/unit_attack/army_artillery_bfcd9c072344.webp	4948	94a426a9eeb53221510cee70c5258f1984b061f2f76de280c30cd0fd1c7e0c16
assets/unit_attack/army_artillery_c04b4ac5588a.webp	3526	42bb997ad753a1218ff72191fc56ee1ddbc02b679ea40c7edbece955b3e6c7af
assets/unit_attack/army_artillery_c3499a62f0d3.webp	2686	a01df9363247abd4499d6c7494a9f5a6d73dceababf42fa1a5030e50da5fdfc0
assets/unit_attack/army_artillery_c48778480b75.webp	3526	42bb997ad753a1218ff72191fc56ee1ddbc02b679ea40c7edbece955b3e6c7af
assets/unit_attack/army_artillery_c548af77d4dc.webp	5234	b2c44b273c21d1103570352e85c466ecab8fe8abbddc06b79838d4683261fdd1
assets/unit_attack/army_artillery_c5f66c2dcd26.webp	3388	4cd9866824a43ae2decc8f775ea333be59cecb4e04c43d08f54b74e5bdbc8f48
assets/unit_attack/army_artillery_c8b51d4ab3f6.webp	5278	487aac6cf3257df9e31dbf0d31c6043e7d83d16b3f693c131a99ef9db5a33166
assets/unit_attack/army_artillery_c9d650b7d3b3.webp	4876	5286f35f1492e55860c6e3e39892f75803dfcfe73011d6a298525988a8aca503
assets/unit_attack/army_artillery_cc63c34294e5.webp	4658	fe07ecb6be0d4f8761cda236c2e02b23958826b9dcb226906018b0c406ccd927
assets/unit_attack/army_artillery_cdd8488f15b2.webp	3434	ef6b83d056e0a46c1d0d9e984c26dbf5d82cbf1eea091d73f4afdd464a25f9e3
assets/unit_attack/army_artillery_d012e995bbdc.webp	2616	d00bf769e1be22662dfc1e271f6c0f633eaddd8f1e03e33a8bd738271e8f2b4a
assets/unit_attack/army_artillery_d03186e8663e.webp	4814	8a637000416346b16ca76939279dbf017b27781b81a5be2c44e7a17a618f463d
assets/unit_attack/army_artillery_d2956f0327a3.webp	5238	a29fa4f674c749cae0a75307af0eb127b17ac6dbb056a349b1c745e4c0a028f3
assets/unit_attack/army_artillery_d2a07f7998c6.webp	4918	a9f72a9bcebd28aeb5fc1a0b623f4082788cb466a3868f21e33c122b6d15de01
assets/unit_attack/army_artillery_d45d5349f2b0.webp	3482	63e4d74348881c58ae4508a1c4a45bb5f659b7d229b859b67ec079a154b95684
assets/unit_attack/army_artillery_d67fdba2132f.webp	4872	37b9ca107f8dc8d7aba37c572ea8796357533bca87e5709644856065b216eae2
assets/unit_attack/army_artillery_dcbaaf78ca35.webp	2616	d00bf769e1be22662dfc1e271f6c0f633eaddd8f1e03e33a8bd738271e8f2b4a
assets/unit_attack/army_artillery_de3b7db4a4f1.webp	4808	daf560429959fcb891170e7c34ebdf6b615f0e5f6473ea0dd7a9849e48fa5b31
assets/unit_attack/army_artillery_de623c1a5fa3.webp	2626	0cbfae6a44c9188eb5a76124f2a1a12b2776356a7fc7b18594ca62642189051a
assets/unit_attack/army_artillery_de914f72ea42.webp	2678	ff886e600cdc77868d8c91c8c5c0ddaa76d9e13f82066d7f8411978c9fdb56f2
assets/unit_attack/army_artillery_e0a51774f73d.webp	4944	3e66fcd60712e560e8455372aec7fde58eb55921917fb3305e7164c73a55ce94
assets/unit_attack/army_artillery_e14d6df236fe.webp	3388	4cd9866824a43ae2decc8f775ea333be59cecb4e04c43d08f54b74e5bdbc8f48
assets/unit_attack/army_artillery_e20ca4856bba.webp	4948	94a426a9eeb53221510cee70c5258f1984b061f2f76de280c30cd0fd1c7e0c16
assets/unit_attack/army_artillery_e27dc5fc07a9.webp	2686	a01df9363247abd4499d6c7494a9f5a6d73dceababf42fa1a5030e50da5fdfc0
assets/unit_attack/army_artillery_e4b63d8586fe.webp	3452	f691c8c2a755a2f6501fead62e9913f1fd80be99cb989d27da76bfddf83bc658
assets/unit_attack/army_artillery_e536c028ae1f.webp	3812	08009fb16329cf54b065d943a0673d4230ab9d30325e2a5a74d740680f94983c
assets/unit_attack/army_artillery_e7aa3c5cd42f.webp	3636	860af69e87b58522b9638f71f5b34ede33c4bdbabb612b356e21b15f5ed90fb5
assets/unit_attack/army_artillery_e893c81d5533.webp	3330	0bbf3c87bffd57198a3aa85f122addbd1530d93080b2f0494c73c8083b2a6bce
assets/unit_attack/army_artillery_e95ecfc7faac.webp	3592	bc3c6bfce77df777d8fdbf519fddc3ae3a3279fb68d9332d7f5bce4780ce55b8
assets/unit_attack/army_artillery_ea73a48a1493.webp	3508	00da17de876f77ca1edce343d6dd469ce83d933a4a2edb7336cde575dcdfda3e
assets/unit_attack/army_artillery_ea8a3517c197.webp	5296	10a33d37dbdb0ab50a97174b9eaf421461b41ed48614214ebee6bc602f475311
assets/unit_attack/army_artillery_ecf4e031f7e1.webp	3812	08009fb16329cf54b065d943a0673d4230ab9d30325e2a5a74d740680f94983c
assets/unit_attack/army_artillery_ee3e055458b5.webp	2678	ff886e600cdc77868d8c91c8c5c0ddaa76d9e13f82066d7f8411978c9fdb56f2
assets/unit_attack/army_artillery_f065c914372c.webp	4504	8f74401c32f4606b08a520a93c1da873a23a48a817df1e40906253e6b0b2b3a0
assets/unit_attack/army_artillery_f25009e8e3f7.webp	5238	a29fa4f674c749cae0a75307af0eb127b17ac6dbb056a349b1c745e4c0a028f3
assets/unit_attack/army_artillery_f2caf4862ad9.webp	5234	b2c44b273c21d1103570352e85c466ecab8fe8abbddc06b79838d4683261fdd1
assets/unit_attack/army_artillery_f2e7c868ede4.webp	5002	11de280b3d2f1ff5f2227ce46b55edacb84cdc6bae5c534801ddf4ce9fdcaf33
assets/unit_attack/army_artillery_f31fbd7bf51a.webp	2678	ff886e600cdc77868d8c91c8c5c0ddaa76d9e13f82066d7f8411978c9fdb56f2
assets/unit_attack/army_artillery_f6308e47c21b.webp	4918	a9f72a9bcebd28aeb5fc1a0b623f4082788cb466a3868f21e33c122b6d15de01
assets/unit_attack/army_artillery_f6680dedc38f.webp	2686	a01df9363247abd4499d6c7494a9f5a6d73dceababf42fa1a5030e50da5fdfc0
assets/unit_attack/army_artillery_f6a7f5c58ca3.webp	4944	3e66fcd60712e560e8455372aec7fde58eb55921917fb3305e7164c73a55ce94
assets/unit_attack/army_artillery_f8de8229d39a.webp	5002	11de280b3d2f1ff5f2227ce46b55edacb84cdc6bae5c534801ddf4ce9fdcaf33
assets/unit_attack/army_artillery_fd13e17fed49.webp	4658	fe07ecb6be0d4f8761cda236c2e02b23958826b9dcb226906018b0c406ccd927
assets/unit_attack/army_artillery_fe7bff124df1.webp	2678	ff886e600cdc77868d8c91c8c5c0ddaa76d9e13f82066d7f8411978c9fdb56f2
assets/unit_attack/army_artillery_fef0ea2bb879.webp	4760	d657338ab3e9349895aa43f5c4302171cf45d42be2629859e8535c4345ee7248
assets/unit_attack/army_fort_35eab3eace44.webp	1344	933455035ae16ddefbb6b79093e7f38561820bed2a4f70f9ecd4684590466ea5
assets/unit_attack/army_fort_575c03479bb4.webp	3800	1b9c46880f541f0755515ef073058113559fad4bd9d72594bcf9b4808a16f72a
assets/unit_attack/army_fort_a904e72a0b50.webp	3454	dc246cf2972dbe7b60559856e6fa9ea8c9eff24edd5728c0d23a6a7ab3be5dcc
assets/unit_attack/army_fort_c2b7ac202529.webp	2942	5daa478d4d37fdfabe1c7c302ea4f37b7c8342a41f46337ca8364dee5ec3a8ec
assets/unit_attack/army_grenadier_03b674ca5b93.webp	5746	5ad312fe8e3e96991aafdcf3fab5931a995c6d59d14d707fb5700d80acbd86a9
assets/unit_attack/army_grenadier_059eb7e80087.webp	3660	187ccdcbd2935839ca9878c7212dce6c503fc7689fd5914e2e7e69792d204000
assets/unit_attack/army_grenadier_07820b14d7a3.webp	5140	f6a2cbceb21d4ad5de88bbe9d12a422c68652d4bace4d711be12f5c7f1d533b9
assets/unit_attack/army_grenadier_0ad7de4e3dd0.webp	5302	4c11166943d23b3e44f2238af3ab2b6cdfbb2994f315f41795f825bbfa247676
assets/unit_attack/army_grenadier_0fede17f1d46.webp	3734	96081af04c239bdccfdd649079cd30a3d2ae11b18c2dca815309ef5dad3c6030
assets/unit_attack/army_grenadier_14ed3ca206c9.webp	5262	8f00668a739445cc8145bf0a4cbcf01c1e611ee3474e67f20b9a627738ba6295
assets/unit_attack/army_grenadier_1997edd774e7.webp	5262	8f00668a739445cc8145bf0a4cbcf01c1e611ee3474e67f20b9a627738ba6295
assets/unit_attack/army_grenadier_1aa343b2f018.webp	5746	5ad312fe8e3e96991aafdcf3fab5931a995c6d59d14d707fb5700d80acbd86a9
assets/unit_attack/army_grenadier_1dd53df20fe6.webp	5052	ad648ccf2b296d178ea41b242ae34f95d3e53b1ec8f38013d986b45c11523cbe
assets/unit_attack/army_grenadier_21481f3a48ed.webp	5262	8f00668a739445cc8145bf0a4cbcf01c1e611ee3474e67f20b9a627738ba6295
assets/unit_attack/army_grenadier_23b83809e555.webp	3812	fc9200be971a46029692094089c0c700679aed71aecbf4085e288feb817ca12f
assets/unit_attack/army_grenadier_2744242c5d2b.webp	4998	da4cf53f927f5a7bfd5e1cef6677a33f2ad3bc2e69301d70c9320a5c02c8bbf0
assets/unit_attack/army_grenadier_27fc4d2afe9f.webp	3874	1bc8397863734333f3a91b062b878b19909cc95874b29a67d809c7a81a3d4e96
assets/unit_attack/army_grenadier_2d1695af099b.webp	3812	fc9200be971a46029692094089c0c700679aed71aecbf4085e288feb817ca12f
assets/unit_attack/army_grenadier_2fc0b32f5668.webp	5274	64a69aadc7a7ef0ed628a8221fe7ff4cec0bc9a614b7c7f7deb0bebee8e9b148
assets/unit_attack/army_grenadier_2fe0938b6e88.webp	3806	fb0c1ccb57ab9b04c9a24d0b365e6fa5a14d03f0be2a16607e57b9faf93a42cc
assets/unit_attack/army_grenadier_3239fabf3d9f.webp	5302	4c11166943d23b3e44f2238af3ab2b6cdfbb2994f315f41795f825bbfa247676
assets/unit_attack/army_grenadier_35d30d26cfca.webp	3874	1bc8397863734333f3a91b062b878b19909cc95874b29a67d809c7a81a3d4e96
assets/unit_attack/army_grenadier_39b1d8cb233c.webp	5274	64a69aadc7a7ef0ed628a8221fe7ff4cec0bc9a614b7c7f7deb0bebee8e9b148
assets/unit_attack/army_grenadier_39ba4a46b1bc.webp	5040	e9763d6f29e83b0e36f259828194a732e58c2dcde00afcfc105bce307f79571e
assets/unit_attack/army_grenadier_3bc4b753db22.webp	3874	1bc8397863734333f3a91b062b878b19909cc95874b29a67d809c7a81a3d4e96
assets/unit_attack/army_grenadier_3e3530890d2c.webp	5302	4c11166943d23b3e44f2238af3ab2b6cdfbb2994f315f41795f825bbfa247676
assets/unit_attack/army_grenadier_4198f19d6324.webp	5262	8f00668a739445cc8145bf0a4cbcf01c1e611ee3474e67f20b9a627738ba6295
assets/unit_attack/army_grenadier_4625808f6559.webp	5302	4c11166943d23b3e44f2238af3ab2b6cdfbb2994f315f41795f825bbfa247676
assets/unit_attack/army_grenadier_4a55e4a206da.webp	3660	187ccdcbd2935839ca9878c7212dce6c503fc7689fd5914e2e7e69792d204000
assets/unit_attack/army_grenadier_4ceb4cb100ee.webp	3812	fc9200be971a46029692094089c0c700679aed71aecbf4085e288feb817ca12f
assets/unit_attack/army_grenadier_4dd40c40de7d.webp	5604	e206228c8b0c4efb278defbec98d301030a82140e02508c5917ae138b08e0e60
assets/unit_attack/army_grenadier_4e0a5840ddb8.webp	3844	b29a7dec15e3775967460404fb929a8d1e76fe14e0c613d139b8f56d4762944b
assets/unit_attack/army_grenadier_4fe11c8a717a.webp	5302	4c11166943d23b3e44f2238af3ab2b6cdfbb2994f315f41795f825bbfa247676
assets/unit_attack/army_grenadier_51d9b65f4aa0.webp	5140	f6a2cbceb21d4ad5de88bbe9d12a422c68652d4bace4d711be12f5c7f1d533b9
assets/unit_attack/army_grenadier_5b1537f824b9.webp	3812	fc9200be971a46029692094089c0c700679aed71aecbf4085e288feb817ca12f
assets/unit_attack/army_grenadier_5d3e1a10a5b4.webp	5604	e206228c8b0c4efb278defbec98d301030a82140e02508c5917ae138b08e0e60
assets/unit_attack/army_grenadier_65c22a71e02b.webp	3812	fc9200be971a46029692094089c0c700679aed71aecbf4085e288feb817ca12f
assets/unit_attack/army_grenadier_66bfcf2ffd0b.webp	5396	88cbd1e8bb269c503fb62e253d8d88c2fe6f58bf375f8f15ccdbca846eee29b1
assets/unit_attack/army_grenadier_743ab5dccbd6.webp	5274	64a69aadc7a7ef0ed628a8221fe7ff4cec0bc9a614b7c7f7deb0bebee8e9b148
assets/unit_attack/army_grenadier_7e57c6f9bf48.webp	3514	cb0fb9e6d0f218062ad429d7329121e6b41635502b5edca9e49d233905afde96
assets/unit_attack/army_grenadier_7f7b5c6db75c.webp	3812	fc9200be971a46029692094089c0c700679aed71aecbf4085e288feb817ca12f
assets/unit_attack/army_grenadier_81122fd0ad77.webp	5604	e206228c8b0c4efb278defbec98d301030a82140e02508c5917ae138b08e0e60
assets/unit_attack/army_grenadier_812eecd8c77e.webp	3660	187ccdcbd2935839ca9878c7212dce6c503fc7689fd5914e2e7e69792d204000
assets/unit_attack/army_grenadier_88e1be9b9f43.webp	5452	f13f1c2879d115310458f5b908a2468ae741154f4e233b4f417d3514f8c13694
assets/unit_attack/army_grenadier_8ced400c6014.webp	5746	5ad312fe8e3e96991aafdcf3fab5931a995c6d59d14d707fb5700d80acbd86a9
assets/unit_attack/army_grenadier_8d9faa45fa6c.webp	3660	187ccdcbd2935839ca9878c7212dce6c503fc7689fd5914e2e7e69792d204000
assets/unit_attack/army_grenadier_8f932de58069.webp	5274	64a69aadc7a7ef0ed628a8221fe7ff4cec0bc9a614b7c7f7deb0bebee8e9b148
assets/unit_attack/army_grenadier_8fd2ff5e872b.webp	5604	e206228c8b0c4efb278defbec98d301030a82140e02508c5917ae138b08e0e60
assets/unit_attack/army_grenadier_90a5a8330e99.webp	5494	1c60768f6aec2bc8c3da53e92aab76812b9d619c67128dde9aa6ea1587363543
assets/unit_attack/army_grenadier_9266d2006fd4.webp	5274	64a69aadc7a7ef0ed628a8221fe7ff4cec0bc9a614b7c7f7deb0bebee8e9b148
assets/unit_attack/army_grenadier_93fb7d97613e.webp	5274	64a69aadc7a7ef0ed628a8221fe7ff4cec0bc9a614b7c7f7deb0bebee8e9b148
assets/unit_attack/army_grenadier_98b2607bfdd1.webp	5040	05765de9e45e56be60dbba44f96fbc30770ab7b123143761dddbe328234de52f
assets/unit_attack/army_grenadier_99a236cd7c77.webp	5140	f6a2cbceb21d4ad5de88bbe9d12a422c68652d4bace4d711be12f5c7f1d533b9
assets/unit_attack/army_grenadier_9f9edafb5581.webp	3874	1bc8397863734333f3a91b062b878b19909cc95874b29a67d809c7a81a3d4e96
assets/unit_attack/army_grenadier_a06abdc03730.webp	5528	146a05fdb52470fb1773c72afabaec8310931e96557b7017ff16aa834237e094
assets/unit_attack/army_grenadier_a28f18d60b2c.webp	3898	318e074f72828d6236a9562ee71baa507a57a1bed182c35833c8b410cf95e8d0
assets/unit_attack/army_grenadier_aaaf59cf6ec3.webp	5628	fc294aa260ec6ef1a777ff8a007fdffec04ed1f73b7daa00417e9462bc5fdec3
assets/unit_attack/army_grenadier_ab650010baec.webp	5262	8f00668a739445cc8145bf0a4cbcf01c1e611ee3474e67f20b9a627738ba6295
assets/unit_attack/army_grenadier_ab9b1e01702a.webp	3874	1bc8397863734333f3a91b062b878b19909cc95874b29a67d809c7a81a3d4e96
assets/unit_attack/army_grenadier_ae20b0e79ef8.webp	5490	b43db65737661a41372a2677893158e249faa41451912096db21083cce660b98
assets/unit_attack/army_grenadier_b868a4801cd9.webp	3874	1bc8397863734333f3a91b062b878b19909cc95874b29a67d809c7a81a3d4e96
assets/unit_attack/army_grenadier_be78d4a26adb.webp	3660	187ccdcbd2935839ca9878c7212dce6c503fc7689fd5914e2e7e69792d204000
assets/unit_attack/army_grenadier_c1551f6fe2cf.webp	5302	4c11166943d23b3e44f2238af3ab2b6cdfbb2994f315f41795f825bbfa247676
assets/unit_attack/army_grenadier_c5635e42b16c.webp	5302	4c11166943d23b3e44f2238af3ab2b6cdfbb2994f315f41795f825bbfa247676
assets/unit_attack/army_grenadier_c95437ffaf49.webp	3542	dfeea82f72f1a703fc937903564679982c58b839706e6e7a20e26b0aca043a46
assets/unit_attack/army_grenadier_caa79c9bfac2.webp	5604	e206228c8b0c4efb278defbec98d301030a82140e02508c5917ae138b08e0e60
assets/unit_attack/army_grenadier_cc3eec964ca1.webp	5746	5ad312fe8e3e96991aafdcf3fab5931a995c6d59d14d707fb5700d80acbd86a9
assets/unit_attack/army_grenadier_d2df9a9a1434.webp	5262	8f00668a739445cc8145bf0a4cbcf01c1e611ee3474e67f20b9a627738ba6295
assets/unit_attack/army_grenadier_d45ba59ce659.webp	5746	5ad312fe8e3e96991aafdcf3fab5931a995c6d59d14d707fb5700d80acbd86a9
assets/unit_attack/army_grenadier_d508e0790c6b.webp	4994	500c067d16eae47088346f6c7603cc79c1cca1a90751820f0c7a834a755ba86b
assets/unit_attack/army_grenadier_dc821609a808.webp	3812	fc9200be971a46029692094089c0c700679aed71aecbf4085e288feb817ca12f
assets/unit_attack/army_grenadier_dd5dcd992cf7.webp	5746	5ad312fe8e3e96991aafdcf3fab5931a995c6d59d14d707fb5700d80acbd86a9
assets/unit_attack/army_grenadier_df88585e9361.webp	3660	187ccdcbd2935839ca9878c7212dce6c503fc7689fd5914e2e7e69792d204000
assets/unit_attack/army_grenadier_e16c94d558bc.webp	5604	e206228c8b0c4efb278defbec98d301030a82140e02508c5917ae138b08e0e60
assets/unit_attack/army_grenadier_e23966a4786b.webp	5140	f6a2cbceb21d4ad5de88bbe9d12a422c68652d4bace4d711be12f5c7f1d533b9
assets/unit_attack/army_grenadier_eae8d961f446.webp	5746	5ad312fe8e3e96991aafdcf3fab5931a995c6d59d14d707fb5700d80acbd86a9
assets/unit_attack/army_grenadier_f260fae66c4f.webp	5262	8f00668a739445cc8145bf0a4cbcf01c1e611ee3474e67f20b9a627738ba6295
assets/unit_attack/army_grenadier_f35c283eb162.webp	5274	64a69aadc7a7ef0ed628a8221fe7ff4cec0bc9a614b7c7f7deb0bebee8e9b148
assets/unit_attack/army_grenadier_fc8647482b1a.webp	5140	f6a2cbceb21d4ad5de88bbe9d12a422c68652d4bace4d711be12f5c7f1d533b9
assets/unit_attack/army_grenadier_fcc8e270c5d9.webp	5140	f6a2cbceb21d4ad5de88bbe9d12a422c68652d4bace4d711be12f5c7f1d533b9
assets/unit_attack/army_grenadier_fcdc29da03cb.webp	5096	c6422befbb954c2a4c46b1735adfa9e0cb0d2a918a5a3bdc1ac4a9bc509c284d
assets/unit_attack/army_grenadier_fefda5ae4784.webp	3874	1bc8397863734333f3a91b062b878b19909cc95874b29a67d809c7a81a3d4e96
assets/unit_attack/army_guards_077e466112c0.webp	4178	771679e1d9b6ddfff9dd015fcfb718137f80864004e152d94a3f48e139decc4e
assets/unit_attack/army_guards_07b5978a8cba.webp	5736	fb0a5275fe20a06e6c8b4337e7dd11ad9e4115d90cfd6b98562676cd42be90ec
assets/unit_attack/army_guards_0923e4339f74.webp	5344	9a21fcc8698b9aa724efb4872b5dc5960e54bfaab0f426d6661c239f5cf6642e
assets/unit_attack/army_guards_0bea6f956961.webp	3782	ce31a43cb6e0b3d94b731f059367bbc797d8196cfc3f9a8ef8b017b4fe0f595f
assets/unit_attack/army_guards_122e1ae86fd3.webp	4850	373ce19c8d1f382d22015543336e66bbb93ca396e07cf01e97101a189543b4cc
assets/unit_attack/army_guards_151f62dbad23.webp	4850	373ce19c8d1f382d22015543336e66bbb93ca396e07cf01e97101a189543b4cc
assets/unit_attack/army_guards_15b777aebe1f.webp	3988	331bc46e9c3dcdaad0ebd49718a98cc752cd651f12a8339f18c68c49a3bb0c50
assets/unit_attack/army_guards_1bbbecebdcf5.webp	4092	e3b80e26511f9ada087bb42e40302a1e73e5421aba5d76a362ca1cb4a2a914ef
assets/unit_attack/army_guards_241991f42a45.webp	4850	373ce19c8d1f382d22015543336e66bbb93ca396e07cf01e97101a189543b4cc
assets/unit_attack/army_guards_24afba58bdf1.webp	4574	2b2a1cf3a24471816881cabcf044bd518f81d2a4b025c5953a09b91765ecdab2
assets/unit_attack/army_guards_29a69058ca41.webp	3988	331bc46e9c3dcdaad0ebd49718a98cc752cd651f12a8339f18c68c49a3bb0c50
assets/unit_attack/army_guards_2ae2df034613.webp	5858	40009cdbdc75690b0e5f4cc63e43370d0d2f874713a06824eb6c0f63b55bcad7
assets/unit_attack/army_guards_2c7432d14651.webp	3988	331bc46e9c3dcdaad0ebd49718a98cc752cd651f12a8339f18c68c49a3bb0c50
assets/unit_attack/army_guards_3109fd7f6181.webp	4574	2b2a1cf3a24471816881cabcf044bd518f81d2a4b025c5953a09b91765ecdab2
assets/unit_attack/army_guards_35283a9fde6a.webp	5736	fb0a5275fe20a06e6c8b4337e7dd11ad9e4115d90cfd6b98562676cd42be90ec
assets/unit_attack/army_guards_3652339c1874.webp	5786	5168f862a7802487db9821973b0bfb670fc16abdc640825358174081b9c8277e
assets/unit_attack/army_guards_3682a9dc253a.webp	5786	2737c13c55b9bd639f0f146767146c4623b9c1eb6d5ce908e7a031288060ac5f
assets/unit_attack/army_guards_3a39292edbaf.webp	3800	cd35a04f8a21375819ea8cd29afdea0d2c17e74b91c48bf3d909441c06398fee
assets/unit_attack/army_guards_3b04098fcc2e.webp	5786	2737c13c55b9bd639f0f146767146c4623b9c1eb6d5ce908e7a031288060ac5f
assets/unit_attack/army_guards_416a2a7c137d.webp	5358	8436ae24b07cd0f6d242a74ccd7d7893f7ee69874b436bff8b423731f82ee040
assets/unit_attack/army_guards_41a0354d2cc7.webp	5786	2737c13c55b9bd639f0f146767146c4623b9c1eb6d5ce908e7a031288060ac5f
assets/unit_attack/army_guards_495119ff97e8.webp	4010	c71f394b730c935176b1147180ed80d2e70f6ebf16d04454894f72eebc99104e
assets/unit_attack/army_guards_4b9aa5ac98e3.webp	5786	2737c13c55b9bd639f0f146767146c4623b9c1eb6d5ce908e7a031288060ac5f
assets/unit_attack/army_guards_4bf022b2d54b.webp	5340	176339398425d051077fc389e87c6188d2f5d0c754ca7ff2d6ea4c4eaff9bb49
assets/unit_attack/army_guards_5226aae759da.webp	5786	2737c13c55b9bd639f0f146767146c4623b9c1eb6d5ce908e7a031288060ac5f
assets/unit_attack/army_guards_5c1b192f2ce7.webp	4978	dcfa6a49ce67c461e86129ce95ee13488c1b888e2ed02812d872b9bf42763b27
assets/unit_attack/army_guards_5c9bdf4b6fa5.webp	5062	3439929fd53af544a6cbcd5600ca2a575e6d17cbca50230fcdaddecd3188fe5a
assets/unit_attack/army_guards_5dadee74179c.webp	5736	fb0a5275fe20a06e6c8b4337e7dd11ad9e4115d90cfd6b98562676cd42be90ec
assets/unit_attack/army_guards_5e26f7d1d647.webp	3782	ce31a43cb6e0b3d94b731f059367bbc797d8196cfc3f9a8ef8b017b4fe0f595f
assets/unit_attack/army_guards_605d5168abb2.webp	4092	e3b80e26511f9ada087bb42e40302a1e73e5421aba5d76a362ca1cb4a2a914ef
assets/unit_attack/army_guards_642605cdb972.webp	5786	2737c13c55b9bd639f0f146767146c4623b9c1eb6d5ce908e7a031288060ac5f
assets/unit_attack/army_guards_6514a8bece8b.webp	4858	a74ba71f00868bcd4e436c22919aef83c241201d0cd5a23e843cd04c9bfe3cdc
assets/unit_attack/army_guards_6692c1a11e8b.webp	4574	2b2a1cf3a24471816881cabcf044bd518f81d2a4b025c5953a09b91765ecdab2
assets/unit_attack/army_guards_66933ebd1fa1.webp	3782	ce31a43cb6e0b3d94b731f059367bbc797d8196cfc3f9a8ef8b017b4fe0f595f
assets/unit_attack/army_guards_6a6bbf6aa93c.webp	5170	79fddaa36a4b6894e48bb366de609f8a140393693a638560e5336d40083cd156
assets/unit_attack/army_guards_6b250d034c26.webp	5340	176339398425d051077fc389e87c6188d2f5d0c754ca7ff2d6ea4c4eaff9bb49
assets/unit_attack/army_guards_7562ad6399ec.webp	5242	f156054c3ca85b4e6a94b3ac7ba78028487c9781dc4937fb7f51fae925f59b4f
assets/unit_attack/army_guards_7597d0b69585.webp	4204	2aa3b98a8849abf99cd0f116aaa3917064b1f5b85202406d7142a1a9c580addf
assets/unit_attack/army_guards_75fcab92819b.webp	3794	800e06d15f9846ca5bc87bac358769268d0ac2a8995fb4fd7427a103d8f18183
assets/unit_attack/army_guards_81356b17b9b0.webp	4092	e3b80e26511f9ada087bb42e40302a1e73e5421aba5d76a362ca1cb4a2a914ef
assets/unit_attack/army_guards_83c330d5f2ea.webp	5736	fb0a5275fe20a06e6c8b4337e7dd11ad9e4115d90cfd6b98562676cd42be90ec
assets/unit_attack/army_guards_88782167bfda.webp	4092	e3b80e26511f9ada087bb42e40302a1e73e5421aba5d76a362ca1cb4a2a914ef
assets/unit_attack/army_guards_8a08ccbe726e.webp	5736	fb0a5275fe20a06e6c8b4337e7dd11ad9e4115d90cfd6b98562676cd42be90ec
assets/unit_attack/army_guards_8b45e973bc61.webp	4850	373ce19c8d1f382d22015543336e66bbb93ca396e07cf01e97101a189543b4cc
assets/unit_attack/army_guards_8cca8d23206e.webp	4574	2b2a1cf3a24471816881cabcf044bd518f81d2a4b025c5953a09b91765ecdab2
assets/unit_attack/army_guards_9096ee30a8a2.webp	3988	331bc46e9c3dcdaad0ebd49718a98cc752cd651f12a8339f18c68c49a3bb0c50
assets/unit_attack/army_guards_90c36fb4f31f.webp	4850	373ce19c8d1f382d22015543336e66bbb93ca396e07cf01e97101a189543b4cc
assets/unit_attack/army_guards_94c5e77f686c.webp	4858	a74ba71f00868bcd4e436c22919aef83c241201d0cd5a23e843cd04c9bfe3cdc
assets/unit_attack/army_guards_9ad606caed69.webp	3782	ce31a43cb6e0b3d94b731f059367bbc797d8196cfc3f9a8ef8b017b4fe0f595f
assets/unit_attack/army_guards_9b537e7dac19.webp	4574	2b2a1cf3a24471816881cabcf044bd518f81d2a4b025c5953a09b91765ecdab2
assets/unit_attack/army_guards_a0ea5c0fd096.webp	4092	e3b80e26511f9ada087bb42e40302a1e73e5421aba5d76a362ca1cb4a2a914ef
assets/unit_attack/army_guards_a9656d89cb44.webp	3782	ce31a43cb6e0b3d94b731f059367bbc797d8196cfc3f9a8ef8b017b4fe0f595f
assets/unit_attack/army_guards_ab229784db65.webp	4760	55d47ddb78174385b1ae4dedebd4f697cc51ada5daef3a87365a7498182cb9c1
assets/unit_attack/army_guards_ab5604c60a5d.webp	4850	373ce19c8d1f382d22015543336e66bbb93ca396e07cf01e97101a189543b4cc
assets/unit_attack/army_guards_ac405e905e61.webp	4858	a74ba71f00868bcd4e436c22919aef83c241201d0cd5a23e843cd04c9bfe3cdc
assets/unit_attack/army_guards_b2cd2f7f8ec5.webp	3782	ce31a43cb6e0b3d94b731f059367bbc797d8196cfc3f9a8ef8b017b4fe0f595f
assets/unit_attack/army_guards_b562a90ab056.webp	5786	2737c13c55b9bd639f0f146767146c4623b9c1eb6d5ce908e7a031288060ac5f
assets/unit_attack/army_guards_b5715ba17b96.webp	3988	331bc46e9c3dcdaad0ebd49718a98cc752cd651f12a8339f18c68c49a3bb0c50
assets/unit_attack/army_guards_b691960b9536.webp	4858	a74ba71f00868bcd4e436c22919aef83c241201d0cd5a23e843cd04c9bfe3cdc
assets/unit_attack/army_guards_b75ecdde094e.webp	4092	e3b80e26511f9ada087bb42e40302a1e73e5421aba5d76a362ca1cb4a2a914ef
assets/unit_attack/army_guards_b80492699e7f.webp	5524	dba8a764d5d39d43c0802dd04e560fc83183817a3f029fcfca7c6e78cc2cc3ac
assets/unit_attack/army_guards_b988927504f1.webp	4574	2b2a1cf3a24471816881cabcf044bd518f81d2a4b025c5953a09b91765ecdab2
assets/unit_attack/army_guards_c0efd3af1f89.webp	4858	a74ba71f00868bcd4e436c22919aef83c241201d0cd5a23e843cd04c9bfe3cdc
assets/unit_attack/army_guards_c4a47058553e.webp	4028	350f3ad02c4a116abe85d18a52adef7a288ad6df7cd0dd71d30374b86247eeeb
assets/unit_attack/army_guards_c96edfd9bf12.webp	4858	a74ba71f00868bcd4e436c22919aef83c241201d0cd5a23e843cd04c9bfe3cdc
assets/unit_attack/army_guards_cbf90f14ffe9.webp	5340	176339398425d051077fc389e87c6188d2f5d0c754ca7ff2d6ea4c4eaff9bb49
assets/unit_attack/army_guards_d3d7a66b4877.webp	5774	6a421be8e4069d969d82a7b5e7b0e3ba5dd1af541d1a5295bce2e44e2862e68c
assets/unit_attack/army_guards_d473862f9f6c.webp	5340	176339398425d051077fc389e87c6188d2f5d0c754ca7ff2d6ea4c4eaff9bb49
assets/unit_attack/army_guards_d8100c89a77e.webp	5964	59933429a9416bda5884c99cb4ac505c14244c1b37dbad8d050e044d6c2adcf5
assets/unit_attack/army_guards_db0b43689bc0.webp	5232	d6e8e132079d6faaf8c68f70d0615fa5a93e666a95eae91351dcdebd90b6baea
assets/unit_attack/army_guards_e337137c1260.webp	5340	176339398425d051077fc389e87c6188d2f5d0c754ca7ff2d6ea4c4eaff9bb49
assets/unit_attack/army_guards_e6994ffa8b93.webp	3782	ce31a43cb6e0b3d94b731f059367bbc797d8196cfc3f9a8ef8b017b4fe0f595f
assets/unit_attack/army_guards_ec4dd5ef7e68.webp	4060	d62d580ac47fd61a91ba09c036f57ca05f73277bcc60ff885510c8d9cd50bb41
assets/unit_attack/army_guards_f0be086d8965.webp	5340	176339398425d051077fc389e87c6188d2f5d0c754ca7ff2d6ea4c4eaff9bb49
assets/unit_attack/army_guards_f2fa85f944b4.webp	5736	fb0a5275fe20a06e6c8b4337e7dd11ad9e4115d90cfd6b98562676cd42be90ec
assets/unit_attack/army_guards_f3932e3b1029.webp	3988	331bc46e9c3dcdaad0ebd49718a98cc752cd651f12a8339f18c68c49a3bb0c50
assets/unit_attack/army_guards_f52d8407ea8b.webp	4092	e3b80e26511f9ada087bb42e40302a1e73e5421aba5d76a362ca1cb4a2a914ef
assets/unit_attack/army_guards_f55c2f0485a7.webp	4850	373ce19c8d1f382d22015543336e66bbb93ca396e07cf01e97101a189543b4cc
assets/unit_attack/army_guards_f6433a4e159b.webp	4574	2b2a1cf3a24471816881cabcf044bd518f81d2a4b025c5953a09b91765ecdab2
assets/unit_attack/army_guards_f66d10777dc9.webp	5684	f3da50d0babe5854b44d5a8c8ad6db1cd7907f8c5bb951f1c22f9b41fcb79ad8
assets/unit_attack/army_guards_fe86c30812d7.webp	5340	176339398425d051077fc389e87c6188d2f5d0c754ca7ff2d6ea4c4eaff9bb49
assets/unit_attack/army_guardscavalry_00d5f4cdc74c.webp	3534	4fb650eb48aa7946a305247e9fe5600b14b18438696f074c07368565ee143b98
assets/unit_attack/army_guardscavalry_0297269fd675.webp	3554	30ae6a6e98bc737f1a9a2b12d225f9f58ddd8b0f94dfc920b3a62864fcd85d5b
assets/unit_attack/army_guardscavalry_032ed3c20257.webp	3480	f2dc575f7b5a59b6925cb2a1e18e435e85996550dd2997b48cf38fc23a38f55e
assets/unit_attack/army_guardscavalry_03a304fc2c39.webp	4352	572c88e8aecabc0ff9497d8659d2bdf43724a752daf93ae9508fa979621943b9
assets/unit_attack/army_guardscavalry_088dcbbad556.webp	4384	7807aeb6d61f0dd69339611c285faa0f31b4f1d3d86469970a3f96769daff500
assets/unit_attack/army_guardscavalry_0a831e5241ba.webp	3514	51fae9bd968b2c3a3aabe71a8edec677d95ccf0f2035c00bf890f3913a4cc944
assets/unit_attack/army_guardscavalry_1d5490bfbc24.webp	3554	30ae6a6e98bc737f1a9a2b12d225f9f58ddd8b0f94dfc920b3a62864fcd85d5b
assets/unit_attack/army_guardscavalry_1eb89905e291.webp	4384	7807aeb6d61f0dd69339611c285faa0f31b4f1d3d86469970a3f96769daff500
assets/unit_attack/army_guardscavalry_2083c352f32f.webp	3554	30ae6a6e98bc737f1a9a2b12d225f9f58ddd8b0f94dfc920b3a62864fcd85d5b
assets/unit_attack/army_guardscavalry_23d29b7198c8.webp	3534	4fb650eb48aa7946a305247e9fe5600b14b18438696f074c07368565ee143b98
assets/unit_attack/army_guardscavalry_24c91ed45e08.webp	4394	656922bb507cd362325eb48a73142d70d4efbdaea703f6feafdc490ef021ff70
assets/unit_attack/army_guardscavalry_24cbdbca7bcc.webp	3582	a2320db260e7036710ca0a38bdb3a703d97c0ab484ff212a2e705776d18ba9fc
assets/unit_attack/army_guardscavalry_2d2c3cc790eb.webp	4362	fc249ffc24f7ecabde58be0a912ac01aab8e8e4212569972ebf6885cec01a1ab
assets/unit_attack/army_guardscavalry_2dc95ec14201.webp	4384	7807aeb6d61f0dd69339611c285faa0f31b4f1d3d86469970a3f96769daff500
assets/unit_attack/army_guardscavalry_2eb2bb9bbaaf.webp	3480	f2dc575f7b5a59b6925cb2a1e18e435e85996550dd2997b48cf38fc23a38f55e
assets/unit_attack/army_guardscavalry_3ac88a2d27e0.webp	4542	84506b67373e5be28eeb410c90bf455ed3da84d28b1195374e47d5ae5a3a1708
assets/unit_attack/army_guardscavalry_3c2837428232.webp	4352	572c88e8aecabc0ff9497d8659d2bdf43724a752daf93ae9508fa979621943b9
assets/unit_attack/army_guardscavalry_4debacd62ed8.webp	3480	f2dc575f7b5a59b6925cb2a1e18e435e85996550dd2997b48cf38fc23a38f55e
assets/unit_attack/army_guardscavalry_4eb887dbd993.webp	4352	572c88e8aecabc0ff9497d8659d2bdf43724a752daf93ae9508fa979621943b9
assets/unit_attack/army_guardscavalry_501e24f0b034.webp	4370	4e098b7d240275bc0ffefa99744113caa564cdbf12857746d30df6fbe5b08089
assets/unit_attack/army_guardscavalry_525189cdf781.webp	4410	a43cc9a271e40a4a8978d9e6e82e851d074a42976fb985cd3450ee9cc8b6c9f9
assets/unit_attack/army_guardscavalry_6095675ac7da.webp	4384	7807aeb6d61f0dd69339611c285faa0f31b4f1d3d86469970a3f96769daff500
assets/unit_attack/army_guardscavalry_64070966f738.webp	4308	7cb6107b8256c61cb7715041a69e52c570add35d07e61e557eb9c0de7d0cddf2
assets/unit_attack/army_guardscavalry_6aa49b0c8548.webp	3554	30ae6a6e98bc737f1a9a2b12d225f9f58ddd8b0f94dfc920b3a62864fcd85d5b
assets/unit_attack/army_guardscavalry_7223b6e7e17e.webp	4352	572c88e8aecabc0ff9497d8659d2bdf43724a752daf93ae9508fa979621943b9
assets/unit_attack/army_guardscavalry_7c21ed934218.webp	3534	4fb650eb48aa7946a305247e9fe5600b14b18438696f074c07368565ee143b98
assets/unit_attack/army_guardscavalry_80c6cdbc8388.webp	4308	7cb6107b8256c61cb7715041a69e52c570add35d07e61e557eb9c0de7d0cddf2
assets/unit_attack/army_guardscavalry_80fab5e4f98d.webp	4384	7807aeb6d61f0dd69339611c285faa0f31b4f1d3d86469970a3f96769daff500
assets/unit_attack/army_guardscavalry_813bf71f97af.webp	3554	30ae6a6e98bc737f1a9a2b12d225f9f58ddd8b0f94dfc920b3a62864fcd85d5b
assets/unit_attack/army_guardscavalry_8d07531ddcd2.webp	3578	ea75586df6223e80c6e5305f65f537d458902ce241d63f1ca445f442ba3b1239
assets/unit_attack/army_guardscavalry_8d0b8b9f4e40.webp	3534	4fb650eb48aa7946a305247e9fe5600b14b18438696f074c07368565ee143b98
assets/unit_attack/army_guardscavalry_8fb4129eb98c.webp	4308	7cb6107b8256c61cb7715041a69e52c570add35d07e61e557eb9c0de7d0cddf2
assets/unit_attack/army_guardscavalry_987834d42c66.webp	3560	03fb2a6d18eb518364b42b67b70bed34c417a4aa8380ff9065be4bba0ff97726
assets/unit_attack/army_guardscavalry_9cdb294a5130.webp	4308	7cb6107b8256c61cb7715041a69e52c570add35d07e61e557eb9c0de7d0cddf2
assets/unit_attack/army_guardscavalry_9f9406e4d643.webp	4308	7cb6107b8256c61cb7715041a69e52c570add35d07e61e557eb9c0de7d0cddf2
assets/unit_attack/army_guardscavalry_ac544adb6071.webp	3554	30ae6a6e98bc737f1a9a2b12d225f9f58ddd8b0f94dfc920b3a62864fcd85d5b
assets/unit_attack/army_guardscavalry_af3165400aa4.webp	4352	572c88e8aecabc0ff9497d8659d2bdf43724a752daf93ae9508fa979621943b9
assets/unit_attack/army_guardscavalry_b27dca7d37d4.webp	4352	572c88e8aecabc0ff9497d8659d2bdf43724a752daf93ae9508fa979621943b9
assets/unit_attack/army_guardscavalry_b2ea57674a0b.webp	3534	4fb650eb48aa7946a305247e9fe5600b14b18438696f074c07368565ee143b98
assets/unit_attack/army_guardscavalry_c06c95a1557a.webp	4308	7cb6107b8256c61cb7715041a69e52c570add35d07e61e557eb9c0de7d0cddf2
assets/unit_attack/army_guardscavalry_d8437aee031c.webp	3480	f2dc575f7b5a59b6925cb2a1e18e435e85996550dd2997b48cf38fc23a38f55e
assets/unit_attack/army_guardscavalry_da66e86227f2.webp	4308	7cb6107b8256c61cb7715041a69e52c570add35d07e61e557eb9c0de7d0cddf2
assets/unit_attack/army_guardscavalry_da97a3045f0b.webp	3562	38f8dcb82a23b0232e47045f994a3150497d904f2e56eb9dc17d0949ff9c19dd
assets/unit_attack/army_guardscavalry_e31b51cf580f.webp	3480	f2dc575f7b5a59b6925cb2a1e18e435e85996550dd2997b48cf38fc23a38f55e
assets/unit_attack/army_guardscavalry_eb7ed6a0d5f5.webp	3480	f2dc575f7b5a59b6925cb2a1e18e435e85996550dd2997b48cf38fc23a38f55e
assets/unit_attack/army_guardscavalry_ed07b167dc41.webp	3564	e41933dc0528188274c44b7072af666c08e4a0d1f98a61a8ee783ce74b3b1b1f
assets/unit_attack/army_guardscavalry_ed58b0e7c862.webp	4404	7f0f8556f4d0ed08df41fa2f641f09e9a474f2fbea8b78d8db0e6f4fad5531fa
assets/unit_attack/army_guardscavalry_f6f07adb4460.webp	3534	4fb650eb48aa7946a305247e9fe5600b14b18438696f074c07368565ee143b98
assets/unit_attack/army_guardscavalry_fba1fb647b41.webp	3534	4fb650eb48aa7946a305247e9fe5600b14b18438696f074c07368565ee143b98
assets/unit_attack/army_guardscavalry_fc595df3ac60.webp	4384	7807aeb6d61f0dd69339611c285faa0f31b4f1d3d86469970a3f96769daff500
assets/unit_attack/army_guardscavalry_fef0998a12fd.webp	4352	572c88e8aecabc0ff9497d8659d2bdf43724a752daf93ae9508fa979621943b9
assets/unit_attack/army_guardscavalry_ff8042bd4792.webp	3480	f2dc575f7b5a59b6925cb2a1e18e435e85996550dd2997b48cf38fc23a38f55e
assets/unit_attack/army_heavycavalry_0e03e12acbbf.webp	4858	a1b205c470ceb92e8440322eef0080c37bcdd39418c6556418aa421b74e0bdb6
assets/unit_attack/army_heavycavalry_0e3668fc4ead.webp	4170	4768ad9a05f91ce3c1a1529de4f2bfece60d7d9e6d08fb7d96ca5aa3b85e3f9c
assets/unit_attack/army_heavycavalry_27d1369f4048.webp	4172	d9704a5d005c01f5909e8add0cb74f22f2c15f8c75fe69faf83aadafb003cca9
assets/unit_attack/army_heavycavalry_2b8aa2792995.webp	4170	4768ad9a05f91ce3c1a1529de4f2bfece60d7d9e6d08fb7d96ca5aa3b85e3f9c
assets/unit_attack/army_heavycavalry_329cfb89e679.webp	4136	19922b23ec0d9c430e5e69c8e760656dac2a9d0bff794a866cf633652d4ac5a2
assets/unit_attack/army_heavycavalry_376c34d22cc7.webp	4908	5e6250fba008d52158706fee91da16d9dc510ef2080041847ce25a41a186dd00
assets/unit_attack/army_heavycavalry_394f5dabd9ed.webp	4120	1d936cd073cbc89db43fc415f6ad3a62b04c00e0780f799b64d2a2501b2d10b7
assets/unit_attack/army_heavycavalry_3e789a5dd4e5.webp	4908	5e6250fba008d52158706fee91da16d9dc510ef2080041847ce25a41a186dd00
assets/unit_attack/army_heavycavalry_3fd7438a7963.webp	4908	5e6250fba008d52158706fee91da16d9dc510ef2080041847ce25a41a186dd00
assets/unit_attack/army_heavycavalry_4332ec726ed2.webp	5702	cac26191c36bd65d535be3b4881373d7ee377985e12b902ce7c61a37802ed74e
assets/unit_attack/army_heavycavalry_45426138a676.webp	4172	d9704a5d005c01f5909e8add0cb74f22f2c15f8c75fe69faf83aadafb003cca9
assets/unit_attack/army_heavycavalry_474456a133a1.webp	5702	cac26191c36bd65d535be3b4881373d7ee377985e12b902ce7c61a37802ed74e
assets/unit_attack/army_heavycavalry_55a55e77792a.webp	4908	5e6250fba008d52158706fee91da16d9dc510ef2080041847ce25a41a186dd00
assets/unit_attack/army_heavycavalry_57f56bda45ad.webp	4180	d1156c7c7bab17840b6b3bb5eb55e0d88910665a7a048358d03881372a4b271a
assets/unit_attack/army_heavycavalry_5dfc2a1dd5e2.webp	4172	d9704a5d005c01f5909e8add0cb74f22f2c15f8c75fe69faf83aadafb003cca9
assets/unit_attack/army_heavycavalry_601ec47e0215.webp	4908	494796c86989f0922d2248bc873f0d8e387a03aa40a5dbcf18f4ba74fd9148d8
assets/unit_attack/army_heavycavalry_6212e82b465c.webp	4172	d9704a5d005c01f5909e8add0cb74f22f2c15f8c75fe69faf83aadafb003cca9
assets/unit_attack/army_heavycavalry_665e2da86f09.webp	4896	a06f040ac3ff7834dfadca09531abb7aa69dcc5d2fc8f497175a8f4dbf6a919e
assets/unit_attack/army_heavycavalry_782e06ca7140.webp	5702	cac26191c36bd65d535be3b4881373d7ee377985e12b902ce7c61a37802ed74e
assets/unit_attack/army_heavycavalry_7c8f51073608.webp	4858	a1b205c470ceb92e8440322eef0080c37bcdd39418c6556418aa421b74e0bdb6
assets/unit_attack/army_heavycavalry_7e2bb4478eaa.webp	4902	0ca82a524be9c2b1554ae5e8eda5bfa81ee3efba5483ccd22b7d0ba5c58830eb
assets/unit_attack/army_heavycavalry_81abac2d15a9.webp	3364	46c058dd4515839e551495ff82076aa8efa5923911f0581bf1a12403981f28d5
assets/unit_attack/army_heavycavalry_846f9f3a4b46.webp	5702	cac26191c36bd65d535be3b4881373d7ee377985e12b902ce7c61a37802ed74e
assets/unit_attack/army_heavycavalry_84ae4d30ca56.webp	4908	5e6250fba008d52158706fee91da16d9dc510ef2080041847ce25a41a186dd00
assets/unit_attack/army_heavycavalry_8ab8d5a77233.webp	4120	1d936cd073cbc89db43fc415f6ad3a62b04c00e0780f799b64d2a2501b2d10b7
assets/unit_attack/army_heavycavalry_8c7779687e3f.webp	4858	a1b205c470ceb92e8440322eef0080c37bcdd39418c6556418aa421b74e0bdb6
assets/unit_attack/army_heavycavalry_8c8738332d87.webp	3366	c712ef8af5ea8b845b0074e8e6bd4bc5224f95fb6396c5c8dd8b2eb2b58c4f8c
assets/unit_attack/army_heavycavalry_8cfaf1b53ccf.webp	4858	a1b205c470ceb92e8440322eef0080c37bcdd39418c6556418aa421b74e0bdb6
assets/unit_attack/army_heavycavalry_8e7717ef8e64.webp	4172	d9704a5d005c01f5909e8add0cb74f22f2c15f8c75fe69faf83aadafb003cca9
assets/unit_attack/army_heavycavalry_92e7b5930992.webp	4858	a1b205c470ceb92e8440322eef0080c37bcdd39418c6556418aa421b74e0bdb6
assets/unit_attack/army_heavycavalry_962627192c4c.webp	4170	4768ad9a05f91ce3c1a1529de4f2bfece60d7d9e6d08fb7d96ca5aa3b85e3f9c
assets/unit_attack/army_heavycavalry_9713f35e489a.webp	5702	cac26191c36bd65d535be3b4881373d7ee377985e12b902ce7c61a37802ed74e
assets/unit_attack/army_heavycavalry_99b936218337.webp	5702	cac26191c36bd65d535be3b4881373d7ee377985e12b902ce7c61a37802ed74e
assets/unit_attack/army_heavycavalry_9a4075d70754.webp	4172	d9704a5d005c01f5909e8add0cb74f22f2c15f8c75fe69faf83aadafb003cca9
assets/unit_attack/army_heavycavalry_9ba47ae6d908.webp	4858	a1b205c470ceb92e8440322eef0080c37bcdd39418c6556418aa421b74e0bdb6
assets/unit_attack/army_heavycavalry_9d747fb50b5e.webp	4908	5e6250fba008d52158706fee91da16d9dc510ef2080041847ce25a41a186dd00
assets/unit_attack/army_heavycavalry_a176d91bab47.webp	4120	1d936cd073cbc89db43fc415f6ad3a62b04c00e0780f799b64d2a2501b2d10b7
assets/unit_attack/army_heavycavalry_a88c55d06717.webp	4170	4768ad9a05f91ce3c1a1529de4f2bfece60d7d9e6d08fb7d96ca5aa3b85e3f9c
assets/unit_attack/army_heavycavalry_ac3092ade5e9.webp	4898	9460c4df0c2879a35ad8c94d8806df1b36992f0a5ea1d902c2a29a8d59ba0d67
assets/unit_attack/army_heavycavalry_bdf33af68c56.webp	4200	85fabb72f106d084c7b7b9a738d95d8cce0ffce081e384edc62e56b64c0db4dd
assets/unit_attack/army_heavycavalry_bec4aa5e1d12.webp	4120	1d936cd073cbc89db43fc415f6ad3a62b04c00e0780f799b64d2a2501b2d10b7
assets/unit_attack/army_heavycavalry_bf536fac3204.webp	4120	1d936cd073cbc89db43fc415f6ad3a62b04c00e0780f799b64d2a2501b2d10b7
assets/unit_attack/army_heavycavalry_bfa638ca7771.webp	4918	be35d9d2a0ab9869d760bd6fe316dc6350f631289f63c869eb7768e3b7d5b5bc
assets/unit_attack/army_heavycavalry_cfb80ba604b3.webp	4858	a1b205c470ceb92e8440322eef0080c37bcdd39418c6556418aa421b74e0bdb6
assets/unit_attack/army_heavycavalry_df615176f47b.webp	4170	4768ad9a05f91ce3c1a1529de4f2bfece60d7d9e6d08fb7d96ca5aa3b85e3f9c
assets/unit_attack/army_heavycavalry_e288723996c6.webp	4120	1d936cd073cbc89db43fc415f6ad3a62b04c00e0780f799b64d2a2501b2d10b7
assets/unit_attack/army_heavycavalry_e68be2f2ce65.webp	4154	e91d110bb6c4b848a6b2f446fad9b994f78b49441abc29c99a43a1df22f6ba5d
assets/unit_attack/army_heavycavalry_eb9a14e18a9a.webp	4868	b7072cb551039b80d917bfe488d4356cc3c1e1b849400f915832be9a18454d6c
assets/unit_attack/army_heavycavalry_ede9b0de3f97.webp	4172	d9704a5d005c01f5909e8add0cb74f22f2c15f8c75fe69faf83aadafb003cca9
assets/unit_attack/army_heavycavalry_f3d8843d7224.webp	5702	cac26191c36bd65d535be3b4881373d7ee377985e12b902ce7c61a37802ed74e
assets/unit_attack/army_heavycavalry_f43975a90353.webp	4120	1d936cd073cbc89db43fc415f6ad3a62b04c00e0780f799b64d2a2501b2d10b7
assets/unit_attack/army_heavycavalry_f645a27d1b9f.webp	4170	4768ad9a05f91ce3c1a1529de4f2bfece60d7d9e6d08fb7d96ca5aa3b85e3f9c
assets/unit_attack/army_lightcavalry_0064c23f326b.webp	4926	d09667b095d880716b3de68bdaf4205f1e5cbf85f3021dbd6d965c6a8caf25fa
assets/unit_attack/army_lightcavalry_00ede999a9cc.webp	5268	748d3e7548eb0fb70202d66feaf4cc1efd3c981b075edf5a9d52609962e7483b
assets/unit_attack/army_lightcavalry_00fef2256a09.webp	4914	024e322723729cb1b517d0bc768c2add6ba311da87fdaae3e6518cf5d5756ec9
assets/unit_attack/army_lightcavalry_14ddd61db3ca.webp	4926	d09667b095d880716b3de68bdaf4205f1e5cbf85f3021dbd6d965c6a8caf25fa
assets/unit_attack/army_lightcavalry_1fb622edea24.webp	3854	1de02e425fbbad5bec6b1a9549a5dc95ee6d0932901f3e4a0ed11abe5891fbb5
assets/unit_attack/army_lightcavalry_20462469e8ab.webp	3828	c5296b153a361be6b9d0d0240937cd08f7f7a7e5b26e676291a558cd81b28f26
assets/unit_attack/army_lightcavalry_21f4e8e741b9.webp	3828	c5296b153a361be6b9d0d0240937cd08f7f7a7e5b26e676291a558cd81b28f26
assets/unit_attack/army_lightcavalry_22e82ad2ae5c.webp	3824	67bd4ccc9230e95df65c414f4e9ff39e29d0194bfad3c6d3f26c1e27d45304ec
assets/unit_attack/army_lightcavalry_2afbf5e56081.webp	4918	6d604e4b42b5991d283a44c8acfbb6627b8078f5cb2d15eb220f68e27f0c5458
assets/unit_attack/army_lightcavalry_318847da0b4b.webp	5268	748d3e7548eb0fb70202d66feaf4cc1efd3c981b075edf5a9d52609962e7483b
assets/unit_attack/army_lightcavalry_3449fb9b9da3.webp	4926	d09667b095d880716b3de68bdaf4205f1e5cbf85f3021dbd6d965c6a8caf25fa
assets/unit_attack/army_lightcavalry_34c905d3e14f.webp	3408	6516285866b4558bbbe0860a4dd7b96eac42632ff8e2d7eb06b87753fe0e9d11
assets/unit_attack/army_lightcavalry_3caa8fe8d483.webp	3874	4c4492dbc193ad128902a27ae2d11413f01dfbe0ed27601a1085d104c15f8075
assets/unit_attack/army_lightcavalry_4032d4da3481.webp	3828	4076037e62d38f06bae4ddd1e5feae2c05b3d8b2379671759925061eb3021549
assets/unit_attack/army_lightcavalry_415f6f18895a.webp	3828	c5296b153a361be6b9d0d0240937cd08f7f7a7e5b26e676291a558cd81b28f26
assets/unit_attack/army_lightcavalry_4f1e77a295a6.webp	4926	d09667b095d880716b3de68bdaf4205f1e5cbf85f3021dbd6d965c6a8caf25fa
assets/unit_attack/army_lightcavalry_54f73971d65f.webp	4904	77a18b62028f0618f67d0c6b3281e6cb035b10e5a5929187579f251fa2efbab7
assets/unit_attack/army_lightcavalry_584fb9ddd39d.webp	5268	748d3e7548eb0fb70202d66feaf4cc1efd3c981b075edf5a9d52609962e7483b
assets/unit_attack/army_lightcavalry_5b1ff28671ea.webp	3874	4c4492dbc193ad128902a27ae2d11413f01dfbe0ed27601a1085d104c15f8075
assets/unit_attack/army_lightcavalry_5b60ab0907e6.webp	3828	c5296b153a361be6b9d0d0240937cd08f7f7a7e5b26e676291a558cd81b28f26
assets/unit_attack/army_lightcavalry_62878aa9e454.webp	3874	4c4492dbc193ad128902a27ae2d11413f01dfbe0ed27601a1085d104c15f8075
assets/unit_attack/army_lightcavalry_638b2d3530d4.webp	3874	4c4492dbc193ad128902a27ae2d11413f01dfbe0ed27601a1085d104c15f8075
assets/unit_attack/army_lightcavalry_6416225635bb.webp	3854	1de02e425fbbad5bec6b1a9549a5dc95ee6d0932901f3e4a0ed11abe5891fbb5
assets/unit_attack/army_lightcavalry_67dd9dadda03.webp	3874	4c4492dbc193ad128902a27ae2d11413f01dfbe0ed27601a1085d104c15f8075
assets/unit_attack/army_lightcavalry_6f8ab26c35fb.webp	3874	4c4492dbc193ad128902a27ae2d11413f01dfbe0ed27601a1085d104c15f8075
assets/unit_attack/army_lightcavalry_71dfae19bd92.webp	5268	748d3e7548eb0fb70202d66feaf4cc1efd3c981b075edf5a9d52609962e7483b
assets/unit_attack/army_lightcavalry_76626415ff14.webp	3828	c5296b153a361be6b9d0d0240937cd08f7f7a7e5b26e676291a558cd81b28f26
assets/unit_attack/army_lightcavalry_769ea1738a31.webp	4914	024e322723729cb1b517d0bc768c2add6ba311da87fdaae3e6518cf5d5756ec9
assets/unit_attack/army_lightcavalry_782eb202ffee.webp	5296	a0fc80248c98204515cb687e59672462cb0559b0b5bb8b5c5c021543861374c2
assets/unit_attack/army_lightcavalry_79a48b53982b.webp	3804	f59225d64aad085ea49562177835ba396bc8a79d8fa8170656935d4f69a1d7d1
assets/unit_attack/army_lightcavalry_7a6417c58c75.webp	3828	c5296b153a361be6b9d0d0240937cd08f7f7a7e5b26e676291a558cd81b28f26
assets/unit_attack/army_lightcavalry_832c52d5c3cd.webp	4926	d09667b095d880716b3de68bdaf4205f1e5cbf85f3021dbd6d965c6a8caf25fa
assets/unit_attack/army_lightcavalry_8bb7dc6861a1.webp	4914	024e322723729cb1b517d0bc768c2add6ba311da87fdaae3e6518cf5d5756ec9
assets/unit_attack/army_lightcavalry_8dfbcc3f03d3.webp	4914	024e322723729cb1b517d0bc768c2add6ba311da87fdaae3e6518cf5d5756ec9
assets/unit_attack/army_lightcavalry_95e7132fb201.webp	4246	8bb8e26f39b623d689417614712b180b70b6265c5ddb8ac2c1beae66cb80a48e
assets/unit_attack/army_lightcavalry_998b32067e77.webp	3854	1de02e425fbbad5bec6b1a9549a5dc95ee6d0932901f3e4a0ed11abe5891fbb5
assets/unit_attack/army_lightcavalry_9cc76c73f7a7.webp	4914	024e322723729cb1b517d0bc768c2add6ba311da87fdaae3e6518cf5d5756ec9
assets/unit_attack/army_lightcavalry_a23e36f36296.webp	5268	748d3e7548eb0fb70202d66feaf4cc1efd3c981b075edf5a9d52609962e7483b
assets/unit_attack/army_lightcavalry_a424f3e5bf23.webp	3854	1de02e425fbbad5bec6b1a9549a5dc95ee6d0932901f3e4a0ed11abe5891fbb5
assets/unit_attack/army_lightcavalry_a4e973380c12.webp	3828	c5296b153a361be6b9d0d0240937cd08f7f7a7e5b26e676291a558cd81b28f26
assets/unit_attack/army_lightcavalry_afc08aa97d60.webp	3812	e2be3b9cd8ad58faec225c3e20755cdc711fbc482af8c3e46411a17a8f9152a9
assets/unit_attack/army_lightcavalry_c3c6b0e83cf5.webp	5268	748d3e7548eb0fb70202d66feaf4cc1efd3c981b075edf5a9d52609962e7483b
assets/unit_attack/army_lightcavalry_c5b9198547f6.webp	4880	bbf2e543dc243bec1ceade255ccd4e55ae526977bfb73b1ba71f1886d07c09f0
assets/unit_attack/army_lightcavalry_c6e49e293852.webp	3814	5d03e5896b10de25d94a9e5189ba46bad4a25659ad9dc49596f604c29f008868
assets/unit_attack/army_lightcavalry_cae7e7ce84af.webp	3828	07147706b72e2c7b6e6b22e7e7ecb9961afe044a5d2a6d237a285901fc600e73
assets/unit_attack/army_lightcavalry_ce1288039124.webp	3874	4c4492dbc193ad128902a27ae2d11413f01dfbe0ed27601a1085d104c15f8075
assets/unit_attack/army_lightcavalry_cec536ef8811.webp	4904	7ddc15228b9cd506d726dd130d899e8df3d2dc95565890105055a6f86f7aa36b
assets/unit_attack/army_lightcavalry_d05bcb660906.webp	5268	748d3e7548eb0fb70202d66feaf4cc1efd3c981b075edf5a9d52609962e7483b
assets/unit_attack/army_lightcavalry_dcee73ef6233.webp	4914	024e322723729cb1b517d0bc768c2add6ba311da87fdaae3e6518cf5d5756ec9
assets/unit_attack/army_lightcavalry_e13a0a346f66.webp	3854	1de02e425fbbad5bec6b1a9549a5dc95ee6d0932901f3e4a0ed11abe5891fbb5
assets/unit_attack/army_lightcavalry_e3680c0a887e.webp	4914	024e322723729cb1b517d0bc768c2add6ba311da87fdaae3e6518cf5d5756ec9
assets/unit_attack/army_lightcavalry_e89041ebed37.webp	4926	d09667b095d880716b3de68bdaf4205f1e5cbf85f3021dbd6d965c6a8caf25fa
assets/unit_attack/army_lightcavalry_ee4a7d77644d.webp	4922	a43c324e54200d7b18bc53f0bfe3750968ccd52b4fea6067da55f9b4f7296efc
assets/unit_attack/army_lightcavalry_fb51bff97d38.webp	3854	1de02e425fbbad5bec6b1a9549a5dc95ee6d0932901f3e4a0ed11abe5891fbb5
assets/unit_attack/army_lightinfantry_0435e306739a.webp	5700	9500f90291e7e9d14e096e26b42d6c64943febcd86421e31dc547c33178b5b92
assets/unit_attack/army_lightinfantry_0cf422d1d61f.webp	4810	9f6cc3d9f513959273aa2346c69fa24f98b2c11c0404e24143c0dcbdd5a57c6a
assets/unit_attack/army_lightinfantry_0f8f06cfa1d7.webp	3540	58c2859e62aa8f8b918801642b19dd513f863e6b655f958913823d4040d2511d
assets/unit_attack/army_lightinfantry_1069df8d5687.webp	4400	ace354e9a40c74780a415d2e32bd8f7c342d3565a8227b4bc30e77b76d10b08a
assets/unit_attack/army_lightinfantry_15c14420ded1.webp	5274	fe86ee5871b41888943f9b5898e2e1462b504d04a2d373aa18ca6d57437daf05
assets/unit_attack/army_lightinfantry_192af96b495e.webp	3462	7526e8e91effc62acd8df10ffc91dc8d69f48a36634bc91d99d93c247a39bac9
assets/unit_attack/army_lightinfantry_1c8fa9c57635.webp	4872	aa64fbd6022ea944d94bd44c5c859c0c088867140885b216d4e279503b1e0956
assets/unit_attack/army_lightinfantry_26d62e67ffc3.webp	4400	ace354e9a40c74780a415d2e32bd8f7c342d3565a8227b4bc30e77b76d10b08a
assets/unit_attack/army_lightinfantry_2a0a85b0c9be.webp	4542	f2a1fa51b87ea72cb5666a536ae1aa8f66003b591260c9e41509ef8ba78ac86d
assets/unit_attack/army_lightinfantry_2dc83a3d74b2.webp	5250	b68339aa103fff1904661a5e4b9b22ae606dd90e221375efd417a999ddb9b364
assets/unit_attack/army_lightinfantry_2e18347218c8.webp	3462	7526e8e91effc62acd8df10ffc91dc8d69f48a36634bc91d99d93c247a39bac9
assets/unit_attack/army_lightinfantry_2f482d6571be.webp	5700	9500f90291e7e9d14e096e26b42d6c64943febcd86421e31dc547c33178b5b92
assets/unit_attack/army_lightinfantry_312c838e8e7b.webp	5274	fe86ee5871b41888943f9b5898e2e1462b504d04a2d373aa18ca6d57437daf05
assets/unit_attack/army_lightinfantry_3391910b1d3a.webp	3836	3d4dd67290163f24f5eda6bf551c320f2b385fae83bda0b6fccf6b69437e5361
assets/unit_attack/army_lightinfantry_35a9366775f0.webp	3836	3d4dd67290163f24f5eda6bf551c320f2b385fae83bda0b6fccf6b69437e5361
assets/unit_attack/army_lightinfantry_3665f68e4f4d.webp	4486	55988e538db8d07626bac60ddc5a821554baee8d1de90d9fb1fe7b0ff1f947d5
assets/unit_attack/army_lightinfantry_38d0482446e8.webp	4872	aa64fbd6022ea944d94bd44c5c859c0c088867140885b216d4e279503b1e0956
assets/unit_attack/army_lightinfantry_3e9f4e008e3f.webp	4872	aa64fbd6022ea944d94bd44c5c859c0c088867140885b216d4e279503b1e0956
assets/unit_attack/army_lightinfantry_409b4e76230b.webp	4486	55988e538db8d07626bac60ddc5a821554baee8d1de90d9fb1fe7b0ff1f947d5
assets/unit_attack/army_lightinfantry_4139dd564b2b.webp	5234	6f3f6ae86b3de9163f214d0eee034c90de65b4f6f10b49d8b54abe7e4e803f39
assets/unit_attack/army_lightinfantry_4a97c136bc91.webp	3836	3d4dd67290163f24f5eda6bf551c320f2b385fae83bda0b6fccf6b69437e5361
assets/unit_attack/army_lightinfantry_4da629bc23df.webp	4872	aa64fbd6022ea944d94bd44c5c859c0c088867140885b216d4e279503b1e0956
assets/unit_attack/army_lightinfantry_5832ebcf28a4.webp	5274	fe86ee5871b41888943f9b5898e2e1462b504d04a2d373aa18ca6d57437daf05
assets/unit_attack/army_lightinfantry_5bb7d541a13a.webp	5274	fe86ee5871b41888943f9b5898e2e1462b504d04a2d373aa18ca6d57437daf05
assets/unit_attack/army_lightinfantry_5d6a946d8b17.webp	3366	45eae10a631aa67585f0f9ef81c9d9cd9f0657bee49df2b98365589ce659ffb2
assets/unit_attack/army_lightinfantry_642972be2693.webp	4526	29b3b12b29ee477b7d2f2801fa05124fdd062670f72419c48375e11ed35f30ac
assets/unit_attack/army_lightinfantry_64906c2d613a.webp	4872	aa64fbd6022ea944d94bd44c5c859c0c088867140885b216d4e279503b1e0956
assets/unit_attack/army_lightinfantry_71a5d4e50a99.webp	3366	45eae10a631aa67585f0f9ef81c9d9cd9f0657bee49df2b98365589ce659ffb2
assets/unit_attack/army_lightinfantry_784d5ebb3643.webp	5700	9500f90291e7e9d14e096e26b42d6c64943febcd86421e31dc547c33178b5b92
assets/unit_attack/army_lightinfantry_784f7f64549d.webp	3366	45eae10a631aa67585f0f9ef81c9d9cd9f0657bee49df2b98365589ce659ffb2
assets/unit_attack/army_lightinfantry_7c2b0e3e3ca7.webp	3366	45eae10a631aa67585f0f9ef81c9d9cd9f0657bee49df2b98365589ce659ffb2
assets/unit_attack/army_lightinfantry_809d3f37a466.webp	3322	4f216c9157c442181ac7f1d9a40a8f5c31a6cbc8aff94a1192499a7a0e87c872
assets/unit_attack/army_lightinfantry_8196645890c0.webp	4944	91b95cddde17340476bb202be112f9c4540e0993a8b4fa72a6e508f51787fb2c
assets/unit_attack/army_lightinfantry_82acf5e98db5.webp	4734	c27b90a3a3d5e80a5dd9f660c974280d15e40582f07a2db1fa5bf64387c36a47
assets/unit_attack/army_lightinfantry_84fa633bd284.webp	3462	7526e8e91effc62acd8df10ffc91dc8d69f48a36634bc91d99d93c247a39bac9
assets/unit_attack/army_lightinfantry_8651a47c3598.webp	4872	aa64fbd6022ea944d94bd44c5c859c0c088867140885b216d4e279503b1e0956
assets/unit_attack/army_lightinfantry_88d16e2e9e6d.webp	3836	3d4dd67290163f24f5eda6bf551c320f2b385fae83bda0b6fccf6b69437e5361
assets/unit_attack/army_lightinfantry_89d5bd22fb69.webp	5700	9500f90291e7e9d14e096e26b42d6c64943febcd86421e31dc547c33178b5b92
assets/unit_attack/army_lightinfantry_8ba2a49a6361.webp	3462	7526e8e91effc62acd8df10ffc91dc8d69f48a36634bc91d99d93c247a39bac9
assets/unit_attack/army_lightinfantry_919264806d05.webp	4872	aa64fbd6022ea944d94bd44c5c859c0c088867140885b216d4e279503b1e0956
assets/unit_attack/army_lightinfantry_922bb8e72e81.webp	3220	2efac97234c7f1c82f6475d7bb849399734b2ca36d59e17571713b5aa8e9cb2d
assets/unit_attack/army_lightinfantry_99445cf2a1c5.webp	3462	7526e8e91effc62acd8df10ffc91dc8d69f48a36634bc91d99d93c247a39bac9
assets/unit_attack/army_lightinfantry_9b40c676cd9d.webp	5274	fe86ee5871b41888943f9b5898e2e1462b504d04a2d373aa18ca6d57437daf05
assets/unit_attack/army_lightinfantry_9f635c4a801d.webp	4574	b563d8cd27d2ccbce5bf1838b8f6d764f7b998636ca673834a1c6e76be3b64f9
assets/unit_attack/army_lightinfantry_9f8deb64ae8e.webp	3462	7526e8e91effc62acd8df10ffc91dc8d69f48a36634bc91d99d93c247a39bac9
assets/unit_attack/army_lightinfantry_a3df6ef88497.webp	3836	3d4dd67290163f24f5eda6bf551c320f2b385fae83bda0b6fccf6b69437e5361
assets/unit_attack/army_lightinfantry_a79df2d1ebb5.webp	4400	ace354e9a40c74780a415d2e32bd8f7c342d3565a8227b4bc30e77b76d10b08a
assets/unit_attack/army_lightinfantry_a90eec2e4de2.webp	4834	f64cd4e94597d2dc0c9337ba31fb74c201eedcf588cfe02fc65c031307b005f1
assets/unit_attack/army_lightinfantry_b6508c004a97.webp	4834	f64cd4e94597d2dc0c9337ba31fb74c201eedcf588cfe02fc65c031307b005f1
assets/unit_attack/army_lightinfantry_b7e7729d0edb.webp	3462	7526e8e91effc62acd8df10ffc91dc8d69f48a36634bc91d99d93c247a39bac9
assets/unit_attack/army_lightinfantry_b8983b21df85.webp	5700	9500f90291e7e9d14e096e26b42d6c64943febcd86421e31dc547c33178b5b92
assets/unit_attack/army_lightinfantry_b8e298484162.webp	4486	55988e538db8d07626bac60ddc5a821554baee8d1de90d9fb1fe7b0ff1f947d5
assets/unit_attack/army_lightinfantry_bb9febbf01e4.webp	4678	828fc5bbb480e82b8bdae456162f28217275d17fc0a5afffed7fb43b2309396c
assets/unit_attack/army_lightinfantry_bbf60d03b4f9.webp	4322	cb0a1f95da1f3bdf112d8788b4f689ba1b06306d7b31180e10d6a9512915dd75
assets/unit_attack/army_lightinfantry_bd577d627aa7.webp	3396	d4735c666e0dda028cce039a9c1fca1d99fec97e653e63b7bfb303d29c884bb8
assets/unit_attack/army_lightinfantry_c00a40ab2576.webp	5110	a41cff6fae77baa4c3b0e84519fd93671ac95916d987010e78a059778c01b0c3
assets/unit_attack/army_lightinfantry_c4d7468364ce.webp	4486	55988e538db8d07626bac60ddc5a821554baee8d1de90d9fb1fe7b0ff1f947d5
assets/unit_attack/army_lightinfantry_c5b7a4cebe62.webp	4834	f64cd4e94597d2dc0c9337ba31fb74c201eedcf588cfe02fc65c031307b005f1
assets/unit_attack/army_lightinfantry_c6d6eaaa7612.webp	4400	ace354e9a40c74780a415d2e32bd8f7c342d3565a8227b4bc30e77b76d10b08a
assets/unit_attack/army_lightinfantry_c8c52857a1ff.webp	3546	f8ff32950bcb70509ea8524e6bd71b7cc73930d721dab9b1046f81ba2010ace2
assets/unit_attack/army_lightinfantry_c942bd881125.webp	3366	45eae10a631aa67585f0f9ef81c9d9cd9f0657bee49df2b98365589ce659ffb2
assets/unit_attack/army_lightinfantry_d09c4d66e38a.webp	3420	707890c261fb5a73bcdcc6a8b3f07925026160fff679569efb43703bc83fefcf
assets/unit_attack/army_lightinfantry_d6c8ba2fcc22.webp	3366	45eae10a631aa67585f0f9ef81c9d9cd9f0657bee49df2b98365589ce659ffb2
assets/unit_attack/army_lightinfantry_da298f4bb565.webp	3836	3d4dd67290163f24f5eda6bf551c320f2b385fae83bda0b6fccf6b69437e5361
assets/unit_attack/army_lightinfantry_da36afca0cb8.webp	5274	fe86ee5871b41888943f9b5898e2e1462b504d04a2d373aa18ca6d57437daf05
assets/unit_attack/army_lightinfantry_dc553558e099.webp	4834	f64cd4e94597d2dc0c9337ba31fb74c201eedcf588cfe02fc65c031307b005f1
assets/unit_attack/army_lightinfantry_e0297c686b16.webp	3472	8751a55abce5406cbab02e52d22dead08f4b874cd6e8fd6599293131199734ee
assets/unit_attack/army_lightinfantry_e084101b8ecc.webp	4486	55988e538db8d07626bac60ddc5a821554baee8d1de90d9fb1fe7b0ff1f947d5
assets/unit_attack/army_lightinfantry_e0aee394e73c.webp	4470	a44f3e845aaa213444cbb633cb601bf47c07809249dc5bc5ba64f0b14565f30b
assets/unit_attack/army_lightinfantry_e1d97d675ae8.webp	5700	9500f90291e7e9d14e096e26b42d6c64943febcd86421e31dc547c33178b5b92
assets/unit_attack/army_lightinfantry_e6bad39a24de.webp	4486	55988e538db8d07626bac60ddc5a821554baee8d1de90d9fb1fe7b0ff1f947d5
assets/unit_attack/army_lightinfantry_e85518e8a5b9.webp	4172	6c564e07505c8f7572e589c1efb4e0f7fa3fddb46e5c88e970f0e3446ac1380a
assets/unit_attack/army_lightinfantry_e873b9b0c051.webp	4486	55988e538db8d07626bac60ddc5a821554baee8d1de90d9fb1fe7b0ff1f947d5
assets/unit_attack/army_lightinfantry_e8e227471e3d.webp	4834	f64cd4e94597d2dc0c9337ba31fb74c201eedcf588cfe02fc65c031307b005f1
assets/unit_attack/army_lightinfantry_ea5af8843986.webp	5274	fe86ee5871b41888943f9b5898e2e1462b504d04a2d373aa18ca6d57437daf05
assets/unit_attack/army_lightinfantry_ed17624cdf5a.webp	4834	f64cd4e94597d2dc0c9337ba31fb74c201eedcf588cfe02fc65c031307b005f1
assets/unit_attack/army_lightinfantry_f0f3b8f6b952.webp	4400	ace354e9a40c74780a415d2e32bd8f7c342d3565a8227b4bc30e77b76d10b08a
assets/unit_attack/army_lightinfantry_f650e0242d29.webp	3836	3d4dd67290163f24f5eda6bf551c320f2b385fae83bda0b6fccf6b69437e5361
assets/unit_attack/army_lightinfantry_f87d67705580.webp	4400	ace354e9a40c74780a415d2e32bd8f7c342d3565a8227b4bc30e77b76d10b08a
assets/unit_attack/army_lightinfantry_fcbbbc127180.webp	5316	832f20337ea2b36b513a3916d04f42f1cd6147d6a970d34eacaa1ec6483418b4
assets/unit_attack/army_lightinfantry_fef9d9f3fd4f.webp	5700	9500f90291e7e9d14e096e26b42d6c64943febcd86421e31dc547c33178b5b92
assets/unit_attack/army_lineinfantry_097fa4abc1e2.webp	4564	4213b76d3a6d81faa33597bf0c69af8783aa1eec4a0ad7c7bd57404f08e454b8
assets/unit_attack/army_lineinfantry_0a84e047c8a3.webp	3408	9cd9ba92c6c0cc4f35473eb173568397dc724deeb53d683e51c718d337b4ef10
assets/unit_attack/army_lineinfantry_13d39a0b9ee9.webp	5070	bb6ea8ed3435efeb91572f697cacedd536acde3514ca452de76ac835abca61b9
assets/unit_attack/army_lineinfantry_147b1e42f967.webp	4954	6f43819d0931367f16e76ccd56fdc05c6d6eb6af465de05af7cb6856244b35e1
assets/unit_attack/army_lineinfantry_15b319ebf7e3.webp	4568	2fec0a33aa6efac9c32a33169758789e3106be116ac20c8e7e9196b0b78e85e4
assets/unit_attack/army_lineinfantry_195371874973.webp	4502	425ea9f35f22c513179d5d0103be59841fd7ae82067dc51b4bfe8ddcdd8c4b12
assets/unit_attack/army_lineinfantry_1c45a9b84288.webp	5070	bb6ea8ed3435efeb91572f697cacedd536acde3514ca452de76ac835abca61b9
assets/unit_attack/army_lineinfantry_20987abeffec.webp	4918	64440bf7492e03021728322a004ad66370905a7e8826ca6ad7e8d32b65274f15
assets/unit_attack/army_lineinfantry_28cacb4f423b.webp	3552	9167e69887a12d2f0a2910fd7c1aa6e024672c157f4ce13c808520377bea80fa
assets/unit_attack/army_lineinfantry_2af149975d53.webp	3618	ebb42126fdb6b587f523279f5e16ac40b578691db5a04b569c37cdae5962508d
assets/unit_attack/army_lineinfantry_2b64dace455f.webp	4502	425ea9f35f22c513179d5d0103be59841fd7ae82067dc51b4bfe8ddcdd8c4b12
assets/unit_attack/army_lineinfantry_30c63c8f1c88.webp	5216	6acb0c14d81a0882ce9ee9a5c7d3bb248adb533605124c96a3d65ad1468b2ac0
assets/unit_attack/army_lineinfantry_3115e68d2048.webp	4568	2fec0a33aa6efac9c32a33169758789e3106be116ac20c8e7e9196b0b78e85e4
assets/unit_attack/army_lineinfantry_31d48e882a18.webp	4410	c27ccc24656622f9e19f57046a49323aa9837ca5c0e035384d2932477ad450d9
assets/unit_attack/army_lineinfantry_325dd505fcdc.webp	4544	fa1265319d9d56cf8c13ec04e8fd55c82fe984974cc3471de9e26e722425be56
assets/unit_attack/army_lineinfantry_35032abfb381.webp	3408	9cd9ba92c6c0cc4f35473eb173568397dc724deeb53d683e51c718d337b4ef10
assets/unit_attack/army_lineinfantry_3531c308736c.webp	3552	9167e69887a12d2f0a2910fd7c1aa6e024672c157f4ce13c808520377bea80fa
assets/unit_attack/army_lineinfantry_3a290185aaa7.webp	5088	307509c09f619cc29b7609d21e729cffff0cff36e1d5479c2b226914d7a478ed
assets/unit_attack/army_lineinfantry_3acbc8af5b73.webp	5216	6acb0c14d81a0882ce9ee9a5c7d3bb248adb533605124c96a3d65ad1468b2ac0
assets/unit_attack/army_lineinfantry_426d000b5023.webp	5484	a2dedf5e31140eb387e90bccb8e0926d1f6958d8329c021066a66413c175a184
assets/unit_attack/army_lineinfantry_433d7608bc82.webp	5070	bb6ea8ed3435efeb91572f697cacedd536acde3514ca452de76ac835abca61b9
assets/unit_attack/army_lineinfantry_437987d50d74.webp	4568	2fec0a33aa6efac9c32a33169758789e3106be116ac20c8e7e9196b0b78e85e4
assets/unit_attack/army_lineinfantry_4624121e3419.webp	5094	eb1de5af2b29d15c8b05747e4f904e31b6db59015751b5cc349d376175f142db
assets/unit_attack/army_lineinfantry_49eec8e73105.webp	4410	c27ccc24656622f9e19f57046a49323aa9837ca5c0e035384d2932477ad450d9
assets/unit_attack/army_lineinfantry_4a691e215785.webp	3618	ebb42126fdb6b587f523279f5e16ac40b578691db5a04b569c37cdae5962508d
assets/unit_attack/army_lineinfantry_4da6c4e84803.webp	4502	425ea9f35f22c513179d5d0103be59841fd7ae82067dc51b4bfe8ddcdd8c4b12
assets/unit_attack/army_lineinfantry_515844415369.webp	3524	402c7a351f6499f9d2f9c11f316f534a0532e73181fc65a26899b422500ca083
assets/unit_attack/army_lineinfantry_554e83aa1c1e.webp	3674	304ecdd4fa399d39e51bd382a0f17200a729be59d00ee3682d449e0372038478
assets/unit_attack/army_lineinfantry_59c84f1e16fd.webp	4502	425ea9f35f22c513179d5d0103be59841fd7ae82067dc51b4bfe8ddcdd8c4b12
assets/unit_attack/army_lineinfantry_5ae8517f01ad.webp	3618	ebb42126fdb6b587f523279f5e16ac40b578691db5a04b569c37cdae5962508d
assets/unit_attack/army_lineinfantry_5b9e4a8fb8b3.webp	3552	9167e69887a12d2f0a2910fd7c1aa6e024672c157f4ce13c808520377bea80fa
assets/unit_attack/army_lineinfantry_658973c50934.webp	4918	64440bf7492e03021728322a004ad66370905a7e8826ca6ad7e8d32b65274f15
assets/unit_attack/army_lineinfantry_681c983f13a8.webp	5070	bb6ea8ed3435efeb91572f697cacedd536acde3514ca452de76ac835abca61b9
assets/unit_attack/army_lineinfantry_6cde44bf5380.webp	3556	e93f1277bc00cbce9807c6b34fb6c26a7fc9d345407dabb1c0cd73a8de886c5d
assets/unit_attack/army_lineinfantry_6f435002b706.webp	3408	9cd9ba92c6c0cc4f35473eb173568397dc724deeb53d683e51c718d337b4ef10
assets/unit_attack/army_lineinfantry_72d79e958d46.webp	3548	4aec96f389815d850aace5362b7c1d3fa71e6588b3f371ca452e8cb8a5e2b4c0
assets/unit_attack/army_lineinfantry_731a49c57466.webp	4622	3b371a0187086bb9f8ff155d7470dda47d5ca6d88ef35b09d796fa732a5504fd
assets/unit_attack/army_lineinfantry_7d031d475808.webp	4654	24959e7af8e14d6bf8e4af2b130d740b76baacbfae8d99d8394ea23d36ae6883
assets/unit_attack/army_lineinfantry_804642c7a773.webp	4502	425ea9f35f22c513179d5d0103be59841fd7ae82067dc51b4bfe8ddcdd8c4b12
assets/unit_attack/army_lineinfantry_814d19b6a375.webp	4410	c27ccc24656622f9e19f57046a49323aa9837ca5c0e035384d2932477ad450d9
assets/unit_attack/army_lineinfantry_8313ca6152ec.webp	4918	64440bf7492e03021728322a004ad66370905a7e8826ca6ad7e8d32b65274f15
assets/unit_attack/army_lineinfantry_878f6f5c7b03.webp	4410	c27ccc24656622f9e19f57046a49323aa9837ca5c0e035384d2932477ad450d9
assets/unit_attack/army_lineinfantry_8b8553528a7b.webp	3618	ebb42126fdb6b587f523279f5e16ac40b578691db5a04b569c37cdae5962508d
assets/unit_attack/army_lineinfantry_924f42a8d28d.webp	4918	64440bf7492e03021728322a004ad66370905a7e8826ca6ad7e8d32b65274f15
assets/unit_attack/army_lineinfantry_95f0ce55e74c.webp	4410	c27ccc24656622f9e19f57046a49323aa9837ca5c0e035384d2932477ad450d9
assets/unit_attack/army_lineinfantry_9615ad9ef916.webp	3552	9167e69887a12d2f0a2910fd7c1aa6e024672c157f4ce13c808520377bea80fa
assets/unit_attack/army_lineinfantry_973d02f3f15e.webp	3618	ebb42126fdb6b587f523279f5e16ac40b578691db5a04b569c37cdae5962508d
assets/unit_attack/army_lineinfantry_9e089afc4bf6.webp	3408	9cd9ba92c6c0cc4f35473eb173568397dc724deeb53d683e51c718d337b4ef10
assets/unit_attack/army_lineinfantry_9f1902ad1394.webp	4918	64440bf7492e03021728322a004ad66370905a7e8826ca6ad7e8d32b65274f15
assets/unit_attack/army_lineinfantry_a61f0b40a8cf.webp	5418	744b3072f6f356ab4ceb13391911e4a1b17097050d6929aa27be00530891b3f9
assets/unit_attack/army_lineinfantry_ac494f30421a.webp	5070	bb6ea8ed3435efeb91572f697cacedd536acde3514ca452de76ac835abca61b9
assets/unit_attack/army_lineinfantry_b395d1b46669.webp	5216	6acb0c14d81a0882ce9ee9a5c7d3bb248adb533605124c96a3d65ad1468b2ac0
assets/unit_attack/army_lineinfantry_b8e990cbca2e.webp	3408	9cd9ba92c6c0cc4f35473eb173568397dc724deeb53d683e51c718d337b4ef10
assets/unit_attack/army_lineinfantry_ba71a5f9b154.webp	4410	c27ccc24656622f9e19f57046a49323aa9837ca5c0e035384d2932477ad450d9
assets/unit_attack/army_lineinfantry_c535776a7647.webp	3552	9167e69887a12d2f0a2910fd7c1aa6e024672c157f4ce13c808520377bea80fa
assets/unit_attack/army_lineinfantry_c84261e47f79.webp	4502	425ea9f35f22c513179d5d0103be59841fd7ae82067dc51b4bfe8ddcdd8c4b12
assets/unit_attack/army_lineinfantry_c8a32ce9bcce.webp	4918	64440bf7492e03021728322a004ad66370905a7e8826ca6ad7e8d32b65274f15
assets/unit_attack/army_lineinfantry_c92ccf4dc0c1.webp	5216	6acb0c14d81a0882ce9ee9a5c7d3bb248adb533605124c96a3d65ad1468b2ac0
assets/unit_attack/army_lineinfantry_ccb43dc60bc4.webp	3552	9167e69887a12d2f0a2910fd7c1aa6e024672c157f4ce13c808520377bea80fa
assets/unit_attack/army_lineinfantry_ccd1fd7162a7.webp	4558	45d13b37ba07923b7276e093b28b5e69d94ace859e4e84134533c6d703abb8ed
assets/unit_attack/army_lineinfantry_d0648b875c0a.webp	4410	c27ccc24656622f9e19f57046a49323aa9837ca5c0e035384d2932477ad450d9
assets/unit_attack/army_lineinfantry_d268433c4ee1.webp	4568	2fec0a33aa6efac9c32a33169758789e3106be116ac20c8e7e9196b0b78e85e4
assets/unit_attack/army_lineinfantry_d715a5f629a3.webp	4608	00902a527680ca0a5988681765ab99fdb20da505e1c5ce60c197526d3d92afeb
assets/unit_attack/army_lineinfantry_d8201c91ac2b.webp	5216	6acb0c14d81a0882ce9ee9a5c7d3bb248adb533605124c96a3d65ad1468b2ac0
assets/unit_attack/army_lineinfantry_d94f7b86949b.webp	5070	bb6ea8ed3435efeb91572f697cacedd536acde3514ca452de76ac835abca61b9
assets/unit_attack/army_lineinfantry_d96f62a0d6e5.webp	3408	9cd9ba92c6c0cc4f35473eb173568397dc724deeb53d683e51c718d337b4ef10
assets/unit_attack/army_lineinfantry_dee18ef7a196.webp	4568	2fec0a33aa6efac9c32a33169758789e3106be116ac20c8e7e9196b0b78e85e4
assets/unit_attack/army_lineinfantry_dfb019af7373.webp	3584	a739532501bf13549665730a34a7bd0cbe5268bdc3e2c1c765c7dd1d51098e66
assets/unit_attack/army_lineinfantry_e0c85f3fa9a8.webp	3642	6799c2577d440d9fff3fc27de0fb515d1e27b08d3919095a27d2d2866fae541f
assets/unit_attack/army_lineinfantry_e19c6ed8c9d1.webp	5028	2e1f05734be90b5df740253fdc04c3767764fa9b151e5ac46021436191788bdd
assets/unit_attack/army_lineinfantry_e4d682ffc00f.webp	3408	9cd9ba92c6c0cc4f35473eb173568397dc724deeb53d683e51c718d337b4ef10
assets/unit_attack/army_lineinfantry_e54c462cfdf0.webp	5216	6acb0c14d81a0882ce9ee9a5c7d3bb248adb533605124c96a3d65ad1468b2ac0
assets/unit_attack/army_lineinfantry_e72e514803a9.webp	3618	ebb42126fdb6b587f523279f5e16ac40b578691db5a04b569c37cdae5962508d
assets/unit_attack/army_lineinfantry_e983671c37b5.webp	4502	425ea9f35f22c513179d5d0103be59841fd7ae82067dc51b4bfe8ddcdd8c4b12
assets/unit_attack/army_lineinfantry_f061383b81f3.webp	5216	6acb0c14d81a0882ce9ee9a5c7d3bb248adb533605124c96a3d65ad1468b2ac0
assets/unit_attack/army_lineinfantry_f57f45d6bc93.webp	4918	64440bf7492e03021728322a004ad66370905a7e8826ca6ad7e8d32b65274f15
assets/unit_attack/army_lineinfantry_f8bf304e33a5.webp	4568	2fec0a33aa6efac9c32a33169758789e3106be116ac20c8e7e9196b0b78e85e4
assets/unit_attack/army_lineinfantry_fe7fe6f3b641.webp	3552	9167e69887a12d2f0a2910fd7c1aa6e024672c157f4ce13c808520377bea80fa
assets/unit_attack/army_militia_00f09a5de305.webp	4660	20fc33a00f882c2cf3cea18291f5a10eb64d658350b3bdec84174c355e1968e5
assets/unit_attack/army_militia_017dbac10146.webp	5652	62c8181156312370c39f82d80f35fca812a92735de6f9cd0a340da8c99242b2c
assets/unit_attack/army_militia_02482dff4c41.webp	4530	df39a1550565e947bf51548c6d25017cf6c02ff1579994324e803f2a0660be2c
assets/unit_attack/army_militia_02bd11edfc45.webp	3398	4897c61bf598db050c7b71ad84fa9d096fbe914069342a1fb8f3179fb2acc13b
assets/unit_attack/army_militia_0698634b42d4.webp	3464	052264f560657f988bff8bb2271a7e1652b44e90ed6869a9677a8b38664bfa22
assets/unit_attack/army_militia_0968be04e5ce.webp	3464	052264f560657f988bff8bb2271a7e1652b44e90ed6869a9677a8b38664bfa22
assets/unit_attack/army_militia_0bb723812841.webp	3610	ccdca3a56e2d80d2b2d52c17e2ab137a9ae0e919e142781d962a874d1ea798ac
assets/unit_attack/army_militia_0bee3bf9e4db.webp	5170	7f4253c3cada761cc2e71c26c67c9cac2f034fbb0e6b758ef373292e70d5328a
assets/unit_attack/army_militia_0c89d3fe6b73.webp	5438	577510565c5dc5a97f32196de291dd4f3d3863a826e39eef576342cc837c0d58
assets/unit_attack/army_militia_0c9a74b4408b.webp	5170	7f4253c3cada761cc2e71c26c67c9cac2f034fbb0e6b758ef373292e70d5328a
assets/unit_attack/army_militia_0f9da9bcd12f.webp	3380	6fb88bd9b610d452c146eb714d8e8511aab46b2a781c95ac4a9ba81121189f7b
assets/unit_attack/army_militia_171e433e8bca.webp	5170	7f4253c3cada761cc2e71c26c67c9cac2f034fbb0e6b758ef373292e70d5328a
assets/unit_attack/army_militia_1b6a34855a5e.webp	3464	052264f560657f988bff8bb2271a7e1652b44e90ed6869a9677a8b38664bfa22
assets/unit_attack/army_militia_25b4b495cb78.webp	5170	7f4253c3cada761cc2e71c26c67c9cac2f034fbb0e6b758ef373292e70d5328a
assets/unit_attack/army_militia_26fe0a9d47b1.webp	3514	c6f1d94f682a97aadda1f62b64c9c4c21c304847a10c5613117f231e877fc39c
assets/unit_attack/army_militia_2cb63c42b3d8.webp	3736	567ef7e79eaa54d583b8a2d3b2e582148cc68060371a3e41e356a1fd51596e5b
assets/unit_attack/army_militia_3c1523b8a8d0.webp	4948	80de5390437ab659a8ae57f2440df7061c5c2cd6299645c6c48bdfa3888c1475
assets/unit_attack/army_militia_3d7b077603dc.webp	4940	3db45fef3dcd980ccc5fdde2e48a9a48cf13d44aff45639bc3e2696965565e0b
assets/unit_attack/army_militia_41307dc46a14.webp	4940	3db45fef3dcd980ccc5fdde2e48a9a48cf13d44aff45639bc3e2696965565e0b
assets/unit_attack/army_militia_4841ca0e6d41.webp	5170	7f4253c3cada761cc2e71c26c67c9cac2f034fbb0e6b758ef373292e70d5328a
assets/unit_attack/army_militia_484301ee405b.webp	3736	567ef7e79eaa54d583b8a2d3b2e582148cc68060371a3e41e356a1fd51596e5b
assets/unit_attack/army_militia_4caa312a475b.webp	5652	62c8181156312370c39f82d80f35fca812a92735de6f9cd0a340da8c99242b2c
assets/unit_attack/army_militia_4d3fa391d0c9.webp	5652	62c8181156312370c39f82d80f35fca812a92735de6f9cd0a340da8c99242b2c
assets/unit_attack/army_militia_4fd5111b45e6.webp	3464	052264f560657f988bff8bb2271a7e1652b44e90ed6869a9677a8b38664bfa22
assets/unit_attack/army_militia_59fbdfa08fe0.webp	5170	7f4253c3cada761cc2e71c26c67c9cac2f034fbb0e6b758ef373292e70d5328a
assets/unit_attack/army_militia_5ccf804df888.webp	5652	62c8181156312370c39f82d80f35fca812a92735de6f9cd0a340da8c99242b2c
assets/unit_attack/army_militia_5f1ac2f85da5.webp	4530	df39a1550565e947bf51548c6d25017cf6c02ff1579994324e803f2a0660be2c
assets/unit_attack/army_militia_6341fe40d56a.webp	4940	3db45fef3dcd980ccc5fdde2e48a9a48cf13d44aff45639bc3e2696965565e0b
assets/unit_attack/army_militia_6f618ee23109.webp	4288	69fc25f4db02584e6001132abc06cfad0dd9151662c0b6de2a55eaf3ca4c3cd3
assets/unit_attack/army_militia_6fb417c9f147.webp	3464	052264f560657f988bff8bb2271a7e1652b44e90ed6869a9677a8b38664bfa22
assets/unit_attack/army_militia_714842edec79.webp	3398	4897c61bf598db050c7b71ad84fa9d096fbe914069342a1fb8f3179fb2acc13b
assets/unit_attack/army_militia_7228204b6780.webp	4660	20fc33a00f882c2cf3cea18291f5a10eb64d658350b3bdec84174c355e1968e5
assets/unit_attack/army_militia_7d078ed65ac9.webp	4530	df39a1550565e947bf51548c6d25017cf6c02ff1579994324e803f2a0660be2c
assets/unit_attack/army_militia_7f6bc25210e6.webp	3398	4897c61bf598db050c7b71ad84fa9d096fbe914069342a1fb8f3179fb2acc13b
assets/unit_attack/army_militia_8417d1e62175.webp	5652	62c8181156312370c39f82d80f35fca812a92735de6f9cd0a340da8c99242b2c
assets/unit_attack/army_militia_890f1ea9bf0b.webp	4660	20fc33a00f882c2cf3cea18291f5a10eb64d658350b3bdec84174c355e1968e5
assets/unit_attack/army_militia_8c235c5d0fa0.webp	3736	567ef7e79eaa54d583b8a2d3b2e582148cc68060371a3e41e356a1fd51596e5b
assets/unit_attack/army_militia_8cd6661f3140.webp	3226	ee66e6cb07a65160b0d708bd58c0d62d2e5d2bd0fe8f01e5b6f92469925867cc
assets/unit_attack/army_militia_8ce252374ced.webp	5118	84652ccf660e961ce02a71c3bfa58dd379eef14cd683465dbb5d8836b036cdbe
assets/unit_attack/army_militia_926796b02d30.webp	4530	df39a1550565e947bf51548c6d25017cf6c02ff1579994324e803f2a0660be2c
assets/unit_attack/army_militia_928945fd30c7.webp	4940	3db45fef3dcd980ccc5fdde2e48a9a48cf13d44aff45639bc3e2696965565e0b
assets/unit_attack/army_militia_9322951211bc.webp	3736	567ef7e79eaa54d583b8a2d3b2e582148cc68060371a3e41e356a1fd51596e5b
assets/unit_attack/army_militia_93a4d5c5d7fc.webp	4940	3db45fef3dcd980ccc5fdde2e48a9a48cf13d44aff45639bc3e2696965565e0b
assets/unit_attack/army_militia_95156ee2a484.webp	4530	df39a1550565e947bf51548c6d25017cf6c02ff1579994324e803f2a0660be2c
assets/unit_attack/army_militia_9a9cd4e57738.webp	5170	7f4253c3cada761cc2e71c26c67c9cac2f034fbb0e6b758ef373292e70d5328a
assets/unit_attack/army_militia_9cb4dab2c7e9.webp	3398	4897c61bf598db050c7b71ad84fa9d096fbe914069342a1fb8f3179fb2acc13b
assets/unit_attack/army_militia_9e353286ee88.webp	4530	df39a1550565e947bf51548c6d25017cf6c02ff1579994324e803f2a0660be2c
assets/unit_attack/army_militia_a04c1f7be412.webp	5652	62c8181156312370c39f82d80f35fca812a92735de6f9cd0a340da8c99242b2c
assets/unit_attack/army_militia_a193c9acdeaa.webp	4908	7772db77b8e057427e14913df7045395072f4d60b0b6255d9ab9faae954f8289
assets/unit_attack/army_militia_a28da390feba.webp	3398	4897c61bf598db050c7b71ad84fa9d096fbe914069342a1fb8f3179fb2acc13b
assets/unit_attack/army_militia_a8fe51cc6eff.webp	4908	7772db77b8e057427e14913df7045395072f4d60b0b6255d9ab9faae954f8289
assets/unit_attack/army_militia_ab31bbb6a8af.webp	5652	62c8181156312370c39f82d80f35fca812a92735de6f9cd0a340da8c99242b2c
assets/unit_attack/army_militia_ac25bfe70a2f.webp	3398	4897c61bf598db050c7b71ad84fa9d096fbe914069342a1fb8f3179fb2acc13b
assets/unit_attack/army_militia_ac8e08bd35d8.webp	4908	7772db77b8e057427e14913df7045395072f4d60b0b6255d9ab9faae954f8289
assets/unit_attack/army_militia_ad01ca0859f8.webp	4660	20fc33a00f882c2cf3cea18291f5a10eb64d658350b3bdec84174c355e1968e5
assets/unit_attack/army_militia_b49e9f6da766.webp	5490	3148a924e1bb4dc9feb1457b7d3436490d5e8fa26bc6bf6f6a0de64830292da1
assets/unit_attack/army_militia_b5d1fa325827.webp	4592	85e22fa3203107754b0217bcbdc8014bb7d9ab69d2925a0f0c7347a1580784a5
assets/unit_attack/army_militia_b693c6b7f69e.webp	3568	4d3f47f27f4a55ac38eca4550b8ab0330d44b10397421786ae44de403702ef5d
assets/unit_attack/army_militia_b7a7168f0a71.webp	3624	c908407213171e453a7a297d7bfac053950d1073f85ee596b10a0ea983383bf6
assets/unit_attack/army_militia_c2f68ca6da9f.webp	5396	0008273b042c844d30bae523f6dea690108c3feb2bf343df990c6d308d594b87
assets/unit_attack/army_militia_c89d92f5c38a.webp	3464	052264f560657f988bff8bb2271a7e1652b44e90ed6869a9677a8b38664bfa22
assets/unit_attack/army_militia_cba4bddfbc7e.webp	4940	3db45fef3dcd980ccc5fdde2e48a9a48cf13d44aff45639bc3e2696965565e0b
assets/unit_attack/army_militia_cee60148a5f3.webp	4774	405c445f923bc469afa600a2daca0572212c2ee2220a20612490675922e3b372
assets/unit_attack/army_militia_d17f245c348b.webp	4908	7772db77b8e057427e14913df7045395072f4d60b0b6255d9ab9faae954f8289
assets/unit_attack/army_militia_d3d92ab83d6f.webp	4940	3db45fef3dcd980ccc5fdde2e48a9a48cf13d44aff45639bc3e2696965565e0b
assets/unit_attack/army_militia_d3ed311b86a9.webp	4660	20fc33a00f882c2cf3cea18291f5a10eb64d658350b3bdec84174c355e1968e5
assets/unit_attack/army_militia_d41f8533835b.webp	4336	5e8d9e48e94066592758d5094709dadceddf1d4e216f65d918880fae8e5c817c
assets/unit_attack/army_militia_d45cc8e84b98.webp	3736	567ef7e79eaa54d583b8a2d3b2e582148cc68060371a3e41e356a1fd51596e5b
assets/unit_attack/army_militia_d5a668206804.webp	4706	c3c019139b1a3bcb98d975ce07b47cd639b2981fcda72639aeacf573fb5e93ec
assets/unit_attack/army_militia_d61e4604bf7a.webp	3310	38db639b63327cb941431a2dd0341bc2d34af6f9379757fdda87844614bbe2ac
assets/unit_attack/army_militia_db7b04cd79b9.webp	4908	7772db77b8e057427e14913df7045395072f4d60b0b6255d9ab9faae954f8289
assets/unit_attack/army_militia_def345995093.webp	4636	afa08a3f6cafc68d21769004870e7db4773f14442bf280b0863c089ad18a80c5
assets/unit_attack/army_militia_df8e56ea1664.webp	4660	20fc33a00f882c2cf3cea18291f5a10eb64d658350b3bdec84174c355e1968e5
assets/unit_attack/army_militia_e3730433a153.webp	5210	afd3baa39c85c614a2c26a6396a55e3e398e91d73bde3a363f1b1ecc11d3276d
assets/unit_attack/army_militia_e515b528db87.webp	3398	4897c61bf598db050c7b71ad84fa9d096fbe914069342a1fb8f3179fb2acc13b
assets/unit_attack/army_militia_e82d2435d170.webp	3736	567ef7e79eaa54d583b8a2d3b2e582148cc68060371a3e41e356a1fd51596e5b
assets/unit_attack/army_militia_f12ab76315db.webp	4160	30200d8524d7f68e7a8013c986637076b6c1847cbe643e1c384963dd8f6080fb
assets/unit_attack/army_militia_f803f12731b3.webp	4660	20fc33a00f882c2cf3cea18291f5a10eb64d658350b3bdec84174c355e1968e5
assets/unit_attack/army_militia_fc35cc087814.webp	4908	7772db77b8e057427e14913df7045395072f4d60b0b6255d9ab9faae954f8289
assets/unit_attack/army_militia_fc5c064d2892.webp	4718	495839d07892728f88c790371daaaa8821ffb0a194a944c1bdc004849936f7d2
assets/unit_attack/army_militia_fcb9bdbb2566.webp	3736	567ef7e79eaa54d583b8a2d3b2e582148cc68060371a3e41e356a1fd51596e5b
assets/unit_attack/army_ship_39dd52f1f8b5.webp	2966	624f6366a27fe99543141f738087ed9cffd3c3ceb262ceb727363194358cb36a
assets/unit_attack/army_ship_7e71746a31ed.webp	3444	427990fae202e2e63a9013a982a0c6e9f2029a961bf6ead9edcdf9bf844fc5dc
assets/unit_attack/army_ship_a7a8ef2bfd98.webp	4682	90fb5c65f115551e36a94804b81d354bbdb277603cdd33165088270203ef5d05
assets/unit_attack/army_ship_bf3238796ad9.webp	5000	54639178d76d62294dfd0b62e6d54e6556dcfc59ea13a104a75b22b4dfe777d3
assets/unit_finish/army_armoredcar_0423993795e5.webp	4020	3e7bf40c703fb642f02d415fd62dc590ce97010973b5aabfb853c366b0520d2d
assets/unit_finish/army_armoredcar_110c65a74892.webp	4020	3e7bf40c703fb642f02d415fd62dc590ce97010973b5aabfb853c366b0520d2d
assets/unit_finish/army_armoredcar_146a40b984d8.webp	6188	437a4ae26870dfe4a73359b13915eb102a907fc71a1c598be3d698d5ccc4cd5f
assets/unit_finish/army_armoredcar_1c95eb3cd9d7.webp	6158	49a00f16138948866f4ac0e74c017273a5a024ccf2d5c7088ba6ad4647419a59
assets/unit_finish/army_armoredcar_1dcc61fe50a5.webp	6158	49a00f16138948866f4ac0e74c017273a5a024ccf2d5c7088ba6ad4647419a59
assets/unit_finish/army_armoredcar_1dee1da16df9.webp	6158	49a00f16138948866f4ac0e74c017273a5a024ccf2d5c7088ba6ad4647419a59
assets/unit_finish/army_armoredcar_1f5634d5d2e8.webp	6188	437a4ae26870dfe4a73359b13915eb102a907fc71a1c598be3d698d5ccc4cd5f
assets/unit_finish/army_armoredcar_2092a6fbe7a0.webp	6188	437a4ae26870dfe4a73359b13915eb102a907fc71a1c598be3d698d5ccc4cd5f
assets/unit_finish/army_armoredcar_2c75166d130b.webp	4092	ed2b6d24d25e29c2ef8dd666a9cb03ebc2706698855b00bd347be3ab9d97b27c
assets/unit_finish/army_armoredcar_32f0d6985dae.webp	4170	c29eeb61341308c711447b13a00483f80207ee9a5dfad6f3ecc7592ec5088cc5
assets/unit_finish/army_armoredcar_338236661790.webp	6268	5f91753d14dad02bf5e00c722641e65074f6294c810f43cae578f30518ce6c46
assets/unit_finish/army_armoredcar_355755b7b3e5.webp	6158	49a00f16138948866f4ac0e74c017273a5a024ccf2d5c7088ba6ad4647419a59
assets/unit_finish/army_armoredcar_4060a3ee5836.webp	4020	3e7bf40c703fb642f02d415fd62dc590ce97010973b5aabfb853c366b0520d2d
assets/unit_finish/army_armoredcar_447c253a5edc.webp	6158	49a00f16138948866f4ac0e74c017273a5a024ccf2d5c7088ba6ad4647419a59
assets/unit_finish/army_armoredcar_44c16f165852.webp	4020	3e7bf40c703fb642f02d415fd62dc590ce97010973b5aabfb853c366b0520d2d
assets/unit_finish/army_armoredcar_476b0707b723.webp	4170	c29eeb61341308c711447b13a00483f80207ee9a5dfad6f3ecc7592ec5088cc5
assets/unit_finish/army_armoredcar_48fab2c37e82.webp	6268	5f91753d14dad02bf5e00c722641e65074f6294c810f43cae578f30518ce6c46
assets/unit_finish/army_armoredcar_4abd73a649c5.webp	4092	ed2b6d24d25e29c2ef8dd666a9cb03ebc2706698855b00bd347be3ab9d97b27c
assets/unit_finish/army_armoredcar_4e9f4d92fc33.webp	6158	49a00f16138948866f4ac0e74c017273a5a024ccf2d5c7088ba6ad4647419a59
assets/unit_finish/army_armoredcar_51449f80ec85.webp	4170	c29eeb61341308c711447b13a00483f80207ee9a5dfad6f3ecc7592ec5088cc5
assets/unit_finish/army_armoredcar_56d5fdd85016.webp	4020	3e7bf40c703fb642f02d415fd62dc590ce97010973b5aabfb853c366b0520d2d
assets/unit_finish/army_armoredcar_5855048609a8.webp	6268	5f91753d14dad02bf5e00c722641e65074f6294c810f43cae578f30518ce6c46
assets/unit_finish/army_armoredcar_5a4811a925da.webp	4092	ed2b6d24d25e29c2ef8dd666a9cb03ebc2706698855b00bd347be3ab9d97b27c
assets/unit_finish/army_armoredcar_61919218ca28.webp	4018	1ec5f2eeacf18b8a27d125ec7716039f5aac0d5edf945724f92b0e8a870ee547
assets/unit_finish/army_armoredcar_68b16166b355.webp	4170	c29eeb61341308c711447b13a00483f80207ee9a5dfad6f3ecc7592ec5088cc5
assets/unit_finish/army_armoredcar_6bc0bd29a64d.webp	6268	5f91753d14dad02bf5e00c722641e65074f6294c810f43cae578f30518ce6c46
assets/unit_finish/army_armoredcar_76ec986a079a.webp	4092	ed2b6d24d25e29c2ef8dd666a9cb03ebc2706698855b00bd347be3ab9d97b27c
assets/unit_finish/army_armoredcar_7aab1d0831ee.webp	4170	c29eeb61341308c711447b13a00483f80207ee9a5dfad6f3ecc7592ec5088cc5
assets/unit_finish/army_armoredcar_82eacc65c546.webp	4082	2d64d7cdd66602aa8a1de72dec02c5b4f13741bc2924a8df4a70831d272e0192
assets/unit_finish/army_armoredcar_88f851c45c3c.webp	6064	c1dc5e6e081dbeca7817716ee3e4b46b006422fa3ebf5472acc730f8c6e2a0ca
assets/unit_finish/army_armoredcar_898b621b1c0f.webp	6268	5f91753d14dad02bf5e00c722641e65074f6294c810f43cae578f30518ce6c46
assets/unit_finish/army_armoredcar_8b5198ebe63f.webp	4020	3e7bf40c703fb642f02d415fd62dc590ce97010973b5aabfb853c366b0520d2d
assets/unit_finish/army_armoredcar_93b1cd485f81.webp	4092	ed2b6d24d25e29c2ef8dd666a9cb03ebc2706698855b00bd347be3ab9d97b27c
assets/unit_finish/army_armoredcar_a1f127c09f3b.webp	6188	437a4ae26870dfe4a73359b13915eb102a907fc71a1c598be3d698d5ccc4cd5f
assets/unit_finish/army_armoredcar_a959c6240cb2.webp	6158	49a00f16138948866f4ac0e74c017273a5a024ccf2d5c7088ba6ad4647419a59
assets/unit_finish/army_armoredcar_aacb19b69cc4.webp	6252	f11847f8850d909a5f58d30ae9f7016b0731b506886db0910f8d79d4e0dd0595
assets/unit_finish/army_armoredcar_ace049099f6f.webp	6158	085aea4ef345660227b9880ec3527d6213957b7f804db6cd161ba2cab70ab587
assets/unit_finish/army_armoredcar_ad4f152cb594.webp	6248	d9dfe660724708a80494c3d0806f5e0f87c17f382400e568fa0e807d95933767
assets/unit_finish/army_armoredcar_b3c1eaa4f977.webp	4170	c29eeb61341308c711447b13a00483f80207ee9a5dfad6f3ecc7592ec5088cc5
assets/unit_finish/army_armoredcar_b4c6adc6f032.webp	4380	7b06857265816a11e4e0dd50a50af7a048a09e611c89ca48606c3a227dca046c
assets/unit_finish/army_armoredcar_c67a3333fa39.webp	6212	079427821129d63a5e29a26b6a18dd688bd120e74737b0e5b4dd8151485a608f
assets/unit_finish/army_armoredcar_c8956fb165ef.webp	6266	7e07ee2355ad3a3913fdfefc490d5e1a7dec44f25b73e57519acfcecd3654a19
assets/unit_finish/army_armoredcar_c91d2b589250.webp	4152	3630813f5acaa9c5eb9a7c430220f38f34d5340459eca3adf689c4593af2b669
assets/unit_finish/army_armoredcar_d18d08d06e63.webp	6188	437a4ae26870dfe4a73359b13915eb102a907fc71a1c598be3d698d5ccc4cd5f
assets/unit_finish/army_armoredcar_d346e52fe55a.webp	6188	437a4ae26870dfe4a73359b13915eb102a907fc71a1c598be3d698d5ccc4cd5f
assets/unit_finish/army_armoredcar_d8bf78b8afc7.webp	6188	437a4ae26870dfe4a73359b13915eb102a907fc71a1c598be3d698d5ccc4cd5f
assets/unit_finish/army_armoredcar_dec41a5200fa.webp	4092	ed2b6d24d25e29c2ef8dd666a9cb03ebc2706698855b00bd347be3ab9d97b27c
assets/unit_finish/army_armoredcar_ea05a38bdfdf.webp	4092	ed2b6d24d25e29c2ef8dd666a9cb03ebc2706698855b00bd347be3ab9d97b27c
assets/unit_finish/army_armoredcar_edb13bee8111.webp	4020	3e7bf40c703fb642f02d415fd62dc590ce97010973b5aabfb853c366b0520d2d
assets/unit_finish/army_armoredcar_f1cc6b968bd6.webp	6268	5f91753d14dad02bf5e00c722641e65074f6294c810f43cae578f30518ce6c46
assets/unit_finish/army_armoredcar_f2873bcb6083.webp	4064	43137f67eb681205fcc02477a1b0e10642491eef5f422bd70efa2795d9139846
assets/unit_finish/army_armoredcar_f5c40a8c27be.webp	4160	5b480494f5f962a06c193614761490e1a3ad8801d82a624817e81a8a1e63f03d
assets/unit_finish/army_artillery_01bb4ac3a28b.webp	4826	843f18f80d53ad1c6893027675c27aceaa0aedc0048e63f2b9dd8d19eb1c0b29
assets/unit_finish/army_artillery_02db4306bc5a.webp	4798	8475c6ecae74cc1c83feca35fdc1581962ee925bab57bc52a1d207e61d1823b2
assets/unit_finish/army_artillery_049e22c361e0.webp	5640	f2cc6cdb6dd66bf433d1a29f2c7deb9dff0a905cb202f5aac243317ac419a2ba
assets/unit_finish/army_artillery_05fc0ba747aa.webp	5540	55eb47f9bdbe7104bde82dcf55a4763e09369e0f75818493af89588c00cf057f
assets/unit_finish/army_artillery_067e015c58e0.webp	5640	f2cc6cdb6dd66bf433d1a29f2c7deb9dff0a905cb202f5aac243317ac419a2ba
assets/unit_finish/army_artillery_0c053d33d396.webp	4980	11cfe948236a98646a007c0f84fbad9b8bba6cc46c536d0485e1fb05c70a7255
assets/unit_finish/army_artillery_0f3430c43d73.webp	4798	8475c6ecae74cc1c83feca35fdc1581962ee925bab57bc52a1d207e61d1823b2
assets/unit_finish/army_artillery_0f871c1fd2c3.webp	5406	f941c32d5e9ac765e5dedf879ae12af55b5926429edba94ab52c7181441eeb93
assets/unit_finish/army_artillery_11148b928a29.webp	4006	79dafda87dc8a3a3d886031ec88686ff62367ce058bb700aa7b6dbc4a70b28fd
assets/unit_finish/army_artillery_116d12cd4ca9.webp	4006	79dafda87dc8a3a3d886031ec88686ff62367ce058bb700aa7b6dbc4a70b28fd
assets/unit_finish/army_artillery_11d4e2bc3550.webp	4006	79dafda87dc8a3a3d886031ec88686ff62367ce058bb700aa7b6dbc4a70b28fd
assets/unit_finish/army_artillery_12b643fc9ba2.webp	5560	bd7e541ec400820b4c962aafa11de06ea69a8cb4c68d1fe456e0b68bbbd9fa28
assets/unit_finish/army_artillery_14a6c8994720.webp	4948	4edb172343e4c61f53f309414159f108594acafef953e59d057b3959ecac46e1
assets/unit_finish/army_artillery_16b8d7fd4aea.webp	4188	4d21129276b8e9a8368286c83ce98bcc3971a7fc98d4c93b481b4845b1c7af98
assets/unit_finish/army_artillery_1972678e1b78.webp	4188	4d21129276b8e9a8368286c83ce98bcc3971a7fc98d4c93b481b4845b1c7af98
assets/unit_finish/army_artillery_1c7a257496c3.webp	4988	6545903c876e01c97887abc28a87cb30dd3a0aebc9087011171b8069d2b91688
assets/unit_finish/army_artillery_1d9db86910e2.webp	4844	fd546bc22e6cf3c2860271bd9dbd2b2a8e6fba2f6886044c19d9cebb1b7885d9
assets/unit_finish/army_artillery_1e0f5f417bca.webp	4246	01e4a71745c7f16f0d3195c5e49feb555f71ea76b0e9c6e57fa12823034fdb4a
assets/unit_finish/army_artillery_22b28c0ddec7.webp	3866	d3fa53d036f9bc4062f32f4d549bbcbb24bfcec5f2a8a074d08798ae30c7a0d0
assets/unit_finish/army_artillery_2498d298ac6f.webp	5088	968b5846d0c27ed861f3c70550ac9a8b77a5e54f552f8b21263e74bd8dc7d3e4
assets/unit_finish/army_artillery_264f5eeb021f.webp	4948	4edb172343e4c61f53f309414159f108594acafef953e59d057b3959ecac46e1
assets/unit_finish/army_artillery_26d49623727b.webp	3796	6e759a6c877af1bebbe2d054dbae2ce64fa987e546c4405af1580a1561709391
assets/unit_finish/army_artillery_2737aa60d059.webp	5084	170ba4a40d152531acf46ab3263314dd995dcb67718a7369a0ac4e44ad5651b2
assets/unit_finish/army_artillery_27d8e0d9dca4.webp	4920	bdc533ea3ffe5181e99d4e09a941ce266f3212e2750cb11df8810d704a897867
assets/unit_finish/army_artillery_29871649694c.webp	3916	4539a6004bdbc86cb48c28a4c90b623badad648e84cdc7dbe174c486ca009c35
assets/unit_finish/army_artillery_2bcd043dadf4.webp	3928	532015a414d03ae66562be370d2e44b163f41dee6e90296587483264b9706cc5
assets/unit_finish/army_artillery_2cb5e4988579.webp	5088	968b5846d0c27ed861f3c70550ac9a8b77a5e54f552f8b21263e74bd8dc7d3e4
assets/unit_finish/army_artillery_2deb0b48a029.webp	5084	170ba4a40d152531acf46ab3263314dd995dcb67718a7369a0ac4e44ad5651b2
assets/unit_finish/army_artillery_2f3d3f4b6a7e.webp	4798	8475c6ecae74cc1c83feca35fdc1581962ee925bab57bc52a1d207e61d1823b2
assets/unit_finish/army_artillery_2ff0bc5c84c3.webp	5084	a9518337ae65c8e36ea765efa376ef897f2ca7fe286b52633e7846e6c38a2471
assets/unit_finish/army_artillery_31e62f258435.webp	4188	4d21129276b8e9a8368286c83ce98bcc3971a7fc98d4c93b481b4845b1c7af98
assets/unit_finish/army_artillery_328cd1ae8d9c.webp	5432	9ae33602af95fca15fe3ec18da6f581a5925d7c7702fb8a2186dfdfa9b5db17e
assets/unit_finish/army_artillery_32c22066743b.webp	4920	bdc533ea3ffe5181e99d4e09a941ce266f3212e2750cb11df8810d704a897867
assets/unit_finish/army_artillery_35e077bc16cb.webp	5640	f2cc6cdb6dd66bf433d1a29f2c7deb9dff0a905cb202f5aac243317ac419a2ba
assets/unit_finish/army_artillery_38905e59b378.webp	5442	508eaf02b236ee617dfbdde8cd256acd4a6a227d028374f723e57bf9d407026d
assets/unit_finish/army_artillery_393927ca4f0b.webp	4918	83b30acefd04afb2a5008223938e71ffffd04b25f7e61873300aa162d2bac015
assets/unit_finish/army_artillery_39a30008b019.webp	4948	4edb172343e4c61f53f309414159f108594acafef953e59d057b3959ecac46e1
assets/unit_finish/army_artillery_3af09a60f17a.webp	4980	11cfe948236a98646a007c0f84fbad9b8bba6cc46c536d0485e1fb05c70a7255
assets/unit_finish/army_artillery_3fb9ee75602e.webp	4006	79dafda87dc8a3a3d886031ec88686ff62367ce058bb700aa7b6dbc4a70b28fd
assets/unit_finish/army_artillery_3fe553d4e568.webp	4798	8475c6ecae74cc1c83feca35fdc1581962ee925bab57bc52a1d207e61d1823b2
assets/unit_finish/army_artillery_40949ac9ef78.webp	5640	f2cc6cdb6dd66bf433d1a29f2c7deb9dff0a905cb202f5aac243317ac419a2ba
assets/unit_finish/army_artillery_40ab0d0fafc4.webp	4844	fd546bc22e6cf3c2860271bd9dbd2b2a8e6fba2f6886044c19d9cebb1b7885d9
assets/unit_finish/army_artillery_4332133b0be2.webp	4176	b3844d8cd69fa27396e80a497ebb2932c458020d5d52839ad68bacd0a73d0ca4
assets/unit_finish/army_artillery_433af4e89cc2.webp	4246	01e4a71745c7f16f0d3195c5e49feb555f71ea76b0e9c6e57fa12823034fdb4a
assets/unit_finish/army_artillery_442986831998.webp	4912	fd8e23ae87fd7617df259f40bd137683d02524fac9b9f4cc5c3017c6d822c806
assets/unit_finish/army_artillery_478e6c89ce07.webp	4918	83b30acefd04afb2a5008223938e71ffffd04b25f7e61873300aa162d2bac015
assets/unit_finish/army_artillery_479e61f99e1e.webp	5540	55eb47f9bdbe7104bde82dcf55a4763e09369e0f75818493af89588c00cf057f
assets/unit_finish/army_artillery_4aa52f6fcf45.webp	5640	f2cc6cdb6dd66bf433d1a29f2c7deb9dff0a905cb202f5aac243317ac419a2ba
assets/unit_finish/army_artillery_4dcb64687bda.webp	4986	d4e47a4bb76e2be147787fafa4df6b788ec6bf5deab72fae2b2ddfff07ca2a4f
assets/unit_finish/army_artillery_4fb415a7daf7.webp	3796	6e759a6c877af1bebbe2d054dbae2ce64fa987e546c4405af1580a1561709391
assets/unit_finish/army_artillery_518c94c20cd8.webp	5640	f2cc6cdb6dd66bf433d1a29f2c7deb9dff0a905cb202f5aac243317ac419a2ba
assets/unit_finish/army_artillery_527163cc735e.webp	5084	170ba4a40d152531acf46ab3263314dd995dcb67718a7369a0ac4e44ad5651b2
assets/unit_finish/army_artillery_53f7600a65e2.webp	4954	9c3d6308cb6482d4d48f7bf1d1bc278e5c5b47f5c8fa65945d363e456383a3b8
assets/unit_finish/army_artillery_56440c59ffda.webp	5540	55eb47f9bdbe7104bde82dcf55a4763e09369e0f75818493af89588c00cf057f
assets/unit_finish/army_artillery_5667b77457a0.webp	4918	83b30acefd04afb2a5008223938e71ffffd04b25f7e61873300aa162d2bac015
assets/unit_finish/army_artillery_57ece7eb9a2d.webp	4918	83b30acefd04afb2a5008223938e71ffffd04b25f7e61873300aa162d2bac015
assets/unit_finish/army_artillery_5cce067d27e7.webp	5442	508eaf02b236ee617dfbdde8cd256acd4a6a227d028374f723e57bf9d407026d
assets/unit_finish/army_artillery_5d86c7cb89fe.webp	4948	4edb172343e4c61f53f309414159f108594acafef953e59d057b3959ecac46e1
assets/unit_finish/army_artillery_5ded63e63c67.webp	4144	ce3a57ccd2070e4fa4f04501195228dad329ff6f7111cc0599b948ce3d18ad86
assets/unit_finish/army_artillery_5e7b60e617ed.webp	4006	79dafda87dc8a3a3d886031ec88686ff62367ce058bb700aa7b6dbc4a70b28fd
assets/unit_finish/army_artillery_617e1325d3e3.webp	4980	11cfe948236a98646a007c0f84fbad9b8bba6cc46c536d0485e1fb05c70a7255
assets/unit_finish/army_artillery_628af1bec1b4.webp	4246	01e4a71745c7f16f0d3195c5e49feb555f71ea76b0e9c6e57fa12823034fdb4a
assets/unit_finish/army_artillery_63c9a31e3955.webp	4954	9c3d6308cb6482d4d48f7bf1d1bc278e5c5b47f5c8fa65945d363e456383a3b8
assets/unit_finish/army_artillery_64001bf1ab86.webp	4918	83b30acefd04afb2a5008223938e71ffffd04b25f7e61873300aa162d2bac015
assets/unit_finish/army_artillery_647318200893.webp	5084	170ba4a40d152531acf46ab3263314dd995dcb67718a7369a0ac4e44ad5651b2
assets/unit_finish/army_artillery_64914e6a051e.webp	4920	bdc533ea3ffe5181e99d4e09a941ce266f3212e2750cb11df8810d704a897867
assets/unit_finish/army_artillery_6520a7636d4a.webp	4216	821293c25d83c065b5e825447d6caa58431d11a333c7f2212fc1d68d267f15cc
assets/unit_finish/army_artillery_65f4710bea07.webp	4866	5d0f4ac08dc9aa2312e679a465d4b8ca089c047a8898ea006abd7868dd164e2b
assets/unit_finish/army_artillery_6692ae082cce.webp	4872	c211cd94e42c3db16ee9925f9f9abaf2883113f21a83904529653d8d7d7b7e9e
assets/unit_finish/army_artillery_66fac52a1de9.webp	4936	a5f46c2e8ece2dc62aad059e3c792a5f26a3e966553507db03bc9768c695c455
assets/unit_finish/army_artillery_68857cde2f5a.webp	4954	9c3d6308cb6482d4d48f7bf1d1bc278e5c5b47f5c8fa65945d363e456383a3b8
assets/unit_finish/army_artillery_6a5061e9a67c.webp	4198	2a3d13e63c3570f34e7faa4359121cd0425aa35aa813385a5f09aa2df8c7578c
assets/unit_finish/army_artillery_6df252f4a245.webp	4798	8475c6ecae74cc1c83feca35fdc1581962ee925bab57bc52a1d207e61d1823b2
assets/unit_finish/army_artillery_70345d5c8afd.webp	4188	4d21129276b8e9a8368286c83ce98bcc3971a7fc98d4c93b481b4845b1c7af98
assets/unit_finish/army_artillery_748447cfe143.webp	4980	80ed273a23079b2d99cb93bde416105bc5c17b367477cded1fb99a7d1a0e57b7
assets/unit_finish/army_artillery_76903607b7bc.webp	3916	4539a6004bdbc86cb48c28a4c90b623badad648e84cdc7dbe174c486ca009c35
assets/unit_finish/army_artillery_77e76b9b76af.webp	5540	55eb47f9bdbe7104bde82dcf55a4763e09369e0f75818493af89588c00cf057f
assets/unit_finish/army_artillery_7c0b5d965ba1.webp	5022	019d97df33bd5a208172fb43bb275865a0753ab1ad18ec158a837c727a2f38c9
assets/unit_finish/army_artillery_7ee2b7546381.webp	5442	508eaf02b236ee617dfbdde8cd256acd4a6a227d028374f723e57bf9d407026d
assets/unit_finish/army_artillery_802d521a8ab1.webp	4798	8475c6ecae74cc1c83feca35fdc1581962ee925bab57bc52a1d207e61d1823b2
assets/unit_finish/army_artillery_825c6da7f7cb.webp	4920	bdc533ea3ffe5181e99d4e09a941ce266f3212e2750cb11df8810d704a897867
assets/unit_finish/army_artillery_847d4fb704d1.webp	4980	11cfe948236a98646a007c0f84fbad9b8bba6cc46c536d0485e1fb05c70a7255
assets/unit_finish/army_artillery_858a9b9f8980.webp	4918	83b30acefd04afb2a5008223938e71ffffd04b25f7e61873300aa162d2bac015
assets/unit_finish/army_artillery_8617ea7e491b.webp	5014	f58d1eeb346714801df0076eaf1e8ce3192d1d70c89c50df01621f8cc3f061c4
assets/unit_finish/army_artillery_8ec7e3ebd407.webp	5088	968b5846d0c27ed861f3c70550ac9a8b77a5e54f552f8b21263e74bd8dc7d3e4
assets/unit_finish/army_artillery_8f3db6990fb4.webp	4856	f7657d605585278bf6ffda621d42ae026b0b12a796a69165676adc38e1bcd16f
assets/unit_finish/army_artillery_8f9762e78dc6.webp	4220	a65cab6a8fb84859ee6f272726537d85dbd316acf4c8e2658b21934d501edda7
assets/unit_finish/army_artillery_908e5e3d5e89.webp	3916	4539a6004bdbc86cb48c28a4c90b623badad648e84cdc7dbe174c486ca009c35
assets/unit_finish/army_artillery_90f213c22267.webp	5540	55eb47f9bdbe7104bde82dcf55a4763e09369e0f75818493af89588c00cf057f
assets/unit_finish/army_artillery_91348df3551d.webp	4246	01e4a71745c7f16f0d3195c5e49feb555f71ea76b0e9c6e57fa12823034fdb4a
assets/unit_finish/army_artillery_91b6cc8659f4.webp	4948	4edb172343e4c61f53f309414159f108594acafef953e59d057b3959ecac46e1
assets/unit_finish/army_artillery_91e34e9adbf8.webp	4844	fd546bc22e6cf3c2860271bd9dbd2b2a8e6fba2f6886044c19d9cebb1b7885d9
assets/unit_finish/army_artillery_91ead29e81f4.webp	5550	c49bf48f2e5b614bff01120723053e0223068e0bd78150af8be6ce8445a0f2d1
assets/unit_finish/army_artillery_922cfbb3dc5e.webp	4954	9c3d6308cb6482d4d48f7bf1d1bc278e5c5b47f5c8fa65945d363e456383a3b8
assets/unit_finish/army_artillery_9445794b769e.webp	4844	fd546bc22e6cf3c2860271bd9dbd2b2a8e6fba2f6886044c19d9cebb1b7885d9
assets/unit_finish/army_artillery_975721d7b472.webp	3796	6e759a6c877af1bebbe2d054dbae2ce64fa987e546c4405af1580a1561709391
assets/unit_finish/army_artillery_993029f80d40.webp	4188	4d21129276b8e9a8368286c83ce98bcc3971a7fc98d4c93b481b4845b1c7af98
assets/unit_finish/army_artillery_9a0ab17929b2.webp	4948	4edb172343e4c61f53f309414159f108594acafef953e59d057b3959ecac46e1
assets/unit_finish/army_artillery_9ac0c9bffc85.webp	3796	6e759a6c877af1bebbe2d054dbae2ce64fa987e546c4405af1580a1561709391
assets/unit_finish/army_artillery_9ad9aee9780d.webp	4176	b3844d8cd69fa27396e80a497ebb2932c458020d5d52839ad68bacd0a73d0ca4
assets/unit_finish/army_artillery_9b48ca8bcb02.webp	4980	11cfe948236a98646a007c0f84fbad9b8bba6cc46c536d0485e1fb05c70a7255
assets/unit_finish/army_artillery_9b78ba5b14a3.webp	4176	b3844d8cd69fa27396e80a497ebb2932c458020d5d52839ad68bacd0a73d0ca4
assets/unit_finish/army_artillery_9b97811f95e8.webp	5088	968b5846d0c27ed861f3c70550ac9a8b77a5e54f552f8b21263e74bd8dc7d3e4
assets/unit_finish/army_artillery_9c320c31388e.webp	3916	4539a6004bdbc86cb48c28a4c90b623badad648e84cdc7dbe174c486ca009c35
assets/unit_finish/army_artillery_a0bf7bc3a581.webp	4136	9c1fcb686cf9e814888dbfb555b95be26b6e02f3482a2a7717c43e14bca555aa
assets/unit_finish/army_artillery_a0fc315b6bce.webp	4958	5ecd07de249b7355db89ee0c246d18df98dadda800375657aea35970f071aa26
assets/unit_finish/army_artillery_a1433cee6701.webp	4874	39d40c8ed8582a591e08279c4f57f3976e213c35d22ced091787a6e0caa84c1a
assets/unit_finish/army_artillery_a26a41578248.webp	4844	fd546bc22e6cf3c2860271bd9dbd2b2a8e6fba2f6886044c19d9cebb1b7885d9
assets/unit_finish/army_artillery_a3245e3a98cb.webp	5540	55eb47f9bdbe7104bde82dcf55a4763e09369e0f75818493af89588c00cf057f
assets/unit_finish/army_artillery_a3b4a2862b14.webp	3916	4539a6004bdbc86cb48c28a4c90b623badad648e84cdc7dbe174c486ca009c35
assets/unit_finish/army_artillery_a3b6c39e09d9.webp	4918	83b30acefd04afb2a5008223938e71ffffd04b25f7e61873300aa162d2bac015
assets/unit_finish/army_artillery_a6b34339922b.webp	4176	b3844d8cd69fa27396e80a497ebb2932c458020d5d52839ad68bacd0a73d0ca4
assets/unit_finish/army_artillery_a85b653d3ce6.webp	4998	16830df516608b0e258d5a473c988c4514b81cc63ad6cdc97976561dea0a6dd2
assets/unit_finish/army_artillery_a877e401d0d4.webp	5084	170ba4a40d152531acf46ab3263314dd995dcb67718a7369a0ac4e44ad5651b2
assets/unit_finish/army_artillery_ac1c8e8ceac3.webp	4844	fd546bc22e6cf3c2860271bd9dbd2b2a8e6fba2f6886044c19d9cebb1b7885d9
assets/unit_finish/army_artillery_ade797176568.webp	4920	bdc533ea3ffe5181e99d4e09a941ce266f3212e2750cb11df8810d704a897867
assets/unit_finish/army_artillery_afa295e1257c.webp	3796	6e759a6c877af1bebbe2d054dbae2ce64fa987e546c4405af1580a1561709391
assets/unit_finish/army_artillery_b3dd1c41dcb5.webp	3804	b9b57f62feefecf19f166a24c6b8a72a8eeae0a77e7e7a4aaa4a3b38a601c6a1
assets/unit_finish/army_artillery_b3eb3087a08b.webp	5442	508eaf02b236ee617dfbdde8cd256acd4a6a227d028374f723e57bf9d407026d
assets/unit_finish/army_artillery_b4525d261335.webp	4176	b3844d8cd69fa27396e80a497ebb2932c458020d5d52839ad68bacd0a73d0ca4
assets/unit_finish/army_artillery_b4b78f4dcc2a.webp	4844	fd546bc22e6cf3c2860271bd9dbd2b2a8e6fba2f6886044c19d9cebb1b7885d9
assets/unit_finish/army_artillery_b4cefba6fb89.webp	5088	968b5846d0c27ed861f3c70550ac9a8b77a5e54f552f8b21263e74bd8dc7d3e4
assets/unit_finish/army_artillery_b740ae3437a5.webp	5442	508eaf02b236ee617dfbdde8cd256acd4a6a227d028374f723e57bf9d407026d
assets/unit_finish/army_artillery_bb4b15dfe6f7.webp	4258	6b42b5bdb596d5bf2c4df76392c7d4d51ae4957094efa2295566963d19a28b09
assets/unit_finish/army_artillery_bce64f4161ef.webp	5540	55eb47f9bdbe7104bde82dcf55a4763e09369e0f75818493af89588c00cf057f
assets/unit_finish/army_artillery_be0225d3288d.webp	5084	170ba4a40d152531acf46ab3263314dd995dcb67718a7369a0ac4e44ad5651b2
assets/unit_finish/army_artillery_bfcd9c072344.webp	4246	01e4a71745c7f16f0d3195c5e49feb555f71ea76b0e9c6e57fa12823034fdb4a
assets/unit_finish/army_artillery_c04b4ac5588a.webp	3796	6e759a6c877af1bebbe2d054dbae2ce64fa987e546c4405af1580a1561709391
assets/unit_finish/army_artillery_c48778480b75.webp	3796	6e759a6c877af1bebbe2d054dbae2ce64fa987e546c4405af1580a1561709391
assets/unit_finish/army_artillery_c548af77d4dc.webp	5442	508eaf02b236ee617dfbdde8cd256acd4a6a227d028374f723e57bf9d407026d
assets/unit_finish/army_artillery_c8b51d4ab3f6.webp	5476	12f40ebf20576fc85ea555b5c39ed0b3b8491252781acda367a8a9ab768d0893
assets/unit_finish/army_artillery_c9d650b7d3b3.webp	5088	968b5846d0c27ed861f3c70550ac9a8b77a5e54f552f8b21263e74bd8dc7d3e4
assets/unit_finish/army_artillery_cc63c34294e5.webp	4920	bdc533ea3ffe5181e99d4e09a941ce266f3212e2750cb11df8810d704a897867
assets/unit_finish/army_artillery_d03186e8663e.webp	4798	8475c6ecae74cc1c83feca35fdc1581962ee925bab57bc52a1d207e61d1823b2
assets/unit_finish/army_artillery_d2956f0327a3.webp	4980	11cfe948236a98646a007c0f84fbad9b8bba6cc46c536d0485e1fb05c70a7255
assets/unit_finish/army_artillery_d2a07f7998c6.webp	4954	9c3d6308cb6482d4d48f7bf1d1bc278e5c5b47f5c8fa65945d363e456383a3b8
assets/unit_finish/army_artillery_d67fdba2132f.webp	4948	4edb172343e4c61f53f309414159f108594acafef953e59d057b3959ecac46e1
assets/unit_finish/army_artillery_de3b7db4a4f1.webp	4804	d3f8547d91f6dab17eb4a5646bb8daeea34f78f80279bf997910948671dd8896
assets/unit_finish/army_artillery_e0a51774f73d.webp	4176	b3844d8cd69fa27396e80a497ebb2932c458020d5d52839ad68bacd0a73d0ca4
assets/unit_finish/army_artillery_e20ca4856bba.webp	4246	01e4a71745c7f16f0d3195c5e49feb555f71ea76b0e9c6e57fa12823034fdb4a
assets/unit_finish/army_artillery_e4b63d8586fe.webp	3910	5c1cd1c627c51953d8bdcb718314d4f94cdde2eaab58f363f56ef663240628c3
assets/unit_finish/army_artillery_e536c028ae1f.webp	3916	4539a6004bdbc86cb48c28a4c90b623badad648e84cdc7dbe174c486ca009c35
assets/unit_finish/army_artillery_e7aa3c5cd42f.webp	4006	79dafda87dc8a3a3d886031ec88686ff62367ce058bb700aa7b6dbc4a70b28fd
assets/unit_finish/army_artillery_e893c81d5533.webp	3830	e43eb32330e7f1445bd6a61b0d40f60fbb4cd48d121cf651f75e680188b3f76b
assets/unit_finish/army_artillery_e95ecfc7faac.webp	3902	0fc4f4f14e6b227e5c8dea0cf50ebda723f12c9c9818e4974e73bea053de701b
assets/unit_finish/army_artillery_ea8a3517c197.webp	5544	80cb88ea044f60d784dc5ef8e5adbe536107c69b4b677c9aa23ebbe7584fa761
assets/unit_finish/army_artillery_ecf4e031f7e1.webp	3916	4539a6004bdbc86cb48c28a4c90b623badad648e84cdc7dbe174c486ca009c35
assets/unit_finish/army_artillery_f065c914372c.webp	4824	d79a73202ae598b7f1a509f7c81345405157c367bbefb730d196ca6758eed2a5
assets/unit_finish/army_artillery_f25009e8e3f7.webp	4980	11cfe948236a98646a007c0f84fbad9b8bba6cc46c536d0485e1fb05c70a7255
assets/unit_finish/army_artillery_f2caf4862ad9.webp	5442	508eaf02b236ee617dfbdde8cd256acd4a6a227d028374f723e57bf9d407026d
assets/unit_finish/army_artillery_f2e7c868ede4.webp	4188	4d21129276b8e9a8368286c83ce98bcc3971a7fc98d4c93b481b4845b1c7af98
assets/unit_finish/army_artillery_f6308e47c21b.webp	4954	9c3d6308cb6482d4d48f7bf1d1bc278e5c5b47f5c8fa65945d363e456383a3b8
assets/unit_finish/army_artillery_f6a7f5c58ca3.webp	4176	b3844d8cd69fa27396e80a497ebb2932c458020d5d52839ad68bacd0a73d0ca4
assets/unit_finish/army_artillery_f8de8229d39a.webp	4188	4d21129276b8e9a8368286c83ce98bcc3971a7fc98d4c93b481b4845b1c7af98
assets/unit_finish/army_artillery_fd13e17fed49.webp	4920	bdc533ea3ffe5181e99d4e09a941ce266f3212e2750cb11df8810d704a897867
assets/unit_finish/army_artillery_fef0ea2bb879.webp	4750	ebeb237a6af6b5c19f068919c3e194624ddfa194f0381bdcdc8eb3b4f4898684
assets/unit_finish/army_grenadier_03b674ca5b93.webp	4984	aa525f74b604f36e4f5b0c457b9cb18ddd8507e06d1c668736cdbce0531f1142
assets/unit_finish/army_grenadier_059eb7e80087.webp	3372	899c441cafbbcf9cc975b903e57158d07c573dbb30f94ba32c9d21466df59746
assets/unit_finish/army_grenadier_07820b14d7a3.webp	4050	99b60aa3749f4df3512b8ceac3dda324e9f25667d230a04d335fc0666daf7cd4
assets/unit_finish/army_grenadier_0ad7de4e3dd0.webp	4466	52a902f9ccd065bc94f33c5327f048e534bfa9cfb4a94e8b24bbf5832d03a07a
assets/unit_finish/army_grenadier_0fede17f1d46.webp	3602	9060c1fd01898bf7258adb0dcc46827e080e9ee470a53dc767f4f393e0ebcf4e
assets/unit_finish/army_grenadier_14ed3ca206c9.webp	3918	1415e48c049b660cfe4147772b8caedc5a2b7217f66f7d2b26f3a238c748cfde
assets/unit_finish/army_grenadier_1997edd774e7.webp	3918	1415e48c049b660cfe4147772b8caedc5a2b7217f66f7d2b26f3a238c748cfde
assets/unit_finish/army_grenadier_1aa343b2f018.webp	4984	aa525f74b604f36e4f5b0c457b9cb18ddd8507e06d1c668736cdbce0531f1142
assets/unit_finish/army_grenadier_1dd53df20fe6.webp	3864	d53a86043137cdb7e3ecd8361bb5459cc443f67bdacedca78c365097fedecf0e
assets/unit_finish/army_grenadier_21481f3a48ed.webp	3918	1415e48c049b660cfe4147772b8caedc5a2b7217f66f7d2b26f3a238c748cfde
assets/unit_finish/army_grenadier_23b83809e555.webp	3476	0b7d63c3d95bfd855d43dc71c5a0cab164990512b3d18cfd7d2db8bf7ccb2350
assets/unit_finish/army_grenadier_2744242c5d2b.webp	4142	2e50fd084d4dec7ad635db42f4c420c24eb1bba0ef558f7bae427be1fcdf0375
assets/unit_finish/army_grenadier_27fc4d2afe9f.webp	3488	5afbb415358ee91e8baf3bccdf4570026e713c88e1929529d5b0917c1fab99ea
assets/unit_finish/army_grenadier_2d1695af099b.webp	3476	0b7d63c3d95bfd855d43dc71c5a0cab164990512b3d18cfd7d2db8bf7ccb2350
assets/unit_finish/army_grenadier_2fc0b32f5668.webp	4148	973715827adcf07441d41201fb299210639d38983a920e89d308b859de4cc027
assets/unit_finish/army_grenadier_2fe0938b6e88.webp	3242	49d108a40085753f0fd073de5b06073a386397a02e03d4c08cb6d619f0ae7268
assets/unit_finish/army_grenadier_3239fabf3d9f.webp	4466	52a902f9ccd065bc94f33c5327f048e534bfa9cfb4a94e8b24bbf5832d03a07a
assets/unit_finish/army_grenadier_35d30d26cfca.webp	3488	5afbb415358ee91e8baf3bccdf4570026e713c88e1929529d5b0917c1fab99ea
assets/unit_finish/army_grenadier_39b1d8cb233c.webp	4148	973715827adcf07441d41201fb299210639d38983a920e89d308b859de4cc027
assets/unit_finish/army_grenadier_39ba4a46b1bc.webp	3980	a937385641e9c65f4f951890a18a8b8ff4852902462fb42a8d22a689a6da622c
assets/unit_finish/army_grenadier_3bc4b753db22.webp	3488	5afbb415358ee91e8baf3bccdf4570026e713c88e1929529d5b0917c1fab99ea
assets/unit_finish/army_grenadier_3e3530890d2c.webp	4466	52a902f9ccd065bc94f33c5327f048e534bfa9cfb4a94e8b24bbf5832d03a07a
assets/unit_finish/army_grenadier_4198f19d6324.webp	3918	1415e48c049b660cfe4147772b8caedc5a2b7217f66f7d2b26f3a238c748cfde
assets/unit_finish/army_grenadier_4625808f6559.webp	4466	52a902f9ccd065bc94f33c5327f048e534bfa9cfb4a94e8b24bbf5832d03a07a
assets/unit_finish/army_grenadier_4a55e4a206da.webp	3372	899c441cafbbcf9cc975b903e57158d07c573dbb30f94ba32c9d21466df59746
assets/unit_finish/army_grenadier_4ceb4cb100ee.webp	3476	0b7d63c3d95bfd855d43dc71c5a0cab164990512b3d18cfd7d2db8bf7ccb2350
assets/unit_finish/army_grenadier_4dd40c40de7d.webp	4678	f833889a3b44ba95882d173a89d8d88df22eed012f300d7c64d2191e73f1decd
assets/unit_finish/army_grenadier_4e0a5840ddb8.webp	3202	8212419a07cf83f0ba0819fd93878c7f438c43dc673ba251e602fe901c66ab50
assets/unit_finish/army_grenadier_4fe11c8a717a.webp	4466	52a902f9ccd065bc94f33c5327f048e534bfa9cfb4a94e8b24bbf5832d03a07a
assets/unit_finish/army_grenadier_51d9b65f4aa0.webp	4050	99b60aa3749f4df3512b8ceac3dda324e9f25667d230a04d335fc0666daf7cd4
assets/unit_finish/army_grenadier_5b1537f824b9.webp	3476	0b7d63c3d95bfd855d43dc71c5a0cab164990512b3d18cfd7d2db8bf7ccb2350
assets/unit_finish/army_grenadier_5d3e1a10a5b4.webp	4678	f833889a3b44ba95882d173a89d8d88df22eed012f300d7c64d2191e73f1decd
assets/unit_finish/army_grenadier_65c22a71e02b.webp	3476	0b7d63c3d95bfd855d43dc71c5a0cab164990512b3d18cfd7d2db8bf7ccb2350
assets/unit_finish/army_grenadier_66bfcf2ffd0b.webp	4644	e800ef11bd14007ab36c1354c75689a4a9ff6d39137180c71da34cfbf0f68929
assets/unit_finish/army_grenadier_743ab5dccbd6.webp	4148	973715827adcf07441d41201fb299210639d38983a920e89d308b859de4cc027
assets/unit_finish/army_grenadier_7e57c6f9bf48.webp	3152	f974668d665681e81161a8247eaf52b9c45c444c0feb914090e117c224d45ee0
assets/unit_finish/army_grenadier_7f7b5c6db75c.webp	3476	0b7d63c3d95bfd855d43dc71c5a0cab164990512b3d18cfd7d2db8bf7ccb2350
assets/unit_finish/army_grenadier_81122fd0ad77.webp	4678	f833889a3b44ba95882d173a89d8d88df22eed012f300d7c64d2191e73f1decd
assets/unit_finish/army_grenadier_812eecd8c77e.webp	3372	899c441cafbbcf9cc975b903e57158d07c573dbb30f94ba32c9d21466df59746
assets/unit_finish/army_grenadier_88e1be9b9f43.webp	4636	8b6c5b6b686daa48566772c373ca792302ace6b133047c4c436f6e61da452f2b
assets/unit_finish/army_grenadier_8ced400c6014.webp	4984	aa525f74b604f36e4f5b0c457b9cb18ddd8507e06d1c668736cdbce0531f1142
assets/unit_finish/army_grenadier_8d9faa45fa6c.webp	3372	899c441cafbbcf9cc975b903e57158d07c573dbb30f94ba32c9d21466df59746
assets/unit_finish/army_grenadier_8f932de58069.webp	4148	973715827adcf07441d41201fb299210639d38983a920e89d308b859de4cc027
assets/unit_finish/army_grenadier_8fd2ff5e872b.webp	4678	f833889a3b44ba95882d173a89d8d88df22eed012f300d7c64d2191e73f1decd
assets/unit_finish/army_grenadier_90a5a8330e99.webp	4620	79ddfe87ec4e5d239aa0dc29bcaa3e0b8e2690cda52bac016ad095bf13176810
assets/unit_finish/army_grenadier_9266d2006fd4.webp	4148	973715827adcf07441d41201fb299210639d38983a920e89d308b859de4cc027
assets/unit_finish/army_grenadier_93fb7d97613e.webp	4148	973715827adcf07441d41201fb299210639d38983a920e89d308b859de4cc027
assets/unit_finish/army_grenadier_98b2607bfdd1.webp	4372	d36135b78119c70b90fa0408568d1ec45b589c6607da742c09671505f2ca5a19
assets/unit_finish/army_grenadier_99a236cd7c77.webp	4050	99b60aa3749f4df3512b8ceac3dda324e9f25667d230a04d335fc0666daf7cd4
assets/unit_finish/army_grenadier_9f9edafb5581.webp	3488	5afbb415358ee91e8baf3bccdf4570026e713c88e1929529d5b0917c1fab99ea
assets/unit_finish/army_grenadier_a06abdc03730.webp	4692	c25d6a1b94f17bb3378ff3068ee5f84f6ca01cd1a35c4996e3cda6c79f211870
assets/unit_finish/army_grenadier_a28f18d60b2c.webp	3260	3d8cf778849bfde28978aecf90e67a5ce27471a79eed8ed7db10d9905d276572
assets/unit_finish/army_grenadier_aaaf59cf6ec3.webp	4868	1fad8109d5f34f02bc41819bb712c4dcd44ccbc0ad01357e03a0e575ae3bb2e7
assets/unit_finish/army_grenadier_ab650010baec.webp	3918	1415e48c049b660cfe4147772b8caedc5a2b7217f66f7d2b26f3a238c748cfde
assets/unit_finish/army_grenadier_ab9b1e01702a.webp	3488	5afbb415358ee91e8baf3bccdf4570026e713c88e1929529d5b0917c1fab99ea
assets/unit_finish/army_grenadier_ae20b0e79ef8.webp	4668	8719e7c9ed538d1675be88ecccf7a8cac256a7ae9b093686e641ee4ebce6f3db
assets/unit_finish/army_grenadier_b868a4801cd9.webp	3488	5afbb415358ee91e8baf3bccdf4570026e713c88e1929529d5b0917c1fab99ea
assets/unit_finish/army_grenadier_be78d4a26adb.webp	3372	899c441cafbbcf9cc975b903e57158d07c573dbb30f94ba32c9d21466df59746
assets/unit_finish/army_grenadier_c1551f6fe2cf.webp	4466	52a902f9ccd065bc94f33c5327f048e534bfa9cfb4a94e8b24bbf5832d03a07a
assets/unit_finish/army_grenadier_c5635e42b16c.webp	4466	52a902f9ccd065bc94f33c5327f048e534bfa9cfb4a94e8b24bbf5832d03a07a
assets/unit_finish/army_grenadier_c95437ffaf49.webp	3236	a6d1bc9c6e2658b5c2827c717872e90ea361d2486b7bd1292a23c865a215004b
assets/unit_finish/army_grenadier_caa79c9bfac2.webp	4678	f833889a3b44ba95882d173a89d8d88df22eed012f300d7c64d2191e73f1decd
assets/unit_finish/army_grenadier_cc3eec964ca1.webp	4984	aa525f74b604f36e4f5b0c457b9cb18ddd8507e06d1c668736cdbce0531f1142
assets/unit_finish/army_grenadier_d2df9a9a1434.webp	3918	1415e48c049b660cfe4147772b8caedc5a2b7217f66f7d2b26f3a238c748cfde
assets/unit_finish/army_grenadier_d45ba59ce659.webp	4984	aa525f74b604f36e4f5b0c457b9cb18ddd8507e06d1c668736cdbce0531f1142
assets/unit_finish/army_grenadier_d508e0790c6b.webp	3846	f0b6226603899d966926bd603458cec4f783fc1e092f70c4e1ac19b3f7c0b0b7
assets/unit_finish/army_grenadier_dc821609a808.webp	3476	0b7d63c3d95bfd855d43dc71c5a0cab164990512b3d18cfd7d2db8bf7ccb2350
assets/unit_finish/army_grenadier_dd5dcd992cf7.webp	4984	aa525f74b604f36e4f5b0c457b9cb18ddd8507e06d1c668736cdbce0531f1142
assets/unit_finish/army_grenadier_df88585e9361.webp	3372	899c441cafbbcf9cc975b903e57158d07c573dbb30f94ba32c9d21466df59746
assets/unit_finish/army_grenadier_e16c94d558bc.webp	4678	f833889a3b44ba95882d173a89d8d88df22eed012f300d7c64d2191e73f1decd
assets/unit_finish/army_grenadier_e23966a4786b.webp	4050	99b60aa3749f4df3512b8ceac3dda324e9f25667d230a04d335fc0666daf7cd4
assets/unit_finish/army_grenadier_eae8d961f446.webp	4984	aa525f74b604f36e4f5b0c457b9cb18ddd8507e06d1c668736cdbce0531f1142
assets/unit_finish/army_grenadier_f260fae66c4f.webp	3918	1415e48c049b660cfe4147772b8caedc5a2b7217f66f7d2b26f3a238c748cfde
assets/unit_finish/army_grenadier_f35c283eb162.webp	4148	973715827adcf07441d41201fb299210639d38983a920e89d308b859de4cc027
assets/unit_finish/army_grenadier_fc8647482b1a.webp	4050	99b60aa3749f4df3512b8ceac3dda324e9f25667d230a04d335fc0666daf7cd4
assets/unit_finish/army_grenadier_fcc8e270c5d9.webp	4050	99b60aa3749f4df3512b8ceac3dda324e9f25667d230a04d335fc0666daf7cd4
assets/unit_finish/army_grenadier_fcdc29da03cb.webp	4200	5191e6a38483a9b4c20cec59dc1c939a8b3566b8896860eda9665b17be6b4ffd
assets/unit_finish/army_grenadier_fefda5ae4784.webp	3488	5afbb415358ee91e8baf3bccdf4570026e713c88e1929529d5b0917c1fab99ea
assets/unit_finish/army_guards_077e466112c0.webp	3970	9c4d089cd70054dbcdcb157fe64fc3fa4a7f3c43a4cf6fbdde02612e636d433b
assets/unit_finish/army_guards_07b5978a8cba.webp	4988	9ae273b2c6d9ec1ef43f0ad227b0d36ff3510a3043303c2ccc74780395094781
assets/unit_finish/army_guards_0923e4339f74.webp	4566	8860bd589db5ddd4622ee516087287a05da7542064b12ae82fd6f59f1124c916
assets/unit_finish/army_guards_0bea6f956961.webp	3278	b9a3c9b3effd4cf568a55836343280ec9e6ba06b051ff1d31d4134ee1b80f57e
assets/unit_finish/army_guards_122e1ae86fd3.webp	4566	3f6f8fc066892171c77e30d08ca6e84a3ae3627e36a2f5766358d46523fe3c66
assets/unit_finish/army_guards_151f62dbad23.webp	4566	3f6f8fc066892171c77e30d08ca6e84a3ae3627e36a2f5766358d46523fe3c66
assets/unit_finish/army_guards_15b777aebe1f.webp	3486	3c84e55828246b5505fbb62d9b84bdb478e2d2dc857c75ef384614442ada33b9
assets/unit_finish/army_guards_1bbbecebdcf5.webp	3518	805af09109094e54f7a4d385ffc580a7b2d9ce8dae177b9cf6ea48a7c37819a4
assets/unit_finish/army_guards_241991f42a45.webp	4566	3f6f8fc066892171c77e30d08ca6e84a3ae3627e36a2f5766358d46523fe3c66
assets/unit_finish/army_guards_24afba58bdf1.webp	3818	9be81076a5c4b2be17ea14dc8628bfdb3587ecbeb160b5e9d7188879594df467
assets/unit_finish/army_guards_29a69058ca41.webp	3486	3c84e55828246b5505fbb62d9b84bdb478e2d2dc857c75ef384614442ada33b9
assets/unit_finish/army_guards_2ae2df034613.webp	5344	2f018843c88fc652910fceb176c067605235e102326fb0666d97919380d670ee
assets/unit_finish/army_guards_2c7432d14651.webp	3486	3c84e55828246b5505fbb62d9b84bdb478e2d2dc857c75ef384614442ada33b9
assets/unit_finish/army_guards_3109fd7f6181.webp	3818	9be81076a5c4b2be17ea14dc8628bfdb3587ecbeb160b5e9d7188879594df467
assets/unit_finish/army_guards_35283a9fde6a.webp	4988	9ae273b2c6d9ec1ef43f0ad227b0d36ff3510a3043303c2ccc74780395094781
assets/unit_finish/army_guards_3652339c1874.webp	5158	22d31a55029907f976455d6a7cfa8f4222a44d58beace283ff89947ff1fa89d8
assets/unit_finish/army_guards_3682a9dc253a.webp	5102	4e01f070c4861eca00b59a7a699c28395535c1c570d15a9b3faab5183bbe8b59
assets/unit_finish/army_guards_3a39292edbaf.webp	3242	e7e414b2dcf8008644654ae9bc1039a2fd36bdc4672d50620309933ed58ced42
assets/unit_finish/army_guards_3b04098fcc2e.webp	5102	4e01f070c4861eca00b59a7a699c28395535c1c570d15a9b3faab5183bbe8b59
assets/unit_finish/army_guards_416a2a7c137d.webp	4486	ff92167a9979cc51d52693aa52be4f55cc3ef2511b6a742c9b3230861164a5e5
assets/unit_finish/army_guards_41a0354d2cc7.webp	5102	4e01f070c4861eca00b59a7a699c28395535c1c570d15a9b3faab5183bbe8b59
assets/unit_finish/army_guards_495119ff97e8.webp	3420	d7c36ce63546d52e3ca9e404fa2c38c6ef197a3fa4f54dbe0d5d10daa4d0ab30
assets/unit_finish/army_guards_4b9aa5ac98e3.webp	5102	4e01f070c4861eca00b59a7a699c28395535c1c570d15a9b3faab5183bbe8b59
assets/unit_finish/army_guards_4bf022b2d54b.webp	4534	e9acab34ba18add8159317589a2e676c100c79637fa01cd1ae0268e50e22c75c
assets/unit_finish/army_guards_5226aae759da.webp	5102	4e01f070c4861eca00b59a7a699c28395535c1c570d15a9b3faab5183bbe8b59
assets/unit_finish/army_guards_5c1b192f2ce7.webp	4678	b8452577348bd56bb7fc635b692aff290505062c00af55ac478a3ffb23f05f28
assets/unit_finish/army_guards_5c9bdf4b6fa5.webp	4566	1322a48d0a0ab9495bd5eb62a07b09d4dbd997a4b278fe3df76a8976dcb30233
assets/unit_finish/army_guards_5dadee74179c.webp	4988	9ae273b2c6d9ec1ef43f0ad227b0d36ff3510a3043303c2ccc74780395094781
assets/unit_finish/army_guards_5e26f7d1d647.webp	3278	b9a3c9b3effd4cf568a55836343280ec9e6ba06b051ff1d31d4134ee1b80f57e
assets/unit_finish/army_guards_605d5168abb2.webp	3518	805af09109094e54f7a4d385ffc580a7b2d9ce8dae177b9cf6ea48a7c37819a4
assets/unit_finish/army_guards_642605cdb972.webp	5102	4e01f070c4861eca00b59a7a699c28395535c1c570d15a9b3faab5183bbe8b59
assets/unit_finish/army_guards_6514a8bece8b.webp	4458	5d1b3239a977c66c43503b2032652c6ad35a7bdb205cbe13cf452f5357b08784
assets/unit_finish/army_guards_6692c1a11e8b.webp	3818	9be81076a5c4b2be17ea14dc8628bfdb3587ecbeb160b5e9d7188879594df467
assets/unit_finish/army_guards_66933ebd1fa1.webp	3278	b9a3c9b3effd4cf568a55836343280ec9e6ba06b051ff1d31d4134ee1b80f57e
assets/unit_finish/army_guards_6a6bbf6aa93c.webp	4674	87a6ae6085e98cfcab03cecf3365d34b11f8f1a9d73f73493d1315ff6431ca96
assets/unit_finish/army_guards_6b250d034c26.webp	4534	e9acab34ba18add8159317589a2e676c100c79637fa01cd1ae0268e50e22c75c
assets/unit_finish/army_guards_7562ad6399ec.webp	4244	3e302386889cb7a7987771cf2defe707bf9225b28cba376f1b18e2671aefd9cb
assets/unit_finish/army_guards_7597d0b69585.webp	3632	5fc089b2671c4c15f2095aa8370483e63edfb2dd6f8bc4185dfdd1b88a0f9c6f
assets/unit_finish/army_guards_75fcab92819b.webp	3310	a515dc29d976e42674311e039b391a73cbb95ae7e63065eb17e71af49dcb7913
assets/unit_finish/army_guards_81356b17b9b0.webp	3518	805af09109094e54f7a4d385ffc580a7b2d9ce8dae177b9cf6ea48a7c37819a4
assets/unit_finish/army_guards_83c330d5f2ea.webp	4988	9ae273b2c6d9ec1ef43f0ad227b0d36ff3510a3043303c2ccc74780395094781
assets/unit_finish/army_guards_88782167bfda.webp	3518	805af09109094e54f7a4d385ffc580a7b2d9ce8dae177b9cf6ea48a7c37819a4
assets/unit_finish/army_guards_8a08ccbe726e.webp	4988	9ae273b2c6d9ec1ef43f0ad227b0d36ff3510a3043303c2ccc74780395094781
assets/unit_finish/army_guards_8b45e973bc61.webp	4566	3f6f8fc066892171c77e30d08ca6e84a3ae3627e36a2f5766358d46523fe3c66
assets/unit_finish/army_guards_8cca8d23206e.webp	3818	9be81076a5c4b2be17ea14dc8628bfdb3587ecbeb160b5e9d7188879594df467
assets/unit_finish/army_guards_9096ee30a8a2.webp	3486	3c84e55828246b5505fbb62d9b84bdb478e2d2dc857c75ef384614442ada33b9
assets/unit_finish/army_guards_90c36fb4f31f.webp	4566	3f6f8fc066892171c77e30d08ca6e84a3ae3627e36a2f5766358d46523fe3c66
assets/unit_finish/army_guards_94c5e77f686c.webp	4458	5d1b3239a977c66c43503b2032652c6ad35a7bdb205cbe13cf452f5357b08784
assets/unit_finish/army_guards_9ad606caed69.webp	3278	b9a3c9b3effd4cf568a55836343280ec9e6ba06b051ff1d31d4134ee1b80f57e
assets/unit_finish/army_guards_9b537e7dac19.webp	3818	9be81076a5c4b2be17ea14dc8628bfdb3587ecbeb160b5e9d7188879594df467
assets/unit_finish/army_guards_a0ea5c0fd096.webp	3518	805af09109094e54f7a4d385ffc580a7b2d9ce8dae177b9cf6ea48a7c37819a4
assets/unit_finish/army_guards_a9656d89cb44.webp	3278	b9a3c9b3effd4cf568a55836343280ec9e6ba06b051ff1d31d4134ee1b80f57e
assets/unit_finish/army_guards_ab229784db65.webp	4338	9bd8ef9263538e25052ca835a4d909a7f4ce9dcbbf6765894e67f36e94d0f4d4
assets/unit_finish/army_guards_ab5604c60a5d.webp	4566	3f6f8fc066892171c77e30d08ca6e84a3ae3627e36a2f5766358d46523fe3c66
assets/unit_finish/army_guards_ac405e905e61.webp	4458	5d1b3239a977c66c43503b2032652c6ad35a7bdb205cbe13cf452f5357b08784
assets/unit_finish/army_guards_b2cd2f7f8ec5.webp	3278	b9a3c9b3effd4cf568a55836343280ec9e6ba06b051ff1d31d4134ee1b80f57e
assets/unit_finish/army_guards_b562a90ab056.webp	5102	4e01f070c4861eca00b59a7a699c28395535c1c570d15a9b3faab5183bbe8b59
assets/unit_finish/army_guards_b5715ba17b96.webp	3486	3c84e55828246b5505fbb62d9b84bdb478e2d2dc857c75ef384614442ada33b9
assets/unit_finish/army_guards_b691960b9536.webp	4458	5d1b3239a977c66c43503b2032652c6ad35a7bdb205cbe13cf452f5357b08784
assets/unit_finish/army_guards_b75ecdde094e.webp	3518	805af09109094e54f7a4d385ffc580a7b2d9ce8dae177b9cf6ea48a7c37819a4
assets/unit_finish/army_guards_b80492699e7f.webp	4788	ad63e522d68b20ad2d706b4e3c6648109d4e251f5217e5300a17f9d5db607af5
assets/unit_finish/army_guards_b988927504f1.webp	3818	9be81076a5c4b2be17ea14dc8628bfdb3587ecbeb160b5e9d7188879594df467
assets/unit_finish/army_guards_c0efd3af1f89.webp	4458	5d1b3239a977c66c43503b2032652c6ad35a7bdb205cbe13cf452f5357b08784
assets/unit_finish/army_guards_c4a47058553e.webp	3616	c0c779121db50c855bb8b9d2c74062a3f6345f1a39a1b85002a5fd20f547716a
assets/unit_finish/army_guards_c96edfd9bf12.webp	4458	5d1b3239a977c66c43503b2032652c6ad35a7bdb205cbe13cf452f5357b08784
assets/unit_finish/army_guards_cbf90f14ffe9.webp	4534	e9acab34ba18add8159317589a2e676c100c79637fa01cd1ae0268e50e22c75c
assets/unit_finish/army_guards_d3d7a66b4877.webp	5168	d6535232eda7329fb35471dd085a2a7657408858fac95d241be45726b2bd7378
assets/unit_finish/army_guards_d473862f9f6c.webp	4534	e9acab34ba18add8159317589a2e676c100c79637fa01cd1ae0268e50e22c75c
assets/unit_finish/army_guards_d8100c89a77e.webp	5382	e5e7860285e2278395d5f19ffb0b09ed367348842969f69595412ee889ad61ee
assets/unit_finish/army_guards_db0b43689bc0.webp	4226	819ddeb9fe1155a064d9eab9208b4cb265baf58f265ecce46a7581736609e000
assets/unit_finish/army_guards_e337137c1260.webp	4534	e9acab34ba18add8159317589a2e676c100c79637fa01cd1ae0268e50e22c75c
assets/unit_finish/army_guards_e6994ffa8b93.webp	3278	b9a3c9b3effd4cf568a55836343280ec9e6ba06b051ff1d31d4134ee1b80f57e
assets/unit_finish/army_guards_ec4dd5ef7e68.webp	3636	c7019822bd94cf91d833c56c77728b12ca6315b084e353520f70a7ca56618eaf
assets/unit_finish/army_guards_f0be086d8965.webp	4534	e9acab34ba18add8159317589a2e676c100c79637fa01cd1ae0268e50e22c75c
assets/unit_finish/army_guards_f2fa85f944b4.webp	4988	9ae273b2c6d9ec1ef43f0ad227b0d36ff3510a3043303c2ccc74780395094781
assets/unit_finish/army_guards_f3932e3b1029.webp	3486	3c84e55828246b5505fbb62d9b84bdb478e2d2dc857c75ef384614442ada33b9
assets/unit_finish/army_guards_f52d8407ea8b.webp	3518	805af09109094e54f7a4d385ffc580a7b2d9ce8dae177b9cf6ea48a7c37819a4
assets/unit_finish/army_guards_f55c2f0485a7.webp	4566	3f6f8fc066892171c77e30d08ca6e84a3ae3627e36a2f5766358d46523fe3c66
assets/unit_finish/army_guards_f6433a4e159b.webp	3818	9be81076a5c4b2be17ea14dc8628bfdb3587ecbeb160b5e9d7188879594df467
assets/unit_finish/army_guards_f66d10777dc9.webp	5070	58ac0a8865d539ee75a4dc434a955e074467bdf897ce1de0454a89bce4953ce7
assets/unit_finish/army_guards_fe86c30812d7.webp	4534	e9acab34ba18add8159317589a2e676c100c79637fa01cd1ae0268e50e22c75c
assets/unit_finish/army_guardscavalry_00d5f4cdc74c.webp	3514	63551485fc27d582892e9f23a69c23432e85047faccb3986fd385989fded2d1b
assets/unit_finish/army_guardscavalry_0297269fd675.webp	3520	6c84457f20bb89f61559faa42f7ff1b1dd3725dc1368ecc127587b293d9a13ca
assets/unit_finish/army_guardscavalry_032ed3c20257.webp	3466	81d370c8422273f2f6c3b29fd72c64c6db59a149a7d4d65c7406d3fe1fc3e67c
assets/unit_finish/army_guardscavalry_03a304fc2c39.webp	4328	b399e822baafc63047442d013324617be467fb67846f2a5abf74492fe81cf86a
assets/unit_finish/army_guardscavalry_088dcbbad556.webp	4334	65ef5214709b1045487d5d0e1e35584e835177d756fa694db45c5c795f97fc26
assets/unit_finish/army_guardscavalry_0a831e5241ba.webp	3510	262919128cf27ca1219d624c95406c650cb1c30c1b6c3b1a6a2dd4078461b9b6
assets/unit_finish/army_guardscavalry_1d5490bfbc24.webp	3520	6c84457f20bb89f61559faa42f7ff1b1dd3725dc1368ecc127587b293d9a13ca
assets/unit_finish/army_guardscavalry_1eb89905e291.webp	4334	65ef5214709b1045487d5d0e1e35584e835177d756fa694db45c5c795f97fc26
assets/unit_finish/army_guardscavalry_2083c352f32f.webp	3520	6c84457f20bb89f61559faa42f7ff1b1dd3725dc1368ecc127587b293d9a13ca
assets/unit_finish/army_guardscavalry_23d29b7198c8.webp	3514	63551485fc27d582892e9f23a69c23432e85047faccb3986fd385989fded2d1b
assets/unit_finish/army_guardscavalry_24c91ed45e08.webp	4314	58f5c2a38eefae6544e47638d26288ca63eb2d17a9f2b9ba5b16fb612e2d5035
assets/unit_finish/army_guardscavalry_24cbdbca7bcc.webp	3540	aa945d8c7495568f6e583a953e04a0ca765b6b783d961d66df9cfd3f58c8c330
assets/unit_finish/army_guardscavalry_2d2c3cc790eb.webp	4718	3f1b94f9f898e8f9dd6ecd8cdf2f2e3577cee6d263d8774d6f0ef70bef50298d
assets/unit_finish/army_guardscavalry_2dc95ec14201.webp	4334	65ef5214709b1045487d5d0e1e35584e835177d756fa694db45c5c795f97fc26
assets/unit_finish/army_guardscavalry_2eb2bb9bbaaf.webp	3466	81d370c8422273f2f6c3b29fd72c64c6db59a149a7d4d65c7406d3fe1fc3e67c
assets/unit_finish/army_guardscavalry_3ac88a2d27e0.webp	4300	8281096429a3f031a20e7f6c8648cda410a1ba87749809dfea1082a23a7f575d
assets/unit_finish/army_guardscavalry_3c2837428232.webp	4328	b399e822baafc63047442d013324617be467fb67846f2a5abf74492fe81cf86a
assets/unit_finish/army_guardscavalry_4debacd62ed8.webp	3466	81d370c8422273f2f6c3b29fd72c64c6db59a149a7d4d65c7406d3fe1fc3e67c
assets/unit_finish/army_guardscavalry_4eb887dbd993.webp	4328	b399e822baafc63047442d013324617be467fb67846f2a5abf74492fe81cf86a
assets/unit_finish/army_guardscavalry_501e24f0b034.webp	4374	0dc1d31fd4f2594aadf8c29341a1443aa144a1c31098c0bb60941898dd792796
assets/unit_finish/army_guardscavalry_525189cdf781.webp	4368	75fbb4079d757df05174f58db08f32f160578d24b8052f03edfe8f42a36d7f08
assets/unit_finish/army_guardscavalry_6095675ac7da.webp	4334	65ef5214709b1045487d5d0e1e35584e835177d756fa694db45c5c795f97fc26
assets/unit_finish/army_guardscavalry_64070966f738.webp	4276	1ea764a1c24dcf51ea655d0494bb8ba3cfc81dc452086d9b4ed94f08a04f2626
assets/unit_finish/army_guardscavalry_6aa49b0c8548.webp	3520	6c84457f20bb89f61559faa42f7ff1b1dd3725dc1368ecc127587b293d9a13ca
assets/unit_finish/army_guardscavalry_7223b6e7e17e.webp	4328	b399e822baafc63047442d013324617be467fb67846f2a5abf74492fe81cf86a
assets/unit_finish/army_guardscavalry_7c21ed934218.webp	3514	63551485fc27d582892e9f23a69c23432e85047faccb3986fd385989fded2d1b
assets/unit_finish/army_guardscavalry_80c6cdbc8388.webp	4276	1ea764a1c24dcf51ea655d0494bb8ba3cfc81dc452086d9b4ed94f08a04f2626
assets/unit_finish/army_guardscavalry_80fab5e4f98d.webp	4334	65ef5214709b1045487d5d0e1e35584e835177d756fa694db45c5c795f97fc26
assets/unit_finish/army_guardscavalry_813bf71f97af.webp	3520	6c84457f20bb89f61559faa42f7ff1b1dd3725dc1368ecc127587b293d9a13ca
assets/unit_finish/army_guardscavalry_8d07531ddcd2.webp	3550	527a582997f8d23ef2ddffe6fd2a63e2f577c0eb4a87ee2c6c7c8ee10fe11bea
assets/unit_finish/army_guardscavalry_8d0b8b9f4e40.webp	3514	63551485fc27d582892e9f23a69c23432e85047faccb3986fd385989fded2d1b
assets/unit_finish/army_guardscavalry_8fb4129eb98c.webp	4276	1ea764a1c24dcf51ea655d0494bb8ba3cfc81dc452086d9b4ed94f08a04f2626
assets/unit_finish/army_guardscavalry_987834d42c66.webp	3540	5011ac98c7620be70552192c8ed815fce0aa57920401580fae179972b8c0dea4
assets/unit_finish/army_guardscavalry_9cdb294a5130.webp	4276	1ea764a1c24dcf51ea655d0494bb8ba3cfc81dc452086d9b4ed94f08a04f2626
assets/unit_finish/army_guardscavalry_9f9406e4d643.webp	4276	1ea764a1c24dcf51ea655d0494bb8ba3cfc81dc452086d9b4ed94f08a04f2626
assets/unit_finish/army_guardscavalry_ac544adb6071.webp	3520	6c84457f20bb89f61559faa42f7ff1b1dd3725dc1368ecc127587b293d9a13ca
assets/unit_finish/army_guardscavalry_af3165400aa4.webp	4328	b399e822baafc63047442d013324617be467fb67846f2a5abf74492fe81cf86a
assets/unit_finish/army_guardscavalry_b27dca7d37d4.webp	4328	b399e822baafc63047442d013324617be467fb67846f2a5abf74492fe81cf86a
assets/unit_finish/army_guardscavalry_b2ea57674a0b.webp	3514	63551485fc27d582892e9f23a69c23432e85047faccb3986fd385989fded2d1b
assets/unit_finish/army_guardscavalry_c06c95a1557a.webp	4276	1ea764a1c24dcf51ea655d0494bb8ba3cfc81dc452086d9b4ed94f08a04f2626
assets/unit_finish/army_guardscavalry_d8437aee031c.webp	3466	81d370c8422273f2f6c3b29fd72c64c6db59a149a7d4d65c7406d3fe1fc3e67c
assets/unit_finish/army_guardscavalry_da66e86227f2.webp	4276	1ea764a1c24dcf51ea655d0494bb8ba3cfc81dc452086d9b4ed94f08a04f2626
assets/unit_finish/army_guardscavalry_da97a3045f0b.webp	3544	54f69cc24b00d848c102e95a1072505b08c9c2f47035a72d52a071f68a81b038
assets/unit_finish/army_guardscavalry_e31b51cf580f.webp	3466	81d370c8422273f2f6c3b29fd72c64c6db59a149a7d4d65c7406d3fe1fc3e67c
assets/unit_finish/army_guardscavalry_eb7ed6a0d5f5.webp	3466	81d370c8422273f2f6c3b29fd72c64c6db59a149a7d4d65c7406d3fe1fc3e67c
assets/unit_finish/army_guardscavalry_ed07b167dc41.webp	3530	6bd9135f455b9c27ff2cb1e6531d4fe6e53d4cd39f9d01b38fe3bc5b63719baa
assets/unit_finish/army_guardscavalry_ed58b0e7c862.webp	4388	23570ea5d6efaf7ab362313b177317e5fd41051402e90d3cbe55d000aa60b965
assets/unit_finish/army_guardscavalry_f6f07adb4460.webp	3514	63551485fc27d582892e9f23a69c23432e85047faccb3986fd385989fded2d1b
assets/unit_finish/army_guardscavalry_fba1fb647b41.webp	3514	63551485fc27d582892e9f23a69c23432e85047faccb3986fd385989fded2d1b
assets/unit_finish/army_guardscavalry_fc595df3ac60.webp	4334	65ef5214709b1045487d5d0e1e35584e835177d756fa694db45c5c795f97fc26
assets/unit_finish/army_guardscavalry_fef0998a12fd.webp	4328	b399e822baafc63047442d013324617be467fb67846f2a5abf74492fe81cf86a
assets/unit_finish/army_guardscavalry_ff8042bd4792.webp	3466	81d370c8422273f2f6c3b29fd72c64c6db59a149a7d4d65c7406d3fe1fc3e67c
assets/unit_finish/army_heavycavalry_0e03e12acbbf.webp	3888	893bc5d937157ca13980497605d701527fc0b811a771b72c287a2c376cf5b8db
assets/unit_finish/army_heavycavalry_0e3668fc4ead.webp	3146	4beee170342ffa9de41a69b8a636175818155380d7f4ebaf2ee8e5f2419a83e1
assets/unit_finish/army_heavycavalry_27d1369f4048.webp	3112	241bf000bfa32d5dfa3cbd3786e809be13146e5dc72b556ebeab7bed4a0cb14e
assets/unit_finish/army_heavycavalry_2b8aa2792995.webp	3146	4beee170342ffa9de41a69b8a636175818155380d7f4ebaf2ee8e5f2419a83e1
assets/unit_finish/army_heavycavalry_329cfb89e679.webp	3094	a2e2344640b10e5f29cf71db8c1184825d146f736f2767080b47bdc19b0a56b8
assets/unit_finish/army_heavycavalry_376c34d22cc7.webp	3936	6ac24679136463abcb02060dfe8f5daf663cb603f51232fdef480a0173c6c311
assets/unit_finish/army_heavycavalry_394f5dabd9ed.webp	3236	69fb0ade256dddc11c84987fd8babdbcd0c39f2501f070c7c711eb1d7b9b6119
assets/unit_finish/army_heavycavalry_3e789a5dd4e5.webp	3936	6ac24679136463abcb02060dfe8f5daf663cb603f51232fdef480a0173c6c311
assets/unit_finish/army_heavycavalry_3fd7438a7963.webp	3936	6ac24679136463abcb02060dfe8f5daf663cb603f51232fdef480a0173c6c311
assets/unit_finish/army_heavycavalry_4332ec726ed2.webp	3926	3580330bde9252544ed2071e1458014d9a8926bef2b7076adbfae628eba99783
assets/unit_finish/army_heavycavalry_45426138a676.webp	3112	241bf000bfa32d5dfa3cbd3786e809be13146e5dc72b556ebeab7bed4a0cb14e
assets/unit_finish/army_heavycavalry_474456a133a1.webp	3926	3580330bde9252544ed2071e1458014d9a8926bef2b7076adbfae628eba99783
assets/unit_finish/army_heavycavalry_55a55e77792a.webp	3936	6ac24679136463abcb02060dfe8f5daf663cb603f51232fdef480a0173c6c311
assets/unit_finish/army_heavycavalry_57f56bda45ad.webp	3292	b2cb9c3144b31f50948be8bbae0e1e4012f58fc648fb4700bb23d1a8d11e2878
assets/unit_finish/army_heavycavalry_5dfc2a1dd5e2.webp	3112	241bf000bfa32d5dfa3cbd3786e809be13146e5dc72b556ebeab7bed4a0cb14e
assets/unit_finish/army_heavycavalry_601ec47e0215.webp	3956	ad09e94509de1358347bac17b5e7dac73ceff494bfc3ef3d9e07ffeadcde5cb7
assets/unit_finish/army_heavycavalry_6212e82b465c.webp	3112	241bf000bfa32d5dfa3cbd3786e809be13146e5dc72b556ebeab7bed4a0cb14e
assets/unit_finish/army_heavycavalry_665e2da86f09.webp	3982	5cd22509fbfc8ac01ffda4747b66f280a1a0ad50cc25a603072e4537c57711d0
assets/unit_finish/army_heavycavalry_782e06ca7140.webp	3926	3580330bde9252544ed2071e1458014d9a8926bef2b7076adbfae628eba99783
assets/unit_finish/army_heavycavalry_7c8f51073608.webp	3888	893bc5d937157ca13980497605d701527fc0b811a771b72c287a2c376cf5b8db
assets/unit_finish/army_heavycavalry_7e2bb4478eaa.webp	3908	4c4b92d65fa8b52c63ff4a9689d094eb7be23157d069a21ea98774267fc7c00c
assets/unit_finish/army_heavycavalry_81abac2d15a9.webp	3134	29021dd9da4e8069efa68921cc069cdc9a773cab8370e43ebd222782e5acc097
assets/unit_finish/army_heavycavalry_846f9f3a4b46.webp	3926	3580330bde9252544ed2071e1458014d9a8926bef2b7076adbfae628eba99783
assets/unit_finish/army_heavycavalry_84ae4d30ca56.webp	3936	6ac24679136463abcb02060dfe8f5daf663cb603f51232fdef480a0173c6c311
assets/unit_finish/army_heavycavalry_8ab8d5a77233.webp	3236	69fb0ade256dddc11c84987fd8babdbcd0c39f2501f070c7c711eb1d7b9b6119
assets/unit_finish/army_heavycavalry_8c7779687e3f.webp	3888	893bc5d937157ca13980497605d701527fc0b811a771b72c287a2c376cf5b8db
assets/unit_finish/army_heavycavalry_8c8738332d87.webp	3236	45256853922a9355d0a31d1f3b6b09b654caad353f0fe2005348fb72e5fb0e63
assets/unit_finish/army_heavycavalry_8cfaf1b53ccf.webp	3888	893bc5d937157ca13980497605d701527fc0b811a771b72c287a2c376cf5b8db
assets/unit_finish/army_heavycavalry_8e7717ef8e64.webp	3112	241bf000bfa32d5dfa3cbd3786e809be13146e5dc72b556ebeab7bed4a0cb14e
assets/unit_finish/army_heavycavalry_92e7b5930992.webp	3888	893bc5d937157ca13980497605d701527fc0b811a771b72c287a2c376cf5b8db
assets/unit_finish/army_heavycavalry_962627192c4c.webp	3146	4beee170342ffa9de41a69b8a636175818155380d7f4ebaf2ee8e5f2419a83e1
assets/unit_finish/army_heavycavalry_9713f35e489a.webp	3926	3580330bde9252544ed2071e1458014d9a8926bef2b7076adbfae628eba99783
assets/unit_finish/army_heavycavalry_99b936218337.webp	3926	3580330bde9252544ed2071e1458014d9a8926bef2b7076adbfae628eba99783
assets/unit_finish/army_heavycavalry_9a4075d70754.webp	3112	241bf000bfa32d5dfa3cbd3786e809be13146e5dc72b556ebeab7bed4a0cb14e
assets/unit_finish/army_heavycavalry_9ba47ae6d908.webp	3888	893bc5d937157ca13980497605d701527fc0b811a771b72c287a2c376cf5b8db
assets/unit_finish/army_heavycavalry_9d747fb50b5e.webp	3936	6ac24679136463abcb02060dfe8f5daf663cb603f51232fdef480a0173c6c311
assets/unit_finish/army_heavycavalry_a176d91bab47.webp	3236	69fb0ade256dddc11c84987fd8babdbcd0c39f2501f070c7c711eb1d7b9b6119
assets/unit_finish/army_heavycavalry_a88c55d06717.webp	3146	4beee170342ffa9de41a69b8a636175818155380d7f4ebaf2ee8e5f2419a83e1
assets/unit_finish/army_heavycavalry_ac3092ade5e9.webp	3926	9abb9aa1cc14216f3d0b7b2d9383a9d6e533f1e8f4a9a3d8cd2ad6e4c6120e01
assets/unit_finish/army_heavycavalry_bdf33af68c56.webp	3160	d3b9ce3f62f2816c5381c39fd1851f85207f71d387604e6f234998aedd6f7d94
assets/unit_finish/army_heavycavalry_bec4aa5e1d12.webp	3236	69fb0ade256dddc11c84987fd8babdbcd0c39f2501f070c7c711eb1d7b9b6119
assets/unit_finish/army_heavycavalry_bf536fac3204.webp	3236	69fb0ade256dddc11c84987fd8babdbcd0c39f2501f070c7c711eb1d7b9b6119
assets/unit_finish/army_heavycavalry_bfa638ca7771.webp	3938	22fb6ad96c88b42348141fc0492b89a9c8172a0f598bfa0ed19d568c55f21b38
assets/unit_finish/army_heavycavalry_cfb80ba604b3.webp	3888	893bc5d937157ca13980497605d701527fc0b811a771b72c287a2c376cf5b8db
assets/unit_finish/army_heavycavalry_df615176f47b.webp	3146	4beee170342ffa9de41a69b8a636175818155380d7f4ebaf2ee8e5f2419a83e1
assets/unit_finish/army_heavycavalry_e288723996c6.webp	3236	69fb0ade256dddc11c84987fd8babdbcd0c39f2501f070c7c711eb1d7b9b6119
assets/unit_finish/army_heavycavalry_e68be2f2ce65.webp	3106	b90f9813e9dc5e2c1bf580920da95cb108d6d33d1706ce6b1629f251dd6d8cf6
assets/unit_finish/army_heavycavalry_eb9a14e18a9a.webp	3896	5428cbf1be2f4c617b54d782949a42e899ed4e7b4b49425ad76ef5ff3e24b618
assets/unit_finish/army_heavycavalry_ede9b0de3f97.webp	3112	241bf000bfa32d5dfa3cbd3786e809be13146e5dc72b556ebeab7bed4a0cb14e
assets/unit_finish/army_heavycavalry_f3d8843d7224.webp	3926	3580330bde9252544ed2071e1458014d9a8926bef2b7076adbfae628eba99783
assets/unit_finish/army_heavycavalry_f43975a90353.webp	3236	69fb0ade256dddc11c84987fd8babdbcd0c39f2501f070c7c711eb1d7b9b6119
assets/unit_finish/army_heavycavalry_f645a27d1b9f.webp	3146	4beee170342ffa9de41a69b8a636175818155380d7f4ebaf2ee8e5f2419a83e1
assets/unit_finish/army_lightcavalry_0064c23f326b.webp	4108	48d930b5c8e08b3d8d4a7b63455d1bc647d8246f06b2b7f6e9ca9a0288b36562
assets/unit_finish/army_lightcavalry_00ede999a9cc.webp	4060	aa0a93538862736a9109e6ddb36bd17a3726febc7ee6f879f3704de17f33a296
assets/unit_finish/army_lightcavalry_00fef2256a09.webp	3990	ac0508ba39273897caf2bab80b3df4f446ffefb10846b5a220efb0169baa5f56
assets/unit_finish/army_lightcavalry_14ddd61db3ca.webp	4108	48d930b5c8e08b3d8d4a7b63455d1bc647d8246f06b2b7f6e9ca9a0288b36562
assets/unit_finish/army_lightcavalry_1fb622edea24.webp	3332	0e6a035dc5ccc97304e162d6d5ac60953d865d273dac9a54cc0d024320ff1bed
assets/unit_finish/army_lightcavalry_20462469e8ab.webp	3262	f9f3272d898d47a6cb16613bb8471f10395a8b780d51693bd0d541da8b284714
assets/unit_finish/army_lightcavalry_21f4e8e741b9.webp	3262	f9f3272d898d47a6cb16613bb8471f10395a8b780d51693bd0d541da8b284714
assets/unit_finish/army_lightcavalry_22e82ad2ae5c.webp	3284	5aa8929d27643e8ca595d1f23442fbf73c26a483e4b04d91966ef3d0004aa13c
assets/unit_finish/army_lightcavalry_2afbf5e56081.webp	4344	712dad27f6f5a04cf39eca7346e2cf270780c087cc59a649c711b5b933eef0cb
assets/unit_finish/army_lightcavalry_318847da0b4b.webp	4060	aa0a93538862736a9109e6ddb36bd17a3726febc7ee6f879f3704de17f33a296
assets/unit_finish/army_lightcavalry_3449fb9b9da3.webp	4108	48d930b5c8e08b3d8d4a7b63455d1bc647d8246f06b2b7f6e9ca9a0288b36562
assets/unit_finish/army_lightcavalry_34c905d3e14f.webp	3402	80f0ca11685968d5471ee06db1a356abe803ea3bb22829781ad2cc9431b8998d
assets/unit_finish/army_lightcavalry_3caa8fe8d483.webp	3290	e4d47367482df17d1e9daa65742e4217534865b1727ea67b1106e87b9a0c48f6
assets/unit_finish/army_lightcavalry_4032d4da3481.webp	3262	5169ed51cd8cd85cc81980993834383a5299e3d8a3519a4dfc0d9f8a43ea5337
assets/unit_finish/army_lightcavalry_415f6f18895a.webp	3262	f9f3272d898d47a6cb16613bb8471f10395a8b780d51693bd0d541da8b284714
assets/unit_finish/army_lightcavalry_4f1e77a295a6.webp	4108	48d930b5c8e08b3d8d4a7b63455d1bc647d8246f06b2b7f6e9ca9a0288b36562
assets/unit_finish/army_lightcavalry_54f73971d65f.webp	3978	1b11393fdb775653bcaa68c8357c5259fc3de48340a88f4a12d016417888ccf3
assets/unit_finish/army_lightcavalry_584fb9ddd39d.webp	4060	aa0a93538862736a9109e6ddb36bd17a3726febc7ee6f879f3704de17f33a296
assets/unit_finish/army_lightcavalry_5b1ff28671ea.webp	3290	e4d47367482df17d1e9daa65742e4217534865b1727ea67b1106e87b9a0c48f6
assets/unit_finish/army_lightcavalry_5b60ab0907e6.webp	3262	f9f3272d898d47a6cb16613bb8471f10395a8b780d51693bd0d541da8b284714
assets/unit_finish/army_lightcavalry_62878aa9e454.webp	3290	e4d47367482df17d1e9daa65742e4217534865b1727ea67b1106e87b9a0c48f6
assets/unit_finish/army_lightcavalry_638b2d3530d4.webp	3290	e4d47367482df17d1e9daa65742e4217534865b1727ea67b1106e87b9a0c48f6
assets/unit_finish/army_lightcavalry_6416225635bb.webp	3332	0e6a035dc5ccc97304e162d6d5ac60953d865d273dac9a54cc0d024320ff1bed
assets/unit_finish/army_lightcavalry_67dd9dadda03.webp	3290	e4d47367482df17d1e9daa65742e4217534865b1727ea67b1106e87b9a0c48f6
assets/unit_finish/army_lightcavalry_6f8ab26c35fb.webp	3290	e4d47367482df17d1e9daa65742e4217534865b1727ea67b1106e87b9a0c48f6
assets/unit_finish/army_lightcavalry_71dfae19bd92.webp	4060	aa0a93538862736a9109e6ddb36bd17a3726febc7ee6f879f3704de17f33a296
assets/unit_finish/army_lightcavalry_76626415ff14.webp	3262	f9f3272d898d47a6cb16613bb8471f10395a8b780d51693bd0d541da8b284714
assets/unit_finish/army_lightcavalry_769ea1738a31.webp	3990	ac0508ba39273897caf2bab80b3df4f446ffefb10846b5a220efb0169baa5f56
assets/unit_finish/army_lightcavalry_782eb202ffee.webp	4084	e2dc547af8d3c89fbc5a4fd2189b70f4c0a04c06022b27992263383c8c4d6202
assets/unit_finish/army_lightcavalry_79a48b53982b.webp	3256	7a8e9e698ab629155cc7a8041cca0963092068df333546517136d09a45fc9349
assets/unit_finish/army_lightcavalry_7a6417c58c75.webp	3262	f9f3272d898d47a6cb16613bb8471f10395a8b780d51693bd0d541da8b284714
assets/unit_finish/army_lightcavalry_832c52d5c3cd.webp	4108	48d930b5c8e08b3d8d4a7b63455d1bc647d8246f06b2b7f6e9ca9a0288b36562
assets/unit_finish/army_lightcavalry_8bb7dc6861a1.webp	3990	ac0508ba39273897caf2bab80b3df4f446ffefb10846b5a220efb0169baa5f56
assets/unit_finish/army_lightcavalry_8dfbcc3f03d3.webp	3990	ac0508ba39273897caf2bab80b3df4f446ffefb10846b5a220efb0169baa5f56
assets/unit_finish/army_lightcavalry_95e7132fb201.webp	4180	c9a5af129b17c42a9f4c857f0cb8c60c4c70ccd47810cb9107e108d1dcbb1073
assets/unit_finish/army_lightcavalry_998b32067e77.webp	3332	0e6a035dc5ccc97304e162d6d5ac60953d865d273dac9a54cc0d024320ff1bed
assets/unit_finish/army_lightcavalry_9cc76c73f7a7.webp	3990	ac0508ba39273897caf2bab80b3df4f446ffefb10846b5a220efb0169baa5f56
assets/unit_finish/army_lightcavalry_a23e36f36296.webp	4060	aa0a93538862736a9109e6ddb36bd17a3726febc7ee6f879f3704de17f33a296
assets/unit_finish/army_lightcavalry_a424f3e5bf23.webp	3332	0e6a035dc5ccc97304e162d6d5ac60953d865d273dac9a54cc0d024320ff1bed
assets/unit_finish/army_lightcavalry_a4e973380c12.webp	3262	f9f3272d898d47a6cb16613bb8471f10395a8b780d51693bd0d541da8b284714
assets/unit_finish/army_lightcavalry_afc08aa97d60.webp	3230	ac186644f5aec1a1a5084f76c732d418f3e1981cadf290580cd247cfc553debe
assets/unit_finish/army_lightcavalry_c3c6b0e83cf5.webp	4060	aa0a93538862736a9109e6ddb36bd17a3726febc7ee6f879f3704de17f33a296
assets/unit_finish/army_lightcavalry_c5b9198547f6.webp	3970	6c55405564719853aba30483ce19643e798fc85dee7f5e2ec362c16ee0089fe0
assets/unit_finish/army_lightcavalry_c6e49e293852.webp	3226	a76c71a270b28b09b1959a5c183865adc483da0a1e49da44dcca466747628269
assets/unit_finish/army_lightcavalry_cae7e7ce84af.webp	3230	c18f614c37989d6bb28e2f2e23e6855ac066e8503f498157104cb3f34ad4e4eb
assets/unit_finish/army_lightcavalry_ce1288039124.webp	3290	e4d47367482df17d1e9daa65742e4217534865b1727ea67b1106e87b9a0c48f6
assets/unit_finish/army_lightcavalry_cec536ef8811.webp	4322	d741a7fc4b8ae8c6c90d2338ffa74bf5a4d9f74bb121a011035363001948d4ec
assets/unit_finish/army_lightcavalry_d05bcb660906.webp	4060	aa0a93538862736a9109e6ddb36bd17a3726febc7ee6f879f3704de17f33a296
assets/unit_finish/army_lightcavalry_dcee73ef6233.webp	3990	ac0508ba39273897caf2bab80b3df4f446ffefb10846b5a220efb0169baa5f56
assets/unit_finish/army_lightcavalry_e13a0a346f66.webp	3332	0e6a035dc5ccc97304e162d6d5ac60953d865d273dac9a54cc0d024320ff1bed
assets/unit_finish/army_lightcavalry_e3680c0a887e.webp	3990	ac0508ba39273897caf2bab80b3df4f446ffefb10846b5a220efb0169baa5f56
assets/unit_finish/army_lightcavalry_e89041ebed37.webp	4108	48d930b5c8e08b3d8d4a7b63455d1bc647d8246f06b2b7f6e9ca9a0288b36562
assets/unit_finish/army_lightcavalry_ee4a7d77644d.webp	4000	0532d39dd0054a8fe04a73621852cf9675987e5fda03d11456b547e8910d7f07
assets/unit_finish/army_lightcavalry_fb51bff97d38.webp	3332	0e6a035dc5ccc97304e162d6d5ac60953d865d273dac9a54cc0d024320ff1bed
assets/unit_finish/army_lightinfantry_0435e306739a.webp	4512	d47ce1334bb1a40a4456974d27e16011de320208e3dfe895d8f7e61017a80a98
assets/unit_finish/army_lightinfantry_0cf422d1d61f.webp	4132	312144dd140353372f2a6ca4cc78636a61887431a56f31cf18a3de07bfc8a035
assets/unit_finish/army_lightinfantry_0f8f06cfa1d7.webp	3136	9f3c3e32b5ceec061b65cbf0553b4e70c9cabe748ceb140dc8a2357309a59fff
assets/unit_finish/army_lightinfantry_1069df8d5687.webp	3676	5f6746532f0533e7d8d8f004ac100b212bf1afcdfdaca997d5ddf8371f6b3783
assets/unit_finish/army_lightinfantry_15c14420ded1.webp	4000	c39972c2bf5ce96257ecdf8e3b014d2ac8cdb86f7f1e0c3ecf2b927dde3f35a7
assets/unit_finish/army_lightinfantry_192af96b495e.webp	3028	41cabccae846427e5c882a210af6cbff731428363d26f074e636c7d273a605b7
assets/unit_finish/army_lightinfantry_1c8fa9c57635.webp	4182	f895d443e084938974ae9f27bdf31e0027c2a766e56455637a5ec94d78d01236
assets/unit_finish/army_lightinfantry_26d62e67ffc3.webp	3676	5f6746532f0533e7d8d8f004ac100b212bf1afcdfdaca997d5ddf8371f6b3783
assets/unit_finish/army_lightinfantry_2a0a85b0c9be.webp	3874	57c0165d1aae399969d2f7a3bc63d38872d34e3875e5e3160577830cd96c6f48
assets/unit_finish/army_lightinfantry_2dc83a3d74b2.webp	4232	442d202cfe7e0851e0f3d184d5401935e9b3534d6c9aadbeb1baae164e71cb75
assets/unit_finish/army_lightinfantry_2e18347218c8.webp	3028	41cabccae846427e5c882a210af6cbff731428363d26f074e636c7d273a605b7
assets/unit_finish/army_lightinfantry_2f482d6571be.webp	4512	d47ce1334bb1a40a4456974d27e16011de320208e3dfe895d8f7e61017a80a98
assets/unit_finish/army_lightinfantry_312c838e8e7b.webp	4000	c39972c2bf5ce96257ecdf8e3b014d2ac8cdb86f7f1e0c3ecf2b927dde3f35a7
assets/unit_finish/army_lightinfantry_3391910b1d3a.webp	3322	269cdc02e9698508f7fb6e710adb5080990d23951b25bfe594e90dcb549db514
assets/unit_finish/army_lightinfantry_35a9366775f0.webp	3322	269cdc02e9698508f7fb6e710adb5080990d23951b25bfe594e90dcb549db514
assets/unit_finish/army_lightinfantry_3665f68e4f4d.webp	3758	dd2630e742e87848e3ee7cea92d54686875495d5cd400eea6bc1602dea66ceef
assets/unit_finish/army_lightinfantry_38d0482446e8.webp	4182	f895d443e084938974ae9f27bdf31e0027c2a766e56455637a5ec94d78d01236
assets/unit_finish/army_lightinfantry_3e9f4e008e3f.webp	4182	f895d443e084938974ae9f27bdf31e0027c2a766e56455637a5ec94d78d01236
assets/unit_finish/army_lightinfantry_409b4e76230b.webp	3758	dd2630e742e87848e3ee7cea92d54686875495d5cd400eea6bc1602dea66ceef
assets/unit_finish/army_lightinfantry_4139dd564b2b.webp	4266	b8cb1cea98c7ab4d39404e45fb232d0dbe13fe85162529d57fd8c0f249bfe6d8
assets/unit_finish/army_lightinfantry_4a97c136bc91.webp	3322	269cdc02e9698508f7fb6e710adb5080990d23951b25bfe594e90dcb549db514
assets/unit_finish/army_lightinfantry_4da629bc23df.webp	4182	f895d443e084938974ae9f27bdf31e0027c2a766e56455637a5ec94d78d01236
assets/unit_finish/army_lightinfantry_5832ebcf28a4.webp	4000	c39972c2bf5ce96257ecdf8e3b014d2ac8cdb86f7f1e0c3ecf2b927dde3f35a7
assets/unit_finish/army_lightinfantry_5bb7d541a13a.webp	4000	c39972c2bf5ce96257ecdf8e3b014d2ac8cdb86f7f1e0c3ecf2b927dde3f35a7
assets/unit_finish/army_lightinfantry_5d6a946d8b17.webp	2948	262ef37766b6518f8d67196d54b73b2c067b29259ab85e3c359c2c2a8baccb96
assets/unit_finish/army_lightinfantry_642972be2693.webp	3738	08c25332879545792ce02cd06361938f5bf0cf766f6dc846b9a2b3343a0d631c
assets/unit_finish/army_lightinfantry_64906c2d613a.webp	4182	f895d443e084938974ae9f27bdf31e0027c2a766e56455637a5ec94d78d01236
assets/unit_finish/army_lightinfantry_71a5d4e50a99.webp	2948	262ef37766b6518f8d67196d54b73b2c067b29259ab85e3c359c2c2a8baccb96
assets/unit_finish/army_lightinfantry_784d5ebb3643.webp	4512	d47ce1334bb1a40a4456974d27e16011de320208e3dfe895d8f7e61017a80a98
assets/unit_finish/army_lightinfantry_784f7f64549d.webp	2948	262ef37766b6518f8d67196d54b73b2c067b29259ab85e3c359c2c2a8baccb96
assets/unit_finish/army_lightinfantry_7c2b0e3e3ca7.webp	2948	262ef37766b6518f8d67196d54b73b2c067b29259ab85e3c359c2c2a8baccb96
assets/unit_finish/army_lightinfantry_809d3f37a466.webp	3126	ce2d87da95874bea53128a9c4a6b28f3efb85985c65176180c9354408844c16b
assets/unit_finish/army_lightinfantry_8196645890c0.webp	4288	edad44e6a535f8daac95f0722c26e724c6b86bdfd47918c15bd9c17e3075489e
assets/unit_finish/army_lightinfantry_82acf5e98db5.webp	3810	d7b86e750e1ae2d30e635f77f9cac9742afa1d780e78dbcd95066a68fb1e7232
assets/unit_finish/army_lightinfantry_84fa633bd284.webp	3028	41cabccae846427e5c882a210af6cbff731428363d26f074e636c7d273a605b7
assets/unit_finish/army_lightinfantry_8651a47c3598.webp	4182	f895d443e084938974ae9f27bdf31e0027c2a766e56455637a5ec94d78d01236
assets/unit_finish/army_lightinfantry_88d16e2e9e6d.webp	3322	269cdc02e9698508f7fb6e710adb5080990d23951b25bfe594e90dcb549db514
assets/unit_finish/army_lightinfantry_89d5bd22fb69.webp	4512	d47ce1334bb1a40a4456974d27e16011de320208e3dfe895d8f7e61017a80a98
assets/unit_finish/army_lightinfantry_8ba2a49a6361.webp	3028	41cabccae846427e5c882a210af6cbff731428363d26f074e636c7d273a605b7
assets/unit_finish/army_lightinfantry_919264806d05.webp	4182	f895d443e084938974ae9f27bdf31e0027c2a766e56455637a5ec94d78d01236
assets/unit_finish/army_lightinfantry_922bb8e72e81.webp	2920	4f82cceb8d4a5d69032d5d549b5cbcf5ed54575a1e818f2ba41e9ec9f7dc6ab9
assets/unit_finish/army_lightinfantry_99445cf2a1c5.webp	3028	41cabccae846427e5c882a210af6cbff731428363d26f074e636c7d273a605b7
assets/unit_finish/army_lightinfantry_9b40c676cd9d.webp	4000	c39972c2bf5ce96257ecdf8e3b014d2ac8cdb86f7f1e0c3ecf2b927dde3f35a7
assets/unit_finish/army_lightinfantry_9f635c4a801d.webp	3798	001044558ccb760864ca0688bc6c8f4067e465d14590b8de766413a720186067
assets/unit_finish/army_lightinfantry_9f8deb64ae8e.webp	3028	41cabccae846427e5c882a210af6cbff731428363d26f074e636c7d273a605b7
assets/unit_finish/army_lightinfantry_a3df6ef88497.webp	3322	269cdc02e9698508f7fb6e710adb5080990d23951b25bfe594e90dcb549db514
assets/unit_finish/army_lightinfantry_a79df2d1ebb5.webp	3676	5f6746532f0533e7d8d8f004ac100b212bf1afcdfdaca997d5ddf8371f6b3783
assets/unit_finish/army_lightinfantry_a90eec2e4de2.webp	4144	dc06e89afb7079f610869f3968551c7b72f5336117955b5df7605fa781750610
assets/unit_finish/army_lightinfantry_b6508c004a97.webp	4144	dc06e89afb7079f610869f3968551c7b72f5336117955b5df7605fa781750610
assets/unit_finish/army_lightinfantry_b7e7729d0edb.webp	3028	41cabccae846427e5c882a210af6cbff731428363d26f074e636c7d273a605b7
assets/unit_finish/army_lightinfantry_b8983b21df85.webp	4512	d47ce1334bb1a40a4456974d27e16011de320208e3dfe895d8f7e61017a80a98
assets/unit_finish/army_lightinfantry_b8e298484162.webp	3758	dd2630e742e87848e3ee7cea92d54686875495d5cd400eea6bc1602dea66ceef
assets/unit_finish/army_lightinfantry_bb9febbf01e4.webp	4014	1b3596b4c5e6dc6b9fb96bc3e8e121387b70539f70f48d6e08d92a8b11655dd2
assets/unit_finish/army_lightinfantry_bbf60d03b4f9.webp	3732	9c8b0cc24f6e12bd1e388acd85aa83387dbb0790bc508440571307d31f9400a2
assets/unit_finish/army_lightinfantry_bd577d627aa7.webp	3070	f8f89ef81ce375a1b139220f17509312fffa2ab66e64df21d60ddcd1e3885977
assets/unit_finish/army_lightinfantry_c00a40ab2576.webp	4488	cfbcf536a88646d1e24810c8d20aa7bf870933834fb4f76f086fa8173afb2152
assets/unit_finish/army_lightinfantry_c4d7468364ce.webp	3758	dd2630e742e87848e3ee7cea92d54686875495d5cd400eea6bc1602dea66ceef
assets/unit_finish/army_lightinfantry_c5b7a4cebe62.webp	4144	dc06e89afb7079f610869f3968551c7b72f5336117955b5df7605fa781750610
assets/unit_finish/army_lightinfantry_c6d6eaaa7612.webp	3676	5f6746532f0533e7d8d8f004ac100b212bf1afcdfdaca997d5ddf8371f6b3783
assets/unit_finish/army_lightinfantry_c8c52857a1ff.webp	3168	ad4efbcfedf15f709219f56b46e32f0109bd822655ca50b931a76b4fe9a3997e
assets/unit_finish/army_lightinfantry_c942bd881125.webp	2948	262ef37766b6518f8d67196d54b73b2c067b29259ab85e3c359c2c2a8baccb96
assets/unit_finish/army_lightinfantry_d09c4d66e38a.webp	3086	09e5309a31916529ed9a01f9774e3eeeddbcbf674ff03e411c167f5e4e333729
assets/unit_finish/army_lightinfantry_d6c8ba2fcc22.webp	2948	262ef37766b6518f8d67196d54b73b2c067b29259ab85e3c359c2c2a8baccb96
assets/unit_finish/army_lightinfantry_da298f4bb565.webp	3322	269cdc02e9698508f7fb6e710adb5080990d23951b25bfe594e90dcb549db514
assets/unit_finish/army_lightinfantry_da36afca0cb8.webp	4000	c39972c2bf5ce96257ecdf8e3b014d2ac8cdb86f7f1e0c3ecf2b927dde3f35a7
assets/unit_finish/army_lightinfantry_dc553558e099.webp	4144	dc06e89afb7079f610869f3968551c7b72f5336117955b5df7605fa781750610
assets/unit_finish/army_lightinfantry_e0297c686b16.webp	3020	b0ed0cf9e3f68f2538307dfb229208537ea214760fe11cec43fea7d7ae3f3f78
assets/unit_finish/army_lightinfantry_e084101b8ecc.webp	3758	dd2630e742e87848e3ee7cea92d54686875495d5cd400eea6bc1602dea66ceef
assets/unit_finish/army_lightinfantry_e0aee394e73c.webp	3814	7f2c125c0595d0c971fb465f1a44e8b40b085ddcb3e7187162fc3b799fcca4c4
assets/unit_finish/army_lightinfantry_e1d97d675ae8.webp	4512	d47ce1334bb1a40a4456974d27e16011de320208e3dfe895d8f7e61017a80a98
assets/unit_finish/army_lightinfantry_e6bad39a24de.webp	3758	dd2630e742e87848e3ee7cea92d54686875495d5cd400eea6bc1602dea66ceef
assets/unit_finish/army_lightinfantry_e85518e8a5b9.webp	3680	1a7c19e07e18180572c5c1fff891f26503477e35f0300e807f6e6304937dcb1e
assets/unit_finish/army_lightinfantry_e873b9b0c051.webp	3758	dd2630e742e87848e3ee7cea92d54686875495d5cd400eea6bc1602dea66ceef
assets/unit_finish/army_lightinfantry_e8e227471e3d.webp	4144	dc06e89afb7079f610869f3968551c7b72f5336117955b5df7605fa781750610
assets/unit_finish/army_lightinfantry_ea5af8843986.webp	4000	c39972c2bf5ce96257ecdf8e3b014d2ac8cdb86f7f1e0c3ecf2b927dde3f35a7
assets/unit_finish/army_lightinfantry_ed17624cdf5a.webp	4144	dc06e89afb7079f610869f3968551c7b72f5336117955b5df7605fa781750610
assets/unit_finish/army_lightinfantry_f0f3b8f6b952.webp	3676	5f6746532f0533e7d8d8f004ac100b212bf1afcdfdaca997d5ddf8371f6b3783
assets/unit_finish/army_lightinfantry_f650e0242d29.webp	3322	269cdc02e9698508f7fb6e710adb5080990d23951b25bfe594e90dcb549db514
assets/unit_finish/army_lightinfantry_f87d67705580.webp	3676	5f6746532f0533e7d8d8f004ac100b212bf1afcdfdaca997d5ddf8371f6b3783
assets/unit_finish/army_lightinfantry_fcbbbc127180.webp	4164	ef71b52ebccd659dd5ec1deb7acd6efa1042211dea4f19da10af6dc372cf443b
assets/unit_finish/army_lightinfantry_fef9d9f3fd4f.webp	4512	d47ce1334bb1a40a4456974d27e16011de320208e3dfe895d8f7e61017a80a98
assets/unit_finish/army_lineinfantry_097fa4abc1e2.webp	4082	deb1d18d35a7a6fcba62cf7ad164b983c316028f5e4fde8279fe790107e0052a
assets/unit_finish/army_lineinfantry_0a84e047c8a3.webp	3314	d2eb59e231c71c62f1b49aa9793dda8ea600a078393ae05fa50e72978e530e41
assets/unit_finish/army_lineinfantry_13d39a0b9ee9.webp	4624	5ddb8a8e7ecad8c2a206839b4982f82a9a930e34dd225cfd1b21c004de0712fe
assets/unit_finish/army_lineinfantry_147b1e42f967.webp	4832	239583d7f0784786bb45e07333aef628199b36a0ec56317b36846bd48139df1b
assets/unit_finish/army_lineinfantry_15b319ebf7e3.webp	4330	1f18c9e5bffcf2146a5cb5f31fc504ce1c996c911af8cf18bc8d87f821854907
assets/unit_finish/army_lineinfantry_195371874973.webp	4386	5fb3fb74e714031d59123e76ec9cc231dd48674572cdafa11147f5abb4b8f5d8
assets/unit_finish/army_lineinfantry_1c45a9b84288.webp	4624	5ddb8a8e7ecad8c2a206839b4982f82a9a930e34dd225cfd1b21c004de0712fe
assets/unit_finish/army_lineinfantry_20987abeffec.webp	4764	052121facae6ece58f4abff5cc6b22ab27f4ec4f1349308f97f338852f3c2dc3
assets/unit_finish/army_lineinfantry_28cacb4f423b.webp	3514	a49630e9ed223e1b29687388478f1c298d3c32b3049f9e23138e84506a159257
assets/unit_finish/army_lineinfantry_2af149975d53.webp	3440	7834e4c7ef456f9e0f5cb3bd95897e66cb8999001d3d678ec4805835ed7880d2
assets/unit_finish/army_lineinfantry_2b64dace455f.webp	4386	5fb3fb74e714031d59123e76ec9cc231dd48674572cdafa11147f5abb4b8f5d8
assets/unit_finish/army_lineinfantry_30c63c8f1c88.webp	4456	f1ec13e11c21852db7ba5819a33714e109122361ee7546546bc8c78231cebfc4
assets/unit_finish/army_lineinfantry_3115e68d2048.webp	4330	1f18c9e5bffcf2146a5cb5f31fc504ce1c996c911af8cf18bc8d87f821854907
assets/unit_finish/army_lineinfantry_31d48e882a18.webp	4290	62aed8cd079faecb688976a1ebcc1c223998e132042f0f28bc6238d5b4110002
assets/unit_finish/army_lineinfantry_325dd505fcdc.webp	4376	1a635d77677131049f75a304ef8aa9f8a47c53a55a7bb6f1709f50a012d940b3
assets/unit_finish/army_lineinfantry_35032abfb381.webp	3314	d2eb59e231c71c62f1b49aa9793dda8ea600a078393ae05fa50e72978e530e41
assets/unit_finish/army_lineinfantry_3531c308736c.webp	3514	a49630e9ed223e1b29687388478f1c298d3c32b3049f9e23138e84506a159257
assets/unit_finish/army_lineinfantry_3a290185aaa7.webp	4802	690352fb1fc144f341297087d68dd5d4a2aea771ff76e2197701f30719a99574
assets/unit_finish/army_lineinfantry_3acbc8af5b73.webp	4456	f1ec13e11c21852db7ba5819a33714e109122361ee7546546bc8c78231cebfc4
assets/unit_finish/army_lineinfantry_426d000b5023.webp	4838	9222fae864ceae65ea83b76ea9c274fdb8a057771d71c8d3433b926d96098a1b
assets/unit_finish/army_lineinfantry_433d7608bc82.webp	4624	5ddb8a8e7ecad8c2a206839b4982f82a9a930e34dd225cfd1b21c004de0712fe
assets/unit_finish/army_lineinfantry_437987d50d74.webp	4330	1f18c9e5bffcf2146a5cb5f31fc504ce1c996c911af8cf18bc8d87f821854907
assets/unit_finish/army_lineinfantry_4624121e3419.webp	4738	f0f7b546f699276d32b2bb5eb1466b625f48151f9cf24ae86d7d0abf4042e25f
assets/unit_finish/army_lineinfantry_49eec8e73105.webp	4290	62aed8cd079faecb688976a1ebcc1c223998e132042f0f28bc6238d5b4110002
assets/unit_finish/army_lineinfantry_4a691e215785.webp	3440	7834e4c7ef456f9e0f5cb3bd95897e66cb8999001d3d678ec4805835ed7880d2
assets/unit_finish/army_lineinfantry_4da6c4e84803.webp	4386	5fb3fb74e714031d59123e76ec9cc231dd48674572cdafa11147f5abb4b8f5d8
assets/unit_finish/army_lineinfantry_515844415369.webp	3424	89a285bb1db95bad85f178e0dfbd10faa75c9a7bc6180771b27df76775c0fb6f
assets/unit_finish/army_lineinfantry_554e83aa1c1e.webp	3530	f34ba47fd83af0ac5a3d0ce03f96436f7005a6d2f462d5586b02c47bf9576fe3
assets/unit_finish/army_lineinfantry_59c84f1e16fd.webp	4386	5fb3fb74e714031d59123e76ec9cc231dd48674572cdafa11147f5abb4b8f5d8
assets/unit_finish/army_lineinfantry_5ae8517f01ad.webp	3440	7834e4c7ef456f9e0f5cb3bd95897e66cb8999001d3d678ec4805835ed7880d2
assets/unit_finish/army_lineinfantry_5b9e4a8fb8b3.webp	3514	a49630e9ed223e1b29687388478f1c298d3c32b3049f9e23138e84506a159257
assets/unit_finish/army_lineinfantry_658973c50934.webp	4764	052121facae6ece58f4abff5cc6b22ab27f4ec4f1349308f97f338852f3c2dc3
assets/unit_finish/army_lineinfantry_681c983f13a8.webp	4624	5ddb8a8e7ecad8c2a206839b4982f82a9a930e34dd225cfd1b21c004de0712fe
assets/unit_finish/army_lineinfantry_6cde44bf5380.webp	3394	aac876fcd39e69bba546d37ffab61bd0331790d87aa082212e50a6257459479f
assets/unit_finish/army_lineinfantry_6f435002b706.webp	3314	d2eb59e231c71c62f1b49aa9793dda8ea600a078393ae05fa50e72978e530e41
assets/unit_finish/army_lineinfantry_72d79e958d46.webp	3322	cfadfaf9cac9711778b01052cc7ff2eb326dac2d44926ba5a6ce2793c82baaeb
assets/unit_finish/army_lineinfantry_731a49c57466.webp	4416	8fafb44391b6391ba514b4474eeb0442bed67cdbf5c8a6ac57bb809c586fb708
assets/unit_finish/army_lineinfantry_7d031d475808.webp	4540	d2ccd80f53811183b38bebb81c793f607608ae5dd5dc9ec1609f35572dd41087
assets/unit_finish/army_lineinfantry_804642c7a773.webp	4386	5fb3fb74e714031d59123e76ec9cc231dd48674572cdafa11147f5abb4b8f5d8
assets/unit_finish/army_lineinfantry_814d19b6a375.webp	4290	62aed8cd079faecb688976a1ebcc1c223998e132042f0f28bc6238d5b4110002
assets/unit_finish/army_lineinfantry_8313ca6152ec.webp	4764	052121facae6ece58f4abff5cc6b22ab27f4ec4f1349308f97f338852f3c2dc3
assets/unit_finish/army_lineinfantry_878f6f5c7b03.webp	4290	62aed8cd079faecb688976a1ebcc1c223998e132042f0f28bc6238d5b4110002
assets/unit_finish/army_lineinfantry_8b8553528a7b.webp	3440	7834e4c7ef456f9e0f5cb3bd95897e66cb8999001d3d678ec4805835ed7880d2
assets/unit_finish/army_lineinfantry_924f42a8d28d.webp	4764	052121facae6ece58f4abff5cc6b22ab27f4ec4f1349308f97f338852f3c2dc3
assets/unit_finish/army_lineinfantry_95f0ce55e74c.webp	4290	62aed8cd079faecb688976a1ebcc1c223998e132042f0f28bc6238d5b4110002
assets/unit_finish/army_lineinfantry_9615ad9ef916.webp	3514	a49630e9ed223e1b29687388478f1c298d3c32b3049f9e23138e84506a159257
assets/unit_finish/army_lineinfantry_973d02f3f15e.webp	3440	7834e4c7ef456f9e0f5cb3bd95897e66cb8999001d3d678ec4805835ed7880d2
assets/unit_finish/army_lineinfantry_9e089afc4bf6.webp	3314	d2eb59e231c71c62f1b49aa9793dda8ea600a078393ae05fa50e72978e530e41
assets/unit_finish/army_lineinfantry_9f1902ad1394.webp	4764	052121facae6ece58f4abff5cc6b22ab27f4ec4f1349308f97f338852f3c2dc3
assets/unit_finish/army_lineinfantry_a61f0b40a8cf.webp	4700	15d40e07bfa76bb1fce60086585f8cb07b4b3e8cf83e44b6511f56dcd56b913e
assets/unit_finish/army_lineinfantry_ac494f30421a.webp	4624	5ddb8a8e7ecad8c2a206839b4982f82a9a930e34dd225cfd1b21c004de0712fe
assets/unit_finish/army_lineinfantry_b395d1b46669.webp	4456	f1ec13e11c21852db7ba5819a33714e109122361ee7546546bc8c78231cebfc4
assets/unit_finish/army_lineinfantry_b8e990cbca2e.webp	3314	d2eb59e231c71c62f1b49aa9793dda8ea600a078393ae05fa50e72978e530e41
assets/unit_finish/army_lineinfantry_ba71a5f9b154.webp	4290	62aed8cd079faecb688976a1ebcc1c223998e132042f0f28bc6238d5b4110002
assets/unit_finish/army_lineinfantry_c535776a7647.webp	3514	a49630e9ed223e1b29687388478f1c298d3c32b3049f9e23138e84506a159257
assets/unit_finish/army_lineinfantry_c84261e47f79.webp	4386	5fb3fb74e714031d59123e76ec9cc231dd48674572cdafa11147f5abb4b8f5d8
assets/unit_finish/army_lineinfantry_c8a32ce9bcce.webp	4764	052121facae6ece58f4abff5cc6b22ab27f4ec4f1349308f97f338852f3c2dc3
assets/unit_finish/army_lineinfantry_c92ccf4dc0c1.webp	4456	f1ec13e11c21852db7ba5819a33714e109122361ee7546546bc8c78231cebfc4
assets/unit_finish/army_lineinfantry_ccb43dc60bc4.webp	3514	a49630e9ed223e1b29687388478f1c298d3c32b3049f9e23138e84506a159257
assets/unit_finish/army_lineinfantry_ccd1fd7162a7.webp	4390	58aad631e6099061f06b788006ac99b3f277d9c41eaddb7d0d903392a10173ab
assets/unit_finish/army_lineinfantry_d0648b875c0a.webp	4290	62aed8cd079faecb688976a1ebcc1c223998e132042f0f28bc6238d5b4110002
assets/unit_finish/army_lineinfantry_d268433c4ee1.webp	4330	1f18c9e5bffcf2146a5cb5f31fc504ce1c996c911af8cf18bc8d87f821854907
assets/unit_finish/army_lineinfantry_d715a5f629a3.webp	4164	36de8efe0dc910af5c7e25e37c04d468485f5ed422147baaca5476f1c1319586
assets/unit_finish/army_lineinfantry_d8201c91ac2b.webp	4456	f1ec13e11c21852db7ba5819a33714e109122361ee7546546bc8c78231cebfc4
assets/unit_finish/army_lineinfantry_d94f7b86949b.webp	4624	5ddb8a8e7ecad8c2a206839b4982f82a9a930e34dd225cfd1b21c004de0712fe
assets/unit_finish/army_lineinfantry_d96f62a0d6e5.webp	3314	d2eb59e231c71c62f1b49aa9793dda8ea600a078393ae05fa50e72978e530e41
assets/unit_finish/army_lineinfantry_dee18ef7a196.webp	4330	1f18c9e5bffcf2146a5cb5f31fc504ce1c996c911af8cf18bc8d87f821854907
assets/unit_finish/army_lineinfantry_dfb019af7373.webp	3410	ce372fde1067988404b9ffa10844486cb0d729f55f20d80d7eb7945a6c829b05
assets/unit_finish/army_lineinfantry_e0c85f3fa9a8.webp	3436	984e7be4d07a8926911a15a3533f3690a12ae110b2a3a75df44cc55ced4d3fe4
assets/unit_finish/army_lineinfantry_e19c6ed8c9d1.webp	4744	930f00379caf7f32c2d1ce7454ab4e5324e2d46788103167df9af951dc1f94a3
assets/unit_finish/army_lineinfantry_e4d682ffc00f.webp	3314	d2eb59e231c71c62f1b49aa9793dda8ea600a078393ae05fa50e72978e530e41
assets/unit_finish/army_lineinfantry_e54c462cfdf0.webp	4456	f1ec13e11c21852db7ba5819a33714e109122361ee7546546bc8c78231cebfc4
assets/unit_finish/army_lineinfantry_e72e514803a9.webp	3440	7834e4c7ef456f9e0f5cb3bd95897e66cb8999001d3d678ec4805835ed7880d2
assets/unit_finish/army_lineinfantry_e983671c37b5.webp	4386	5fb3fb74e714031d59123e76ec9cc231dd48674572cdafa11147f5abb4b8f5d8
assets/unit_finish/army_lineinfantry_f061383b81f3.webp	4456	f1ec13e11c21852db7ba5819a33714e109122361ee7546546bc8c78231cebfc4
assets/unit_finish/army_lineinfantry_f57f45d6bc93.webp	4764	052121facae6ece58f4abff5cc6b22ab27f4ec4f1349308f97f338852f3c2dc3
assets/unit_finish/army_lineinfantry_f8bf304e33a5.webp	4330	1f18c9e5bffcf2146a5cb5f31fc504ce1c996c911af8cf18bc8d87f821854907
assets/unit_finish/army_lineinfantry_fe7fe6f3b641.webp	3514	a49630e9ed223e1b29687388478f1c298d3c32b3049f9e23138e84506a159257
assets/unit_finish/army_militia_00f09a5de305.webp	3928	b0647b9a29fec7510c13a433ac8cdab0cf95d43af17fceabf6c8635dcc6ef935
assets/unit_finish/army_militia_017dbac10146.webp	4376	b116ac3d33b9338a81e978812d83955e6645d8fd72d532120ae9d84b77a5141a
assets/unit_finish/army_militia_02482dff4c41.webp	4038	52e508b6f3db0966fe7519f8d4cf3d732de6ab44ead6d481796f0a699eba3c93
assets/unit_finish/army_militia_02bd11edfc45.webp	3158	dbbe096dbefa3493dd0226843ce061a681dd2d01733b17a3a15b79145b58215d
assets/unit_finish/army_militia_0698634b42d4.webp	3504	9c93a0baca512966269ef273a23250f605c00d7ece94ad0557d5402d76e7b7de
assets/unit_finish/army_militia_0968be04e5ce.webp	3504	9c93a0baca512966269ef273a23250f605c00d7ece94ad0557d5402d76e7b7de
assets/unit_finish/army_militia_0bb723812841.webp	3598	7813ccee333166f8fc966d60219bc38dd77bbf896ff8445c130cf49673d78b9f
assets/unit_finish/army_militia_0bee3bf9e4db.webp	4382	44e492b76242c9912591c5fa820ff054c8a6d75154a1c9c6cae9953bb0f81ee6
assets/unit_finish/army_militia_0c89d3fe6b73.webp	4570	4dd7cb98da5bb4853ccb5c31bb9ba47f57c1e4ec2e443278ed7d2187eb6627cd
assets/unit_finish/army_militia_0c9a74b4408b.webp	4382	44e492b76242c9912591c5fa820ff054c8a6d75154a1c9c6cae9953bb0f81ee6
assets/unit_finish/army_militia_0f9da9bcd12f.webp	2728	0985e2b580d937522bc4a88693956e93818aece927f4b2f6b40aca3705a4c9bb
assets/unit_finish/army_militia_171e433e8bca.webp	4382	44e492b76242c9912591c5fa820ff054c8a6d75154a1c9c6cae9953bb0f81ee6
assets/unit_finish/army_militia_1b6a34855a5e.webp	3504	9c93a0baca512966269ef273a23250f605c00d7ece94ad0557d5402d76e7b7de
assets/unit_finish/army_militia_25b4b495cb78.webp	4382	44e492b76242c9912591c5fa820ff054c8a6d75154a1c9c6cae9953bb0f81ee6
assets/unit_finish/army_militia_26fe0a9d47b1.webp	3442	cab4860d532f0840516d89c9fb55a936bfcaadcbe4c224ff7967c518d8af2147
assets/unit_finish/army_militia_2cb63c42b3d8.webp	3312	74e4b4a9bda9e7baf72e9be10a65a35133b9e41a21f75c52fd58bc07de318405
assets/unit_finish/army_militia_3c1523b8a8d0.webp	4464	4a7a5fb81ed2cc2081afbafa61d29db1b56631d8d9cb1db27f5c61a779739a75
assets/unit_finish/army_militia_3d7b077603dc.webp	3942	706d271592d4b2e08b601c2915c0f4b4622351b80dc0703dcc37066e1f66465b
assets/unit_finish/army_militia_41307dc46a14.webp	3942	706d271592d4b2e08b601c2915c0f4b4622351b80dc0703dcc37066e1f66465b
assets/unit_finish/army_militia_4841ca0e6d41.webp	4382	44e492b76242c9912591c5fa820ff054c8a6d75154a1c9c6cae9953bb0f81ee6
assets/unit_finish/army_militia_484301ee405b.webp	3312	74e4b4a9bda9e7baf72e9be10a65a35133b9e41a21f75c52fd58bc07de318405
assets/unit_finish/army_militia_4caa312a475b.webp	4376	b116ac3d33b9338a81e978812d83955e6645d8fd72d532120ae9d84b77a5141a
assets/unit_finish/army_militia_4d3fa391d0c9.webp	4376	b116ac3d33b9338a81e978812d83955e6645d8fd72d532120ae9d84b77a5141a
assets/unit_finish/army_militia_4fd5111b45e6.webp	3504	9c93a0baca512966269ef273a23250f605c00d7ece94ad0557d5402d76e7b7de
assets/unit_finish/army_militia_59fbdfa08fe0.webp	4382	44e492b76242c9912591c5fa820ff054c8a6d75154a1c9c6cae9953bb0f81ee6
assets/unit_finish/army_militia_5ccf804df888.webp	4376	b116ac3d33b9338a81e978812d83955e6645d8fd72d532120ae9d84b77a5141a
assets/unit_finish/army_militia_5f1ac2f85da5.webp	4038	52e508b6f3db0966fe7519f8d4cf3d732de6ab44ead6d481796f0a699eba3c93
assets/unit_finish/army_militia_6341fe40d56a.webp	3942	706d271592d4b2e08b601c2915c0f4b4622351b80dc0703dcc37066e1f66465b
assets/unit_finish/army_militia_6f618ee23109.webp	3658	bee7afa35d7048ed20159cefc7d0c2b04b23bc20b2e5bb2690d31422d8ff9d23
assets/unit_finish/army_militia_6fb417c9f147.webp	3504	9c93a0baca512966269ef273a23250f605c00d7ece94ad0557d5402d76e7b7de
assets/unit_finish/army_militia_714842edec79.webp	3158	dbbe096dbefa3493dd0226843ce061a681dd2d01733b17a3a15b79145b58215d
assets/unit_finish/army_militia_7228204b6780.webp	3928	b0647b9a29fec7510c13a433ac8cdab0cf95d43af17fceabf6c8635dcc6ef935
assets/unit_finish/army_militia_7d078ed65ac9.webp	4038	52e508b6f3db0966fe7519f8d4cf3d732de6ab44ead6d481796f0a699eba3c93
assets/unit_finish/army_militia_7f6bc25210e6.webp	3158	dbbe096dbefa3493dd0226843ce061a681dd2d01733b17a3a15b79145b58215d
assets/unit_finish/army_militia_8417d1e62175.webp	4376	b116ac3d33b9338a81e978812d83955e6645d8fd72d532120ae9d84b77a5141a
assets/unit_finish/army_militia_890f1ea9bf0b.webp	3928	b0647b9a29fec7510c13a433ac8cdab0cf95d43af17fceabf6c8635dcc6ef935
assets/unit_finish/army_militia_8c235c5d0fa0.webp	3312	74e4b4a9bda9e7baf72e9be10a65a35133b9e41a21f75c52fd58bc07de318405
assets/unit_finish/army_militia_8cd6661f3140.webp	3136	07565a43ec7b4096666a0afb763e884fc4b4e8d7ce4ddb31accf1b7e51a7aa83
assets/unit_finish/army_militia_8ce252374ced.webp	4658	fa28c20e7a16a2cc42dcb2d209fb60e6b299b21b909f9cebf2c1a29d130304d5
assets/unit_finish/army_militia_926796b02d30.webp	4038	52e508b6f3db0966fe7519f8d4cf3d732de6ab44ead6d481796f0a699eba3c93
assets/unit_finish/army_militia_928945fd30c7.webp	3942	706d271592d4b2e08b601c2915c0f4b4622351b80dc0703dcc37066e1f66465b
assets/unit_finish/army_militia_9322951211bc.webp	3312	74e4b4a9bda9e7baf72e9be10a65a35133b9e41a21f75c52fd58bc07de318405
assets/unit_finish/army_militia_93a4d5c5d7fc.webp	3942	706d271592d4b2e08b601c2915c0f4b4622351b80dc0703dcc37066e1f66465b
assets/unit_finish/army_militia_95156ee2a484.webp	4038	52e508b6f3db0966fe7519f8d4cf3d732de6ab44ead6d481796f0a699eba3c93
assets/unit_finish/army_militia_9a9cd4e57738.webp	4382	44e492b76242c9912591c5fa820ff054c8a6d75154a1c9c6cae9953bb0f81ee6
assets/unit_finish/army_militia_9cb4dab2c7e9.webp	3158	dbbe096dbefa3493dd0226843ce061a681dd2d01733b17a3a15b79145b58215d
assets/unit_finish/army_militia_9e353286ee88.webp	4038	52e508b6f3db0966fe7519f8d4cf3d732de6ab44ead6d481796f0a699eba3c93
assets/unit_finish/army_militia_a04c1f7be412.webp	4376	b116ac3d33b9338a81e978812d83955e6645d8fd72d532120ae9d84b77a5141a
assets/unit_finish/army_militia_a193c9acdeaa.webp	4448	4e7c45fa73238a2f92ad6e556b30abc9583f6190dd986b59b486cde422949e8f
assets/unit_finish/army_militia_a28da390feba.webp	3158	dbbe096dbefa3493dd0226843ce061a681dd2d01733b17a3a15b79145b58215d
assets/unit_finish/army_militia_a8fe51cc6eff.webp	4448	4e7c45fa73238a2f92ad6e556b30abc9583f6190dd986b59b486cde422949e8f
assets/unit_finish/army_militia_ab31bbb6a8af.webp	4376	b116ac3d33b9338a81e978812d83955e6645d8fd72d532120ae9d84b77a5141a
assets/unit_finish/army_militia_ac25bfe70a2f.webp	3158	dbbe096dbefa3493dd0226843ce061a681dd2d01733b17a3a15b79145b58215d
assets/unit_finish/army_militia_ac8e08bd35d8.webp	4448	4e7c45fa73238a2f92ad6e556b30abc9583f6190dd986b59b486cde422949e8f
assets/unit_finish/army_militia_ad01ca0859f8.webp	3928	b0647b9a29fec7510c13a433ac8cdab0cf95d43af17fceabf6c8635dcc6ef935
assets/unit_finish/army_militia_b49e9f6da766.webp	4552	5039e81c5f6f3a7a59b516fd98b46f39071d4be004779642f561bd9fc64b122f
assets/unit_finish/army_militia_b5d1fa325827.webp	4016	c2652521fcb1009e70d8b55e85535326a356918b38d03a711caf301cbe30ce40
assets/unit_finish/army_militia_b693c6b7f69e.webp	3354	e2e85c6e0958406799b6d0123dfedfb7c5ef6961babbd1ba583ef201441cff63
assets/unit_finish/army_militia_b7a7168f0a71.webp	3566	b7819f44401fde131a2946b250957065bb76a179409526210d2e4eb14adc70d2
assets/unit_finish/army_militia_c2f68ca6da9f.webp	4432	d9ee34e4645dd25ef08821d727140cf62929dde477c7f4d5f6076d793bcab73b
assets/unit_finish/army_militia_c89d92f5c38a.webp	3504	9c93a0baca512966269ef273a23250f605c00d7ece94ad0557d5402d76e7b7de
assets/unit_finish/army_militia_cba4bddfbc7e.webp	3942	706d271592d4b2e08b601c2915c0f4b4622351b80dc0703dcc37066e1f66465b
assets/unit_finish/army_militia_cee60148a5f3.webp	4244	19b637be82dece76b70a87193cf08a9e15a3d7b8f8ff2fa713cff1cd52fa9475
assets/unit_finish/army_militia_d17f245c348b.webp	4448	4e7c45fa73238a2f92ad6e556b30abc9583f6190dd986b59b486cde422949e8f
assets/unit_finish/army_militia_d3d92ab83d6f.webp	3942	706d271592d4b2e08b601c2915c0f4b4622351b80dc0703dcc37066e1f66465b
assets/unit_finish/army_militia_d3ed311b86a9.webp	3928	b0647b9a29fec7510c13a433ac8cdab0cf95d43af17fceabf6c8635dcc6ef935
assets/unit_finish/army_militia_d41f8533835b.webp	3770	29c86113da307ceaa7ad5008f1bf8425d67b4c0cb6a15daec1671457f49f93b5
assets/unit_finish/army_militia_d45cc8e84b98.webp	3312	74e4b4a9bda9e7baf72e9be10a65a35133b9e41a21f75c52fd58bc07de318405
assets/unit_finish/army_militia_d5a668206804.webp	4152	af627beda137161844ad72344aa8679b92271be0bdfcadaa811eedb4be7ace4d
assets/unit_finish/army_militia_d61e4604bf7a.webp	3230	c5436071d9c8a693e8a6aa5eb0e2bfbb5e1dbc8b0faa4b943fa2778fcb30a8c3
assets/unit_finish/army_militia_db7b04cd79b9.webp	4448	4e7c45fa73238a2f92ad6e556b30abc9583f6190dd986b59b486cde422949e8f
assets/unit_finish/army_militia_def345995093.webp	4030	0028c656e5674b6c958720256ae92d3552d84a9fea6e85ef13d214ddc22e6f06
assets/unit_finish/army_militia_df8e56ea1664.webp	3928	b0647b9a29fec7510c13a433ac8cdab0cf95d43af17fceabf6c8635dcc6ef935
assets/unit_finish/army_militia_e3730433a153.webp	4056	70deceff5619511823f5c3a58713fdc4fa600ba1a19b169a8e1cc121ddc9fd99
assets/unit_finish/army_militia_e515b528db87.webp	3158	dbbe096dbefa3493dd0226843ce061a681dd2d01733b17a3a15b79145b58215d
assets/unit_finish/army_militia_e82d2435d170.webp	3312	74e4b4a9bda9e7baf72e9be10a65a35133b9e41a21f75c52fd58bc07de318405
assets/unit_finish/army_militia_f12ab76315db.webp	3834	3c66d4fb484648b8c4fede5ff350de3a5cd8e17eb9809c6fab35e2419ee2db4b
assets/unit_finish/army_militia_f803f12731b3.webp	3928	b0647b9a29fec7510c13a433ac8cdab0cf95d43af17fceabf6c8635dcc6ef935
assets/unit_finish/army_militia_fc35cc087814.webp	4448	4e7c45fa73238a2f92ad6e556b30abc9583f6190dd986b59b486cde422949e8f
assets/unit_finish/army_militia_fc5c064d2892.webp	4160	a1a5734da97d8a00d6e5a82f44b58a27ea60a293a25fc436c85578d46fa637a7
assets/unit_finish/army_militia_fcb9bdbb2566.webp	3312	74e4b4a9bda9e7baf72e9be10a65a35133b9e41a21f75c52fd58bc07de318405
assets/unit_ready/army_armoredcar_03bdb0c6f949.webp	4188	b41adf6f88417b24f140c957fb6e368759d205da5a28ab108b7c0f85ad717ac5
assets/unit_ready/army_armoredcar_03e0f731a803.webp	2824	5af59e61e0aa9924a38419fffe3c6bffd9330a63d809e34a774deb360335e7e1
assets/unit_ready/army_armoredcar_0423993795e5.webp	4180	ba88f40481f0adc0848b823afd1a85b61124dd324f6e5ca89a7c567f5ca5f240
assets/unit_ready/army_armoredcar_05db54987c13.webp	4198	48fed0875efd58fd2e625c26c25310fa2e1e27106cddf436d386df90b5f41407
assets/unit_ready/army_armoredcar_0bf27e9a96a2.webp	2824	5af59e61e0aa9924a38419fffe3c6bffd9330a63d809e34a774deb360335e7e1
assets/unit_ready/army_armoredcar_110c65a74892.webp	4180	ba88f40481f0adc0848b823afd1a85b61124dd324f6e5ca89a7c567f5ca5f240
assets/unit_ready/army_armoredcar_11dedf93a564.webp	4212	83492fb8e5c4584fe0c06b6ccbf434d98663b969636ce628b6dfe7e9cd75b6f9
assets/unit_ready/army_armoredcar_146a40b984d8.webp	5932	df9ec91992d99dc945625adf24e3a632b510c5d7747cf55f485e579797aed100
assets/unit_ready/army_armoredcar_1c95eb3cd9d7.webp	6062	751d3d131a2bc37311da04912a697987a6f49a8f22f9b8de5160608c503e3f44
assets/unit_ready/army_armoredcar_1dcc61fe50a5.webp	6062	751d3d131a2bc37311da04912a697987a6f49a8f22f9b8de5160608c503e3f44
assets/unit_ready/army_armoredcar_1dcfde990dfe.webp	4220	7008e5bb4336cea79cdbe52cd7d827b858c507b77cae05c0e93b4dee5261ff1a
assets/unit_ready/army_armoredcar_1dee1da16df9.webp	6062	751d3d131a2bc37311da04912a697987a6f49a8f22f9b8de5160608c503e3f44
assets/unit_ready/army_armoredcar_1f5634d5d2e8.webp	5932	df9ec91992d99dc945625adf24e3a632b510c5d7747cf55f485e579797aed100
assets/unit_ready/army_armoredcar_2092a6fbe7a0.webp	5932	df9ec91992d99dc945625adf24e3a632b510c5d7747cf55f485e579797aed100
assets/unit_ready/army_armoredcar_21dca8af9460.webp	4222	f89dbc06ba410c123ee6e4d2b6646fd96a85f440df1b575228f072a9c4aa06bc
assets/unit_ready/army_armoredcar_28491c03ef4f.webp	2824	61179e48c16f60b627ba49acae0ab7fedd9e75fb28a66cba6c1366cf096944aa
assets/unit_ready/army_armoredcar_28fbc24327f1.webp	4212	83492fb8e5c4584fe0c06b6ccbf434d98663b969636ce628b6dfe7e9cd75b6f9
assets/unit_ready/army_armoredcar_2c75166d130b.webp	4554	aa6b44fd4089103df7d065a19b694cc2b71a592a7b8db05b0b0f969915565947
assets/unit_ready/army_armoredcar_32f0d6985dae.webp	4308	1a49589d2653262980242631e820443c113bee0c631745721db4dbf376f6a608
assets/unit_ready/army_armoredcar_338236661790.webp	6210	84ba13c80758b0935afd31f6cb6ad7c78f4303fff586330236304214ae4ca496
assets/unit_ready/army_armoredcar_355755b7b3e5.webp	6062	751d3d131a2bc37311da04912a697987a6f49a8f22f9b8de5160608c503e3f44
assets/unit_ready/army_armoredcar_378c640c987d.webp	2772	d964b883f7ed3edadabebcf6c91c51496645e583dc30ea3c4e57f8a377bebb22
assets/unit_ready/army_armoredcar_40225a7c895b.webp	2804	23418cfba8d372e8ec8be4699cb24e4c4de6c9a25ba16a185df9829f838f9b61
assets/unit_ready/army_armoredcar_4060a3ee5836.webp	4180	ba88f40481f0adc0848b823afd1a85b61124dd324f6e5ca89a7c567f5ca5f240
assets/unit_ready/army_armoredcar_413bebcc7fc0.webp	4188	b41adf6f88417b24f140c957fb6e368759d205da5a28ab108b7c0f85ad717ac5
assets/unit_ready/army_armoredcar_43f25db6b01c.webp	4212	83492fb8e5c4584fe0c06b6ccbf434d98663b969636ce628b6dfe7e9cd75b6f9
assets/unit_ready/army_armoredcar_447c253a5edc.webp	6062	751d3d131a2bc37311da04912a697987a6f49a8f22f9b8de5160608c503e3f44
assets/unit_ready/army_armoredcar_44be9255f9e4.webp	2804	23418cfba8d372e8ec8be4699cb24e4c4de6c9a25ba16a185df9829f838f9b61
assets/unit_ready/army_armoredcar_44c16f165852.webp	4180	ba88f40481f0adc0848b823afd1a85b61124dd324f6e5ca89a7c567f5ca5f240
assets/unit_ready/army_armoredcar_47665f15254d.webp	4232	2b922d821d5f7c7e1cac4678351fd0ad474ea08ef4cf8e2cf2e9ee17b64b41cc
assets/unit_ready/army_armoredcar_476b0707b723.webp	4308	1a49589d2653262980242631e820443c113bee0c631745721db4dbf376f6a608
assets/unit_ready/army_armoredcar_48fab2c37e82.webp	6210	84ba13c80758b0935afd31f6cb6ad7c78f4303fff586330236304214ae4ca496
assets/unit_ready/army_armoredcar_49d33955f74c.webp	4338	d118b62af526307752da0ce1bfec24937784184ee7b9ab1760265459f0ce8da8
assets/unit_ready/army_armoredcar_4abd73a649c5.webp	4554	aa6b44fd4089103df7d065a19b694cc2b71a592a7b8db05b0b0f969915565947
assets/unit_ready/army_armoredcar_4d4bc9a675d6.webp	4222	f89dbc06ba410c123ee6e4d2b6646fd96a85f440df1b575228f072a9c4aa06bc
assets/unit_ready/army_armoredcar_4e9f4d92fc33.webp	6062	751d3d131a2bc37311da04912a697987a6f49a8f22f9b8de5160608c503e3f44
assets/unit_ready/army_armoredcar_4ec94da35e33.webp	4222	f89dbc06ba410c123ee6e4d2b6646fd96a85f440df1b575228f072a9c4aa06bc
assets/unit_ready/army_armoredcar_51449f80ec85.webp	4308	1a49589d2653262980242631e820443c113bee0c631745721db4dbf376f6a608
assets/unit_ready/army_armoredcar_56d5fdd85016.webp	4180	ba88f40481f0adc0848b823afd1a85b61124dd324f6e5ca89a7c567f5ca5f240
assets/unit_ready/army_armoredcar_5855048609a8.webp	6210	84ba13c80758b0935afd31f6cb6ad7c78f4303fff586330236304214ae4ca496
assets/unit_ready/army_armoredcar_5a4811a925da.webp	4554	aa6b44fd4089103df7d065a19b694cc2b71a592a7b8db05b0b0f969915565947
assets/unit_ready/army_armoredcar_60f5893b11f6.webp	2824	5af59e61e0aa9924a38419fffe3c6bffd9330a63d809e34a774deb360335e7e1
assets/unit_ready/army_armoredcar_61919218ca28.webp	4158	39aa3304fc2c2257e031db639b9fdab11d2b146a77f100503763a0b5f3e25e31
assets/unit_ready/army_armoredcar_644954273f58.webp	2772	d964b883f7ed3edadabebcf6c91c51496645e583dc30ea3c4e57f8a377bebb22
assets/unit_ready/army_armoredcar_68b16166b355.webp	4308	1a49589d2653262980242631e820443c113bee0c631745721db4dbf376f6a608
assets/unit_ready/army_armoredcar_6bc0bd29a64d.webp	6210	84ba13c80758b0935afd31f6cb6ad7c78f4303fff586330236304214ae4ca496
assets/unit_ready/army_armoredcar_70a7a13843a3.webp	2824	5af59e61e0aa9924a38419fffe3c6bffd9330a63d809e34a774deb360335e7e1
assets/unit_ready/army_armoredcar_71281dc5972e.webp	4212	83492fb8e5c4584fe0c06b6ccbf434d98663b969636ce628b6dfe7e9cd75b6f9
assets/unit_ready/army_armoredcar_71694bfe25d2.webp	4212	83492fb8e5c4584fe0c06b6ccbf434d98663b969636ce628b6dfe7e9cd75b6f9
assets/unit_ready/army_armoredcar_74ccc3f06437.webp	4212	83492fb8e5c4584fe0c06b6ccbf434d98663b969636ce628b6dfe7e9cd75b6f9
assets/unit_ready/army_armoredcar_76154d84965f.webp	2804	23418cfba8d372e8ec8be4699cb24e4c4de6c9a25ba16a185df9829f838f9b61
assets/unit_ready/army_armoredcar_76ec986a079a.webp	4554	aa6b44fd4089103df7d065a19b694cc2b71a592a7b8db05b0b0f969915565947
assets/unit_ready/army_armoredcar_7aab1d0831ee.webp	4308	1a49589d2653262980242631e820443c113bee0c631745721db4dbf376f6a608
assets/unit_ready/army_armoredcar_7f4f7a52b23e.webp	2772	d964b883f7ed3edadabebcf6c91c51496645e583dc30ea3c4e57f8a377bebb22
assets/unit_ready/army_armoredcar_82eacc65c546.webp	4226	2a5e08f061a9d91ff551dd036e3af9af54517aec38ab30f617f10dd807ee4677
assets/unit_ready/army_armoredcar_87690ffd13fd.webp	2806	f097667b1f10b8f515948dac154c4148b98e635d8e048dc4874bffddeaa841e5
assets/unit_ready/army_armoredcar_88f851c45c3c.webp	5880	3d56995422b012fbcb633c7e8d6cbf57bcae429086ec0e65e7e5ad54bfb25acf
assets/unit_ready/army_armoredcar_898b621b1c0f.webp	6210	84ba13c80758b0935afd31f6cb6ad7c78f4303fff586330236304214ae4ca496
assets/unit_ready/army_armoredcar_8b5198ebe63f.webp	4180	ba88f40481f0adc0848b823afd1a85b61124dd324f6e5ca89a7c567f5ca5f240
assets/unit_ready/army_armoredcar_9297ed3973c1.webp	2772	d964b883f7ed3edadabebcf6c91c51496645e583dc30ea3c4e57f8a377bebb22
assets/unit_ready/army_armoredcar_93b1cd485f81.webp	4554	aa6b44fd4089103df7d065a19b694cc2b71a592a7b8db05b0b0f969915565947
assets/unit_ready/army_armoredcar_9736a49918c8.webp	4222	f89dbc06ba410c123ee6e4d2b6646fd96a85f440df1b575228f072a9c4aa06bc
assets/unit_ready/army_armoredcar_99a916d3b5f4.webp	4222	f89dbc06ba410c123ee6e4d2b6646fd96a85f440df1b575228f072a9c4aa06bc
assets/unit_ready/army_armoredcar_9b9b393d3dce.webp	2804	23418cfba8d372e8ec8be4699cb24e4c4de6c9a25ba16a185df9829f838f9b61
assets/unit_ready/army_armoredcar_9dbebef0a124.webp	4188	b41adf6f88417b24f140c957fb6e368759d205da5a28ab108b7c0f85ad717ac5
assets/unit_ready/army_armoredcar_a1f127c09f3b.webp	5932	df9ec91992d99dc945625adf24e3a632b510c5d7747cf55f485e579797aed100
assets/unit_ready/army_armoredcar_a2c1fc7e58ae.webp	2804	23418cfba8d372e8ec8be4699cb24e4c4de6c9a25ba16a185df9829f838f9b61
assets/unit_ready/army_armoredcar_a77ff5097821.webp	4188	b41adf6f88417b24f140c957fb6e368759d205da5a28ab108b7c0f85ad717ac5
assets/unit_ready/army_armoredcar_a7d56b6c5e9a.webp	2772	d964b883f7ed3edadabebcf6c91c51496645e583dc30ea3c4e57f8a377bebb22
assets/unit_ready/army_armoredcar_a959c6240cb2.webp	6062	751d3d131a2bc37311da04912a697987a6f49a8f22f9b8de5160608c503e3f44
assets/unit_ready/army_armoredcar_aacb19b69cc4.webp	6030	b5a90c74928294354398ef1d11b68f51978f0d6e7c6a50ae6a12a2539459d4d5
assets/unit_ready/army_armoredcar_aca098df98be.webp	2772	d964b883f7ed3edadabebcf6c91c51496645e583dc30ea3c4e57f8a377bebb22
assets/unit_ready/army_armoredcar_ace049099f6f.webp	6082	92c8f35b377da52ede30f6b57c749df7791872168374b683c63488a53f0da31b
assets/unit_ready/army_armoredcar_ad4f152cb594.webp	6176	213d29834a16ba8339518722df3c0bc03ed7810780ba276cfab4b768b70e5d8f
assets/unit_ready/army_armoredcar_b22ab4fcf4a7.webp	2808	3d35fa8c6eaac5ed8835910edde425332145320b045c8f1aee1a5e0414000641
assets/unit_ready/army_armoredcar_b3c1eaa4f977.webp	4308	1a49589d2653262980242631e820443c113bee0c631745721db4dbf376f6a608
assets/unit_ready/army_armoredcar_b4c6adc6f032.webp	4142	1d7d9b7a279413b0708f22a02538f2a6346bb999d86a5747ed984fdfcd931ffa
assets/unit_ready/army_armoredcar_c67a3333fa39.webp	6148	99ce5b18c68d991d6a87b779c8fb73c56cd6a454729f7899b005d10c67316bd7
assets/unit_ready/army_armoredcar_c78036f62de3.webp	4188	b41adf6f88417b24f140c957fb6e368759d205da5a28ab108b7c0f85ad717ac5
assets/unit_ready/army_armoredcar_c8956fb165ef.webp	6128	56efcb17594e6d4642e3cd16cc91f3539a1713e8c3f8d02fdd2cb9a5fa5c0b22
assets/unit_ready/army_armoredcar_c91d2b589250.webp	4228	f963cde0aa20ed09f81211aad366f478f37d1b4c5222d04e3878c08bc3ae5634
assets/unit_ready/army_armoredcar_c97d659c306f.webp	2804	23418cfba8d372e8ec8be4699cb24e4c4de6c9a25ba16a185df9829f838f9b61
assets/unit_ready/army_armoredcar_c9bb2494c82f.webp	4218	65ef205d78e993a1c9e507672c7287c4e1c3bdc623d2f3caba2117532f63d901
assets/unit_ready/army_armoredcar_c9ecb01c0673.webp	4188	b41adf6f88417b24f140c957fb6e368759d205da5a28ab108b7c0f85ad717ac5
assets/unit_ready/army_armoredcar_d18d08d06e63.webp	5932	df9ec91992d99dc945625adf24e3a632b510c5d7747cf55f485e579797aed100
assets/unit_ready/army_armoredcar_d346e52fe55a.webp	5932	df9ec91992d99dc945625adf24e3a632b510c5d7747cf55f485e579797aed100
assets/unit_ready/army_armoredcar_d8b42cd3a57b.webp	4212	83492fb8e5c4584fe0c06b6ccbf434d98663b969636ce628b6dfe7e9cd75b6f9
assets/unit_ready/army_armoredcar_d8bf78b8afc7.webp	5932	df9ec91992d99dc945625adf24e3a632b510c5d7747cf55f485e579797aed100
assets/unit_ready/army_armoredcar_d90e2c4bb060.webp	4222	f89dbc06ba410c123ee6e4d2b6646fd96a85f440df1b575228f072a9c4aa06bc
assets/unit_ready/army_armoredcar_dc5383bedfd1.webp	4188	b41adf6f88417b24f140c957fb6e368759d205da5a28ab108b7c0f85ad717ac5
assets/unit_ready/army_armoredcar_dec41a5200fa.webp	4554	aa6b44fd4089103df7d065a19b694cc2b71a592a7b8db05b0b0f969915565947
assets/unit_ready/army_armoredcar_e87083f5d988.webp	2802	7ebd4ba75e6120e0a5acd867db95c5cf5672a0a55001e205b00f9822883a93a3
assets/unit_ready/army_armoredcar_ea05a38bdfdf.webp	4554	aa6b44fd4089103df7d065a19b694cc2b71a592a7b8db05b0b0f969915565947
assets/unit_ready/army_armoredcar_ec8a08d9db73.webp	4288	15395d6bf09f401a80915f2bb4fdd3fc07c7debf92c1f3318754e5c383fd06e2
assets/unit_ready/army_armoredcar_edb13bee8111.webp	4180	ba88f40481f0adc0848b823afd1a85b61124dd324f6e5ca89a7c567f5ca5f240
assets/unit_ready/army_armoredcar_eec72477fa0b.webp	2798	7b93417f3a9aadd8e181495f69247392d15d82e996ca30e61603fcf9c0cb61f6
assets/unit_ready/army_armoredcar_f1a9e3062530.webp	2816	89d78605dd5bb4ed1bc1dfd1ab370729f2f70b778b80d9f9b867d23c9cbded43
assets/unit_ready/army_armoredcar_f1cc6b968bd6.webp	6210	84ba13c80758b0935afd31f6cb6ad7c78f4303fff586330236304214ae4ca496
assets/unit_ready/army_armoredcar_f250f9040a4f.webp	2804	23418cfba8d372e8ec8be4699cb24e4c4de6c9a25ba16a185df9829f838f9b61
assets/unit_ready/army_armoredcar_f2873bcb6083.webp	4240	fb006063bc0b78f57e7903b627d4364eb573f17caaa358e085588c5e25fb8936
assets/unit_ready/army_armoredcar_f5c40a8c27be.webp	4600	4631328de5ed39fcb250c108153025c2a58a95b81e675661470784492830393e
assets/unit_ready/army_armoredcar_f683cce1980d.webp	2824	5af59e61e0aa9924a38419fffe3c6bffd9330a63d809e34a774deb360335e7e1
assets/unit_ready/army_armoredcar_fbba6060f185.webp	2824	5af59e61e0aa9924a38419fffe3c6bffd9330a63d809e34a774deb360335e7e1
assets/unit_ready/army_armoredcar_ffb1d85a9f18.webp	2772	d964b883f7ed3edadabebcf6c91c51496645e583dc30ea3c4e57f8a377bebb22
assets/unit_ready/army_artillery_01bb4ac3a28b.webp	4648	74173afea0bb84a7e49f9f0b272cb48083502314a92d5315bd389d63ef08842f
assets/unit_ready/army_artillery_0259a6e198c6.webp	3320	976f0a40bbe690244129ce2067dd9ecbe20c140c6d1b7aec9f3c5881f5cf6b7f
assets/unit_ready/army_artillery_02db4306bc5a.webp	4580	937cc4419f1fa34c8c755bf61f3847b319fc9ed8006a9dc205be2267003e3b9f
assets/unit_ready/army_artillery_0359cc0c2e58.webp	3356	f83c7102716c88e4467a7d2af8d5b6efa55e477efa1b6d2fc6d49a5a8683ea1c
assets/unit_ready/army_artillery_049e22c361e0.webp	5676	7dbcf8439b32131525f2bd17796594ff46babebfd4b00626147e85a23eff894c
assets/unit_ready/army_artillery_05351a6109ad.webp	2714	57b0f0a126dac5a40b43d072ede9934ab1299fd31c921b36a3c855f42ef36a04
assets/unit_ready/army_artillery_05fc0ba747aa.webp	5168	d75893fdb5322c7abf26320b6056c92b10a5bf21003f80ae7c1e1abbde9c4b48
assets/unit_ready/army_artillery_067e015c58e0.webp	5676	7dbcf8439b32131525f2bd17796594ff46babebfd4b00626147e85a23eff894c
assets/unit_ready/army_artillery_079cb651c09f.webp	2704	28da8612c160dc29d132d07739e0aaee0ddcded2afd859d3791ae60fed938360
assets/unit_ready/army_artillery_0c053d33d396.webp	5310	c0c1bdfd0f5936790a206259d75eae57beb460eb8fca8af46178580368ba9afb
assets/unit_ready/army_artillery_0e4fb4bf2e33.webp	2714	57b0f0a126dac5a40b43d072ede9934ab1299fd31c921b36a3c855f42ef36a04
assets/unit_ready/army_artillery_0f3430c43d73.webp	4580	937cc4419f1fa34c8c755bf61f3847b319fc9ed8006a9dc205be2267003e3b9f
assets/unit_ready/army_artillery_0f871c1fd2c3.webp	5404	0ea1860fb6623b6f7c277826108a22af942e725838a278d1bbf1df16a604f826
assets/unit_ready/army_artillery_11148b928a29.webp	3638	e3ff1011e682db436b238c75251b124d7b11f9ac6be1237a8d11fa297be82f30
assets/unit_ready/army_artillery_116d12cd4ca9.webp	3638	e3ff1011e682db436b238c75251b124d7b11f9ac6be1237a8d11fa297be82f30
assets/unit_ready/army_artillery_11d4e2bc3550.webp	3638	e3ff1011e682db436b238c75251b124d7b11f9ac6be1237a8d11fa297be82f30
assets/unit_ready/army_artillery_12b643fc9ba2.webp	5624	adc9afcc709ed84b45cc6851f32ec804ba575cb6a325f92e15a46ca4b0a7ce9e
assets/unit_ready/army_artillery_134f25a7f906.webp	2794	84ae9dcccdecb9eca02a4ccf8c9f3ec91dbc9c997412c71e0474fda0f6f312af
assets/unit_ready/army_artillery_14a6c8994720.webp	4898	eecaf9b7874476a6c155c048a3457cf63e647472e09b9ebc49c90cc3d7428bbd
assets/unit_ready/army_artillery_16b8d7fd4aea.webp	4620	dadd10454c9bb2895dd3ed5497b548863ff50e10e853e8b15189058302fb8b97
assets/unit_ready/army_artillery_1972678e1b78.webp	4620	dadd10454c9bb2895dd3ed5497b548863ff50e10e853e8b15189058302fb8b97
assets/unit_ready/army_artillery_1be1859a4320.webp	3270	7f78aa8a702c02885be9722930dff49d06e49c0b10eb9ce1aa2a9911e8ae1a1a
assets/unit_ready/army_artillery_1c7a257496c3.webp	4910	37405a43977d2c971188635c8d4d9ed2bc90bb588c0352b443606e360809be71
assets/unit_ready/army_artillery_1d9db86910e2.webp	5020	92c585674b4aadee9ee2b002fa4ead82b3bacc5f84a39affc2fc01f21a24f935
assets/unit_ready/army_artillery_1e0f5f417bca.webp	4682	a6f8107febd7d36107110fc3f2e8517f7fcf520b35f3593f064556d90eed492a
assets/unit_ready/army_artillery_22b28c0ddec7.webp	3530	66d0ec5aa2194baee7f237e2cdf3b1ba9d25d61e4c37ac5d9ba34e96de9233cc
assets/unit_ready/army_artillery_2498d298ac6f.webp	4974	604ee7b4cdb693ae76c16f044e10c516f80e6a147c976beef2fbb49c5d5b1a10
assets/unit_ready/army_artillery_264f5eeb021f.webp	4898	eecaf9b7874476a6c155c048a3457cf63e647472e09b9ebc49c90cc3d7428bbd
assets/unit_ready/army_artillery_26d49623727b.webp	3476	c9732972ab86d966eabb4b2464942ff961df0cb777d9e36ffc0176ad24dcf5e8
assets/unit_ready/army_artillery_2737aa60d059.webp	5502	e6740a13375d47c302c8a3e7f04ca012a58482a65c5f5e692beee2ef467e4af6
assets/unit_ready/army_artillery_27d8e0d9dca4.webp	4770	d63153a060e104d7a96c697d7f51d71d21214239a0f95dbe40c2cc9b6061f220
assets/unit_ready/army_artillery_29871649694c.webp	3528	ed1e014a522f133131b4e3cd27dc2e6f77b7a0dc9b1e36b110730b320904465d
assets/unit_ready/army_artillery_2bcd043dadf4.webp	3578	59745c5a4f7a2daeaf56d89615c5ea6a91d7fd397fb803e5fbda4330ef0698c3
assets/unit_ready/army_artillery_2cb5e4988579.webp	4974	604ee7b4cdb693ae76c16f044e10c516f80e6a147c976beef2fbb49c5d5b1a10
assets/unit_ready/army_artillery_2dda1d9a5f9d.webp	3254	5ce0bd92068983747728a2a10e61a4d1995b136518ab3c9c4b40db7288e37eba
assets/unit_ready/army_artillery_2deb0b48a029.webp	5502	e6740a13375d47c302c8a3e7f04ca012a58482a65c5f5e692beee2ef467e4af6
assets/unit_ready/army_artillery_2f3d3f4b6a7e.webp	4580	937cc4419f1fa34c8c755bf61f3847b319fc9ed8006a9dc205be2267003e3b9f
assets/unit_ready/army_artillery_2ff0bc5c84c3.webp	4990	97bc03b73c85cd31a1ccb3bc4287221703a5f1dba139b68f631749e614d611e6
assets/unit_ready/army_artillery_31e62f258435.webp	4620	dadd10454c9bb2895dd3ed5497b548863ff50e10e853e8b15189058302fb8b97
assets/unit_ready/army_artillery_328cd1ae8d9c.webp	5502	3366ad04b93818e1be327053d08f9a58438c5735b026fb704e5c60c2f1d6604b
assets/unit_ready/army_artillery_32c22066743b.webp	4770	d63153a060e104d7a96c697d7f51d71d21214239a0f95dbe40c2cc9b6061f220
assets/unit_ready/army_artillery_35e077bc16cb.webp	5676	7dbcf8439b32131525f2bd17796594ff46babebfd4b00626147e85a23eff894c
assets/unit_ready/army_artillery_38905e59b378.webp	5484	beb3cc508a7394319bed08eb8bd0c98817a275ecdbc3fad42ba5c830c5af7359
assets/unit_ready/army_artillery_393927ca4f0b.webp	5336	5fa854eb21bcc8bc58c2f08d3342b93f4178e35011072e8dcf5e7dd530c9ab18
assets/unit_ready/army_artillery_39a30008b019.webp	4898	eecaf9b7874476a6c155c048a3457cf63e647472e09b9ebc49c90cc3d7428bbd
assets/unit_ready/army_artillery_3af09a60f17a.webp	5310	c0c1bdfd0f5936790a206259d75eae57beb460eb8fca8af46178580368ba9afb
assets/unit_ready/army_artillery_3ca13f99c60b.webp	3254	5ce0bd92068983747728a2a10e61a4d1995b136518ab3c9c4b40db7288e37eba
assets/unit_ready/army_artillery_3fb9ee75602e.webp	3638	e3ff1011e682db436b238c75251b124d7b11f9ac6be1237a8d11fa297be82f30
assets/unit_ready/army_artillery_3fe553d4e568.webp	4580	937cc4419f1fa34c8c755bf61f3847b319fc9ed8006a9dc205be2267003e3b9f
assets/unit_ready/army_artillery_40949ac9ef78.webp	5676	7dbcf8439b32131525f2bd17796594ff46babebfd4b00626147e85a23eff894c
assets/unit_ready/army_artillery_40ab0d0fafc4.webp	5020	92c585674b4aadee9ee2b002fa4ead82b3bacc5f84a39affc2fc01f21a24f935
assets/unit_ready/army_artillery_4332133b0be2.webp	4580	01c5a784c39e1edd270f6b4d279151c26e627191222aae29001d053282740def
assets/unit_ready/army_artillery_433af4e89cc2.webp	4682	a6f8107febd7d36107110fc3f2e8517f7fcf520b35f3593f064556d90eed492a
assets/unit_ready/army_artillery_442986831998.webp	4860	4e3ff963ae76599a9426b959d45fced1ef50b013c66d3fb469a89d67e49dbd5e
assets/unit_ready/army_artillery_4752372c6bba.webp	3254	5ce0bd92068983747728a2a10e61a4d1995b136518ab3c9c4b40db7288e37eba
assets/unit_ready/army_artillery_478e6c89ce07.webp	5336	5fa854eb21bcc8bc58c2f08d3342b93f4178e35011072e8dcf5e7dd530c9ab18
assets/unit_ready/army_artillery_479e61f99e1e.webp	5168	d75893fdb5322c7abf26320b6056c92b10a5bf21003f80ae7c1e1abbde9c4b48
assets/unit_ready/army_artillery_4aa52f6fcf45.webp	5676	7dbcf8439b32131525f2bd17796594ff46babebfd4b00626147e85a23eff894c
assets/unit_ready/army_artillery_4b640768828e.webp	2774	78993ec34686900e84113c3d24cf83ecbb690681d4b05c7574b50596f9463099
assets/unit_ready/army_artillery_4dc98afc4554.webp	2758	a79b5a8e34508203be63fc9c33daaf8677ec0db194389af76666a389410b85a8
assets/unit_ready/army_artillery_4dcb64687bda.webp	4848	f04edeced7352c3fc477849d33b52d9266a4bb05e4db3f053bb9d3845c191015
assets/unit_ready/army_artillery_4fb415a7daf7.webp	3476	c9732972ab86d966eabb4b2464942ff961df0cb777d9e36ffc0176ad24dcf5e8
assets/unit_ready/army_artillery_50257eae7727.webp	3412	8ce1fc2e011b1b7c59071d9472333b5ffd4ba2a30c9fb54ba25719bea897e3ea
assets/unit_ready/army_artillery_518c94c20cd8.webp	5676	7dbcf8439b32131525f2bd17796594ff46babebfd4b00626147e85a23eff894c
assets/unit_ready/army_artillery_51a8dd3dee21.webp	3254	5ce0bd92068983747728a2a10e61a4d1995b136518ab3c9c4b40db7288e37eba
assets/unit_ready/army_artillery_527163cc735e.webp	5502	e6740a13375d47c302c8a3e7f04ca012a58482a65c5f5e692beee2ef467e4af6
assets/unit_ready/army_artillery_53f7600a65e2.webp	4724	49fa1044efbc34f3bb884e6b7fe195c53d08c4ac486622f3839fe0f4cfb86626
assets/unit_ready/army_artillery_56440c59ffda.webp	5168	d75893fdb5322c7abf26320b6056c92b10a5bf21003f80ae7c1e1abbde9c4b48
assets/unit_ready/army_artillery_5667b77457a0.webp	5336	5fa854eb21bcc8bc58c2f08d3342b93f4178e35011072e8dcf5e7dd530c9ab18
assets/unit_ready/army_artillery_57ece7eb9a2d.webp	5336	5fa854eb21bcc8bc58c2f08d3342b93f4178e35011072e8dcf5e7dd530c9ab18
assets/unit_ready/army_artillery_5cce067d27e7.webp	5484	beb3cc508a7394319bed08eb8bd0c98817a275ecdbc3fad42ba5c830c5af7359
assets/unit_ready/army_artillery_5d86c7cb89fe.webp	4898	eecaf9b7874476a6c155c048a3457cf63e647472e09b9ebc49c90cc3d7428bbd
assets/unit_ready/army_artillery_5ded63e63c67.webp	4974	a15b52e4d34505d5c01f70e02b5b582f5e9bf3422ff73b8f2b2d0b61e84c2768
assets/unit_ready/army_artillery_5e7b60e617ed.webp	3638	e3ff1011e682db436b238c75251b124d7b11f9ac6be1237a8d11fa297be82f30
assets/unit_ready/army_artillery_5ea762347048.webp	2714	57b0f0a126dac5a40b43d072ede9934ab1299fd31c921b36a3c855f42ef36a04
assets/unit_ready/army_artillery_5f358b22115c.webp	3270	7f78aa8a702c02885be9722930dff49d06e49c0b10eb9ce1aa2a9911e8ae1a1a
assets/unit_ready/army_artillery_60ca2d537ff2.webp	2714	57b0f0a126dac5a40b43d072ede9934ab1299fd31c921b36a3c855f42ef36a04
assets/unit_ready/army_artillery_617e1325d3e3.webp	5310	c0c1bdfd0f5936790a206259d75eae57beb460eb8fca8af46178580368ba9afb
assets/unit_ready/army_artillery_628af1bec1b4.webp	4682	a6f8107febd7d36107110fc3f2e8517f7fcf520b35f3593f064556d90eed492a
assets/unit_ready/army_artillery_6396e907b30a.webp	2714	57b0f0a126dac5a40b43d072ede9934ab1299fd31c921b36a3c855f42ef36a04
assets/unit_ready/army_artillery_63c9a31e3955.webp	4724	49fa1044efbc34f3bb884e6b7fe195c53d08c4ac486622f3839fe0f4cfb86626
assets/unit_ready/army_artillery_64001bf1ab86.webp	5336	5fa854eb21bcc8bc58c2f08d3342b93f4178e35011072e8dcf5e7dd530c9ab18
assets/unit_ready/army_artillery_647318200893.webp	5502	e6740a13375d47c302c8a3e7f04ca012a58482a65c5f5e692beee2ef467e4af6
assets/unit_ready/army_artillery_64914e6a051e.webp	4770	d63153a060e104d7a96c697d7f51d71d21214239a0f95dbe40c2cc9b6061f220
assets/unit_ready/army_artillery_6520a7636d4a.webp	4664	b3b49067ae30ac951e01653dc489d841c0676064fec5091a4c9273fc5fb2c26e
assets/unit_ready/army_artillery_65f4710bea07.webp	4808	d29c789c414139be1327c4bd63b1d9b368b0edcbb6b281e3c6203e55a032f68a
assets/unit_ready/army_artillery_65f7620bd50e.webp	3270	7f78aa8a702c02885be9722930dff49d06e49c0b10eb9ce1aa2a9911e8ae1a1a
assets/unit_ready/army_artillery_6692ae082cce.webp	4662	0186ec720d7e8651117923fc89d4de3a48601b946bf21fa13991f8e8c3524ad0
assets/unit_ready/army_artillery_66fac52a1de9.webp	4838	f85823b1a42b94564c7b693a326700def342802a50847ae183f16fdcf748f9ab
assets/unit_ready/army_artillery_68857cde2f5a.webp	4724	49fa1044efbc34f3bb884e6b7fe195c53d08c4ac486622f3839fe0f4cfb86626
assets/unit_ready/army_artillery_68ec6a4d0fbe.webp	2792	ef22a04e5c9b8f52b32dfda0638433393627680e2e1f951044a6c1cd55a1c281
assets/unit_ready/army_artillery_6a5061e9a67c.webp	4620	981ab5ecc06b2a802791b383ccc51a0da1e4c01c45270fd2a78964225632dafe
assets/unit_ready/army_artillery_6c78a6504454.webp	2774	78993ec34686900e84113c3d24cf83ecbb690681d4b05c7574b50596f9463099
assets/unit_ready/army_artillery_6df252f4a245.webp	4580	937cc4419f1fa34c8c755bf61f3847b319fc9ed8006a9dc205be2267003e3b9f
assets/unit_ready/army_artillery_70345d5c8afd.webp	4620	dadd10454c9bb2895dd3ed5497b548863ff50e10e853e8b15189058302fb8b97
assets/unit_ready/army_artillery_70b8d6ca128f.webp	3412	8ce1fc2e011b1b7c59071d9472333b5ffd4ba2a30c9fb54ba25719bea897e3ea
assets/unit_ready/army_artillery_748447cfe143.webp	4920	284a77fac376f5dbc44fad20e21a23335214f9c7ff1a2d881ae377147543c231
assets/unit_ready/army_artillery_76903607b7bc.webp	3528	ed1e014a522f133131b4e3cd27dc2e6f77b7a0dc9b1e36b110730b320904465d
assets/unit_ready/army_artillery_77e76b9b76af.webp	5168	d75893fdb5322c7abf26320b6056c92b10a5bf21003f80ae7c1e1abbde9c4b48
assets/unit_ready/army_artillery_7a270b3d2d30.webp	3412	8ce1fc2e011b1b7c59071d9472333b5ffd4ba2a30c9fb54ba25719bea897e3ea
assets/unit_ready/army_artillery_7c0b5d965ba1.webp	5416	5605aff4d41d2b2a3af4b31ccd827c8bfa41ecde39412b92bb89f4407f490044
assets/unit_ready/army_artillery_7ee2b7546381.webp	5484	beb3cc508a7394319bed08eb8bd0c98817a275ecdbc3fad42ba5c830c5af7359
assets/unit_ready/army_artillery_802858d1f9ae.webp	2710	ad48d22d24507e46a738f9159a0fc1d498a1916fd8086257829428de78d53eb1
assets/unit_ready/army_artillery_802d521a8ab1.webp	4580	937cc4419f1fa34c8c755bf61f3847b319fc9ed8006a9dc205be2267003e3b9f
assets/unit_ready/army_artillery_825c6da7f7cb.webp	4770	d63153a060e104d7a96c697d7f51d71d21214239a0f95dbe40c2cc9b6061f220
assets/unit_ready/army_artillery_847d4fb704d1.webp	5310	c0c1bdfd0f5936790a206259d75eae57beb460eb8fca8af46178580368ba9afb
assets/unit_ready/army_artillery_858a9b9f8980.webp	5336	5fa854eb21bcc8bc58c2f08d3342b93f4178e35011072e8dcf5e7dd530c9ab18
assets/unit_ready/army_artillery_8617ea7e491b.webp	4992	ff2337a7f96442e2cc59cc6d3f9c94851535e126e667de6b51e19c2700524b3e
assets/unit_ready/army_artillery_89ad6279384d.webp	2794	84ae9dcccdecb9eca02a4ccf8c9f3ec91dbc9c997412c71e0474fda0f6f312af
assets/unit_ready/army_artillery_8a77bb4c9bd1.webp	3270	7f78aa8a702c02885be9722930dff49d06e49c0b10eb9ce1aa2a9911e8ae1a1a
assets/unit_ready/army_artillery_8e8bd9abb683.webp	3254	5ce0bd92068983747728a2a10e61a4d1995b136518ab3c9c4b40db7288e37eba
assets/unit_ready/army_artillery_8ec7e3ebd407.webp	4974	604ee7b4cdb693ae76c16f044e10c516f80e6a147c976beef2fbb49c5d5b1a10
assets/unit_ready/army_artillery_8f3db6990fb4.webp	4650	2f09472f8d2902fc585cabcf1fca90d5f70f13643b4e90ae98b964e46393e114
assets/unit_ready/army_artillery_8f9762e78dc6.webp	4640	38cdec3d4be595f9ad681094171b2e0c4a34bbfca5a3da921c3a205802a4f3bc
assets/unit_ready/army_artillery_8fce0187e3a9.webp	2794	84ae9dcccdecb9eca02a4ccf8c9f3ec91dbc9c997412c71e0474fda0f6f312af
assets/unit_ready/army_artillery_905d3cd5b186.webp	3412	8ce1fc2e011b1b7c59071d9472333b5ffd4ba2a30c9fb54ba25719bea897e3ea
assets/unit_ready/army_artillery_908e5e3d5e89.webp	3528	ed1e014a522f133131b4e3cd27dc2e6f77b7a0dc9b1e36b110730b320904465d
assets/unit_ready/army_artillery_90f213c22267.webp	5168	d75893fdb5322c7abf26320b6056c92b10a5bf21003f80ae7c1e1abbde9c4b48
assets/unit_ready/army_artillery_91348df3551d.webp	4682	a6f8107febd7d36107110fc3f2e8517f7fcf520b35f3593f064556d90eed492a
assets/unit_ready/army_artillery_91b6cc8659f4.webp	4898	eecaf9b7874476a6c155c048a3457cf63e647472e09b9ebc49c90cc3d7428bbd
assets/unit_ready/army_artillery_91e34e9adbf8.webp	5020	92c585674b4aadee9ee2b002fa4ead82b3bacc5f84a39affc2fc01f21a24f935
assets/unit_ready/army_artillery_91ead29e81f4.webp	5590	b0354072d55862c60cf3246c7a09e1a376cad77ee14ca78b7631b2893dd213f0
assets/unit_ready/army_artillery_922cfbb3dc5e.webp	4724	49fa1044efbc34f3bb884e6b7fe195c53d08c4ac486622f3839fe0f4cfb86626
assets/unit_ready/army_artillery_92455ca05597.webp	3254	5ce0bd92068983747728a2a10e61a4d1995b136518ab3c9c4b40db7288e37eba
assets/unit_ready/army_artillery_9445794b769e.webp	5020	92c585674b4aadee9ee2b002fa4ead82b3bacc5f84a39affc2fc01f21a24f935
assets/unit_ready/army_artillery_960c68201a71.webp	3254	5ce0bd92068983747728a2a10e61a4d1995b136518ab3c9c4b40db7288e37eba
assets/unit_ready/army_artillery_975721d7b472.webp	3476	c9732972ab86d966eabb4b2464942ff961df0cb777d9e36ffc0176ad24dcf5e8
assets/unit_ready/army_artillery_9807410e5dee.webp	3412	8ce1fc2e011b1b7c59071d9472333b5ffd4ba2a30c9fb54ba25719bea897e3ea
assets/unit_ready/army_artillery_993029f80d40.webp	4620	dadd10454c9bb2895dd3ed5497b548863ff50e10e853e8b15189058302fb8b97
assets/unit_ready/army_artillery_9a0ab17929b2.webp	4898	eecaf9b7874476a6c155c048a3457cf63e647472e09b9ebc49c90cc3d7428bbd
assets/unit_ready/army_artillery_9ab383a20b3d.webp	3286	81f18957c7d4a598a7c264f9dc078120f6d627452bc5be460f5fbf7577e294f8
assets/unit_ready/army_artillery_9ac0c9bffc85.webp	3476	c9732972ab86d966eabb4b2464942ff961df0cb777d9e36ffc0176ad24dcf5e8
assets/unit_ready/army_artillery_9ad9aee9780d.webp	4580	01c5a784c39e1edd270f6b4d279151c26e627191222aae29001d053282740def
assets/unit_ready/army_artillery_9b48ca8bcb02.webp	5310	c0c1bdfd0f5936790a206259d75eae57beb460eb8fca8af46178580368ba9afb
assets/unit_ready/army_artillery_9b78ba5b14a3.webp	4580	01c5a784c39e1edd270f6b4d279151c26e627191222aae29001d053282740def
assets/unit_ready/army_artillery_9b97811f95e8.webp	4974	604ee7b4cdb693ae76c16f044e10c516f80e6a147c976beef2fbb49c5d5b1a10
assets/unit_ready/army_artillery_9c320c31388e.webp	3528	ed1e014a522f133131b4e3cd27dc2e6f77b7a0dc9b1e36b110730b320904465d
assets/unit_ready/army_artillery_a0bf7bc3a581.webp	4572	d3eceb33211c53dbe3e9103e5e337f0f8b02bcf92e8de104b5d120a46297417b
assets/unit_ready/army_artillery_a0fc315b6bce.webp	4886	7195c8689fc2debf016b6cb6ca6e1480550175b3d3595497ac97fb3b994b1b82
assets/unit_ready/army_artillery_a1433cee6701.webp	4632	7fc32fd9226311205864c8bac7981eaa33cb92ec4e834bccd43264d4b523283a
assets/unit_ready/army_artillery_a26a41578248.webp	5020	92c585674b4aadee9ee2b002fa4ead82b3bacc5f84a39affc2fc01f21a24f935
assets/unit_ready/army_artillery_a3245e3a98cb.webp	5168	d75893fdb5322c7abf26320b6056c92b10a5bf21003f80ae7c1e1abbde9c4b48
assets/unit_ready/army_artillery_a3b4a2862b14.webp	3528	ed1e014a522f133131b4e3cd27dc2e6f77b7a0dc9b1e36b110730b320904465d
assets/unit_ready/army_artillery_a3b6c39e09d9.webp	5336	5fa854eb21bcc8bc58c2f08d3342b93f4178e35011072e8dcf5e7dd530c9ab18
assets/unit_ready/army_artillery_a6b34339922b.webp	4580	01c5a784c39e1edd270f6b4d279151c26e627191222aae29001d053282740def
assets/unit_ready/army_artillery_a85b653d3ce6.webp	4934	5262c4ecd5a2e6c8f989a29ccfedc31c5bfa2149950035e957080ddb5d2b56d5
assets/unit_ready/army_artillery_a877e401d0d4.webp	5502	e6740a13375d47c302c8a3e7f04ca012a58482a65c5f5e692beee2ef467e4af6
assets/unit_ready/army_artillery_a8de8980dee1.webp	3270	7f78aa8a702c02885be9722930dff49d06e49c0b10eb9ce1aa2a9911e8ae1a1a
assets/unit_ready/army_artillery_ac1c8e8ceac3.webp	5020	92c585674b4aadee9ee2b002fa4ead82b3bacc5f84a39affc2fc01f21a24f935
assets/unit_ready/army_artillery_ade797176568.webp	4770	d63153a060e104d7a96c697d7f51d71d21214239a0f95dbe40c2cc9b6061f220
assets/unit_ready/army_artillery_afa295e1257c.webp	3476	c9732972ab86d966eabb4b2464942ff961df0cb777d9e36ffc0176ad24dcf5e8
assets/unit_ready/army_artillery_b19535f3a060.webp	2794	84ae9dcccdecb9eca02a4ccf8c9f3ec91dbc9c997412c71e0474fda0f6f312af
assets/unit_ready/army_artillery_b3dd1c41dcb5.webp	3464	1fd2f0de43765ed519e715d5fe92fdf79befbdd872316442aac0ebac18528a8b
assets/unit_ready/army_artillery_b3eb3087a08b.webp	5484	beb3cc508a7394319bed08eb8bd0c98817a275ecdbc3fad42ba5c830c5af7359
assets/unit_ready/army_artillery_b4525d261335.webp	4580	01c5a784c39e1edd270f6b4d279151c26e627191222aae29001d053282740def
assets/unit_ready/army_artillery_b4b78f4dcc2a.webp	5020	92c585674b4aadee9ee2b002fa4ead82b3bacc5f84a39affc2fc01f21a24f935
assets/unit_ready/army_artillery_b4cefba6fb89.webp	4974	604ee7b4cdb693ae76c16f044e10c516f80e6a147c976beef2fbb49c5d5b1a10
assets/unit_ready/army_artillery_b582eb7ecbd4.webp	3368	02f3b3ec9862149f382bd52a9927592de327bba370933fdc3e8b6d5ea38cca7c
assets/unit_ready/army_artillery_b740ae3437a5.webp	5484	beb3cc508a7394319bed08eb8bd0c98817a275ecdbc3fad42ba5c830c5af7359
assets/unit_ready/army_artillery_b91379129103.webp	2736	1b0b473ec1e59cf03847d57d1d08edbdfc79fc908f89b2eb7c0d9fd5777aba3a
assets/unit_ready/army_artillery_bb4b15dfe6f7.webp	5102	66e85fd4995c88353772e1f5b7deb0155d08345f8208d5e255c596c6c980352b
assets/unit_ready/army_artillery_bce64f4161ef.webp	5168	d75893fdb5322c7abf26320b6056c92b10a5bf21003f80ae7c1e1abbde9c4b48
assets/unit_ready/army_artillery_be0225d3288d.webp	5502	e6740a13375d47c302c8a3e7f04ca012a58482a65c5f5e692beee2ef467e4af6
assets/unit_ready/army_artillery_bfcd9c072344.webp	4682	a6f8107febd7d36107110fc3f2e8517f7fcf520b35f3593f064556d90eed492a
assets/unit_ready/army_artillery_c04b4ac5588a.webp	3476	c9732972ab86d966eabb4b2464942ff961df0cb777d9e36ffc0176ad24dcf5e8
assets/unit_ready/army_artillery_c3499a62f0d3.webp	2794	84ae9dcccdecb9eca02a4ccf8c9f3ec91dbc9c997412c71e0474fda0f6f312af
assets/unit_ready/army_artillery_c48778480b75.webp	3476	c9732972ab86d966eabb4b2464942ff961df0cb777d9e36ffc0176ad24dcf5e8
assets/unit_ready/army_artillery_c548af77d4dc.webp	5484	beb3cc508a7394319bed08eb8bd0c98817a275ecdbc3fad42ba5c830c5af7359
assets/unit_ready/army_artillery_c5f66c2dcd26.webp	3270	7f78aa8a702c02885be9722930dff49d06e49c0b10eb9ce1aa2a9911e8ae1a1a
assets/unit_ready/army_artillery_c8b51d4ab3f6.webp	5520	c8f57caf6022276eae39a23b651ac67a72b8026713474f14151b36cba60a36ff
assets/unit_ready/army_artillery_c9d650b7d3b3.webp	4974	604ee7b4cdb693ae76c16f044e10c516f80e6a147c976beef2fbb49c5d5b1a10
assets/unit_ready/army_artillery_cc63c34294e5.webp	4770	d63153a060e104d7a96c697d7f51d71d21214239a0f95dbe40c2cc9b6061f220
assets/unit_ready/army_artillery_cdd8488f15b2.webp	3358	77575f5c71e2357d84119535c37f87f07eef0f8fb665d649ffe6d30f4de33c1b
assets/unit_ready/army_artillery_d012e995bbdc.webp	2714	57b0f0a126dac5a40b43d072ede9934ab1299fd31c921b36a3c855f42ef36a04
assets/unit_ready/army_artillery_d03186e8663e.webp	4580	937cc4419f1fa34c8c755bf61f3847b319fc9ed8006a9dc205be2267003e3b9f
assets/unit_ready/army_artillery_d2956f0327a3.webp	5310	c0c1bdfd0f5936790a206259d75eae57beb460eb8fca8af46178580368ba9afb
assets/unit_ready/army_artillery_d2a07f7998c6.webp	4724	49fa1044efbc34f3bb884e6b7fe195c53d08c4ac486622f3839fe0f4cfb86626
assets/unit_ready/army_artillery_d45d5349f2b0.webp	3412	8ce1fc2e011b1b7c59071d9472333b5ffd4ba2a30c9fb54ba25719bea897e3ea
assets/unit_ready/army_artillery_d67fdba2132f.webp	4898	eecaf9b7874476a6c155c048a3457cf63e647472e09b9ebc49c90cc3d7428bbd
assets/unit_ready/army_artillery_dcbaaf78ca35.webp	2714	57b0f0a126dac5a40b43d072ede9934ab1299fd31c921b36a3c855f42ef36a04
assets/unit_ready/army_artillery_de3b7db4a4f1.webp	4988	244319acfcb8a81510eec64b609fd53a7544ff1e4141d9b98c23565efd2cfccc
assets/unit_ready/army_artillery_de623c1a5fa3.webp	2736	2460c19501c5a65b52e0deace97c58a7028b18e2f319f3e701f3e2bd035eaf61
assets/unit_ready/army_artillery_de914f72ea42.webp	2774	78993ec34686900e84113c3d24cf83ecbb690681d4b05c7574b50596f9463099
assets/unit_ready/army_artillery_e0a51774f73d.webp	4580	01c5a784c39e1edd270f6b4d279151c26e627191222aae29001d053282740def
assets/unit_ready/army_artillery_e14d6df236fe.webp	3270	7f78aa8a702c02885be9722930dff49d06e49c0b10eb9ce1aa2a9911e8ae1a1a
assets/unit_ready/army_artillery_e20ca4856bba.webp	4682	a6f8107febd7d36107110fc3f2e8517f7fcf520b35f3593f064556d90eed492a
assets/unit_ready/army_artillery_e27dc5fc07a9.webp	2794	84ae9dcccdecb9eca02a4ccf8c9f3ec91dbc9c997412c71e0474fda0f6f312af
assets/unit_ready/army_artillery_e4b63d8586fe.webp	3568	3f66d08e863c88413bf9663f9dcaf23147ec9ed5143bfee2f8621921ac7bef96
assets/unit_ready/army_artillery_e536c028ae1f.webp	3528	ed1e014a522f133131b4e3cd27dc2e6f77b7a0dc9b1e36b110730b320904465d
assets/unit_ready/army_artillery_e7aa3c5cd42f.webp	3638	e3ff1011e682db436b238c75251b124d7b11f9ac6be1237a8d11fa297be82f30
assets/unit_ready/army_artillery_e893c81d5533.webp	3418	d89a18b4512d092d335bf3dd4fde020036596cae79b86dc34f6a25a0f3955cc6
assets/unit_ready/army_artillery_e95ecfc7faac.webp	3562	53d6885aacf777b0a5266c952c31561a25553e4e44c862c03a2eb3e7faea6daa
assets/unit_ready/army_artillery_ea73a48a1493.webp	3370	be0a48360d4d2c4ea8bca26802c2800cda04d39beb55ed635bfe1f858fd689e0
assets/unit_ready/army_artillery_ea8a3517c197.webp	5566	a2e92c55fc5b3e59627255dad11df9b8b7a518cc160f27b34c2720be8dd2cfee
assets/unit_ready/army_artillery_ecf4e031f7e1.webp	3528	ed1e014a522f133131b4e3cd27dc2e6f77b7a0dc9b1e36b110730b320904465d
assets/unit_ready/army_artillery_ee3e055458b5.webp	2774	78993ec34686900e84113c3d24cf83ecbb690681d4b05c7574b50596f9463099
assets/unit_ready/army_artillery_f065c914372c.webp	4602	607eb0e313c0e1a7c28b96d6a591a080195ed6a8f4d60dee03a5d4144bb626ef
assets/unit_ready/army_artillery_f25009e8e3f7.webp	5310	c0c1bdfd0f5936790a206259d75eae57beb460eb8fca8af46178580368ba9afb
assets/unit_ready/army_artillery_f2caf4862ad9.webp	5484	beb3cc508a7394319bed08eb8bd0c98817a275ecdbc3fad42ba5c830c5af7359
assets/unit_ready/army_artillery_f2e7c868ede4.webp	4620	dadd10454c9bb2895dd3ed5497b548863ff50e10e853e8b15189058302fb8b97
assets/unit_ready/army_artillery_f31fbd7bf51a.webp	2774	78993ec34686900e84113c3d24cf83ecbb690681d4b05c7574b50596f9463099
assets/unit_ready/army_artillery_f6308e47c21b.webp	4724	49fa1044efbc34f3bb884e6b7fe195c53d08c4ac486622f3839fe0f4cfb86626
assets/unit_ready/army_artillery_f6680dedc38f.webp	2794	84ae9dcccdecb9eca02a4ccf8c9f3ec91dbc9c997412c71e0474fda0f6f312af
assets/unit_ready/army_artillery_f6a7f5c58ca3.webp	4580	01c5a784c39e1edd270f6b4d279151c26e627191222aae29001d053282740def
assets/unit_ready/army_artillery_f8de8229d39a.webp	4620	dadd10454c9bb2895dd3ed5497b548863ff50e10e853e8b15189058302fb8b97
assets/unit_ready/army_artillery_fd13e17fed49.webp	4770	d63153a060e104d7a96c697d7f51d71d21214239a0f95dbe40c2cc9b6061f220
assets/unit_ready/army_artillery_fe7bff124df1.webp	2774	78993ec34686900e84113c3d24cf83ecbb690681d4b05c7574b50596f9463099
assets/unit_ready/army_artillery_fef0ea2bb879.webp	4544	e29eac4e920fe055ef156762fd4d75f651a3b3a5492af20f987b8e655ec2dc70
assets/unit_ready/army_fort_35eab3eace44.webp	1344	933455035ae16ddefbb6b79093e7f38561820bed2a4f70f9ecd4684590466ea5
assets/unit_ready/army_fort_575c03479bb4.webp	3800	1b9c46880f541f0755515ef073058113559fad4bd9d72594bcf9b4808a16f72a
assets/unit_ready/army_fort_a904e72a0b50.webp	3454	dc246cf2972dbe7b60559856e6fa9ea8c9eff24edd5728c0d23a6a7ab3be5dcc
assets/unit_ready/army_fort_c2b7ac202529.webp	2942	5daa478d4d37fdfabe1c7c302ea4f37b7c8342a41f46337ca8364dee5ec3a8ec
assets/unit_ready/army_grenadier_03b674ca5b93.webp	5324	284f7257292d2fcada2a7599d8a47fe96b429f5a631a2398735e9ff8d0edd453
assets/unit_ready/army_grenadier_059eb7e80087.webp	3748	42b15e9b431371379ced557946d2d7c3b0ccdaa2261065d26258ccec15a3adc0
assets/unit_ready/army_grenadier_07820b14d7a3.webp	4774	1f5a59cac47408c70568e84acbff16b86b71b5e699f9c6f18e46ef04d07f6e30
assets/unit_ready/army_grenadier_0ad7de4e3dd0.webp	4924	a841c4420e25b09f14f52678df009ee0ef6104a90b8f842410e1faa87391692b
assets/unit_ready/army_grenadier_0fede17f1d46.webp	3594	6a9eeec2dc1da4c8a3606ed172c61b658e0cde04b7ab675cd742e867298b6b88
assets/unit_ready/army_grenadier_14ed3ca206c9.webp	4802	db6bd52d8dec341bbf8553c5a4c7265cc9c97f129b98bba33fa09b145aa6b0e7
assets/unit_ready/army_grenadier_1997edd774e7.webp	4802	db6bd52d8dec341bbf8553c5a4c7265cc9c97f129b98bba33fa09b145aa6b0e7
assets/unit_ready/army_grenadier_1aa343b2f018.webp	5324	284f7257292d2fcada2a7599d8a47fe96b429f5a631a2398735e9ff8d0edd453
assets/unit_ready/army_grenadier_1dd53df20fe6.webp	4634	934139ba085561da1c0b41b238979cb87574fa7cfb3f12229254ad50f61bbc13
assets/unit_ready/army_grenadier_21481f3a48ed.webp	4802	db6bd52d8dec341bbf8553c5a4c7265cc9c97f129b98bba33fa09b145aa6b0e7
assets/unit_ready/army_grenadier_23b83809e555.webp	4042	dddc1d493e4c607b980272618b1bbc182ec23cddfefc0501064f25f762d95f19
assets/unit_ready/army_grenadier_2744242c5d2b.webp	4152	a9a6a6bb6f3c8257a770e62518b6b31f50a1516d56688b09ed50db6f627ae3d5
assets/unit_ready/army_grenadier_27fc4d2afe9f.webp	3556	11122d80ba55bc9b598ce6a7219a34308b3621fc60b6d0e420282b13b5baba52
assets/unit_ready/army_grenadier_2d1695af099b.webp	4042	dddc1d493e4c607b980272618b1bbc182ec23cddfefc0501064f25f762d95f19
assets/unit_ready/army_grenadier_2fc0b32f5668.webp	4926	19a5e5a3db1336f3f231b3893acd36e2f94a2e9ec538186cccab71ab18c64054
assets/unit_ready/army_grenadier_2fe0938b6e88.webp	3592	d3625dab68d4eb86f973196c316b41af9c244e9efe5e0e2c76f1140757abde3e
assets/unit_ready/army_grenadier_3239fabf3d9f.webp	4924	a841c4420e25b09f14f52678df009ee0ef6104a90b8f842410e1faa87391692b
assets/unit_ready/army_grenadier_35d30d26cfca.webp	3556	11122d80ba55bc9b598ce6a7219a34308b3621fc60b6d0e420282b13b5baba52
assets/unit_ready/army_grenadier_39b1d8cb233c.webp	4926	19a5e5a3db1336f3f231b3893acd36e2f94a2e9ec538186cccab71ab18c64054
assets/unit_ready/army_grenadier_39ba4a46b1bc.webp	4602	0591c0f2a0091cc6a62ce19f09e2941b26c4613a1dca3369e33b95521c5746e9
assets/unit_ready/army_grenadier_3bc4b753db22.webp	3556	11122d80ba55bc9b598ce6a7219a34308b3621fc60b6d0e420282b13b5baba52
assets/unit_ready/army_grenadier_3e3530890d2c.webp	4924	a841c4420e25b09f14f52678df009ee0ef6104a90b8f842410e1faa87391692b
assets/unit_ready/army_grenadier_4198f19d6324.webp	4802	db6bd52d8dec341bbf8553c5a4c7265cc9c97f129b98bba33fa09b145aa6b0e7
assets/unit_ready/army_grenadier_4625808f6559.webp	4924	a841c4420e25b09f14f52678df009ee0ef6104a90b8f842410e1faa87391692b
assets/unit_ready/army_grenadier_4a55e4a206da.webp	3748	42b15e9b431371379ced557946d2d7c3b0ccdaa2261065d26258ccec15a3adc0
assets/unit_ready/army_grenadier_4ceb4cb100ee.webp	4042	dddc1d493e4c607b980272618b1bbc182ec23cddfefc0501064f25f762d95f19
assets/unit_ready/army_grenadier_4dd40c40de7d.webp	4852	71d92787623910f718a879f379322db96da739d87b0e088bf2e14d75407ff58f
assets/unit_ready/army_grenadier_4e0a5840ddb8.webp	3590	bde169a79aefb8aa384eb728907edcb850358e2ccb287b5a0c6fd32e5c5992eb
assets/unit_ready/army_grenadier_4fe11c8a717a.webp	4924	a841c4420e25b09f14f52678df009ee0ef6104a90b8f842410e1faa87391692b
assets/unit_ready/army_grenadier_51d9b65f4aa0.webp	4774	1f5a59cac47408c70568e84acbff16b86b71b5e699f9c6f18e46ef04d07f6e30
assets/unit_ready/army_grenadier_5b1537f824b9.webp	4042	dddc1d493e4c607b980272618b1bbc182ec23cddfefc0501064f25f762d95f19
assets/unit_ready/army_grenadier_5d3e1a10a5b4.webp	4852	71d92787623910f718a879f379322db96da739d87b0e088bf2e14d75407ff58f
assets/unit_ready/army_grenadier_65c22a71e02b.webp	4042	dddc1d493e4c607b980272618b1bbc182ec23cddfefc0501064f25f762d95f19
assets/unit_ready/army_grenadier_66bfcf2ffd0b.webp	4724	55fb5014955647694d7bd42b13a419774a978c97bd7a16293153fb395ea490b7
assets/unit_ready/army_grenadier_743ab5dccbd6.webp	4926	19a5e5a3db1336f3f231b3893acd36e2f94a2e9ec538186cccab71ab18c64054
assets/unit_ready/army_grenadier_7e57c6f9bf48.webp	3568	a5021fad9b42ced3a1ca606ae2d36b0c2418a292cb74dc321bb632e5c79d3713
assets/unit_ready/army_grenadier_7f7b5c6db75c.webp	4042	dddc1d493e4c607b980272618b1bbc182ec23cddfefc0501064f25f762d95f19
assets/unit_ready/army_grenadier_81122fd0ad77.webp	4852	71d92787623910f718a879f379322db96da739d87b0e088bf2e14d75407ff58f
assets/unit_ready/army_grenadier_812eecd8c77e.webp	3748	42b15e9b431371379ced557946d2d7c3b0ccdaa2261065d26258ccec15a3adc0
assets/unit_ready/army_grenadier_88e1be9b9f43.webp	4732	23cb23c2cf8b65d9667f0d319295be39995151dedaa76ee1edfcd9f43eac70af
assets/unit_ready/army_grenadier_8ced400c6014.webp	5324	284f7257292d2fcada2a7599d8a47fe96b429f5a631a2398735e9ff8d0edd453
assets/unit_ready/army_grenadier_8d9faa45fa6c.webp	3748	42b15e9b431371379ced557946d2d7c3b0ccdaa2261065d26258ccec15a3adc0
assets/unit_ready/army_grenadier_8f932de58069.webp	4926	19a5e5a3db1336f3f231b3893acd36e2f94a2e9ec538186cccab71ab18c64054
assets/unit_ready/army_grenadier_8fd2ff5e872b.webp	4852	71d92787623910f718a879f379322db96da739d87b0e088bf2e14d75407ff58f
assets/unit_ready/army_grenadier_90a5a8330e99.webp	4730	8a25feebe40cc3343b8585c7380a5cf19316e66cab6bcca2008d27865b32f5c6
assets/unit_ready/army_grenadier_9266d2006fd4.webp	4926	19a5e5a3db1336f3f231b3893acd36e2f94a2e9ec538186cccab71ab18c64054
assets/unit_ready/army_grenadier_93fb7d97613e.webp	4926	19a5e5a3db1336f3f231b3893acd36e2f94a2e9ec538186cccab71ab18c64054
assets/unit_ready/army_grenadier_98b2607bfdd1.webp	4344	9b69d56c7bcd6471a32990a907193a209a2069395c54f55d8e0a9a3e00a45fa0
assets/unit_ready/army_grenadier_99a236cd7c77.webp	4774	1f5a59cac47408c70568e84acbff16b86b71b5e699f9c6f18e46ef04d07f6e30
assets/unit_ready/army_grenadier_9f9edafb5581.webp	3556	11122d80ba55bc9b598ce6a7219a34308b3621fc60b6d0e420282b13b5baba52
assets/unit_ready/army_grenadier_a06abdc03730.webp	4780	3da31c88ab74a5755b4fb3b487be230e5b0990f49751fc52d9f1a92e2eee9b75
assets/unit_ready/army_grenadier_a28f18d60b2c.webp	3596	047e86364d74bce632713222d0b90a32e7e72bbf30f5d3c1a3b1141a7b9099a8
assets/unit_ready/army_grenadier_aaaf59cf6ec3.webp	5124	2750294faaf5b4659cd5dad8585f7e871ade5de151132eb91fb8b10a50f2f24f
assets/unit_ready/army_grenadier_ab650010baec.webp	4802	db6bd52d8dec341bbf8553c5a4c7265cc9c97f129b98bba33fa09b145aa6b0e7
assets/unit_ready/army_grenadier_ab9b1e01702a.webp	3556	11122d80ba55bc9b598ce6a7219a34308b3621fc60b6d0e420282b13b5baba52
assets/unit_ready/army_grenadier_ae20b0e79ef8.webp	4764	7b71e999c94156c1206a3474f3d5030832207267a066c72f5f57e5c27454a051
assets/unit_ready/army_grenadier_b868a4801cd9.webp	3556	11122d80ba55bc9b598ce6a7219a34308b3621fc60b6d0e420282b13b5baba52
assets/unit_ready/army_grenadier_be78d4a26adb.webp	3748	42b15e9b431371379ced557946d2d7c3b0ccdaa2261065d26258ccec15a3adc0
assets/unit_ready/army_grenadier_c1551f6fe2cf.webp	4924	a841c4420e25b09f14f52678df009ee0ef6104a90b8f842410e1faa87391692b
assets/unit_ready/army_grenadier_c5635e42b16c.webp	4924	a841c4420e25b09f14f52678df009ee0ef6104a90b8f842410e1faa87391692b
assets/unit_ready/army_grenadier_c95437ffaf49.webp	3592	a6a2efb9fece3c7c805b8a062c4104aca8b2e58350a59b5badf8c7838598a78f
assets/unit_ready/army_grenadier_caa79c9bfac2.webp	4852	71d92787623910f718a879f379322db96da739d87b0e088bf2e14d75407ff58f
assets/unit_ready/army_grenadier_cc3eec964ca1.webp	5324	284f7257292d2fcada2a7599d8a47fe96b429f5a631a2398735e9ff8d0edd453
assets/unit_ready/army_grenadier_d2df9a9a1434.webp	4802	db6bd52d8dec341bbf8553c5a4c7265cc9c97f129b98bba33fa09b145aa6b0e7
assets/unit_ready/army_grenadier_d45ba59ce659.webp	5324	284f7257292d2fcada2a7599d8a47fe96b429f5a631a2398735e9ff8d0edd453
assets/unit_ready/army_grenadier_d508e0790c6b.webp	4648	a1b974d867f8ae51bb553807d9a0f44d9efa8f67917a8c6da536cc18c80c630e
assets/unit_ready/army_grenadier_dc821609a808.webp	4042	dddc1d493e4c607b980272618b1bbc182ec23cddfefc0501064f25f762d95f19
assets/unit_ready/army_grenadier_dd5dcd992cf7.webp	5324	284f7257292d2fcada2a7599d8a47fe96b429f5a631a2398735e9ff8d0edd453
assets/unit_ready/army_grenadier_df88585e9361.webp	3748	42b15e9b431371379ced557946d2d7c3b0ccdaa2261065d26258ccec15a3adc0
assets/unit_ready/army_grenadier_e16c94d558bc.webp	4852	71d92787623910f718a879f379322db96da739d87b0e088bf2e14d75407ff58f
assets/unit_ready/army_grenadier_e23966a4786b.webp	4774	1f5a59cac47408c70568e84acbff16b86b71b5e699f9c6f18e46ef04d07f6e30
assets/unit_ready/army_grenadier_eae8d961f446.webp	5324	284f7257292d2fcada2a7599d8a47fe96b429f5a631a2398735e9ff8d0edd453
assets/unit_ready/army_grenadier_f260fae66c4f.webp	4802	db6bd52d8dec341bbf8553c5a4c7265cc9c97f129b98bba33fa09b145aa6b0e7
assets/unit_ready/army_grenadier_f35c283eb162.webp	4926	19a5e5a3db1336f3f231b3893acd36e2f94a2e9ec538186cccab71ab18c64054
assets/unit_ready/army_grenadier_fc8647482b1a.webp	4774	1f5a59cac47408c70568e84acbff16b86b71b5e699f9c6f18e46ef04d07f6e30
assets/unit_ready/army_grenadier_fcc8e270c5d9.webp	4774	1f5a59cac47408c70568e84acbff16b86b71b5e699f9c6f18e46ef04d07f6e30
assets/unit_ready/army_grenadier_fcdc29da03cb.webp	4600	d12d362878860034618aed52f1a1e296a16442bc727e82753480e9ae9b4abd0f
assets/unit_ready/army_grenadier_fefda5ae4784.webp	3556	11122d80ba55bc9b598ce6a7219a34308b3621fc60b6d0e420282b13b5baba52
assets/unit_ready/army_guards_077e466112c0.webp	4014	1af8cac6b71ddda29b1a15bf884db261849d07c2b427e5192bee794c01e03094
assets/unit_ready/army_guards_07b5978a8cba.webp	4968	589289e7327a006fcada6463a7e7c2de5c0a04ac23d9217ebde606020bf16bb0
assets/unit_ready/army_guards_0923e4339f74.webp	5254	1924abe03594496e55bdbf7189b3a1ec76a97b65ef1b501816177746b3930c88
assets/unit_ready/army_guards_0bea6f956961.webp	3478	1def2c2c6962499261d3a73a3856d84a9cf9f02abe0b476735a47634cd87f3e4
assets/unit_ready/army_guards_122e1ae86fd3.webp	4510	29dd9ba1d112e872dc6511c3a8111692be42f0c71bdae4280df6d68e039a399c
assets/unit_ready/army_guards_151f62dbad23.webp	4510	29dd9ba1d112e872dc6511c3a8111692be42f0c71bdae4280df6d68e039a399c
assets/unit_ready/army_guards_15b777aebe1f.webp	3686	084a5433809303a6331d97dd1bc21b7215f8e42f7eef829d77067bc21bb9d3dd
assets/unit_ready/army_guards_1bbbecebdcf5.webp	3762	0be9888f4563aec7422b8882d336bcb9c798b46f0012217527893cdcba938fa8
assets/unit_ready/army_guards_241991f42a45.webp	4510	29dd9ba1d112e872dc6511c3a8111692be42f0c71bdae4280df6d68e039a399c
assets/unit_ready/army_guards_24afba58bdf1.webp	4286	739ecfed35bebcbb9c06aa1903870dd4702c07bd98c9a946f362854bc3ccb8bb
assets/unit_ready/army_guards_29a69058ca41.webp	3686	084a5433809303a6331d97dd1bc21b7215f8e42f7eef829d77067bc21bb9d3dd
assets/unit_ready/army_guards_2ae2df034613.webp	5140	8079323f6334d2b3b65b9cef29a7664aa83c422343c44072b113ae811333ec74
assets/unit_ready/army_guards_2c7432d14651.webp	3686	084a5433809303a6331d97dd1bc21b7215f8e42f7eef829d77067bc21bb9d3dd
assets/unit_ready/army_guards_3109fd7f6181.webp	4286	739ecfed35bebcbb9c06aa1903870dd4702c07bd98c9a946f362854bc3ccb8bb
assets/unit_ready/army_guards_35283a9fde6a.webp	4968	589289e7327a006fcada6463a7e7c2de5c0a04ac23d9217ebde606020bf16bb0
assets/unit_ready/army_guards_3652339c1874.webp	5326	9e7757d067581f831458cb4f9a07104863ee1e1f8a53c86c065759ff4ddbdf6d
assets/unit_ready/army_guards_3682a9dc253a.webp	5064	ae4735619a9d2e8c66a98ffab9ee91bd500d144d4f4d2fcd53eefa853fb2f7cf
assets/unit_ready/army_guards_3a39292edbaf.webp	4114	ce6bc722075b1e26b1710bbc1e9d8277664b108bb8e4620fea34ad2bb6d4b608
assets/unit_ready/army_guards_3b04098fcc2e.webp	5064	ae4735619a9d2e8c66a98ffab9ee91bd500d144d4f4d2fcd53eefa853fb2f7cf
assets/unit_ready/army_guards_416a2a7c137d.webp	4590	277dfcfceb0f3c4494e28e6e0aa72e2928423b79b4aaaf85a1186a30a4cf6e06
assets/unit_ready/army_guards_41a0354d2cc7.webp	5064	ae4735619a9d2e8c66a98ffab9ee91bd500d144d4f4d2fcd53eefa853fb2f7cf
assets/unit_ready/army_guards_495119ff97e8.webp	3592	17881375fea4e63141e48dec574ede28df1f3aaac815efea6fd167bfcc130af3
assets/unit_ready/army_guards_4b9aa5ac98e3.webp	5064	ae4735619a9d2e8c66a98ffab9ee91bd500d144d4f4d2fcd53eefa853fb2f7cf
assets/unit_ready/army_guards_4bf022b2d54b.webp	4876	72d7d621b8ea2de93b9aae6d24e24342ad32d652449f42c70926301505598541
assets/unit_ready/army_guards_5226aae759da.webp	5064	ae4735619a9d2e8c66a98ffab9ee91bd500d144d4f4d2fcd53eefa853fb2f7cf
assets/unit_ready/army_guards_5c1b192f2ce7.webp	4578	486881d829d4981215f4a07cac11d4c7a3af85f0d780ef05931e3666abcc940d
assets/unit_ready/army_guards_5c9bdf4b6fa5.webp	4714	aa426d6ffda89647a528cba7a52a51a133b4e8895c950b8fec38ece71c23cb16
assets/unit_ready/army_guards_5dadee74179c.webp	4968	589289e7327a006fcada6463a7e7c2de5c0a04ac23d9217ebde606020bf16bb0
assets/unit_ready/army_guards_5e26f7d1d647.webp	3478	1def2c2c6962499261d3a73a3856d84a9cf9f02abe0b476735a47634cd87f3e4
assets/unit_ready/army_guards_605d5168abb2.webp	3762	0be9888f4563aec7422b8882d336bcb9c798b46f0012217527893cdcba938fa8
assets/unit_ready/army_guards_642605cdb972.webp	5064	ae4735619a9d2e8c66a98ffab9ee91bd500d144d4f4d2fcd53eefa853fb2f7cf
assets/unit_ready/army_guards_6514a8bece8b.webp	4468	3a06f3187546de284172d615f79e938323304b49bfaa9419d53c2dc9d220287b
assets/unit_ready/army_guards_6692c1a11e8b.webp	4286	739ecfed35bebcbb9c06aa1903870dd4702c07bd98c9a946f362854bc3ccb8bb
assets/unit_ready/army_guards_66933ebd1fa1.webp	3478	1def2c2c6962499261d3a73a3856d84a9cf9f02abe0b476735a47634cd87f3e4
assets/unit_ready/army_guards_6a6bbf6aa93c.webp	4710	dd2e49f45017bc41ae41e3a95865c545a247175b0d197a1f75111bcc53e80f92
assets/unit_ready/army_guards_6b250d034c26.webp	4876	72d7d621b8ea2de93b9aae6d24e24342ad32d652449f42c70926301505598541
assets/unit_ready/army_guards_7562ad6399ec.webp	4554	e851239fb9826554f63c4d4aba96e10e1780c9b378942bcaf56909dab8236d2c
assets/unit_ready/army_guards_7597d0b69585.webp	4100	e4ed913d84966d4c1470d0448d7fb922eb68139f0eb01e977848f873998bb6e1
assets/unit_ready/army_guards_75fcab92819b.webp	3608	9be3ab11d519d1543e4748397ccad0e9f65d1f1b9422b1518d84d8f9387be6e4
assets/unit_ready/army_guards_81356b17b9b0.webp	3762	0be9888f4563aec7422b8882d336bcb9c798b46f0012217527893cdcba938fa8
assets/unit_ready/army_guards_83c330d5f2ea.webp	4968	589289e7327a006fcada6463a7e7c2de5c0a04ac23d9217ebde606020bf16bb0
assets/unit_ready/army_guards_88782167bfda.webp	3762	0be9888f4563aec7422b8882d336bcb9c798b46f0012217527893cdcba938fa8
assets/unit_ready/army_guards_8a08ccbe726e.webp	4968	589289e7327a006fcada6463a7e7c2de5c0a04ac23d9217ebde606020bf16bb0
assets/unit_ready/army_guards_8b45e973bc61.webp	4510	29dd9ba1d112e872dc6511c3a8111692be42f0c71bdae4280df6d68e039a399c
assets/unit_ready/army_guards_8cca8d23206e.webp	4286	739ecfed35bebcbb9c06aa1903870dd4702c07bd98c9a946f362854bc3ccb8bb
assets/unit_ready/army_guards_9096ee30a8a2.webp	3686	084a5433809303a6331d97dd1bc21b7215f8e42f7eef829d77067bc21bb9d3dd
assets/unit_ready/army_guards_90c36fb4f31f.webp	4510	29dd9ba1d112e872dc6511c3a8111692be42f0c71bdae4280df6d68e039a399c
assets/unit_ready/army_guards_94c5e77f686c.webp	4468	3a06f3187546de284172d615f79e938323304b49bfaa9419d53c2dc9d220287b
assets/unit_ready/army_guards_9ad606caed69.webp	3478	1def2c2c6962499261d3a73a3856d84a9cf9f02abe0b476735a47634cd87f3e4
assets/unit_ready/army_guards_9b537e7dac19.webp	4286	739ecfed35bebcbb9c06aa1903870dd4702c07bd98c9a946f362854bc3ccb8bb
assets/unit_ready/army_guards_a0ea5c0fd096.webp	3762	0be9888f4563aec7422b8882d336bcb9c798b46f0012217527893cdcba938fa8
assets/unit_ready/army_guards_a9656d89cb44.webp	3478	1def2c2c6962499261d3a73a3856d84a9cf9f02abe0b476735a47634cd87f3e4
assets/unit_ready/army_guards_ab229784db65.webp	4338	a09557aabc3d51a602b35ea4bb25a7a440a84fd473a9a3a1a1df7c4fef8c92ae
assets/unit_ready/army_guards_ab5604c60a5d.webp	4510	29dd9ba1d112e872dc6511c3a8111692be42f0c71bdae4280df6d68e039a399c
assets/unit_ready/army_guards_ac405e905e61.webp	4468	3a06f3187546de284172d615f79e938323304b49bfaa9419d53c2dc9d220287b
assets/unit_ready/army_guards_b2cd2f7f8ec5.webp	3478	1def2c2c6962499261d3a73a3856d84a9cf9f02abe0b476735a47634cd87f3e4
assets/unit_ready/army_guards_b562a90ab056.webp	5064	ae4735619a9d2e8c66a98ffab9ee91bd500d144d4f4d2fcd53eefa853fb2f7cf
assets/unit_ready/army_guards_b5715ba17b96.webp	3686	084a5433809303a6331d97dd1bc21b7215f8e42f7eef829d77067bc21bb9d3dd
assets/unit_ready/army_guards_b691960b9536.webp	4468	3a06f3187546de284172d615f79e938323304b49bfaa9419d53c2dc9d220287b
assets/unit_ready/army_guards_b75ecdde094e.webp	3762	0be9888f4563aec7422b8882d336bcb9c798b46f0012217527893cdcba938fa8
assets/unit_ready/army_guards_b80492699e7f.webp	5064	7eb4928a1d6fb0c4d9516a93cca44612ac0160de3cd1a8de07184860889da361
assets/unit_ready/army_guards_b988927504f1.webp	4286	739ecfed35bebcbb9c06aa1903870dd4702c07bd98c9a946f362854bc3ccb8bb
assets/unit_ready/army_guards_c0efd3af1f89.webp	4468	3a06f3187546de284172d615f79e938323304b49bfaa9419d53c2dc9d220287b
assets/unit_ready/army_guards_c4a47058553e.webp	3834	2002b9910ecf7c35a942d05b2696a2d2ec9546e335b7764378703b15aad6cb8a
assets/unit_ready/army_guards_c96edfd9bf12.webp	4468	3a06f3187546de284172d615f79e938323304b49bfaa9419d53c2dc9d220287b
assets/unit_ready/army_guards_cbf90f14ffe9.webp	4876	72d7d621b8ea2de93b9aae6d24e24342ad32d652449f42c70926301505598541
assets/unit_ready/army_guards_d3d7a66b4877.webp	5098	7768d09355a9b924ff3f307124c6d6492ba901aee81b11b7149787f21d7edaa6
assets/unit_ready/army_guards_d473862f9f6c.webp	4876	72d7d621b8ea2de93b9aae6d24e24342ad32d652449f42c70926301505598541
assets/unit_ready/army_guards_d8100c89a77e.webp	5552	bb159375db796fc42c1386662f4d87422f8ce6aec1b959508b51c769aaa46358
assets/unit_ready/army_guards_db0b43689bc0.webp	5182	91e26865344ab5e9019bc0ad01a4573835a317d9b482ddb9e2a58f75861f4cef
assets/unit_ready/army_guards_e337137c1260.webp	4876	72d7d621b8ea2de93b9aae6d24e24342ad32d652449f42c70926301505598541
assets/unit_ready/army_guards_e6994ffa8b93.webp	3478	1def2c2c6962499261d3a73a3856d84a9cf9f02abe0b476735a47634cd87f3e4
assets/unit_ready/army_guards_ec4dd5ef7e68.webp	3858	5ca70c772696a7ff272e719a39f5e403d25166405dc2296c8b3113e74923258b
assets/unit_ready/army_guards_f0be086d8965.webp	4876	72d7d621b8ea2de93b9aae6d24e24342ad32d652449f42c70926301505598541
assets/unit_ready/army_guards_f2fa85f944b4.webp	4968	589289e7327a006fcada6463a7e7c2de5c0a04ac23d9217ebde606020bf16bb0
assets/unit_ready/army_guards_f3932e3b1029.webp	3686	084a5433809303a6331d97dd1bc21b7215f8e42f7eef829d77067bc21bb9d3dd
assets/unit_ready/army_guards_f52d8407ea8b.webp	3762	0be9888f4563aec7422b8882d336bcb9c798b46f0012217527893cdcba938fa8
assets/unit_ready/army_guards_f55c2f0485a7.webp	4510	29dd9ba1d112e872dc6511c3a8111692be42f0c71bdae4280df6d68e039a399c
assets/unit_ready/army_guards_f6433a4e159b.webp	4286	739ecfed35bebcbb9c06aa1903870dd4702c07bd98c9a946f362854bc3ccb8bb
assets/unit_ready/army_guards_f66d10777dc9.webp	4796	ec02fe87b0bf11c2ee666912ef305e3a2a49ee0ca1d03a530680f49ac7e424cb
assets/unit_ready/army_guards_fe86c30812d7.webp	4876	72d7d621b8ea2de93b9aae6d24e24342ad32d652449f42c70926301505598541
assets/unit_ready/army_guardscavalry_00d5f4cdc74c.webp	3708	44b9cb27ada56a9caca79816f2c10514410d7b5643c9427f30f601ad235f2c47
assets/unit_ready/army_guardscavalry_0297269fd675.webp	3542	7905d7ea989df6329050a6d4e4b8c210a59d47ac442ae58670eddc0aceedadaf
assets/unit_ready/army_guardscavalry_032ed3c20257.webp	3494	a33c0a338d44beee4f3f5d00df769d9a18b947d0db464b75fd30c41705e7fbac
assets/unit_ready/army_guardscavalry_03a304fc2c39.webp	4582	531bf16c1bcbe84349bfb5a14c54191d495fb148efbc575ec3aeca65d63d70e7
assets/unit_ready/army_guardscavalry_088dcbbad556.webp	4566	33a099f0a863c344169ebc67e1490cbc44fd21070255690446929e8ff4733774
assets/unit_ready/army_guardscavalry_0a831e5241ba.webp	3500	0d60581c505624e95ce787751767be1a8e17bfc7e686a249eb93f8dbe381a478
assets/unit_ready/army_guardscavalry_1d5490bfbc24.webp	3542	7905d7ea989df6329050a6d4e4b8c210a59d47ac442ae58670eddc0aceedadaf
assets/unit_ready/army_guardscavalry_1eb89905e291.webp	4566	33a099f0a863c344169ebc67e1490cbc44fd21070255690446929e8ff4733774
assets/unit_ready/army_guardscavalry_2083c352f32f.webp	3542	7905d7ea989df6329050a6d4e4b8c210a59d47ac442ae58670eddc0aceedadaf
assets/unit_ready/army_guardscavalry_23d29b7198c8.webp	3708	44b9cb27ada56a9caca79816f2c10514410d7b5643c9427f30f601ad235f2c47
assets/unit_ready/army_guardscavalry_24c91ed45e08.webp	4504	eb910325f9f7de9c7f6d2d47147589a68711094d3a71b8b9ac48ecefaf8ac6b2
assets/unit_ready/army_guardscavalry_24cbdbca7bcc.webp	3554	038cf35ba2e6b3db48570511fca2008eef8b23ec53d4ff455e1643352c3d9d6b
assets/unit_ready/army_guardscavalry_2d2c3cc790eb.webp	4402	fc0ce18c3a5b2e32324b1ef915a3e29676cac54da1c9f74ae46e230d4dc02050
assets/unit_ready/army_guardscavalry_2dc95ec14201.webp	4566	33a099f0a863c344169ebc67e1490cbc44fd21070255690446929e8ff4733774
assets/unit_ready/army_guardscavalry_2eb2bb9bbaaf.webp	3494	a33c0a338d44beee4f3f5d00df769d9a18b947d0db464b75fd30c41705e7fbac
assets/unit_ready/army_guardscavalry_3ac88a2d27e0.webp	4466	7657e4c564c7fad85cb1aa88348ca2cba7ff4c0a822c3d5db4b828804ed75086
assets/unit_ready/army_guardscavalry_3c2837428232.webp	4582	531bf16c1bcbe84349bfb5a14c54191d495fb148efbc575ec3aeca65d63d70e7
assets/unit_ready/army_guardscavalry_4debacd62ed8.webp	3494	a33c0a338d44beee4f3f5d00df769d9a18b947d0db464b75fd30c41705e7fbac
assets/unit_ready/army_guardscavalry_4eb887dbd993.webp	4582	531bf16c1bcbe84349bfb5a14c54191d495fb148efbc575ec3aeca65d63d70e7
assets/unit_ready/army_guardscavalry_501e24f0b034.webp	4546	03f6a21a140d6c0fecf8618240c5aee11359675e98489213ec2b52c067fde3c1
assets/unit_ready/army_guardscavalry_525189cdf781.webp	4620	d36664ec7dbbf7ae9330fae589ddd6a67f68944b3f264fa129301ca316116eeb
assets/unit_ready/army_guardscavalry_6095675ac7da.webp	4566	33a099f0a863c344169ebc67e1490cbc44fd21070255690446929e8ff4733774
assets/unit_ready/army_guardscavalry_64070966f738.webp	4432	29e1127561837b188aa82b15f6f75df32923c1ec8bc0477750c68750344daea2
assets/unit_ready/army_guardscavalry_6aa49b0c8548.webp	3542	7905d7ea989df6329050a6d4e4b8c210a59d47ac442ae58670eddc0aceedadaf
assets/unit_ready/army_guardscavalry_7223b6e7e17e.webp	4582	531bf16c1bcbe84349bfb5a14c54191d495fb148efbc575ec3aeca65d63d70e7
assets/unit_ready/army_guardscavalry_7c21ed934218.webp	3708	44b9cb27ada56a9caca79816f2c10514410d7b5643c9427f30f601ad235f2c47
assets/unit_ready/army_guardscavalry_80c6cdbc8388.webp	4432	29e1127561837b188aa82b15f6f75df32923c1ec8bc0477750c68750344daea2
assets/unit_ready/army_guardscavalry_80fab5e4f98d.webp	4566	33a099f0a863c344169ebc67e1490cbc44fd21070255690446929e8ff4733774
assets/unit_ready/army_guardscavalry_813bf71f97af.webp	3542	7905d7ea989df6329050a6d4e4b8c210a59d47ac442ae58670eddc0aceedadaf
assets/unit_ready/army_guardscavalry_8d07531ddcd2.webp	3738	68813c7cc56970a21530aa2e2d6e44fccae4b870617f8ae0e4d48ea14631df6a
assets/unit_ready/army_guardscavalry_8d0b8b9f4e40.webp	3708	44b9cb27ada56a9caca79816f2c10514410d7b5643c9427f30f601ad235f2c47
assets/unit_ready/army_guardscavalry_8fb4129eb98c.webp	4432	29e1127561837b188aa82b15f6f75df32923c1ec8bc0477750c68750344daea2
assets/unit_ready/army_guardscavalry_987834d42c66.webp	3744	075ef56f85182e67ad72de45d6c046b1ec878c6926e032ea97aa663d23854bd7
assets/unit_ready/army_guardscavalry_9cdb294a5130.webp	4432	29e1127561837b188aa82b15f6f75df32923c1ec8bc0477750c68750344daea2
assets/unit_ready/army_guardscavalry_9f9406e4d643.webp	4432	29e1127561837b188aa82b15f6f75df32923c1ec8bc0477750c68750344daea2
assets/unit_ready/army_guardscavalry_ac544adb6071.webp	3542	7905d7ea989df6329050a6d4e4b8c210a59d47ac442ae58670eddc0aceedadaf
assets/unit_ready/army_guardscavalry_af3165400aa4.webp	4582	531bf16c1bcbe84349bfb5a14c54191d495fb148efbc575ec3aeca65d63d70e7
assets/unit_ready/army_guardscavalry_b27dca7d37d4.webp	4582	531bf16c1bcbe84349bfb5a14c54191d495fb148efbc575ec3aeca65d63d70e7
assets/unit_ready/army_guardscavalry_b2ea57674a0b.webp	3708	44b9cb27ada56a9caca79816f2c10514410d7b5643c9427f30f601ad235f2c47
assets/unit_ready/army_guardscavalry_c06c95a1557a.webp	4432	29e1127561837b188aa82b15f6f75df32923c1ec8bc0477750c68750344daea2
assets/unit_ready/army_guardscavalry_d8437aee031c.webp	3494	a33c0a338d44beee4f3f5d00df769d9a18b947d0db464b75fd30c41705e7fbac
assets/unit_ready/army_guardscavalry_da66e86227f2.webp	4432	29e1127561837b188aa82b15f6f75df32923c1ec8bc0477750c68750344daea2
assets/unit_ready/army_guardscavalry_da97a3045f0b.webp	3548	5baaf181d81f6d428dab04d3991ca8edaa907869d99a8fa1669d8edb3947e333
assets/unit_ready/army_guardscavalry_e31b51cf580f.webp	3494	a33c0a338d44beee4f3f5d00df769d9a18b947d0db464b75fd30c41705e7fbac
assets/unit_ready/army_guardscavalry_eb7ed6a0d5f5.webp	3494	a33c0a338d44beee4f3f5d00df769d9a18b947d0db464b75fd30c41705e7fbac
assets/unit_ready/army_guardscavalry_ed07b167dc41.webp	3700	87b861230841468905a6ca8b6bf3c8ee932af41d001a94e82d5c769900809d0b
assets/unit_ready/army_guardscavalry_ed58b0e7c862.webp	4598	bd11a20beb242400cdfa8012d50768dfb18b19a320fa64c83f5932241bb890de
assets/unit_ready/army_guardscavalry_f6f07adb4460.webp	3708	44b9cb27ada56a9caca79816f2c10514410d7b5643c9427f30f601ad235f2c47
assets/unit_ready/army_guardscavalry_fba1fb647b41.webp	3708	44b9cb27ada56a9caca79816f2c10514410d7b5643c9427f30f601ad235f2c47
assets/unit_ready/army_guardscavalry_fc595df3ac60.webp	4566	33a099f0a863c344169ebc67e1490cbc44fd21070255690446929e8ff4733774
assets/unit_ready/army_guardscavalry_fef0998a12fd.webp	4582	531bf16c1bcbe84349bfb5a14c54191d495fb148efbc575ec3aeca65d63d70e7
assets/unit_ready/army_guardscavalry_ff8042bd4792.webp	3494	a33c0a338d44beee4f3f5d00df769d9a18b947d0db464b75fd30c41705e7fbac
assets/unit_ready/army_heavycavalry_0e03e12acbbf.webp	4048	8b8220a27a83c462d2ce6bb19130ad5f5f566a9e39b7d0a422aab2aac8ed85b8
assets/unit_ready/army_heavycavalry_0e3668fc4ead.webp	3394	331832e1708582cefc336992e03b9c5a9b5972e813a967f1d9cd051ce599d7ae
assets/unit_ready/army_heavycavalry_27d1369f4048.webp	3374	9952b7f2ce7489baf3c2e825a7ce70eed85072812c9c96fff80df7b2b33ece62
assets/unit_ready/army_heavycavalry_2b8aa2792995.webp	3394	331832e1708582cefc336992e03b9c5a9b5972e813a967f1d9cd051ce599d7ae
assets/unit_ready/army_heavycavalry_329cfb89e679.webp	3342	71089525b5f96b0505adf8d40473c8ab1116834407d318e5848a94192fc899dd
assets/unit_ready/army_heavycavalry_376c34d22cc7.webp	4094	7846b256fc28ffc1200c2b8ced038ebc5a5a0849993ced3514b995f041a4605e
assets/unit_ready/army_heavycavalry_394f5dabd9ed.webp	3304	63c4e0ce6e6ef647ceec534ca4158d6b9622e3874f348a136d64c25854c794b1
assets/unit_ready/army_heavycavalry_3e789a5dd4e5.webp	4094	7846b256fc28ffc1200c2b8ced038ebc5a5a0849993ced3514b995f041a4605e
assets/unit_ready/army_heavycavalry_3fd7438a7963.webp	4094	7846b256fc28ffc1200c2b8ced038ebc5a5a0849993ced3514b995f041a4605e
assets/unit_ready/army_heavycavalry_4332ec726ed2.webp	4436	9bb6bd3d758598dc5617dfd2ec152afc2c3db67a96f166a541a3dcc2ec75e2a1
assets/unit_ready/army_heavycavalry_45426138a676.webp	3374	9952b7f2ce7489baf3c2e825a7ce70eed85072812c9c96fff80df7b2b33ece62
assets/unit_ready/army_heavycavalry_474456a133a1.webp	4436	9bb6bd3d758598dc5617dfd2ec152afc2c3db67a96f166a541a3dcc2ec75e2a1
assets/unit_ready/army_heavycavalry_55a55e77792a.webp	4094	7846b256fc28ffc1200c2b8ced038ebc5a5a0849993ced3514b995f041a4605e
assets/unit_ready/army_heavycavalry_57f56bda45ad.webp	3378	3e50a32a7edb82c3a98078c4eb0799045ca1cf54b49380088d6b7c124f791355
assets/unit_ready/army_heavycavalry_5dfc2a1dd5e2.webp	3374	9952b7f2ce7489baf3c2e825a7ce70eed85072812c9c96fff80df7b2b33ece62
assets/unit_ready/army_heavycavalry_601ec47e0215.webp	4298	e9f2c90d261edabb70103ade85ae4f6c7da5c1731a1ce9955db29e48337e79d5
assets/unit_ready/army_heavycavalry_6212e82b465c.webp	3374	9952b7f2ce7489baf3c2e825a7ce70eed85072812c9c96fff80df7b2b33ece62
assets/unit_ready/army_heavycavalry_665e2da86f09.webp	4338	90e35d1fcf0a9f574b52ce73d88fe068fb6e01d744d01204667e40acfa826818
assets/unit_ready/army_heavycavalry_782e06ca7140.webp	4436	9bb6bd3d758598dc5617dfd2ec152afc2c3db67a96f166a541a3dcc2ec75e2a1
assets/unit_ready/army_heavycavalry_7c8f51073608.webp	4048	8b8220a27a83c462d2ce6bb19130ad5f5f566a9e39b7d0a422aab2aac8ed85b8
assets/unit_ready/army_heavycavalry_7e2bb4478eaa.webp	4062	8a26a9fba5d99339d8db6f5ecda6602c917df50e221fcffbc1d4152329882066
assets/unit_ready/army_heavycavalry_81abac2d15a9.webp	3376	59f739b242ae4cf2d4b4e987169401e8fa459558c0a8947adc607c43e736133c
assets/unit_ready/army_heavycavalry_846f9f3a4b46.webp	4436	9bb6bd3d758598dc5617dfd2ec152afc2c3db67a96f166a541a3dcc2ec75e2a1
assets/unit_ready/army_heavycavalry_84ae4d30ca56.webp	4094	7846b256fc28ffc1200c2b8ced038ebc5a5a0849993ced3514b995f041a4605e
assets/unit_ready/army_heavycavalry_8ab8d5a77233.webp	3304	63c4e0ce6e6ef647ceec534ca4158d6b9622e3874f348a136d64c25854c794b1
assets/unit_ready/army_heavycavalry_8c7779687e3f.webp	4048	8b8220a27a83c462d2ce6bb19130ad5f5f566a9e39b7d0a422aab2aac8ed85b8
assets/unit_ready/army_heavycavalry_8c8738332d87.webp	3340	a213a5df908960c506146300a05a957e736f49f7d1af84f7820745f0057040bd
assets/unit_ready/army_heavycavalry_8cfaf1b53ccf.webp	4048	8b8220a27a83c462d2ce6bb19130ad5f5f566a9e39b7d0a422aab2aac8ed85b8
assets/unit_ready/army_heavycavalry_8e7717ef8e64.webp	3374	9952b7f2ce7489baf3c2e825a7ce70eed85072812c9c96fff80df7b2b33ece62
assets/unit_ready/army_heavycavalry_92e7b5930992.webp	4048	8b8220a27a83c462d2ce6bb19130ad5f5f566a9e39b7d0a422aab2aac8ed85b8
assets/unit_ready/army_heavycavalry_962627192c4c.webp	3394	331832e1708582cefc336992e03b9c5a9b5972e813a967f1d9cd051ce599d7ae
assets/unit_ready/army_heavycavalry_9713f35e489a.webp	4436	9bb6bd3d758598dc5617dfd2ec152afc2c3db67a96f166a541a3dcc2ec75e2a1
assets/unit_ready/army_heavycavalry_99b936218337.webp	4436	9bb6bd3d758598dc5617dfd2ec152afc2c3db67a96f166a541a3dcc2ec75e2a1
assets/unit_ready/army_heavycavalry_9a4075d70754.webp	3374	9952b7f2ce7489baf3c2e825a7ce70eed85072812c9c96fff80df7b2b33ece62
assets/unit_ready/army_heavycavalry_9ba47ae6d908.webp	4048	8b8220a27a83c462d2ce6bb19130ad5f5f566a9e39b7d0a422aab2aac8ed85b8
assets/unit_ready/army_heavycavalry_9d747fb50b5e.webp	4094	7846b256fc28ffc1200c2b8ced038ebc5a5a0849993ced3514b995f041a4605e
assets/unit_ready/army_heavycavalry_a176d91bab47.webp	3304	63c4e0ce6e6ef647ceec534ca4158d6b9622e3874f348a136d64c25854c794b1
assets/unit_ready/army_heavycavalry_a88c55d06717.webp	3394	331832e1708582cefc336992e03b9c5a9b5972e813a967f1d9cd051ce599d7ae
assets/unit_ready/army_heavycavalry_ac3092ade5e9.webp	4082	05184ea16e0eab4edd8fe4cc35d630dd5cb192e3d55dacef5a3072508e4e9368
assets/unit_ready/army_heavycavalry_bdf33af68c56.webp	3410	0865e78dc21836737c1b93b20a1e91a3fe02a5cc772fbf5ddea62988eb6a0d9a
assets/unit_ready/army_heavycavalry_bec4aa5e1d12.webp	3304	63c4e0ce6e6ef647ceec534ca4158d6b9622e3874f348a136d64c25854c794b1
assets/unit_ready/army_heavycavalry_bf536fac3204.webp	3304	63c4e0ce6e6ef647ceec534ca4158d6b9622e3874f348a136d64c25854c794b1
assets/unit_ready/army_heavycavalry_bfa638ca7771.webp	4084	dec2f1c34bda83670f66b9e608ab328027b42629dd32a8a14a6eed85f7cef6ef
assets/unit_ready/army_heavycavalry_cfb80ba604b3.webp	4048	8b8220a27a83c462d2ce6bb19130ad5f5f566a9e39b7d0a422aab2aac8ed85b8
assets/unit_ready/army_heavycavalry_df615176f47b.webp	3394	331832e1708582cefc336992e03b9c5a9b5972e813a967f1d9cd051ce599d7ae
assets/unit_ready/army_heavycavalry_e288723996c6.webp	3304	63c4e0ce6e6ef647ceec534ca4158d6b9622e3874f348a136d64c25854c794b1
assets/unit_ready/army_heavycavalry_e68be2f2ce65.webp	3376	fe8c2ba5b97f416ce53790cd073530dd37255d3cea3fc05fd3e695020ff726fe
assets/unit_ready/army_heavycavalry_eb9a14e18a9a.webp	4044	7cc50db223ad1c0f1f65290117e0290f4cee5e84ebd4ae643d479e06d75c5776
assets/unit_ready/army_heavycavalry_ede9b0de3f97.webp	3374	9952b7f2ce7489baf3c2e825a7ce70eed85072812c9c96fff80df7b2b33ece62
assets/unit_ready/army_heavycavalry_f3d8843d7224.webp	4436	9bb6bd3d758598dc5617dfd2ec152afc2c3db67a96f166a541a3dcc2ec75e2a1
assets/unit_ready/army_heavycavalry_f43975a90353.webp	3304	63c4e0ce6e6ef647ceec534ca4158d6b9622e3874f348a136d64c25854c794b1
assets/unit_ready/army_heavycavalry_f645a27d1b9f.webp	3394	331832e1708582cefc336992e03b9c5a9b5972e813a967f1d9cd051ce599d7ae
assets/unit_ready/army_lightcavalry_0064c23f326b.webp	4404	e43bc487475cf6aa84519fca4afa0ed36b06a6638cfb4f86cc106dac10870804
assets/unit_ready/army_lightcavalry_00ede999a9cc.webp	4252	7c71cd4e533bad69dbae33cab6d106fcd514738a46f8c204d5307fff468cb331
assets/unit_ready/army_lightcavalry_00fef2256a09.webp	4226	e19da5d5b17b148723cb45b0edd9c2b4318ec82c2acb33dada7d303bdc75070c
assets/unit_ready/army_lightcavalry_14ddd61db3ca.webp	4404	e43bc487475cf6aa84519fca4afa0ed36b06a6638cfb4f86cc106dac10870804
assets/unit_ready/army_lightcavalry_1fb622edea24.webp	3396	98eafbae6ef8455d967108d06428b1d33c77d0a9eb7a537b64cf6555f0febc35
assets/unit_ready/army_lightcavalry_20462469e8ab.webp	3320	c4871178610edfdfed3cab4cfbb7b47b4ebc48224bb9a90661cfa447d83d1f89
assets/unit_ready/army_lightcavalry_21f4e8e741b9.webp	3320	c4871178610edfdfed3cab4cfbb7b47b4ebc48224bb9a90661cfa447d83d1f89
assets/unit_ready/army_lightcavalry_22e82ad2ae5c.webp	3516	48057c6f7239a776de50f13e2c4fdffce2bd727aca02152a8bf50e1d34de2116
assets/unit_ready/army_lightcavalry_2afbf5e56081.webp	4332	e06eea7e47642f33d49c13c180eee841757b650a0e3a81bd3a4c45807ed84dd4
assets/unit_ready/army_lightcavalry_318847da0b4b.webp	4252	7c71cd4e533bad69dbae33cab6d106fcd514738a46f8c204d5307fff468cb331
assets/unit_ready/army_lightcavalry_3449fb9b9da3.webp	4404	e43bc487475cf6aa84519fca4afa0ed36b06a6638cfb4f86cc106dac10870804
assets/unit_ready/army_lightcavalry_34c905d3e14f.webp	3470	3dcd1e03eb04dd9851a563d725b75577bf556ae78c4b64ae10cce9abbac4f411
assets/unit_ready/army_lightcavalry_3caa8fe8d483.webp	3360	6027916ba006c825c8e04230f281d480447c9d827ccf8da7c9a144f032340419
assets/unit_ready/army_lightcavalry_4032d4da3481.webp	3334	cc0765d0b64bde8795ab2dc2e8ecc2b026a5dbb0a03bc3b1c0660b30c18f172d
assets/unit_ready/army_lightcavalry_415f6f18895a.webp	3320	c4871178610edfdfed3cab4cfbb7b47b4ebc48224bb9a90661cfa447d83d1f89
assets/unit_ready/army_lightcavalry_4f1e77a295a6.webp	4404	e43bc487475cf6aa84519fca4afa0ed36b06a6638cfb4f86cc106dac10870804
assets/unit_ready/army_lightcavalry_54f73971d65f.webp	4284	1d624b42446a8140d42f4af343a37310e71c372a1958529175ceed37fe2d6b8a
assets/unit_ready/army_lightcavalry_584fb9ddd39d.webp	4252	7c71cd4e533bad69dbae33cab6d106fcd514738a46f8c204d5307fff468cb331
assets/unit_ready/army_lightcavalry_5b1ff28671ea.webp	3360	6027916ba006c825c8e04230f281d480447c9d827ccf8da7c9a144f032340419
assets/unit_ready/army_lightcavalry_5b60ab0907e6.webp	3320	c4871178610edfdfed3cab4cfbb7b47b4ebc48224bb9a90661cfa447d83d1f89
assets/unit_ready/army_lightcavalry_62878aa9e454.webp	3360	6027916ba006c825c8e04230f281d480447c9d827ccf8da7c9a144f032340419
assets/unit_ready/army_lightcavalry_638b2d3530d4.webp	3360	6027916ba006c825c8e04230f281d480447c9d827ccf8da7c9a144f032340419
assets/unit_ready/army_lightcavalry_6416225635bb.webp	3396	98eafbae6ef8455d967108d06428b1d33c77d0a9eb7a537b64cf6555f0febc35
assets/unit_ready/army_lightcavalry_67dd9dadda03.webp	3360	6027916ba006c825c8e04230f281d480447c9d827ccf8da7c9a144f032340419
assets/unit_ready/army_lightcavalry_6f8ab26c35fb.webp	3360	6027916ba006c825c8e04230f281d480447c9d827ccf8da7c9a144f032340419
assets/unit_ready/army_lightcavalry_71dfae19bd92.webp	4252	7c71cd4e533bad69dbae33cab6d106fcd514738a46f8c204d5307fff468cb331
assets/unit_ready/army_lightcavalry_76626415ff14.webp	3320	c4871178610edfdfed3cab4cfbb7b47b4ebc48224bb9a90661cfa447d83d1f89
assets/unit_ready/army_lightcavalry_769ea1738a31.webp	4226	e19da5d5b17b148723cb45b0edd9c2b4318ec82c2acb33dada7d303bdc75070c
assets/unit_ready/army_lightcavalry_782eb202ffee.webp	4384	4649e94c387a789fcc4cb0767292ba16786c40370ee8bea21f60964e729a8301
assets/unit_ready/army_lightcavalry_79a48b53982b.webp	3322	d018da394c56d0982c112f5d8460b2b62990b299b8ce436102a233587769bd9e
assets/unit_ready/army_lightcavalry_7a6417c58c75.webp	3320	c4871178610edfdfed3cab4cfbb7b47b4ebc48224bb9a90661cfa447d83d1f89
assets/unit_ready/army_lightcavalry_832c52d5c3cd.webp	4404	e43bc487475cf6aa84519fca4afa0ed36b06a6638cfb4f86cc106dac10870804
assets/unit_ready/army_lightcavalry_8bb7dc6861a1.webp	4226	e19da5d5b17b148723cb45b0edd9c2b4318ec82c2acb33dada7d303bdc75070c
assets/unit_ready/army_lightcavalry_8dfbcc3f03d3.webp	4226	e19da5d5b17b148723cb45b0edd9c2b4318ec82c2acb33dada7d303bdc75070c
assets/unit_ready/army_lightcavalry_95e7132fb201.webp	4410	565f7264a6033fb10a07ef864ae7b13eefa04b650d7057069eaf335083e8c31b
assets/unit_ready/army_lightcavalry_998b32067e77.webp	3396	98eafbae6ef8455d967108d06428b1d33c77d0a9eb7a537b64cf6555f0febc35
assets/unit_ready/army_lightcavalry_9cc76c73f7a7.webp	4226	e19da5d5b17b148723cb45b0edd9c2b4318ec82c2acb33dada7d303bdc75070c
assets/unit_ready/army_lightcavalry_a23e36f36296.webp	4252	7c71cd4e533bad69dbae33cab6d106fcd514738a46f8c204d5307fff468cb331
assets/unit_ready/army_lightcavalry_a424f3e5bf23.webp	3396	98eafbae6ef8455d967108d06428b1d33c77d0a9eb7a537b64cf6555f0febc35
assets/unit_ready/army_lightcavalry_a4e973380c12.webp	3320	c4871178610edfdfed3cab4cfbb7b47b4ebc48224bb9a90661cfa447d83d1f89
assets/unit_ready/army_lightcavalry_afc08aa97d60.webp	3310	e13e6613f2fefd917dd109a0b8b6c9fe4c76fd0ace9dc34e12695fd4724ef37a
assets/unit_ready/army_lightcavalry_c3c6b0e83cf5.webp	4252	7c71cd4e533bad69dbae33cab6d106fcd514738a46f8c204d5307fff468cb331
assets/unit_ready/army_lightcavalry_c5b9198547f6.webp	4392	682811106847c8bf25eab99c5f0efb56d5da7495d358031fe3c6fb092e3ed9a9
assets/unit_ready/army_lightcavalry_c6e49e293852.webp	3292	152df2c888a6fc83a4c7d703799965d211603b3c134b54355852a443c437ce9c
assets/unit_ready/army_lightcavalry_cae7e7ce84af.webp	3432	2156d9db9a698d26be462e26dd310d7786e03f1129e5928e02ecdca2e40e63db
assets/unit_ready/army_lightcavalry_ce1288039124.webp	3360	6027916ba006c825c8e04230f281d480447c9d827ccf8da7c9a144f032340419
assets/unit_ready/army_lightcavalry_cec536ef8811.webp	4094	09a14208ef9dd966767777e23b2fa2c2439d366212cce8d27ba9b25e2a6ed019
assets/unit_ready/army_lightcavalry_d05bcb660906.webp	4252	7c71cd4e533bad69dbae33cab6d106fcd514738a46f8c204d5307fff468cb331
assets/unit_ready/army_lightcavalry_dcee73ef6233.webp	4226	e19da5d5b17b148723cb45b0edd9c2b4318ec82c2acb33dada7d303bdc75070c
assets/unit_ready/army_lightcavalry_e13a0a346f66.webp	3396	98eafbae6ef8455d967108d06428b1d33c77d0a9eb7a537b64cf6555f0febc35
assets/unit_ready/army_lightcavalry_e3680c0a887e.webp	4226	e19da5d5b17b148723cb45b0edd9c2b4318ec82c2acb33dada7d303bdc75070c
assets/unit_ready/army_lightcavalry_e89041ebed37.webp	4404	e43bc487475cf6aa84519fca4afa0ed36b06a6638cfb4f86cc106dac10870804
assets/unit_ready/army_lightcavalry_ee4a7d77644d.webp	4330	1b68ad7e85879819663edfaeada3b02162941021199ac790c73d3b7e3855c983
assets/unit_ready/army_lightcavalry_fb51bff97d38.webp	3396	98eafbae6ef8455d967108d06428b1d33c77d0a9eb7a537b64cf6555f0febc35
assets/unit_ready/army_lightinfantry_0435e306739a.webp	4946	e526248b6e554b704f7b9a43114546c302ef8c79f8110d8b541ffcf8650df630
assets/unit_ready/army_lightinfantry_0cf422d1d61f.webp	4746	a0cf54713e752e2b134a0a92edc22478fa3e141aed6365a7a0a97899b2c6b1e4
assets/unit_ready/army_lightinfantry_0f8f06cfa1d7.webp	3444	c259ab3f2881d1c833300c5f0b63ee1b1fed45f5a7c3dc39c912f0aa4877ea3f
assets/unit_ready/army_lightinfantry_1069df8d5687.webp	4492	cf22de44844b933d3dbd87921deb1177ea9d7552dd3f76292191ecb1a427f66d
assets/unit_ready/army_lightinfantry_15c14420ded1.webp	4816	839c08bee4473137647098c81d9c97834f881cd5bccf9b49d6387f76110123c1
assets/unit_ready/army_lightinfantry_192af96b495e.webp	3360	cdd8b9912766009e4e915e718d18f47a0940e8e860fe9b8e073e6a5227479fe1
assets/unit_ready/army_lightinfantry_1c8fa9c57635.webp	4644	bbb98aa25d8c02c8dcfc063d48b6c596ca054e9bcf9cc77f85e47c22d1c1dc48
assets/unit_ready/army_lightinfantry_26d62e67ffc3.webp	4492	cf22de44844b933d3dbd87921deb1177ea9d7552dd3f76292191ecb1a427f66d
assets/unit_ready/army_lightinfantry_2a0a85b0c9be.webp	4502	2ebf28bbf14b5614dfe2ee58c14d0786e8a45b78e80e9137abd1eee93e5c64c7
assets/unit_ready/army_lightinfantry_2dc83a3d74b2.webp	4822	e0d59263a5fd6a957b8eb277a90a239262e4ddc73a24a22e9d5843ae2242d475
assets/unit_ready/army_lightinfantry_2e18347218c8.webp	3360	cdd8b9912766009e4e915e718d18f47a0940e8e860fe9b8e073e6a5227479fe1
assets/unit_ready/army_lightinfantry_2f482d6571be.webp	4946	e526248b6e554b704f7b9a43114546c302ef8c79f8110d8b541ffcf8650df630
assets/unit_ready/army_lightinfantry_312c838e8e7b.webp	4816	839c08bee4473137647098c81d9c97834f881cd5bccf9b49d6387f76110123c1
assets/unit_ready/army_lightinfantry_3391910b1d3a.webp	3618	aa14a29fc70088084956b9d55b9649dbe52fd5180806b9bb40afd31f86c25052
assets/unit_ready/army_lightinfantry_35a9366775f0.webp	3618	aa14a29fc70088084956b9d55b9649dbe52fd5180806b9bb40afd31f86c25052
assets/unit_ready/army_lightinfantry_3665f68e4f4d.webp	4536	71182721806a3c7c6b1c29c742c73fb232be2b1bc726873254e4960028323ac0
assets/unit_ready/army_lightinfantry_38d0482446e8.webp	4644	bbb98aa25d8c02c8dcfc063d48b6c596ca054e9bcf9cc77f85e47c22d1c1dc48
assets/unit_ready/army_lightinfantry_3e9f4e008e3f.webp	4644	bbb98aa25d8c02c8dcfc063d48b6c596ca054e9bcf9cc77f85e47c22d1c1dc48
assets/unit_ready/army_lightinfantry_409b4e76230b.webp	4536	71182721806a3c7c6b1c29c742c73fb232be2b1bc726873254e4960028323ac0
assets/unit_ready/army_lightinfantry_4139dd564b2b.webp	4706	6cdb6966be1546d54b5c567118335ddd014ae5071225f38a4b35fb4d1aa814d2
assets/unit_ready/army_lightinfantry_4a97c136bc91.webp	3618	aa14a29fc70088084956b9d55b9649dbe52fd5180806b9bb40afd31f86c25052
assets/unit_ready/army_lightinfantry_4da629bc23df.webp	4644	bbb98aa25d8c02c8dcfc063d48b6c596ca054e9bcf9cc77f85e47c22d1c1dc48
assets/unit_ready/army_lightinfantry_5832ebcf28a4.webp	4816	839c08bee4473137647098c81d9c97834f881cd5bccf9b49d6387f76110123c1
assets/unit_ready/army_lightinfantry_5bb7d541a13a.webp	4816	839c08bee4473137647098c81d9c97834f881cd5bccf9b49d6387f76110123c1
assets/unit_ready/army_lightinfantry_5d6a946d8b17.webp	3226	ee09ba352c64eabfec0e3229f81a28bfff2c59ae2dfdf33285755cb64b5e1e46
assets/unit_ready/army_lightinfantry_642972be2693.webp	4606	ccff002e266f483d8e628d3b1d0a25e71495eac143cf9ebce5f82ba2537b29a4
assets/unit_ready/army_lightinfantry_64906c2d613a.webp	4644	bbb98aa25d8c02c8dcfc063d48b6c596ca054e9bcf9cc77f85e47c22d1c1dc48
assets/unit_ready/army_lightinfantry_71a5d4e50a99.webp	3226	ee09ba352c64eabfec0e3229f81a28bfff2c59ae2dfdf33285755cb64b5e1e46
assets/unit_ready/army_lightinfantry_784d5ebb3643.webp	4946	e526248b6e554b704f7b9a43114546c302ef8c79f8110d8b541ffcf8650df630
assets/unit_ready/army_lightinfantry_784f7f64549d.webp	3226	ee09ba352c64eabfec0e3229f81a28bfff2c59ae2dfdf33285755cb64b5e1e46
assets/unit_ready/army_lightinfantry_7c2b0e3e3ca7.webp	3226	ee09ba352c64eabfec0e3229f81a28bfff2c59ae2dfdf33285755cb64b5e1e46
assets/unit_ready/army_lightinfantry_809d3f37a466.webp	3164	4e5c2e92dcdda03df6c9cc99d1b40da599c81838e6e9f91a213c4a48c378af5a
assets/unit_ready/army_lightinfantry_8196645890c0.webp	4554	8007dee4ccb08c2e5547ebd25d86d7f3ae97defb1fe84871a3599c75206b8507
assets/unit_ready/army_lightinfantry_82acf5e98db5.webp	4466	4126c43a9a588b1028aa6f5403bda48bf07e7b8408f0c3177ede29228120683d
assets/unit_ready/army_lightinfantry_84fa633bd284.webp	3360	cdd8b9912766009e4e915e718d18f47a0940e8e860fe9b8e073e6a5227479fe1
assets/unit_ready/army_lightinfantry_8651a47c3598.webp	4644	bbb98aa25d8c02c8dcfc063d48b6c596ca054e9bcf9cc77f85e47c22d1c1dc48
assets/unit_ready/army_lightinfantry_88d16e2e9e6d.webp	3618	aa14a29fc70088084956b9d55b9649dbe52fd5180806b9bb40afd31f86c25052
assets/unit_ready/army_lightinfantry_89d5bd22fb69.webp	4946	e526248b6e554b704f7b9a43114546c302ef8c79f8110d8b541ffcf8650df630
assets/unit_ready/army_lightinfantry_8ba2a49a6361.webp	3360	cdd8b9912766009e4e915e718d18f47a0940e8e860fe9b8e073e6a5227479fe1
assets/unit_ready/army_lightinfantry_919264806d05.webp	4644	bbb98aa25d8c02c8dcfc063d48b6c596ca054e9bcf9cc77f85e47c22d1c1dc48
assets/unit_ready/army_lightinfantry_922bb8e72e81.webp	3094	8988805518e40d483a45c8fe73ae878c5529c2200d03d835319935ff1734bab4
assets/unit_ready/army_lightinfantry_99445cf2a1c5.webp	3360	cdd8b9912766009e4e915e718d18f47a0940e8e860fe9b8e073e6a5227479fe1
assets/unit_ready/army_lightinfantry_9b40c676cd9d.webp	4816	839c08bee4473137647098c81d9c97834f881cd5bccf9b49d6387f76110123c1
assets/unit_ready/army_lightinfantry_9f635c4a801d.webp	4840	7de6ff9e710eebe960367c7eb64cb2afc33fb0c4ddf65b08f56abc97af3ddb7e
assets/unit_ready/army_lightinfantry_9f8deb64ae8e.webp	3360	cdd8b9912766009e4e915e718d18f47a0940e8e860fe9b8e073e6a5227479fe1
assets/unit_ready/army_lightinfantry_a3df6ef88497.webp	3618	aa14a29fc70088084956b9d55b9649dbe52fd5180806b9bb40afd31f86c25052
assets/unit_ready/army_lightinfantry_a79df2d1ebb5.webp	4492	cf22de44844b933d3dbd87921deb1177ea9d7552dd3f76292191ecb1a427f66d
assets/unit_ready/army_lightinfantry_a90eec2e4de2.webp	4796	0b1399319ea8768080e4ccd0c0809c9584f5708874033cbf7ae0dbe26625c0b6
assets/unit_ready/army_lightinfantry_b6508c004a97.webp	4796	0b1399319ea8768080e4ccd0c0809c9584f5708874033cbf7ae0dbe26625c0b6
assets/unit_ready/army_lightinfantry_b7e7729d0edb.webp	3360	cdd8b9912766009e4e915e718d18f47a0940e8e860fe9b8e073e6a5227479fe1
assets/unit_ready/army_lightinfantry_b8983b21df85.webp	4946	e526248b6e554b704f7b9a43114546c302ef8c79f8110d8b541ffcf8650df630
assets/unit_ready/army_lightinfantry_b8e298484162.webp	4536	71182721806a3c7c6b1c29c742c73fb232be2b1bc726873254e4960028323ac0
assets/unit_ready/army_lightinfantry_bb9febbf01e4.webp	4532	6194affc68e460120c6ba44710a635ad65af50cdca028257f12a9f0b2d28ed84
assets/unit_ready/army_lightinfantry_bbf60d03b4f9.webp	4318	1a8b5d7cfce5c942db031f5a1e3ffc4f98a13d019878b54587565d15d15741e6
assets/unit_ready/army_lightinfantry_bd577d627aa7.webp	3482	9fb3682ef74f379abbd24254b6eaf93a51d6143a636aa0bf8cd9851af6a9e3f2
assets/unit_ready/army_lightinfantry_c00a40ab2576.webp	5336	df2a8a6bf920ec130813123cac87b66d51b87a71509cd250c689bd2e64c8c768
assets/unit_ready/army_lightinfantry_c4d7468364ce.webp	4536	71182721806a3c7c6b1c29c742c73fb232be2b1bc726873254e4960028323ac0
assets/unit_ready/army_lightinfantry_c5b7a4cebe62.webp	4796	0b1399319ea8768080e4ccd0c0809c9584f5708874033cbf7ae0dbe26625c0b6
assets/unit_ready/army_lightinfantry_c6d6eaaa7612.webp	4492	cf22de44844b933d3dbd87921deb1177ea9d7552dd3f76292191ecb1a427f66d
assets/unit_ready/army_lightinfantry_c8c52857a1ff.webp	3526	9c2041a8532c2e52f6f151f0c9a7542f24869279e68a6c87dea2f2fe3ff9d6b2
assets/unit_ready/army_lightinfantry_c942bd881125.webp	3226	ee09ba352c64eabfec0e3229f81a28bfff2c59ae2dfdf33285755cb64b5e1e46
assets/unit_ready/army_lightinfantry_d09c4d66e38a.webp	3470	9ca4503b74178a158afedc3917a9a9c9570ab3993681d1300f7cf19af9c73639
assets/unit_ready/army_lightinfantry_d6c8ba2fcc22.webp	3226	ee09ba352c64eabfec0e3229f81a28bfff2c59ae2dfdf33285755cb64b5e1e46
assets/unit_ready/army_lightinfantry_da298f4bb565.webp	3618	aa14a29fc70088084956b9d55b9649dbe52fd5180806b9bb40afd31f86c25052
assets/unit_ready/army_lightinfantry_da36afca0cb8.webp	4816	839c08bee4473137647098c81d9c97834f881cd5bccf9b49d6387f76110123c1
assets/unit_ready/army_lightinfantry_dc553558e099.webp	4796	0b1399319ea8768080e4ccd0c0809c9584f5708874033cbf7ae0dbe26625c0b6
assets/unit_ready/army_lightinfantry_e0297c686b16.webp	3440	457e2b4fd2fc7293d6860539532dcb6ff16d1029a82482e614a4432d86c98b67
assets/unit_ready/army_lightinfantry_e084101b8ecc.webp	4536	71182721806a3c7c6b1c29c742c73fb232be2b1bc726873254e4960028323ac0
assets/unit_ready/army_lightinfantry_e0aee394e73c.webp	4424	b519ef251ead860a61c2ac0e41db75981cfa60ad352e2cd3b3f77f8ae9c3eee4
assets/unit_ready/army_lightinfantry_e1d97d675ae8.webp	4946	e526248b6e554b704f7b9a43114546c302ef8c79f8110d8b541ffcf8650df630
assets/unit_ready/army_lightinfantry_e6bad39a24de.webp	4536	71182721806a3c7c6b1c29c742c73fb232be2b1bc726873254e4960028323ac0
assets/unit_ready/army_lightinfantry_e85518e8a5b9.webp	4116	d101faea1917f1753ed5e1e28d4386a9fad95d7d0bb9af515a751b410ef789c8
assets/unit_ready/army_lightinfantry_e873b9b0c051.webp	4536	71182721806a3c7c6b1c29c742c73fb232be2b1bc726873254e4960028323ac0
assets/unit_ready/army_lightinfantry_e8e227471e3d.webp	4796	0b1399319ea8768080e4ccd0c0809c9584f5708874033cbf7ae0dbe26625c0b6
assets/unit_ready/army_lightinfantry_ea5af8843986.webp	4816	839c08bee4473137647098c81d9c97834f881cd5bccf9b49d6387f76110123c1
assets/unit_ready/army_lightinfantry_ed17624cdf5a.webp	4796	0b1399319ea8768080e4ccd0c0809c9584f5708874033cbf7ae0dbe26625c0b6
assets/unit_ready/army_lightinfantry_f0f3b8f6b952.webp	4492	cf22de44844b933d3dbd87921deb1177ea9d7552dd3f76292191ecb1a427f66d
assets/unit_ready/army_lightinfantry_f650e0242d29.webp	3618	aa14a29fc70088084956b9d55b9649dbe52fd5180806b9bb40afd31f86c25052
assets/unit_ready/army_lightinfantry_f87d67705580.webp	4492	cf22de44844b933d3dbd87921deb1177ea9d7552dd3f76292191ecb1a427f66d
assets/unit_ready/army_lightinfantry_fcbbbc127180.webp	4744	b339ebf15c75335376a52d6c30ecb673fc005140922bc49d41954212b4738053
assets/unit_ready/army_lightinfantry_fef9d9f3fd4f.webp	4946	e526248b6e554b704f7b9a43114546c302ef8c79f8110d8b541ffcf8650df630
assets/unit_ready/army_lineinfantry_097fa4abc1e2.webp	4080	b5127447afbf56c13a1e83b659283135d9e7f0e97e09cec5263c49d1f4d29341
assets/unit_ready/army_lineinfantry_0a84e047c8a3.webp	3204	c94987e015283196424c0a64baef87de10c2b9c614f31d6884ee044131970b5d
assets/unit_ready/army_lineinfantry_13d39a0b9ee9.webp	4422	e2c981d697e4703c816b1eeb56329a9e70ef0cff64db26f7b1b83dc928751d5c
assets/unit_ready/army_lineinfantry_147b1e42f967.webp	4472	5dd3c3487cad4c696b38ac9636015a5188f7263d6c0d46e979c27107e6b4a412
assets/unit_ready/army_lineinfantry_15b319ebf7e3.webp	4016	ea97d263debef618208b082db6cee911a4c095c47ab231fcbe0c092b737f7026
assets/unit_ready/army_lineinfantry_195371874973.webp	3990	9d5112baa55eda8e6ea194e61aca6aca03cd4d5fc707c2c32038bf28219bfab7
assets/unit_ready/army_lineinfantry_1c45a9b84288.webp	4422	e2c981d697e4703c816b1eeb56329a9e70ef0cff64db26f7b1b83dc928751d5c
assets/unit_ready/army_lineinfantry_20987abeffec.webp	4484	234267312143643c7b5fb475fe6f42343c864814ced4d1f4c8d9b033840e9fa9
assets/unit_ready/army_lineinfantry_28cacb4f423b.webp	3246	5ef5d754a77ca4a8d7dd927d0327d344c252299b546ea1386fce3caf2a7e7b7c
assets/unit_ready/army_lineinfantry_2af149975d53.webp	3360	b449be24705436f7a52515cd4bff21bca297d5a0dbb2b1eeb876d311ca9f5ed5
assets/unit_ready/army_lineinfantry_2b64dace455f.webp	3990	9d5112baa55eda8e6ea194e61aca6aca03cd4d5fc707c2c32038bf28219bfab7
assets/unit_ready/army_lineinfantry_30c63c8f1c88.webp	4274	78ad3cd10c8d34498f776a1d373e827610af014717f4a11413ebcdd8fed23e56
assets/unit_ready/army_lineinfantry_3115e68d2048.webp	4016	ea97d263debef618208b082db6cee911a4c095c47ab231fcbe0c092b737f7026
assets/unit_ready/army_lineinfantry_31d48e882a18.webp	3870	0ee0f41d2e0cf73c8b6827dab9df7d99a929a204083b7505a3b8b68dee3f954c
assets/unit_ready/army_lineinfantry_325dd505fcdc.webp	4242	37065f63761a6ccc3628b2aa3c3af1c0676711f81b231e7458c6343a8b74dc91
assets/unit_ready/army_lineinfantry_35032abfb381.webp	3204	c94987e015283196424c0a64baef87de10c2b9c614f31d6884ee044131970b5d
assets/unit_ready/army_lineinfantry_3531c308736c.webp	3246	5ef5d754a77ca4a8d7dd927d0327d344c252299b546ea1386fce3caf2a7e7b7c
assets/unit_ready/army_lineinfantry_3a290185aaa7.webp	4468	b279f7d9194f0562d1d15a1949823cd82d29c46da0fd20b17bb4785fccd16ea6
assets/unit_ready/army_lineinfantry_3acbc8af5b73.webp	4274	78ad3cd10c8d34498f776a1d373e827610af014717f4a11413ebcdd8fed23e56
assets/unit_ready/army_lineinfantry_426d000b5023.webp	4476	80722e46ccc0a3a1ff46ff2fd00a739f27c39a6560de142477633de2b4107bcf
assets/unit_ready/army_lineinfantry_433d7608bc82.webp	4422	e2c981d697e4703c816b1eeb56329a9e70ef0cff64db26f7b1b83dc928751d5c
assets/unit_ready/army_lineinfantry_437987d50d74.webp	4016	ea97d263debef618208b082db6cee911a4c095c47ab231fcbe0c092b737f7026
assets/unit_ready/army_lineinfantry_4624121e3419.webp	4620	28f20d7d43383545c7a1808fa9b2c73c76f609404ee5031d370233c465e1e8a5
assets/unit_ready/army_lineinfantry_49eec8e73105.webp	3870	0ee0f41d2e0cf73c8b6827dab9df7d99a929a204083b7505a3b8b68dee3f954c
assets/unit_ready/army_lineinfantry_4a691e215785.webp	3360	b449be24705436f7a52515cd4bff21bca297d5a0dbb2b1eeb876d311ca9f5ed5
assets/unit_ready/army_lineinfantry_4da6c4e84803.webp	3990	9d5112baa55eda8e6ea194e61aca6aca03cd4d5fc707c2c32038bf28219bfab7
assets/unit_ready/army_lineinfantry_515844415369.webp	3380	fdff0725c2e5c11e89faa2e6c90d1c05c3dd7c606acfa4c2a14c35baa0caab5f
assets/unit_ready/army_lineinfantry_554e83aa1c1e.webp	3488	14ecd165261256a03a155ba6f32d315f8c398ccce8643da201c2fc0bb7a47705
assets/unit_ready/army_lineinfantry_59c84f1e16fd.webp	3990	9d5112baa55eda8e6ea194e61aca6aca03cd4d5fc707c2c32038bf28219bfab7
assets/unit_ready/army_lineinfantry_5ae8517f01ad.webp	3360	b449be24705436f7a52515cd4bff21bca297d5a0dbb2b1eeb876d311ca9f5ed5
assets/unit_ready/army_lineinfantry_5b9e4a8fb8b3.webp	3246	5ef5d754a77ca4a8d7dd927d0327d344c252299b546ea1386fce3caf2a7e7b7c
assets/unit_ready/army_lineinfantry_658973c50934.webp	4484	234267312143643c7b5fb475fe6f42343c864814ced4d1f4c8d9b033840e9fa9
assets/unit_ready/army_lineinfantry_681c983f13a8.webp	4422	e2c981d697e4703c816b1eeb56329a9e70ef0cff64db26f7b1b83dc928751d5c
assets/unit_ready/army_lineinfantry_6cde44bf5380.webp	3342	50eeda433b5ed0ff7b66b1a944c8e3afed518b483d5d8ac63ba72713620a9f13
assets/unit_ready/army_lineinfantry_6f435002b706.webp	3204	c94987e015283196424c0a64baef87de10c2b9c614f31d6884ee044131970b5d
assets/unit_ready/army_lineinfantry_72d79e958d46.webp	3278	867408c0cf0626fbca155e754ba4575ac1a5c4197ac16cee99954ccb120b0810
assets/unit_ready/army_lineinfantry_731a49c57466.webp	4154	47d72d23004efe0ede14b1adcb59bfe1fc4fcf6021a560e72850307b54898730
assets/unit_ready/army_lineinfantry_7d031d475808.webp	4228	9bbe4e9d8de438e829a93977ada535f98a9d3f4fd890ee65af5033a84f2ebe2e
assets/unit_ready/army_lineinfantry_804642c7a773.webp	3990	9d5112baa55eda8e6ea194e61aca6aca03cd4d5fc707c2c32038bf28219bfab7
assets/unit_ready/army_lineinfantry_814d19b6a375.webp	3870	0ee0f41d2e0cf73c8b6827dab9df7d99a929a204083b7505a3b8b68dee3f954c
assets/unit_ready/army_lineinfantry_8313ca6152ec.webp	4484	234267312143643c7b5fb475fe6f42343c864814ced4d1f4c8d9b033840e9fa9
assets/unit_ready/army_lineinfantry_878f6f5c7b03.webp	3870	0ee0f41d2e0cf73c8b6827dab9df7d99a929a204083b7505a3b8b68dee3f954c
assets/unit_ready/army_lineinfantry_8b8553528a7b.webp	3360	b449be24705436f7a52515cd4bff21bca297d5a0dbb2b1eeb876d311ca9f5ed5
assets/unit_ready/army_lineinfantry_924f42a8d28d.webp	4484	234267312143643c7b5fb475fe6f42343c864814ced4d1f4c8d9b033840e9fa9
assets/unit_ready/army_lineinfantry_95f0ce55e74c.webp	3870	0ee0f41d2e0cf73c8b6827dab9df7d99a929a204083b7505a3b8b68dee3f954c
assets/unit_ready/army_lineinfantry_9615ad9ef916.webp	3246	5ef5d754a77ca4a8d7dd927d0327d344c252299b546ea1386fce3caf2a7e7b7c
assets/unit_ready/army_lineinfantry_973d02f3f15e.webp	3360	b449be24705436f7a52515cd4bff21bca297d5a0dbb2b1eeb876d311ca9f5ed5
assets/unit_ready/army_lineinfantry_9e089afc4bf6.webp	3204	c94987e015283196424c0a64baef87de10c2b9c614f31d6884ee044131970b5d
assets/unit_ready/army_lineinfantry_9f1902ad1394.webp	4484	234267312143643c7b5fb475fe6f42343c864814ced4d1f4c8d9b033840e9fa9
assets/unit_ready/army_lineinfantry_a61f0b40a8cf.webp	4500	57aa23df4cfc7448006f61d75a741dafabe8d288d764d71633d4ef4a2cec0635
assets/unit_ready/army_lineinfantry_ac494f30421a.webp	4422	e2c981d697e4703c816b1eeb56329a9e70ef0cff64db26f7b1b83dc928751d5c
assets/unit_ready/army_lineinfantry_b395d1b46669.webp	4274	78ad3cd10c8d34498f776a1d373e827610af014717f4a11413ebcdd8fed23e56
assets/unit_ready/army_lineinfantry_b8e990cbca2e.webp	3204	c94987e015283196424c0a64baef87de10c2b9c614f31d6884ee044131970b5d
assets/unit_ready/army_lineinfantry_ba71a5f9b154.webp	3870	0ee0f41d2e0cf73c8b6827dab9df7d99a929a204083b7505a3b8b68dee3f954c
assets/unit_ready/army_lineinfantry_c535776a7647.webp	3246	5ef5d754a77ca4a8d7dd927d0327d344c252299b546ea1386fce3caf2a7e7b7c
assets/unit_ready/army_lineinfantry_c84261e47f79.webp	3990	9d5112baa55eda8e6ea194e61aca6aca03cd4d5fc707c2c32038bf28219bfab7
assets/unit_ready/army_lineinfantry_c8a32ce9bcce.webp	4484	234267312143643c7b5fb475fe6f42343c864814ced4d1f4c8d9b033840e9fa9
assets/unit_ready/army_lineinfantry_c92ccf4dc0c1.webp	4274	78ad3cd10c8d34498f776a1d373e827610af014717f4a11413ebcdd8fed23e56
assets/unit_ready/army_lineinfantry_ccb43dc60bc4.webp	3246	5ef5d754a77ca4a8d7dd927d0327d344c252299b546ea1386fce3caf2a7e7b7c
assets/unit_ready/army_lineinfantry_ccd1fd7162a7.webp	4170	f99cdb19229f1648175edab0e13a0b54a34c73a63b41dc15d7904fcd1038763a
assets/unit_ready/army_lineinfantry_d0648b875c0a.webp	3870	0ee0f41d2e0cf73c8b6827dab9df7d99a929a204083b7505a3b8b68dee3f954c
assets/unit_ready/army_lineinfantry_d268433c4ee1.webp	4016	ea97d263debef618208b082db6cee911a4c095c47ab231fcbe0c092b737f7026
assets/unit_ready/army_lineinfantry_d715a5f629a3.webp	4068	7536097a907c15c903583ab2058f0630ebc1a9a447b0a61d8868ff048a0ae3d8
assets/unit_ready/army_lineinfantry_d8201c91ac2b.webp	4274	78ad3cd10c8d34498f776a1d373e827610af014717f4a11413ebcdd8fed23e56
assets/unit_ready/army_lineinfantry_d94f7b86949b.webp	4422	e2c981d697e4703c816b1eeb56329a9e70ef0cff64db26f7b1b83dc928751d5c
assets/unit_ready/army_lineinfantry_d96f62a0d6e5.webp	3204	c94987e015283196424c0a64baef87de10c2b9c614f31d6884ee044131970b5d
assets/unit_ready/army_lineinfantry_dee18ef7a196.webp	4016	ea97d263debef618208b082db6cee911a4c095c47ab231fcbe0c092b737f7026
assets/unit_ready/army_lineinfantry_dfb019af7373.webp	3374	b8a65531d0a7c75ab620937f13b6643f06585410460fe027c04f9c9b6294b3c6
assets/unit_ready/army_lineinfantry_e0c85f3fa9a8.webp	3380	8cd977f3e7fe2a02622c9f111218d60759e710c852c6d35d6b6bce31569785ae
assets/unit_ready/army_lineinfantry_e19c6ed8c9d1.webp	4644	22543d3f1f0a2a252dd5f313fe9fecfb845e2858348d113b637eb9c1bc199262
assets/unit_ready/army_lineinfantry_e4d682ffc00f.webp	3204	c94987e015283196424c0a64baef87de10c2b9c614f31d6884ee044131970b5d
assets/unit_ready/army_lineinfantry_e54c462cfdf0.webp	4274	78ad3cd10c8d34498f776a1d373e827610af014717f4a11413ebcdd8fed23e56
assets/unit_ready/army_lineinfantry_e72e514803a9.webp	3360	b449be24705436f7a52515cd4bff21bca297d5a0dbb2b1eeb876d311ca9f5ed5
assets/unit_ready/army_lineinfantry_e983671c37b5.webp	3990	9d5112baa55eda8e6ea194e61aca6aca03cd4d5fc707c2c32038bf28219bfab7
assets/unit_ready/army_lineinfantry_f061383b81f3.webp	4274	78ad3cd10c8d34498f776a1d373e827610af014717f4a11413ebcdd8fed23e56
assets/unit_ready/army_lineinfantry_f57f45d6bc93.webp	4484	234267312143643c7b5fb475fe6f42343c864814ced4d1f4c8d9b033840e9fa9
assets/unit_ready/army_lineinfantry_f8bf304e33a5.webp	4016	ea97d263debef618208b082db6cee911a4c095c47ab231fcbe0c092b737f7026
assets/unit_ready/army_lineinfantry_fe7fe6f3b641.webp	3246	5ef5d754a77ca4a8d7dd927d0327d344c252299b546ea1386fce3caf2a7e7b7c
assets/unit_ready/army_militia_00f09a5de305.webp	4110	45a727568d24d26ea3f47e940ee41eaad9688e90fa35150f8ba47663d3885eb3
assets/unit_ready/army_militia_017dbac10146.webp	4752	4d9c177d03f30f78aeac7c4bfa138eb09d0ee845cb08c1db94237d4ff7fc88da
assets/unit_ready/army_militia_02482dff4c41.webp	4406	413111022a8f0d7cb8eae64822e9b10e69c38b745d5de01a1ce3193455ad18a8
assets/unit_ready/army_militia_02bd11edfc45.webp	3620	ac282526fd3e31edc3d013a4c872dee996434ebea7377eb4f9fc88ba9e73da5d
assets/unit_ready/army_militia_0698634b42d4.webp	3642	99a00b9b24f5419fc2c238146fee79d352dcc00ecacac700f2a4464c1db1c17d
assets/unit_ready/army_militia_0968be04e5ce.webp	3642	99a00b9b24f5419fc2c238146fee79d352dcc00ecacac700f2a4464c1db1c17d
assets/unit_ready/army_militia_0bb723812841.webp	3848	512eaf834682fae0c0b99d7bb788b3166c37172fe65e0f7531108663651ccae6
assets/unit_ready/army_militia_0bee3bf9e4db.webp	4726	a64add2143f61b152ec41be2cb04c01ba57f90c829b848a01b547dbe2940d316
assets/unit_ready/army_militia_0c89d3fe6b73.webp	4734	ae28483c56c4c4a626a929961181c6e6a6cce1c5ac91d1f18570eaddd2e17f57
assets/unit_ready/army_militia_0c9a74b4408b.webp	4726	a64add2143f61b152ec41be2cb04c01ba57f90c829b848a01b547dbe2940d316
assets/unit_ready/army_militia_0f9da9bcd12f.webp	3266	d2aeba322fc67967ebaced20a277cf9628b2a4f57ec95ccf354fc14b299fc76e
assets/unit_ready/army_militia_171e433e8bca.webp	4726	a64add2143f61b152ec41be2cb04c01ba57f90c829b848a01b547dbe2940d316
assets/unit_ready/army_militia_1b6a34855a5e.webp	3642	99a00b9b24f5419fc2c238146fee79d352dcc00ecacac700f2a4464c1db1c17d
assets/unit_ready/army_militia_25b4b495cb78.webp	4726	a64add2143f61b152ec41be2cb04c01ba57f90c829b848a01b547dbe2940d316
assets/unit_ready/army_militia_26fe0a9d47b1.webp	3696	dd47f9f718059f1fde11787c8fe03dca38263b2aaff62bca09745410cc2a3077
assets/unit_ready/army_militia_2cb63c42b3d8.webp	3832	cd59ea37ba0445755a0c66505c9a815de9a59ab313e81a40104301937872468f
assets/unit_ready/army_militia_3c1523b8a8d0.webp	4638	0771a4177f5fb206263ea08676e5b9e170568b1cbf2aa7dc50fb23e0a8eae906
assets/unit_ready/army_militia_3d7b077603dc.webp	4370	83c8308a8921e2fb3bc4caa6fdf026a7534b6ef3d9ad936a8b47ec4c7f15ac84
assets/unit_ready/army_militia_41307dc46a14.webp	4370	83c8308a8921e2fb3bc4caa6fdf026a7534b6ef3d9ad936a8b47ec4c7f15ac84
assets/unit_ready/army_militia_4841ca0e6d41.webp	4726	a64add2143f61b152ec41be2cb04c01ba57f90c829b848a01b547dbe2940d316
assets/unit_ready/army_militia_484301ee405b.webp	3832	cd59ea37ba0445755a0c66505c9a815de9a59ab313e81a40104301937872468f
assets/unit_ready/army_militia_4caa312a475b.webp	4752	4d9c177d03f30f78aeac7c4bfa138eb09d0ee845cb08c1db94237d4ff7fc88da
assets/unit_ready/army_militia_4d3fa391d0c9.webp	4752	4d9c177d03f30f78aeac7c4bfa138eb09d0ee845cb08c1db94237d4ff7fc88da
assets/unit_ready/army_militia_4fd5111b45e6.webp	3642	99a00b9b24f5419fc2c238146fee79d352dcc00ecacac700f2a4464c1db1c17d
assets/unit_ready/army_militia_59fbdfa08fe0.webp	4726	a64add2143f61b152ec41be2cb04c01ba57f90c829b848a01b547dbe2940d316
assets/unit_ready/army_militia_5ccf804df888.webp	4752	4d9c177d03f30f78aeac7c4bfa138eb09d0ee845cb08c1db94237d4ff7fc88da
assets/unit_ready/army_militia_5f1ac2f85da5.webp	4406	413111022a8f0d7cb8eae64822e9b10e69c38b745d5de01a1ce3193455ad18a8
assets/unit_ready/army_militia_6341fe40d56a.webp	4370	83c8308a8921e2fb3bc4caa6fdf026a7534b6ef3d9ad936a8b47ec4c7f15ac84
assets/unit_ready/army_militia_6f618ee23109.webp	3960	b3e229ea2be8cc348397c58b790159f354bcfee36c885fe0064ff9afeee36779
assets/unit_ready/army_militia_6fb417c9f147.webp	3642	99a00b9b24f5419fc2c238146fee79d352dcc00ecacac700f2a4464c1db1c17d
assets/unit_ready/army_militia_714842edec79.webp	3620	ac282526fd3e31edc3d013a4c872dee996434ebea7377eb4f9fc88ba9e73da5d
assets/unit_ready/army_militia_7228204b6780.webp	4110	45a727568d24d26ea3f47e940ee41eaad9688e90fa35150f8ba47663d3885eb3
assets/unit_ready/army_militia_7d078ed65ac9.webp	4406	413111022a8f0d7cb8eae64822e9b10e69c38b745d5de01a1ce3193455ad18a8
assets/unit_ready/army_militia_7f6bc25210e6.webp	3620	ac282526fd3e31edc3d013a4c872dee996434ebea7377eb4f9fc88ba9e73da5d
assets/unit_ready/army_militia_8417d1e62175.webp	4752	4d9c177d03f30f78aeac7c4bfa138eb09d0ee845cb08c1db94237d4ff7fc88da
assets/unit_ready/army_militia_890f1ea9bf0b.webp	4110	45a727568d24d26ea3f47e940ee41eaad9688e90fa35150f8ba47663d3885eb3
assets/unit_ready/army_militia_8c235c5d0fa0.webp	3832	cd59ea37ba0445755a0c66505c9a815de9a59ab313e81a40104301937872468f
assets/unit_ready/army_militia_8cd6661f3140.webp	3588	4878d22236c23d7381af878132b1e0d7d4b37393f0582b5ee2739391d1ad88e6
assets/unit_ready/army_militia_8ce252374ced.webp	4762	5578937e93258d7cbbd839d5b6e2a8811aa2047ff57ad5daf37199460710af82
assets/unit_ready/army_militia_926796b02d30.webp	4406	413111022a8f0d7cb8eae64822e9b10e69c38b745d5de01a1ce3193455ad18a8
assets/unit_ready/army_militia_928945fd30c7.webp	4370	83c8308a8921e2fb3bc4caa6fdf026a7534b6ef3d9ad936a8b47ec4c7f15ac84
assets/unit_ready/army_militia_9322951211bc.webp	3832	cd59ea37ba0445755a0c66505c9a815de9a59ab313e81a40104301937872468f
assets/unit_ready/army_militia_93a4d5c5d7fc.webp	4370	83c8308a8921e2fb3bc4caa6fdf026a7534b6ef3d9ad936a8b47ec4c7f15ac84
assets/unit_ready/army_militia_95156ee2a484.webp	4406	413111022a8f0d7cb8eae64822e9b10e69c38b745d5de01a1ce3193455ad18a8
assets/unit_ready/army_militia_9a9cd4e57738.webp	4726	a64add2143f61b152ec41be2cb04c01ba57f90c829b848a01b547dbe2940d316
assets/unit_ready/army_militia_9cb4dab2c7e9.webp	3620	ac282526fd3e31edc3d013a4c872dee996434ebea7377eb4f9fc88ba9e73da5d
assets/unit_ready/army_militia_9e353286ee88.webp	4406	413111022a8f0d7cb8eae64822e9b10e69c38b745d5de01a1ce3193455ad18a8
assets/unit_ready/army_militia_a04c1f7be412.webp	4752	4d9c177d03f30f78aeac7c4bfa138eb09d0ee845cb08c1db94237d4ff7fc88da
assets/unit_ready/army_militia_a193c9acdeaa.webp	4748	12e721f95b87aaf50cc8f57eac304bcd90f6e2822251616c248cbddd440dcbd0
assets/unit_ready/army_militia_a28da390feba.webp	3620	ac282526fd3e31edc3d013a4c872dee996434ebea7377eb4f9fc88ba9e73da5d
assets/unit_ready/army_militia_a8fe51cc6eff.webp	4748	12e721f95b87aaf50cc8f57eac304bcd90f6e2822251616c248cbddd440dcbd0
assets/unit_ready/army_militia_ab31bbb6a8af.webp	4752	4d9c177d03f30f78aeac7c4bfa138eb09d0ee845cb08c1db94237d4ff7fc88da
assets/unit_ready/army_militia_ac25bfe70a2f.webp	3620	ac282526fd3e31edc3d013a4c872dee996434ebea7377eb4f9fc88ba9e73da5d
assets/unit_ready/army_militia_ac8e08bd35d8.webp	4748	12e721f95b87aaf50cc8f57eac304bcd90f6e2822251616c248cbddd440dcbd0
assets/unit_ready/army_militia_ad01ca0859f8.webp	4110	45a727568d24d26ea3f47e940ee41eaad9688e90fa35150f8ba47663d3885eb3
assets/unit_ready/army_militia_b49e9f6da766.webp	4648	622b6561443963340d197a66c092f7657eabb46f18b8d911b6f240c3ec29e7ec
assets/unit_ready/army_militia_b5d1fa325827.webp	4236	e3851f06252b84f3890ba1fa3dd245976e161b65662df6536f9cb564800e437f
assets/unit_ready/army_militia_b693c6b7f69e.webp	3794	c4255138a6a95cdc86f9a98258e2346ac57c7b0993c2484e57f3c24ff1036c6b
assets/unit_ready/army_militia_b7a7168f0a71.webp	3842	c32e889d3ae5e0abe04ff46a1fc671bee8b7740ea893ba70968d7ae187f97fda
assets/unit_ready/army_militia_c2f68ca6da9f.webp	4574	72733174881d43f9ccf341490416519a02abb0d4e89a45e2a23ec5eab027e3ec
assets/unit_ready/army_militia_c89d92f5c38a.webp	3642	99a00b9b24f5419fc2c238146fee79d352dcc00ecacac700f2a4464c1db1c17d
assets/unit_ready/army_militia_cba4bddfbc7e.webp	4370	83c8308a8921e2fb3bc4caa6fdf026a7534b6ef3d9ad936a8b47ec4c7f15ac84
assets/unit_ready/army_militia_cee60148a5f3.webp	4290	445b91b9e4015948c3eab4e59317549354608b0c65cb232e5e01905a51b97719
assets/unit_ready/army_militia_d17f245c348b.webp	4748	12e721f95b87aaf50cc8f57eac304bcd90f6e2822251616c248cbddd440dcbd0
assets/unit_ready/army_militia_d3d92ab83d6f.webp	4370	83c8308a8921e2fb3bc4caa6fdf026a7534b6ef3d9ad936a8b47ec4c7f15ac84
assets/unit_ready/army_militia_d3ed311b86a9.webp	4110	45a727568d24d26ea3f47e940ee41eaad9688e90fa35150f8ba47663d3885eb3
assets/unit_ready/army_militia_d41f8533835b.webp	4188	7ea14afc7f428ad707395b1e12e699a4b57e4d0465511a1e657c0643f88bad6a
assets/unit_ready/army_militia_d45cc8e84b98.webp	3832	cd59ea37ba0445755a0c66505c9a815de9a59ab313e81a40104301937872468f
assets/unit_ready/army_militia_d5a668206804.webp	4634	f5fd764eff91e0b053a88398fa2274e1f1749e1c557b03ebc40afcab15a25655
assets/unit_ready/army_militia_d61e4604bf7a.webp	3448	7250f8eaedc0862b2e4a524a5bb8b9c4d1d193dfa8f7008ce456ef0086e400d4
assets/unit_ready/army_militia_db7b04cd79b9.webp	4748	12e721f95b87aaf50cc8f57eac304bcd90f6e2822251616c248cbddd440dcbd0
assets/unit_ready/army_militia_def345995093.webp	4366	63674a2b4e74457100f7ff7b4baa4d4ab8fbd61e36afcfc362a3e7fbf3344108
assets/unit_ready/army_militia_df8e56ea1664.webp	4110	45a727568d24d26ea3f47e940ee41eaad9688e90fa35150f8ba47663d3885eb3
assets/unit_ready/army_militia_e3730433a153.webp	4770	4c5edd26ef26b7411c3285ed2a626d00d191b443f1659d4b23ebeef7f4e0385f
assets/unit_ready/army_militia_e515b528db87.webp	3620	ac282526fd3e31edc3d013a4c872dee996434ebea7377eb4f9fc88ba9e73da5d
assets/unit_ready/army_militia_e82d2435d170.webp	3832	cd59ea37ba0445755a0c66505c9a815de9a59ab313e81a40104301937872468f
assets/unit_ready/army_militia_f12ab76315db.webp	4118	1533d90b69e53a66adc874894c64bea835f60a4cadf9166c79ea2ba55eb65c91
assets/unit_ready/army_militia_f803f12731b3.webp	4110	45a727568d24d26ea3f47e940ee41eaad9688e90fa35150f8ba47663d3885eb3
assets/unit_ready/army_militia_fc35cc087814.webp	4748	12e721f95b87aaf50cc8f57eac304bcd90f6e2822251616c248cbddd440dcbd0
assets/unit_ready/army_militia_fc5c064d2892.webp	4398	d0a8a6b3e4e85872778e8b11ea91d829b384990842644c15daea194f8dd1cd13
assets/unit_ready/army_militia_fcb9bdbb2566.webp	3832	cd59ea37ba0445755a0c66505c9a815de9a59ab313e81a40104301937872468f
assets/unit_ready/army_ship_39dd52f1f8b5.webp	2756	5c4d42988269a9ba8eed508bda40a7a770fc3df401cbf862cbaa3213845eb6eb
assets/unit_ready/army_ship_7e71746a31ed.webp	3200	e2101b90148718800ffd5fb208ac72a933425c1065adffa89e5fdbd69b04a317
assets/unit_ready/army_ship_a7a8ef2bfd98.webp	3742	cb8d0410a9b7737c90d8fbb1cd60e088e8f13820645b32afd1cc1860f4691fea
assets/unit_ready/army_ship_bf3238796ad9.webp	4770	21203e30f2eaed751277a65eb80be83e05cc8a0b7051456d7b2b29335c2a4003
assets/unit_reload/army_artillery_0259a6e198c6.webp	3328	227b2ddde55266731c8abb976a15d3ecc3d3bcc9a3cab12d12457d3b8405376c
assets/unit_reload/army_artillery_02db4306bc5a.webp	4260	3693ab336e9daf52640d1de9eae82d484e6f1c2528cbf84e12d5c7bb2cdac2ce
assets/unit_reload/army_artillery_0359cc0c2e58.webp	3436	f80144e857d4f4eb35ae081e45bb0850ffc13ad5016e193b0cff016bd4d908bf
assets/unit_reload/army_artillery_049e22c361e0.webp	5264	e75aac803df882ccebb4af6c6dd53276a458667428e16bf2b57749db6140028e
assets/unit_reload/army_artillery_05351a6109ad.webp	2580	e42beff201abb9dda3ec09d3d33711c88ca600a5a18047424fa5c928d0c827c4
assets/unit_reload/army_artillery_05fc0ba747aa.webp	5160	2430a80c555480dde8177ec9dcf5b6eb62675185c44399dd43d52208e0dce5a9
assets/unit_reload/army_artillery_067e015c58e0.webp	5264	e75aac803df882ccebb4af6c6dd53276a458667428e16bf2b57749db6140028e
assets/unit_reload/army_artillery_079cb651c09f.webp	2568	0f1399e7f9a44b2c3b2c8bfb35f01ee3e7ea36cd8312669412d97a5e64881c4f
assets/unit_reload/army_artillery_0c053d33d396.webp	4480	1fa2fbf637530bd2764328bda3cb1930ce4359ec949cf81f6ac4f6dc3df04f23
assets/unit_reload/army_artillery_0e4fb4bf2e33.webp	2580	e42beff201abb9dda3ec09d3d33711c88ca600a5a18047424fa5c928d0c827c4
assets/unit_reload/army_artillery_0f3430c43d73.webp	4260	3693ab336e9daf52640d1de9eae82d484e6f1c2528cbf84e12d5c7bb2cdac2ce
assets/unit_reload/army_artillery_0f871c1fd2c3.webp	5118	b7e63c54c148668b70d740d785a7fec64b15bc1eb6fee7dd08827e5be5a9a24b
assets/unit_reload/army_artillery_12b643fc9ba2.webp	5204	fb7051acb7fe5e56ebcb02469ac6c90ed096e07f582f91930a2486ece1e1e294
assets/unit_reload/army_artillery_134f25a7f906.webp	2672	fe04bb7af4e019ec8d2eb797c70a4c8bdbf4644ce18ae201f4b6bb96c6507dfd
assets/unit_reload/army_artillery_16b8d7fd4aea.webp	4204	96cd13f2b31c5bc5967531b437103c248543eb673dc8b09b40fbf158bfdb1b01
assets/unit_reload/army_artillery_1972678e1b78.webp	4204	96cd13f2b31c5bc5967531b437103c248543eb673dc8b09b40fbf158bfdb1b01
assets/unit_reload/army_artillery_1be1859a4320.webp	3226	1eda868405ac66f6bd419436ab7ee6d4212b6c7d0135a40200b119ccf99a1d1a
assets/unit_reload/army_artillery_1d9db86910e2.webp	4082	6e48a24760b1b03a969f322165276b41f364d044a15d4b91e87ce9fa81dcc89a
assets/unit_reload/army_artillery_1e0f5f417bca.webp	4226	8316f7d12f80d4411da8e69d9d1d1b29f46d44302786b080aa99fb9b904177e8
assets/unit_reload/army_artillery_2737aa60d059.webp	4572	678f208ad937105a7b80333e1d23be853b2807a4ce319b2619f96c036646002c
assets/unit_reload/army_artillery_2dda1d9a5f9d.webp	3196	b1c526381c32b9ecaa7df0f614982c791319671c7cc2f6ea19ab51b9ec2be61a
assets/unit_reload/army_artillery_2deb0b48a029.webp	4572	678f208ad937105a7b80333e1d23be853b2807a4ce319b2619f96c036646002c
assets/unit_reload/army_artillery_2f3d3f4b6a7e.webp	4260	3693ab336e9daf52640d1de9eae82d484e6f1c2528cbf84e12d5c7bb2cdac2ce
assets/unit_reload/army_artillery_31e62f258435.webp	4204	96cd13f2b31c5bc5967531b437103c248543eb673dc8b09b40fbf158bfdb1b01
assets/unit_reload/army_artillery_328cd1ae8d9c.webp	5154	80856e1d3f2bf8bd82edb356dcfb8990b125755d86160c4554707393cfa600ef
assets/unit_reload/army_artillery_35e077bc16cb.webp	5264	e75aac803df882ccebb4af6c6dd53276a458667428e16bf2b57749db6140028e
assets/unit_reload/army_artillery_38905e59b378.webp	5130	5041d77a90d153cc28143e72f8bfabe44683365638fa9000f9c0d39722c493d9
assets/unit_reload/army_artillery_393927ca4f0b.webp	4468	4643c2d4ca873d3681ca3b50272525f01acdd5db06cffe5988a0cea0b8b47381
assets/unit_reload/army_artillery_3af09a60f17a.webp	4480	1fa2fbf637530bd2764328bda3cb1930ce4359ec949cf81f6ac4f6dc3df04f23
assets/unit_reload/army_artillery_3ca13f99c60b.webp	3196	b1c526381c32b9ecaa7df0f614982c791319671c7cc2f6ea19ab51b9ec2be61a
assets/unit_reload/army_artillery_3fe553d4e568.webp	4260	3693ab336e9daf52640d1de9eae82d484e6f1c2528cbf84e12d5c7bb2cdac2ce
assets/unit_reload/army_artillery_40949ac9ef78.webp	5264	e75aac803df882ccebb4af6c6dd53276a458667428e16bf2b57749db6140028e
assets/unit_reload/army_artillery_40ab0d0fafc4.webp	4082	6e48a24760b1b03a969f322165276b41f364d044a15d4b91e87ce9fa81dcc89a
assets/unit_reload/army_artillery_4332133b0be2.webp	4154	a49eeaf3d364612ccd9142140bca72e2d4ab752ebc5c7757d0e121a0d42370b5
assets/unit_reload/army_artillery_433af4e89cc2.webp	4226	8316f7d12f80d4411da8e69d9d1d1b29f46d44302786b080aa99fb9b904177e8
assets/unit_reload/army_artillery_442986831998.webp	4434	19833d850f04359ebd558d925671778a2b628da878cdc072a6345c70002faf98
assets/unit_reload/army_artillery_4752372c6bba.webp	3196	b1c526381c32b9ecaa7df0f614982c791319671c7cc2f6ea19ab51b9ec2be61a
assets/unit_reload/army_artillery_478e6c89ce07.webp	4468	4643c2d4ca873d3681ca3b50272525f01acdd5db06cffe5988a0cea0b8b47381
assets/unit_reload/army_artillery_479e61f99e1e.webp	5160	2430a80c555480dde8177ec9dcf5b6eb62675185c44399dd43d52208e0dce5a9
assets/unit_reload/army_artillery_4aa52f6fcf45.webp	5264	e75aac803df882ccebb4af6c6dd53276a458667428e16bf2b57749db6140028e
assets/unit_reload/army_artillery_4b640768828e.webp	2626	d0365d180661c9b2a81db4199d2638e41ec4033222043ed2ab5256c75451b272
assets/unit_reload/army_artillery_4dc98afc4554.webp	2630	c4b59ab39d76ae5659e4f9e200d77e0ade1d229fed9501271f5be26c64b7bfe8
assets/unit_reload/army_artillery_50257eae7727.webp	3318	13c241e006bc5f847d13fa6072e99c603be078d32d0d16a839b9fc7c71f67a2a
assets/unit_reload/army_artillery_518c94c20cd8.webp	5264	e75aac803df882ccebb4af6c6dd53276a458667428e16bf2b57749db6140028e
assets/unit_reload/army_artillery_51a8dd3dee21.webp	3196	b1c526381c32b9ecaa7df0f614982c791319671c7cc2f6ea19ab51b9ec2be61a
assets/unit_reload/army_artillery_527163cc735e.webp	4572	678f208ad937105a7b80333e1d23be853b2807a4ce319b2619f96c036646002c
assets/unit_reload/army_artillery_53f7600a65e2.webp	4120	1016a2b38d2cfdf12155986604f1d6fe4fa551e504b2b7bda4496d2596bcb691
assets/unit_reload/army_artillery_56440c59ffda.webp	5160	2430a80c555480dde8177ec9dcf5b6eb62675185c44399dd43d52208e0dce5a9
assets/unit_reload/army_artillery_5667b77457a0.webp	4468	4643c2d4ca873d3681ca3b50272525f01acdd5db06cffe5988a0cea0b8b47381
assets/unit_reload/army_artillery_57ece7eb9a2d.webp	4468	4643c2d4ca873d3681ca3b50272525f01acdd5db06cffe5988a0cea0b8b47381
assets/unit_reload/army_artillery_5cce067d27e7.webp	5130	5041d77a90d153cc28143e72f8bfabe44683365638fa9000f9c0d39722c493d9
assets/unit_reload/army_artillery_5ded63e63c67.webp	4108	955416006f74ae07375046249179ec4c14b77cbcd02bb6f0ba6641a1dbab9049
assets/unit_reload/army_artillery_5ea762347048.webp	2580	e42beff201abb9dda3ec09d3d33711c88ca600a5a18047424fa5c928d0c827c4
assets/unit_reload/army_artillery_5f358b22115c.webp	3226	1eda868405ac66f6bd419436ab7ee6d4212b6c7d0135a40200b119ccf99a1d1a
assets/unit_reload/army_artillery_60ca2d537ff2.webp	2580	e42beff201abb9dda3ec09d3d33711c88ca600a5a18047424fa5c928d0c827c4
assets/unit_reload/army_artillery_617e1325d3e3.webp	4480	1fa2fbf637530bd2764328bda3cb1930ce4359ec949cf81f6ac4f6dc3df04f23
assets/unit_reload/army_artillery_628af1bec1b4.webp	4226	8316f7d12f80d4411da8e69d9d1d1b29f46d44302786b080aa99fb9b904177e8
assets/unit_reload/army_artillery_6396e907b30a.webp	2580	e42beff201abb9dda3ec09d3d33711c88ca600a5a18047424fa5c928d0c827c4
assets/unit_reload/army_artillery_63c9a31e3955.webp	4120	1016a2b38d2cfdf12155986604f1d6fe4fa551e504b2b7bda4496d2596bcb691
assets/unit_reload/army_artillery_64001bf1ab86.webp	4468	4643c2d4ca873d3681ca3b50272525f01acdd5db06cffe5988a0cea0b8b47381
assets/unit_reload/army_artillery_647318200893.webp	4572	678f208ad937105a7b80333e1d23be853b2807a4ce319b2619f96c036646002c
assets/unit_reload/army_artillery_6520a7636d4a.webp	4226	b22ab0823f8157204ad8f284fc5158311699d0a39b8aee45682356e7fc7e86d2
assets/unit_reload/army_artillery_65f4710bea07.webp	4430	547727e42907e05f3d049eb9718f34a90abe0abee962decacc8f66fb6a4f4766
assets/unit_reload/army_artillery_65f7620bd50e.webp	3226	1eda868405ac66f6bd419436ab7ee6d4212b6c7d0135a40200b119ccf99a1d1a
assets/unit_reload/army_artillery_6692ae082cce.webp	4260	71c39d928d60b2dcd523fbc4b2009b3af4d9d700fba5eeab4bb6315fabdac9b1
assets/unit_reload/army_artillery_68857cde2f5a.webp	4120	1016a2b38d2cfdf12155986604f1d6fe4fa551e504b2b7bda4496d2596bcb691
assets/unit_reload/army_artillery_68ec6a4d0fbe.webp	2600	230334622ba950a55e2ba5e2ec75890c7a57739a90b4c28c3ab74db8d7360166
assets/unit_reload/army_artillery_6a5061e9a67c.webp	4194	b872ee9cea980463cdf671c03dd004205e57d75df2ca3c0761787ef00d842704
assets/unit_reload/army_artillery_6c78a6504454.webp	2626	d0365d180661c9b2a81db4199d2638e41ec4033222043ed2ab5256c75451b272
assets/unit_reload/army_artillery_6df252f4a245.webp	4260	3693ab336e9daf52640d1de9eae82d484e6f1c2528cbf84e12d5c7bb2cdac2ce
assets/unit_reload/army_artillery_70345d5c8afd.webp	4204	96cd13f2b31c5bc5967531b437103c248543eb673dc8b09b40fbf158bfdb1b01
assets/unit_reload/army_artillery_70b8d6ca128f.webp	3318	13c241e006bc5f847d13fa6072e99c603be078d32d0d16a839b9fc7c71f67a2a
assets/unit_reload/army_artillery_748447cfe143.webp	4504	167ca4e5d1276891e932f4a25f0d4c1b98ee00d4a93bcab4f7af34506169483e
assets/unit_reload/army_artillery_77e76b9b76af.webp	5160	2430a80c555480dde8177ec9dcf5b6eb62675185c44399dd43d52208e0dce5a9
assets/unit_reload/army_artillery_7a270b3d2d30.webp	3318	13c241e006bc5f847d13fa6072e99c603be078d32d0d16a839b9fc7c71f67a2a
assets/unit_reload/army_artillery_7c0b5d965ba1.webp	4520	d1f692d27ef14329b460cca1ab439bd66af8d54666698082a7d413170daa2730
assets/unit_reload/army_artillery_7ee2b7546381.webp	5130	5041d77a90d153cc28143e72f8bfabe44683365638fa9000f9c0d39722c493d9
assets/unit_reload/army_artillery_802858d1f9ae.webp	2558	d55fa5fbf9f309aeb5b782352f7eb437f632e8902866b6419a01734af678e818
assets/unit_reload/army_artillery_802d521a8ab1.webp	4260	3693ab336e9daf52640d1de9eae82d484e6f1c2528cbf84e12d5c7bb2cdac2ce
assets/unit_reload/army_artillery_847d4fb704d1.webp	4480	1fa2fbf637530bd2764328bda3cb1930ce4359ec949cf81f6ac4f6dc3df04f23
assets/unit_reload/army_artillery_858a9b9f8980.webp	4468	4643c2d4ca873d3681ca3b50272525f01acdd5db06cffe5988a0cea0b8b47381
assets/unit_reload/army_artillery_8617ea7e491b.webp	4536	4e48580c578619bcf7bdf47da1f65f16f7da496a81688a9d594dd77e3d15e527
assets/unit_reload/army_artillery_89ad6279384d.webp	2672	fe04bb7af4e019ec8d2eb797c70a4c8bdbf4644ce18ae201f4b6bb96c6507dfd
assets/unit_reload/army_artillery_8a77bb4c9bd1.webp	3226	1eda868405ac66f6bd419436ab7ee6d4212b6c7d0135a40200b119ccf99a1d1a
assets/unit_reload/army_artillery_8e8bd9abb683.webp	3196	b1c526381c32b9ecaa7df0f614982c791319671c7cc2f6ea19ab51b9ec2be61a
assets/unit_reload/army_artillery_8f3db6990fb4.webp	4442	d034cee26011685952a1193ba407ff8b976e4e18834c2c59fba866dec8b770cb
assets/unit_reload/army_artillery_8f9762e78dc6.webp	4162	a44494dbbf6c745edb28e97f01e28a3f2ef2405e801c97695905d01e573bb352
assets/unit_reload/army_artillery_8fce0187e3a9.webp	2672	fe04bb7af4e019ec8d2eb797c70a4c8bdbf4644ce18ae201f4b6bb96c6507dfd
assets/unit_reload/army_artillery_905d3cd5b186.webp	3318	13c241e006bc5f847d13fa6072e99c603be078d32d0d16a839b9fc7c71f67a2a
assets/unit_reload/army_artillery_90f213c22267.webp	5160	2430a80c555480dde8177ec9dcf5b6eb62675185c44399dd43d52208e0dce5a9
assets/unit_reload/army_artillery_91348df3551d.webp	4226	8316f7d12f80d4411da8e69d9d1d1b29f46d44302786b080aa99fb9b904177e8
assets/unit_reload/army_artillery_91e34e9adbf8.webp	4082	6e48a24760b1b03a969f322165276b41f364d044a15d4b91e87ce9fa81dcc89a
assets/unit_reload/army_artillery_91ead29e81f4.webp	5190	ac5446dd32bf6b384c29614c27305c693c61588d2bca431c3d560fed4042115c
assets/unit_reload/army_artillery_922cfbb3dc5e.webp	4120	1016a2b38d2cfdf12155986604f1d6fe4fa551e504b2b7bda4496d2596bcb691
assets/unit_reload/army_artillery_92455ca05597.webp	3196	b1c526381c32b9ecaa7df0f614982c791319671c7cc2f6ea19ab51b9ec2be61a
assets/unit_reload/army_artillery_9445794b769e.webp	4082	6e48a24760b1b03a969f322165276b41f364d044a15d4b91e87ce9fa81dcc89a
assets/unit_reload/army_artillery_960c68201a71.webp	3196	b1c526381c32b9ecaa7df0f614982c791319671c7cc2f6ea19ab51b9ec2be61a
assets/unit_reload/army_artillery_9807410e5dee.webp	3318	13c241e006bc5f847d13fa6072e99c603be078d32d0d16a839b9fc7c71f67a2a
assets/unit_reload/army_artillery_993029f80d40.webp	4204	96cd13f2b31c5bc5967531b437103c248543eb673dc8b09b40fbf158bfdb1b01
assets/unit_reload/army_artillery_9ab383a20b3d.webp	3230	f2c3b72b4bee3a9899627e70e901d91e4bdf617e83ddffe8651b407a81139bb2
assets/unit_reload/army_artillery_9ad9aee9780d.webp	4154	a49eeaf3d364612ccd9142140bca72e2d4ab752ebc5c7757d0e121a0d42370b5
assets/unit_reload/army_artillery_9b48ca8bcb02.webp	4480	1fa2fbf637530bd2764328bda3cb1930ce4359ec949cf81f6ac4f6dc3df04f23
assets/unit_reload/army_artillery_9b78ba5b14a3.webp	4154	a49eeaf3d364612ccd9142140bca72e2d4ab752ebc5c7757d0e121a0d42370b5
assets/unit_reload/army_artillery_a0bf7bc3a581.webp	4136	c275c8a5554ace9ddfee59d74b12e84d18b959019fb67d5b87769750b67cbc78
assets/unit_reload/army_artillery_a1433cee6701.webp	4106	526ed6d0cc12d51403a1429413377fcb17c1942b579dfbba9cab571ed5ffe798
assets/unit_reload/army_artillery_a26a41578248.webp	4082	6e48a24760b1b03a969f322165276b41f364d044a15d4b91e87ce9fa81dcc89a
assets/unit_reload/army_artillery_a3245e3a98cb.webp	5160	2430a80c555480dde8177ec9dcf5b6eb62675185c44399dd43d52208e0dce5a9
assets/unit_reload/army_artillery_a3b6c39e09d9.webp	4468	4643c2d4ca873d3681ca3b50272525f01acdd5db06cffe5988a0cea0b8b47381
assets/unit_reload/army_artillery_a6b34339922b.webp	4154	a49eeaf3d364612ccd9142140bca72e2d4ab752ebc5c7757d0e121a0d42370b5
assets/unit_reload/army_artillery_a85b653d3ce6.webp	4538	c89ba88abf3df465850d02a556d2851f15aa351a16b91d32ff04df28e8341162
assets/unit_reload/army_artillery_a877e401d0d4.webp	4572	678f208ad937105a7b80333e1d23be853b2807a4ce319b2619f96c036646002c
assets/unit_reload/army_artillery_a8de8980dee1.webp	3226	1eda868405ac66f6bd419436ab7ee6d4212b6c7d0135a40200b119ccf99a1d1a
assets/unit_reload/army_artillery_ac1c8e8ceac3.webp	4082	6e48a24760b1b03a969f322165276b41f364d044a15d4b91e87ce9fa81dcc89a
assets/unit_reload/army_artillery_b19535f3a060.webp	2672	fe04bb7af4e019ec8d2eb797c70a4c8bdbf4644ce18ae201f4b6bb96c6507dfd
assets/unit_reload/army_artillery_b3eb3087a08b.webp	5130	5041d77a90d153cc28143e72f8bfabe44683365638fa9000f9c0d39722c493d9
assets/unit_reload/army_artillery_b4525d261335.webp	4154	a49eeaf3d364612ccd9142140bca72e2d4ab752ebc5c7757d0e121a0d42370b5
assets/unit_reload/army_artillery_b4b78f4dcc2a.webp	4082	6e48a24760b1b03a969f322165276b41f364d044a15d4b91e87ce9fa81dcc89a
assets/unit_reload/army_artillery_b582eb7ecbd4.webp	3254	05ee8b38f17e8c0bd2ce41831319716e754e1ae7242b9ec6460b4deb2f6845fa
assets/unit_reload/army_artillery_b740ae3437a5.webp	5130	5041d77a90d153cc28143e72f8bfabe44683365638fa9000f9c0d39722c493d9
assets/unit_reload/army_artillery_b91379129103.webp	2644	b00d6b62207510ff15cedd4917d66b1adbd150f49102475ee78285ef4605f30d
assets/unit_reload/army_artillery_bb4b15dfe6f7.webp	4202	e16611846e7e12b33014a61cb81e66a2196324dc9f341b089fc5f498ecfee9ac
assets/unit_reload/army_artillery_bce64f4161ef.webp	5160	2430a80c555480dde8177ec9dcf5b6eb62675185c44399dd43d52208e0dce5a9
assets/unit_reload/army_artillery_be0225d3288d.webp	4572	678f208ad937105a7b80333e1d23be853b2807a4ce319b2619f96c036646002c
assets/unit_reload/army_artillery_bfcd9c072344.webp	4226	8316f7d12f80d4411da8e69d9d1d1b29f46d44302786b080aa99fb9b904177e8
assets/unit_reload/army_artillery_c3499a62f0d3.webp	2672	fe04bb7af4e019ec8d2eb797c70a4c8bdbf4644ce18ae201f4b6bb96c6507dfd
assets/unit_reload/army_artillery_c548af77d4dc.webp	5130	5041d77a90d153cc28143e72f8bfabe44683365638fa9000f9c0d39722c493d9
assets/unit_reload/army_artillery_c5f66c2dcd26.webp	3226	1eda868405ac66f6bd419436ab7ee6d4212b6c7d0135a40200b119ccf99a1d1a
assets/unit_reload/army_artillery_c8b51d4ab3f6.webp	5138	b62db1c729d30e4f4378337893957bae414354d053ed73a616699dc75125c242
assets/unit_reload/army_artillery_cdd8488f15b2.webp	3282	b2cabf176768ce41e5350225442a016eb846912e5abf302f3fb80c37e8731d00
assets/unit_reload/army_artillery_d012e995bbdc.webp	2580	e42beff201abb9dda3ec09d3d33711c88ca600a5a18047424fa5c928d0c827c4
assets/unit_reload/army_artillery_d03186e8663e.webp	4260	3693ab336e9daf52640d1de9eae82d484e6f1c2528cbf84e12d5c7bb2cdac2ce
assets/unit_reload/army_artillery_d2956f0327a3.webp	4480	1fa2fbf637530bd2764328bda3cb1930ce4359ec949cf81f6ac4f6dc3df04f23
assets/unit_reload/army_artillery_d2a07f7998c6.webp	4120	1016a2b38d2cfdf12155986604f1d6fe4fa551e504b2b7bda4496d2596bcb691
assets/unit_reload/army_artillery_d45d5349f2b0.webp	3318	13c241e006bc5f847d13fa6072e99c603be078d32d0d16a839b9fc7c71f67a2a
assets/unit_reload/army_artillery_dcbaaf78ca35.webp	2580	e42beff201abb9dda3ec09d3d33711c88ca600a5a18047424fa5c928d0c827c4
assets/unit_reload/army_artillery_de3b7db4a4f1.webp	4050	97d3558501f5e2c4fa692fff236178cc876a973dbb6783c3b2e20ec12f50e06e
assets/unit_reload/army_artillery_de623c1a5fa3.webp	2564	7582c6d65874894bcdaa94719a9551f8d75a06ae7e8fe905e37eb9ce15019bb0
assets/unit_reload/army_artillery_de914f72ea42.webp	2626	d0365d180661c9b2a81db4199d2638e41ec4033222043ed2ab5256c75451b272
assets/unit_reload/army_artillery_e0a51774f73d.webp	4154	a49eeaf3d364612ccd9142140bca72e2d4ab752ebc5c7757d0e121a0d42370b5
assets/unit_reload/army_artillery_e14d6df236fe.webp	3226	1eda868405ac66f6bd419436ab7ee6d4212b6c7d0135a40200b119ccf99a1d1a
assets/unit_reload/army_artillery_e20ca4856bba.webp	4226	8316f7d12f80d4411da8e69d9d1d1b29f46d44302786b080aa99fb9b904177e8
assets/unit_reload/army_artillery_e27dc5fc07a9.webp	2672	fe04bb7af4e019ec8d2eb797c70a4c8bdbf4644ce18ae201f4b6bb96c6507dfd
assets/unit_reload/army_artillery_ea73a48a1493.webp	3306	38835d3be99154a04f976b69d300c6ef9bf40face734d2ffa7788375eb3125d1
assets/unit_reload/army_artillery_ea8a3517c197.webp	5200	9cb38772630935ecc85c7fdbfce8ed61cb417693165234b463267f134af60c07
assets/unit_reload/army_artillery_ee3e055458b5.webp	2626	d0365d180661c9b2a81db4199d2638e41ec4033222043ed2ab5256c75451b272
assets/unit_reload/army_artillery_f065c914372c.webp	4426	e3c6a534be7f54787e40231eb5f8dc9171ea30adeff33b27a7af20f5fd474f2d
assets/unit_reload/army_artillery_f25009e8e3f7.webp	4480	1fa2fbf637530bd2764328bda3cb1930ce4359ec949cf81f6ac4f6dc3df04f23
assets/unit_reload/army_artillery_f2caf4862ad9.webp	5130	5041d77a90d153cc28143e72f8bfabe44683365638fa9000f9c0d39722c493d9
assets/unit_reload/army_artillery_f2e7c868ede4.webp	4204	96cd13f2b31c5bc5967531b437103c248543eb673dc8b09b40fbf158bfdb1b01
assets/unit_reload/army_artillery_f31fbd7bf51a.webp	2626	d0365d180661c9b2a81db4199d2638e41ec4033222043ed2ab5256c75451b272
assets/unit_reload/army_artillery_f6308e47c21b.webp	4120	1016a2b38d2cfdf12155986604f1d6fe4fa551e504b2b7bda4496d2596bcb691
assets/unit_reload/army_artillery_f6680dedc38f.webp	2672	fe04bb7af4e019ec8d2eb797c70a4c8bdbf4644ce18ae201f4b6bb96c6507dfd
assets/unit_reload/army_artillery_f6a7f5c58ca3.webp	4154	a49eeaf3d364612ccd9142140bca72e2d4ab752ebc5c7757d0e121a0d42370b5
assets/unit_reload/army_artillery_f8de8229d39a.webp	4204	96cd13f2b31c5bc5967531b437103c248543eb673dc8b09b40fbf158bfdb1b01
assets/unit_reload/army_artillery_fe7bff124df1.webp	2626	d0365d180661c9b2a81db4199d2638e41ec4033222043ed2ab5256c75451b272
assets/unit_reload/army_artillery_fef0ea2bb879.webp	4024	8ba8551ab092cb21b70c6902c18b84aeff8ee48b48b9c0833361c6cb4242ee00
assets/unit_reload/army_grenadier_03b674ca5b93.webp	4826	8e6f0d9d101504f6562b25b1eb088e6925dce1c20905fc15578710726392d5c9
assets/unit_reload/army_grenadier_059eb7e80087.webp	3518	77f97a4ca540d9180da2011489d8126f253691d201919b7ff8efcc53a5215e1b
assets/unit_reload/army_grenadier_07820b14d7a3.webp	4392	5034affb3925a47561672955c8ba406d8633d158c1c5a5ed7fcaddab7149382f
assets/unit_reload/army_grenadier_0ad7de4e3dd0.webp	4964	676d10bf4acd9289702b17097794ddea24d67d2f737b589ddc4cf68d3db97b09
assets/unit_reload/army_grenadier_0fede17f1d46.webp	3434	ad263eac3afbcc32295cb9ad59a2f69fd95dd42ea518d3ef05701553880de5be
assets/unit_reload/army_grenadier_14ed3ca206c9.webp	4208	17d873d6ed9c6a8335a3cf777a7ca9ab54b79d2f21d8f8a39e5961e0980d5210
assets/unit_reload/army_grenadier_1997edd774e7.webp	4208	17d873d6ed9c6a8335a3cf777a7ca9ab54b79d2f21d8f8a39e5961e0980d5210
assets/unit_reload/army_grenadier_1aa343b2f018.webp	4826	8e6f0d9d101504f6562b25b1eb088e6925dce1c20905fc15578710726392d5c9
assets/unit_reload/army_grenadier_1dd53df20fe6.webp	4418	8062dfc9817c4ca6b26347f5e0fc8ed78b34799fb5bbd5d77cd168b588c681d1
assets/unit_reload/army_grenadier_21481f3a48ed.webp	4208	17d873d6ed9c6a8335a3cf777a7ca9ab54b79d2f21d8f8a39e5961e0980d5210
assets/unit_reload/army_grenadier_23b83809e555.webp	3554	96e9238abc32dd0c42ff5f3eb0314e63030050a8e64a768cf12445fb3dda37aa
assets/unit_reload/army_grenadier_2744242c5d2b.webp	4134	612a0628f720e11811856119e9fc7c42b495ceaa3ddec890108a1f6f87002897
assets/unit_reload/army_grenadier_27fc4d2afe9f.webp	3384	fcdb896e66c166e1768de882c37d82c486efe5ec1423c3021d1836885357a4b7
assets/unit_reload/army_grenadier_2d1695af099b.webp	3554	96e9238abc32dd0c42ff5f3eb0314e63030050a8e64a768cf12445fb3dda37aa
assets/unit_reload/army_grenadier_2fc0b32f5668.webp	4352	c1e7705d73fe17e0c1ded5e20c09088d16fc14474b793f6bf79e20dbfba90693
assets/unit_reload/army_grenadier_2fe0938b6e88.webp	3432	613c7fe3cd025a35af502cfd9027c73f5983dfc536210f402795d84cc7ee24c7
assets/unit_reload/army_grenadier_3239fabf3d9f.webp	4964	676d10bf4acd9289702b17097794ddea24d67d2f737b589ddc4cf68d3db97b09
assets/unit_reload/army_grenadier_35d30d26cfca.webp	3384	fcdb896e66c166e1768de882c37d82c486efe5ec1423c3021d1836885357a4b7
assets/unit_reload/army_grenadier_39b1d8cb233c.webp	4352	c1e7705d73fe17e0c1ded5e20c09088d16fc14474b793f6bf79e20dbfba90693
assets/unit_reload/army_grenadier_39ba4a46b1bc.webp	4256	8ef004620a2a154de79498ac18ea330529762d9bf4e71173f3eea5dd6be9237c
assets/unit_reload/army_grenadier_3bc4b753db22.webp	3384	fcdb896e66c166e1768de882c37d82c486efe5ec1423c3021d1836885357a4b7
assets/unit_reload/army_grenadier_3e3530890d2c.webp	4964	676d10bf4acd9289702b17097794ddea24d67d2f737b589ddc4cf68d3db97b09
assets/unit_reload/army_grenadier_4198f19d6324.webp	4208	17d873d6ed9c6a8335a3cf777a7ca9ab54b79d2f21d8f8a39e5961e0980d5210
assets/unit_reload/army_grenadier_4625808f6559.webp	4964	676d10bf4acd9289702b17097794ddea24d67d2f737b589ddc4cf68d3db97b09
assets/unit_reload/army_grenadier_4a55e4a206da.webp	3518	77f97a4ca540d9180da2011489d8126f253691d201919b7ff8efcc53a5215e1b
assets/unit_reload/army_grenadier_4ceb4cb100ee.webp	3554	96e9238abc32dd0c42ff5f3eb0314e63030050a8e64a768cf12445fb3dda37aa
assets/unit_reload/army_grenadier_4dd40c40de7d.webp	4552	68f3f66dae8aeb436fc0845927e6abf9c9a50820eef55bf564cea56a90f11ad0
assets/unit_reload/army_grenadier_4e0a5840ddb8.webp	3466	d731bbee901c517c577c076e4a6f07b84e43f68778f433c2599c7d597025c55f
assets/unit_reload/army_grenadier_4fe11c8a717a.webp	4964	676d10bf4acd9289702b17097794ddea24d67d2f737b589ddc4cf68d3db97b09
assets/unit_reload/army_grenadier_51d9b65f4aa0.webp	4392	5034affb3925a47561672955c8ba406d8633d158c1c5a5ed7fcaddab7149382f
assets/unit_reload/army_grenadier_5b1537f824b9.webp	3554	96e9238abc32dd0c42ff5f3eb0314e63030050a8e64a768cf12445fb3dda37aa
assets/unit_reload/army_grenadier_5d3e1a10a5b4.webp	4552	68f3f66dae8aeb436fc0845927e6abf9c9a50820eef55bf564cea56a90f11ad0
assets/unit_reload/army_grenadier_65c22a71e02b.webp	3554	96e9238abc32dd0c42ff5f3eb0314e63030050a8e64a768cf12445fb3dda37aa
assets/unit_reload/army_grenadier_66bfcf2ffd0b.webp	4742	bd430f013fae0af21bdbe161a78688c3efd60303fb82102ef4147888231fb8e3
assets/unit_reload/army_grenadier_743ab5dccbd6.webp	4352	c1e7705d73fe17e0c1ded5e20c09088d16fc14474b793f6bf79e20dbfba90693
assets/unit_reload/army_grenadier_7e57c6f9bf48.webp	3278	a2cd84997da5affceff2670e8bd56b5e6256dd4b85366ef9ff7bb3e1f741399a
assets/unit_reload/army_grenadier_7f7b5c6db75c.webp	3554	96e9238abc32dd0c42ff5f3eb0314e63030050a8e64a768cf12445fb3dda37aa
assets/unit_reload/army_grenadier_81122fd0ad77.webp	4552	68f3f66dae8aeb436fc0845927e6abf9c9a50820eef55bf564cea56a90f11ad0
assets/unit_reload/army_grenadier_812eecd8c77e.webp	3518	77f97a4ca540d9180da2011489d8126f253691d201919b7ff8efcc53a5215e1b
assets/unit_reload/army_grenadier_88e1be9b9f43.webp	4468	e4d7db87db9b3d62cf278abc21c9eabe8332f2d8f6d1297965062fbe22034704
assets/unit_reload/army_grenadier_8ced400c6014.webp	4826	8e6f0d9d101504f6562b25b1eb088e6925dce1c20905fc15578710726392d5c9
assets/unit_reload/army_grenadier_8d9faa45fa6c.webp	3518	77f97a4ca540d9180da2011489d8126f253691d201919b7ff8efcc53a5215e1b
assets/unit_reload/army_grenadier_8f932de58069.webp	4352	c1e7705d73fe17e0c1ded5e20c09088d16fc14474b793f6bf79e20dbfba90693
assets/unit_reload/army_grenadier_8fd2ff5e872b.webp	4552	68f3f66dae8aeb436fc0845927e6abf9c9a50820eef55bf564cea56a90f11ad0
assets/unit_reload/army_grenadier_90a5a8330e99.webp	4792	5fd14b8c4499d8ceb19740fa83f506882d97170610e28ac3b01e0e1901a9acac
assets/unit_reload/army_grenadier_9266d2006fd4.webp	4352	c1e7705d73fe17e0c1ded5e20c09088d16fc14474b793f6bf79e20dbfba90693
assets/unit_reload/army_grenadier_93fb7d97613e.webp	4352	c1e7705d73fe17e0c1ded5e20c09088d16fc14474b793f6bf79e20dbfba90693
assets/unit_reload/army_grenadier_98b2607bfdd1.webp	4432	ffd07c9e7eb6158f387eaf13558d472b47b8c3c43f96f53660c8370645404b33
assets/unit_reload/army_grenadier_99a236cd7c77.webp	4392	5034affb3925a47561672955c8ba406d8633d158c1c5a5ed7fcaddab7149382f
assets/unit_reload/army_grenadier_9f9edafb5581.webp	3384	fcdb896e66c166e1768de882c37d82c486efe5ec1423c3021d1836885357a4b7
assets/unit_reload/army_grenadier_a06abdc03730.webp	4900	dccfe0fa9410b8bb285e902b1e1bf022670c8c6882b29f69d9e65a849f97cbcb
assets/unit_reload/army_grenadier_a28f18d60b2c.webp	3496	6588ec71492815f2c9cc4a95d507c2d3fb1dae1ce464300cd200971c56764512
assets/unit_reload/army_grenadier_aaaf59cf6ec3.webp	5038	0f94cedd2af6959cc42b9ba16edf1c0d46070b708f7f07a39e0fc0e8a0d03e5c
assets/unit_reload/army_grenadier_ab650010baec.webp	4208	17d873d6ed9c6a8335a3cf777a7ca9ab54b79d2f21d8f8a39e5961e0980d5210
assets/unit_reload/army_grenadier_ab9b1e01702a.webp	3384	fcdb896e66c166e1768de882c37d82c486efe5ec1423c3021d1836885357a4b7
assets/unit_reload/army_grenadier_ae20b0e79ef8.webp	4764	9db3dc4288c1bb6b6e5c14766b8eaaa0433dec9c17f3de9a42ebcce7c5a2875e
assets/unit_reload/army_grenadier_b868a4801cd9.webp	3384	fcdb896e66c166e1768de882c37d82c486efe5ec1423c3021d1836885357a4b7
assets/unit_reload/army_grenadier_be78d4a26adb.webp	3518	77f97a4ca540d9180da2011489d8126f253691d201919b7ff8efcc53a5215e1b
assets/unit_reload/army_grenadier_c1551f6fe2cf.webp	4964	676d10bf4acd9289702b17097794ddea24d67d2f737b589ddc4cf68d3db97b09
assets/unit_reload/army_grenadier_c5635e42b16c.webp	4964	676d10bf4acd9289702b17097794ddea24d67d2f737b589ddc4cf68d3db97b09
assets/unit_reload/army_grenadier_c95437ffaf49.webp	3452	fce2c3147680dd4cd1e52b1aa4458816d47c2df18c36bb8cd27b414f4c31b81a
assets/unit_reload/army_grenadier_caa79c9bfac2.webp	4552	68f3f66dae8aeb436fc0845927e6abf9c9a50820eef55bf564cea56a90f11ad0
assets/unit_reload/army_grenadier_cc3eec964ca1.webp	4826	8e6f0d9d101504f6562b25b1eb088e6925dce1c20905fc15578710726392d5c9
assets/unit_reload/army_grenadier_d2df9a9a1434.webp	4208	17d873d6ed9c6a8335a3cf777a7ca9ab54b79d2f21d8f8a39e5961e0980d5210
assets/unit_reload/army_grenadier_d45ba59ce659.webp	4826	8e6f0d9d101504f6562b25b1eb088e6925dce1c20905fc15578710726392d5c9
assets/unit_reload/army_grenadier_d508e0790c6b.webp	4008	fbf355331797016cbdeaaa889640da7fcf9fecd0c39b6c642e94d06c34a165d8
assets/unit_reload/army_grenadier_dc821609a808.webp	3554	96e9238abc32dd0c42ff5f3eb0314e63030050a8e64a768cf12445fb3dda37aa
assets/unit_reload/army_grenadier_dd5dcd992cf7.webp	4826	8e6f0d9d101504f6562b25b1eb088e6925dce1c20905fc15578710726392d5c9
assets/unit_reload/army_grenadier_df88585e9361.webp	3518	77f97a4ca540d9180da2011489d8126f253691d201919b7ff8efcc53a5215e1b
assets/unit_reload/army_grenadier_e16c94d558bc.webp	4552	68f3f66dae8aeb436fc0845927e6abf9c9a50820eef55bf564cea56a90f11ad0
assets/unit_reload/army_grenadier_e23966a4786b.webp	4392	5034affb3925a47561672955c8ba406d8633d158c1c5a5ed7fcaddab7149382f
assets/unit_reload/army_grenadier_eae8d961f446.webp	4826	8e6f0d9d101504f6562b25b1eb088e6925dce1c20905fc15578710726392d5c9
assets/unit_reload/army_grenadier_f260fae66c4f.webp	4208	17d873d6ed9c6a8335a3cf777a7ca9ab54b79d2f21d8f8a39e5961e0980d5210
assets/unit_reload/army_grenadier_f35c283eb162.webp	4352	c1e7705d73fe17e0c1ded5e20c09088d16fc14474b793f6bf79e20dbfba90693
assets/unit_reload/army_grenadier_fc8647482b1a.webp	4392	5034affb3925a47561672955c8ba406d8633d158c1c5a5ed7fcaddab7149382f
assets/unit_reload/army_grenadier_fcc8e270c5d9.webp	4392	5034affb3925a47561672955c8ba406d8633d158c1c5a5ed7fcaddab7149382f
assets/unit_reload/army_grenadier_fcdc29da03cb.webp	4182	5863a9acf3bb56fa3c54356ea00d88240fe969fefcccb9c7c58fe6e20d6c1fc3
assets/unit_reload/army_grenadier_fefda5ae4784.webp	3384	fcdb896e66c166e1768de882c37d82c486efe5ec1423c3021d1836885357a4b7
assets/unit_reload/army_guards_077e466112c0.webp	3918	57970e0dce0b2496db07bb40f0f1061023e654cced05a8c45355143b70fa4144
assets/unit_reload/army_guards_07b5978a8cba.webp	5134	c569258298f129454755673650499b398609a4dd7310c253a0253997b849d447
assets/unit_reload/army_guards_0923e4339f74.webp	5082	8dbe42ee926a72d14501484d321bb40caa76f882ece1284eee2f45617cc0a3c2
assets/unit_reload/army_guards_0bea6f956961.webp	3132	9299c58eb2894a7fd96a488baeff9509919602808598efe5df9b9b2ff45d6794
assets/unit_reload/army_guards_122e1ae86fd3.webp	4682	9f017064372277b1942d44b0bceea56ef9216eb442b4d0dd8cdf9aab8883e746
assets/unit_reload/army_guards_151f62dbad23.webp	4682	9f017064372277b1942d44b0bceea56ef9216eb442b4d0dd8cdf9aab8883e746
assets/unit_reload/army_guards_15b777aebe1f.webp	3698	2753667aaf3372d6cc6e6fbd29a9ef7effafc9acee6ce2d71bde604627bd0520
assets/unit_reload/army_guards_1bbbecebdcf5.webp	3676	24d19827c9b916ba0f671da21d98a66626c7eeab90a716ad4d5b5d0cec34fad9
assets/unit_reload/army_guards_241991f42a45.webp	4682	9f017064372277b1942d44b0bceea56ef9216eb442b4d0dd8cdf9aab8883e746
assets/unit_reload/army_guards_24afba58bdf1.webp	3856	05b738d35d00444745d95fca06b7b216aaa50d122ef7e1040256f2a566a56c74
assets/unit_reload/army_guards_29a69058ca41.webp	3698	2753667aaf3372d6cc6e6fbd29a9ef7effafc9acee6ce2d71bde604627bd0520
assets/unit_reload/army_guards_2ae2df034613.webp	5268	3ba9f2fe087fcfd1d69d762b5e4e56ce4d0a97bf3b5437528b661b0966c7dccd
assets/unit_reload/army_guards_2c7432d14651.webp	3698	2753667aaf3372d6cc6e6fbd29a9ef7effafc9acee6ce2d71bde604627bd0520
assets/unit_reload/army_guards_3109fd7f6181.webp	3856	05b738d35d00444745d95fca06b7b216aaa50d122ef7e1040256f2a566a56c74
assets/unit_reload/army_guards_35283a9fde6a.webp	5134	c569258298f129454755673650499b398609a4dd7310c253a0253997b849d447
assets/unit_reload/army_guards_3652339c1874.webp	5024	d06a0073016f6ae93899f0916faed5abed41b8c32a72a166ff087c35885d0e23
assets/unit_reload/army_guards_3682a9dc253a.webp	5226	fb4b731555993daa7b68b26db48ab7470383aad51635542922c022b70ee1e429
assets/unit_reload/army_guards_3a39292edbaf.webp	3338	53bc9fd84930f4b13dcc9faffce14dd6ad8c94916eace2ccf201792796518f80
assets/unit_reload/army_guards_3b04098fcc2e.webp	5226	fb4b731555993daa7b68b26db48ab7470383aad51635542922c022b70ee1e429
assets/unit_reload/army_guards_416a2a7c137d.webp	4448	d44fbf2fe454e983573381b6165fc6c4f6dbbb6ae26a1ee3b39aa2217c466b81
assets/unit_reload/army_guards_41a0354d2cc7.webp	5226	fb4b731555993daa7b68b26db48ab7470383aad51635542922c022b70ee1e429
assets/unit_reload/army_guards_495119ff97e8.webp	3708	2257e47ab41ab7e4ed3f7f05a41582d09a95a3ee8466cef9ef7d16222d5d9c67
assets/unit_reload/army_guards_4b9aa5ac98e3.webp	5226	fb4b731555993daa7b68b26db48ab7470383aad51635542922c022b70ee1e429
assets/unit_reload/army_guards_4bf022b2d54b.webp	4606	5b7dc6268689cce31021056a5d306f49e163950718e66e121a7f113fa9859705
assets/unit_reload/army_guards_5226aae759da.webp	5226	fb4b731555993daa7b68b26db48ab7470383aad51635542922c022b70ee1e429
assets/unit_reload/army_guards_5c1b192f2ce7.webp	4718	8fc4ae111a54143752737d53800b18d09ce6a214b77015f973379b6c24afe6db
assets/unit_reload/army_guards_5c9bdf4b6fa5.webp	4868	5cfdad5b4697376762bc20c1e28d3fb0fbd09471e3b62a922f7f633515d10f77
assets/unit_reload/army_guards_5dadee74179c.webp	5134	c569258298f129454755673650499b398609a4dd7310c253a0253997b849d447
assets/unit_reload/army_guards_5e26f7d1d647.webp	3132	9299c58eb2894a7fd96a488baeff9509919602808598efe5df9b9b2ff45d6794
assets/unit_reload/army_guards_605d5168abb2.webp	3676	24d19827c9b916ba0f671da21d98a66626c7eeab90a716ad4d5b5d0cec34fad9
assets/unit_reload/army_guards_642605cdb972.webp	5226	fb4b731555993daa7b68b26db48ab7470383aad51635542922c022b70ee1e429
assets/unit_reload/army_guards_6514a8bece8b.webp	4358	26a39b8ae74bfdb84ab4d3e625d04b444f34d349382a2787dc9bb4aa4773e299
assets/unit_reload/army_guards_6692c1a11e8b.webp	3856	05b738d35d00444745d95fca06b7b216aaa50d122ef7e1040256f2a566a56c74
assets/unit_reload/army_guards_66933ebd1fa1.webp	3132	9299c58eb2894a7fd96a488baeff9509919602808598efe5df9b9b2ff45d6794
assets/unit_reload/army_guards_6a6bbf6aa93c.webp	4602	c89edaa50319febbb601b29e11e361dbe966ed7d1ecb14de8ca7aa97401d141a
assets/unit_reload/army_guards_6b250d034c26.webp	4606	5b7dc6268689cce31021056a5d306f49e163950718e66e121a7f113fa9859705
assets/unit_reload/army_guards_7562ad6399ec.webp	4668	74af6083e676ea618f28ba447be80fbdb106bbe05b0e0322f4cbef9534a735c4
assets/unit_reload/army_guards_7597d0b69585.webp	3754	ead42c1947d0f0926831db380fa21fee6efebc5760bd0263b951bcee6ffcb6e6
assets/unit_reload/army_guards_75fcab92819b.webp	3460	8c9566c94af461816e943c17e8277c696bcf20faecd6a248189c12ee1059f55f
assets/unit_reload/army_guards_81356b17b9b0.webp	3676	24d19827c9b916ba0f671da21d98a66626c7eeab90a716ad4d5b5d0cec34fad9
assets/unit_reload/army_guards_83c330d5f2ea.webp	5134	c569258298f129454755673650499b398609a4dd7310c253a0253997b849d447
assets/unit_reload/army_guards_88782167bfda.webp	3676	24d19827c9b916ba0f671da21d98a66626c7eeab90a716ad4d5b5d0cec34fad9
assets/unit_reload/army_guards_8a08ccbe726e.webp	5134	c569258298f129454755673650499b398609a4dd7310c253a0253997b849d447
assets/unit_reload/army_guards_8b45e973bc61.webp	4682	9f017064372277b1942d44b0bceea56ef9216eb442b4d0dd8cdf9aab8883e746
assets/unit_reload/army_guards_8cca8d23206e.webp	3856	05b738d35d00444745d95fca06b7b216aaa50d122ef7e1040256f2a566a56c74
assets/unit_reload/army_guards_9096ee30a8a2.webp	3698	2753667aaf3372d6cc6e6fbd29a9ef7effafc9acee6ce2d71bde604627bd0520
assets/unit_reload/army_guards_90c36fb4f31f.webp	4682	9f017064372277b1942d44b0bceea56ef9216eb442b4d0dd8cdf9aab8883e746
assets/unit_reload/army_guards_94c5e77f686c.webp	4358	26a39b8ae74bfdb84ab4d3e625d04b444f34d349382a2787dc9bb4aa4773e299
assets/unit_reload/army_guards_9ad606caed69.webp	3132	9299c58eb2894a7fd96a488baeff9509919602808598efe5df9b9b2ff45d6794
assets/unit_reload/army_guards_9b537e7dac19.webp	3856	05b738d35d00444745d95fca06b7b216aaa50d122ef7e1040256f2a566a56c74
assets/unit_reload/army_guards_a0ea5c0fd096.webp	3676	24d19827c9b916ba0f671da21d98a66626c7eeab90a716ad4d5b5d0cec34fad9
assets/unit_reload/army_guards_a9656d89cb44.webp	3132	9299c58eb2894a7fd96a488baeff9509919602808598efe5df9b9b2ff45d6794
assets/unit_reload/army_guards_ab229784db65.webp	4490	a531acedeab735ae6266103106a721e05110f362e36f0ed3c59bcf4ef7c28a24
assets/unit_reload/army_guards_ab5604c60a5d.webp	4682	9f017064372277b1942d44b0bceea56ef9216eb442b4d0dd8cdf9aab8883e746
assets/unit_reload/army_guards_ac405e905e61.webp	4358	26a39b8ae74bfdb84ab4d3e625d04b444f34d349382a2787dc9bb4aa4773e299
assets/unit_reload/army_guards_b2cd2f7f8ec5.webp	3132	9299c58eb2894a7fd96a488baeff9509919602808598efe5df9b9b2ff45d6794
assets/unit_reload/army_guards_b562a90ab056.webp	5226	fb4b731555993daa7b68b26db48ab7470383aad51635542922c022b70ee1e429
assets/unit_reload/army_guards_b5715ba17b96.webp	3698	2753667aaf3372d6cc6e6fbd29a9ef7effafc9acee6ce2d71bde604627bd0520
assets/unit_reload/army_guards_b691960b9536.webp	4358	26a39b8ae74bfdb84ab4d3e625d04b444f34d349382a2787dc9bb4aa4773e299
assets/unit_reload/army_guards_b75ecdde094e.webp	3676	24d19827c9b916ba0f671da21d98a66626c7eeab90a716ad4d5b5d0cec34fad9
assets/unit_reload/army_guards_b80492699e7f.webp	4870	cba95fc65ccaf0c629f1dc180eb56089eb481879d5e074a5baf16d73eb23d2f7
assets/unit_reload/army_guards_b988927504f1.webp	3856	05b738d35d00444745d95fca06b7b216aaa50d122ef7e1040256f2a566a56c74
assets/unit_reload/army_guards_c0efd3af1f89.webp	4358	26a39b8ae74bfdb84ab4d3e625d04b444f34d349382a2787dc9bb4aa4773e299
assets/unit_reload/army_guards_c4a47058553e.webp	3810	5a0e6c6d35c1c41c19eed6c98c1f8a128eaa9f8e1161a25ed2a8512b4c1c0e58
assets/unit_reload/army_guards_c96edfd9bf12.webp	4358	26a39b8ae74bfdb84ab4d3e625d04b444f34d349382a2787dc9bb4aa4773e299
assets/unit_reload/army_guards_cbf90f14ffe9.webp	4606	5b7dc6268689cce31021056a5d306f49e163950718e66e121a7f113fa9859705
assets/unit_reload/army_guards_d3d7a66b4877.webp	5216	6c473d556107effa3e6cce793a00fbed7e3b19a716ba99903ab9674868cc74b7
assets/unit_reload/army_guards_d473862f9f6c.webp	4606	5b7dc6268689cce31021056a5d306f49e163950718e66e121a7f113fa9859705
assets/unit_reload/army_guards_d8100c89a77e.webp	5380	9e660308dcf34e197771e01091af29f1901efeaa5bc6a57bfeac02906bdc902e
assets/unit_reload/army_guards_db0b43689bc0.webp	4580	32f01e3d90ef8ef8e271b2d037d081e4a2a00f5488b4876be72332da9aff1740
assets/unit_reload/army_guards_e337137c1260.webp	4606	5b7dc6268689cce31021056a5d306f49e163950718e66e121a7f113fa9859705
assets/unit_reload/army_guards_e6994ffa8b93.webp	3132	9299c58eb2894a7fd96a488baeff9509919602808598efe5df9b9b2ff45d6794
assets/unit_reload/army_guards_ec4dd5ef7e68.webp	3886	2385fec64b1a6e6da16ccfeff1830bcef5fa27e1d422c0bb038b2f689b17d756
assets/unit_reload/army_guards_f0be086d8965.webp	4606	5b7dc6268689cce31021056a5d306f49e163950718e66e121a7f113fa9859705
assets/unit_reload/army_guards_f2fa85f944b4.webp	5134	c569258298f129454755673650499b398609a4dd7310c253a0253997b849d447
assets/unit_reload/army_guards_f3932e3b1029.webp	3698	2753667aaf3372d6cc6e6fbd29a9ef7effafc9acee6ce2d71bde604627bd0520
assets/unit_reload/army_guards_f52d8407ea8b.webp	3676	24d19827c9b916ba0f671da21d98a66626c7eeab90a716ad4d5b5d0cec34fad9
assets/unit_reload/army_guards_f55c2f0485a7.webp	4682	9f017064372277b1942d44b0bceea56ef9216eb442b4d0dd8cdf9aab8883e746
assets/unit_reload/army_guards_f6433a4e159b.webp	3856	05b738d35d00444745d95fca06b7b216aaa50d122ef7e1040256f2a566a56c74
assets/unit_reload/army_guards_f66d10777dc9.webp	5100	6b70704d270af9b09c4fb8dea15769eb4cea4de3e0e48f3e71e5b42feb6c6932
assets/unit_reload/army_guards_fe86c30812d7.webp	4606	5b7dc6268689cce31021056a5d306f49e163950718e66e121a7f113fa9859705
assets/unit_reload/army_guardscavalry_00d5f4cdc74c.webp	3482	7915b602eb5091ba47a600d555728064d563311511aa0d2eda1bcfe5f7ef4a90
assets/unit_reload/army_guardscavalry_0297269fd675.webp	3510	0a762f57b88f53bfdc2121f289daafd64059f3eba0cd592cfb7c1e4a4ecdb379
assets/unit_reload/army_guardscavalry_032ed3c20257.webp	3442	2e2155f327e791f6c3f998ef1c515b0c44a142bb95d7ebdc10b1363ef60e6813
assets/unit_reload/army_guardscavalry_03a304fc2c39.webp	4294	2ff08abb35b4b8e76eab233ac7074cb778cb9273c9768b5cc87e8899a8a1e8f9
assets/unit_reload/army_guardscavalry_088dcbbad556.webp	4300	e181309ba7e4053774b7c592004953579b2bace3bac82fc2cd5ba786258ba024
assets/unit_reload/army_guardscavalry_0a831e5241ba.webp	3456	6aac31bf7475860b876dad2af7adda8ee8fa6d40f1527f184bde952a8b88196e
assets/unit_reload/army_guardscavalry_1d5490bfbc24.webp	3510	0a762f57b88f53bfdc2121f289daafd64059f3eba0cd592cfb7c1e4a4ecdb379
assets/unit_reload/army_guardscavalry_1eb89905e291.webp	4300	e181309ba7e4053774b7c592004953579b2bace3bac82fc2cd5ba786258ba024
assets/unit_reload/army_guardscavalry_2083c352f32f.webp	3510	0a762f57b88f53bfdc2121f289daafd64059f3eba0cd592cfb7c1e4a4ecdb379
assets/unit_reload/army_guardscavalry_23d29b7198c8.webp	3482	7915b602eb5091ba47a600d555728064d563311511aa0d2eda1bcfe5f7ef4a90
assets/unit_reload/army_guardscavalry_24c91ed45e08.webp	4316	2c86e8ec077426be8347c500e2d6a11116eedb488d66c0782a417f24f32fd7bd
assets/unit_reload/army_guardscavalry_24cbdbca7bcc.webp	3544	ec9de16c22de9372258c113f5a0744a3ea360adc41b6bad79336d76371cfc15f
assets/unit_reload/army_guardscavalry_2d2c3cc790eb.webp	4308	56ce645081a14a663f44d798f04390d4600e9288e918da9c52e743408d09dc0c
assets/unit_reload/army_guardscavalry_2dc95ec14201.webp	4300	e181309ba7e4053774b7c592004953579b2bace3bac82fc2cd5ba786258ba024
assets/unit_reload/army_guardscavalry_2eb2bb9bbaaf.webp	3442	2e2155f327e791f6c3f998ef1c515b0c44a142bb95d7ebdc10b1363ef60e6813
assets/unit_reload/army_guardscavalry_3ac88a2d27e0.webp	4242	b6d5b921bee3b2b41315c1439f84c0066cf647252ca0981e3fd42ec0885e5121
assets/unit_reload/army_guardscavalry_3c2837428232.webp	4294	2ff08abb35b4b8e76eab233ac7074cb778cb9273c9768b5cc87e8899a8a1e8f9
assets/unit_reload/army_guardscavalry_4debacd62ed8.webp	3442	2e2155f327e791f6c3f998ef1c515b0c44a142bb95d7ebdc10b1363ef60e6813
assets/unit_reload/army_guardscavalry_4eb887dbd993.webp	4294	2ff08abb35b4b8e76eab233ac7074cb778cb9273c9768b5cc87e8899a8a1e8f9
assets/unit_reload/army_guardscavalry_501e24f0b034.webp	4302	f29b13dc4891a5da36027b5d9652d081e4492fbaf15fae3ec034292be1fcaf34
assets/unit_reload/army_guardscavalry_525189cdf781.webp	4362	aa4b7cd8ffafb019b9bc230d4ed4ce786bcb0a36974feecc0b7d1a686f2e3361
assets/unit_reload/army_guardscavalry_6095675ac7da.webp	4300	e181309ba7e4053774b7c592004953579b2bace3bac82fc2cd5ba786258ba024
assets/unit_reload/army_guardscavalry_64070966f738.webp	4250	4dd35761d89e435b5eade206c0eb184702a18e24e6b542a9fdb729bfe0d34941
assets/unit_reload/army_guardscavalry_6aa49b0c8548.webp	3510	0a762f57b88f53bfdc2121f289daafd64059f3eba0cd592cfb7c1e4a4ecdb379
assets/unit_reload/army_guardscavalry_7223b6e7e17e.webp	4294	2ff08abb35b4b8e76eab233ac7074cb778cb9273c9768b5cc87e8899a8a1e8f9
assets/unit_reload/army_guardscavalry_7c21ed934218.webp	3482	7915b602eb5091ba47a600d555728064d563311511aa0d2eda1bcfe5f7ef4a90
assets/unit_reload/army_guardscavalry_80c6cdbc8388.webp	4250	4dd35761d89e435b5eade206c0eb184702a18e24e6b542a9fdb729bfe0d34941
assets/unit_reload/army_guardscavalry_80fab5e4f98d.webp	4300	e181309ba7e4053774b7c592004953579b2bace3bac82fc2cd5ba786258ba024
assets/unit_reload/army_guardscavalry_813bf71f97af.webp	3510	0a762f57b88f53bfdc2121f289daafd64059f3eba0cd592cfb7c1e4a4ecdb379
assets/unit_reload/army_guardscavalry_8d07531ddcd2.webp	3530	a51dcf48bc591e30ce556f56027f343ec55c62e280a42ebe28aeea59901c987e
assets/unit_reload/army_guardscavalry_8d0b8b9f4e40.webp	3482	7915b602eb5091ba47a600d555728064d563311511aa0d2eda1bcfe5f7ef4a90
assets/unit_reload/army_guardscavalry_8fb4129eb98c.webp	4250	4dd35761d89e435b5eade206c0eb184702a18e24e6b542a9fdb729bfe0d34941
assets/unit_reload/army_guardscavalry_987834d42c66.webp	3526	e834d5fff9a3472029cd459e7e5b58b43556a711aa4cade879027cccf0248808
assets/unit_reload/army_guardscavalry_9cdb294a5130.webp	4250	4dd35761d89e435b5eade206c0eb184702a18e24e6b542a9fdb729bfe0d34941
assets/unit_reload/army_guardscavalry_9f9406e4d643.webp	4250	4dd35761d89e435b5eade206c0eb184702a18e24e6b542a9fdb729bfe0d34941
assets/unit_reload/army_guardscavalry_ac544adb6071.webp	3510	0a762f57b88f53bfdc2121f289daafd64059f3eba0cd592cfb7c1e4a4ecdb379
assets/unit_reload/army_guardscavalry_af3165400aa4.webp	4294	2ff08abb35b4b8e76eab233ac7074cb778cb9273c9768b5cc87e8899a8a1e8f9
assets/unit_reload/army_guardscavalry_b27dca7d37d4.webp	4294	2ff08abb35b4b8e76eab233ac7074cb778cb9273c9768b5cc87e8899a8a1e8f9
assets/unit_reload/army_guardscavalry_b2ea57674a0b.webp	3482	7915b602eb5091ba47a600d555728064d563311511aa0d2eda1bcfe5f7ef4a90
assets/unit_reload/army_guardscavalry_c06c95a1557a.webp	4250	4dd35761d89e435b5eade206c0eb184702a18e24e6b542a9fdb729bfe0d34941
assets/unit_reload/army_guardscavalry_d8437aee031c.webp	3442	2e2155f327e791f6c3f998ef1c515b0c44a142bb95d7ebdc10b1363ef60e6813
assets/unit_reload/army_guardscavalry_da66e86227f2.webp	4250	4dd35761d89e435b5eade206c0eb184702a18e24e6b542a9fdb729bfe0d34941
assets/unit_reload/army_guardscavalry_da97a3045f0b.webp	3498	f465d085374749238b3025613f0043fc454f88a3f251ecf14dfe23a9f466534f
assets/unit_reload/army_guardscavalry_e31b51cf580f.webp	3442	2e2155f327e791f6c3f998ef1c515b0c44a142bb95d7ebdc10b1363ef60e6813
assets/unit_reload/army_guardscavalry_eb7ed6a0d5f5.webp	3442	2e2155f327e791f6c3f998ef1c515b0c44a142bb95d7ebdc10b1363ef60e6813
assets/unit_reload/army_guardscavalry_ed07b167dc41.webp	3520	5afe0e99b1fd971e448b08861bd213070fb16f9e6902378bca851f5914a273e0
assets/unit_reload/army_guardscavalry_ed58b0e7c862.webp	4350	4b202f9d8a81c723af0696cef0d852a278ce0ae7c256b3d90fca426c5a303c57
assets/unit_reload/army_guardscavalry_f6f07adb4460.webp	3482	7915b602eb5091ba47a600d555728064d563311511aa0d2eda1bcfe5f7ef4a90
assets/unit_reload/army_guardscavalry_fba1fb647b41.webp	3482	7915b602eb5091ba47a600d555728064d563311511aa0d2eda1bcfe5f7ef4a90
assets/unit_reload/army_guardscavalry_fc595df3ac60.webp	4300	e181309ba7e4053774b7c592004953579b2bace3bac82fc2cd5ba786258ba024
assets/unit_reload/army_guardscavalry_fef0998a12fd.webp	4294	2ff08abb35b4b8e76eab233ac7074cb778cb9273c9768b5cc87e8899a8a1e8f9
assets/unit_reload/army_guardscavalry_ff8042bd4792.webp	3442	2e2155f327e791f6c3f998ef1c515b0c44a142bb95d7ebdc10b1363ef60e6813
assets/unit_reload/army_lightcavalry_34c905d3e14f.webp	3372	180c16e83a5d8afa2db526ee79fa2fd28145ef4718a30d28efe9219c0fc225de
assets/unit_reload/army_lightcavalry_95e7132fb201.webp	4178	efa4bf4a37dfd40843cb825ac4592eb0062c30d27a5a27c1059af05fbe2cff7c
assets/unit_reload/army_lightinfantry_0435e306739a.webp	4462	fc74fd6b42cdcc7447797e983356c1dc4f59112271f00c636e84df19f66cfb86
assets/unit_reload/army_lightinfantry_0cf422d1d61f.webp	4234	0bd5b3b586e673466f282d54513acadae22451d640f54a942006d5e45f86f650
assets/unit_reload/army_lightinfantry_0f8f06cfa1d7.webp	3422	81df362043f4fdf1c92d4b1eb37bb420dcbbe3b2709698c301227f2cfa253f85
assets/unit_reload/army_lightinfantry_1069df8d5687.webp	3742	c186a18edcf74319e8404e94f21cb0fa1f73fb42ddd7897f83a17aee8e9e4e5c
assets/unit_reload/army_lightinfantry_15c14420ded1.webp	4074	b7c584d966619bd576d3083d561afe657d083c250f5ecc7829688a62c2ae07e0
assets/unit_reload/army_lightinfantry_192af96b495e.webp	3134	0db3c3363948666eaba14dc69a66b1a4cafcdf25a498dde48fe8e4ff0242c5ad
assets/unit_reload/army_lightinfantry_1c8fa9c57635.webp	4252	792f4077523290d21aa9750e3b8365220ff7a412bdfacef12da645b5ce66ac5c
assets/unit_reload/army_lightinfantry_26d62e67ffc3.webp	3742	c186a18edcf74319e8404e94f21cb0fa1f73fb42ddd7897f83a17aee8e9e4e5c
assets/unit_reload/army_lightinfantry_2a0a85b0c9be.webp	3898	46bcc42e7b0e6091c19fc7a2c38af94b3534e57587935cbc325cbe63a684ef8b
assets/unit_reload/army_lightinfantry_2dc83a3d74b2.webp	4292	6d1946f3fe07fa9b6dabad630d99b229a969c75498e073091b55956eb40f5666
assets/unit_reload/army_lightinfantry_2e18347218c8.webp	3134	0db3c3363948666eaba14dc69a66b1a4cafcdf25a498dde48fe8e4ff0242c5ad
assets/unit_reload/army_lightinfantry_2f482d6571be.webp	4462	fc74fd6b42cdcc7447797e983356c1dc4f59112271f00c636e84df19f66cfb86
assets/unit_reload/army_lightinfantry_312c838e8e7b.webp	4074	b7c584d966619bd576d3083d561afe657d083c250f5ecc7829688a62c2ae07e0
assets/unit_reload/army_lightinfantry_3391910b1d3a.webp	3474	0f7c2a0b2c3984651d2a06e0e1585d8a486562a945ad755de601ba37fd7f5d39
assets/unit_reload/army_lightinfantry_35a9366775f0.webp	3474	0f7c2a0b2c3984651d2a06e0e1585d8a486562a945ad755de601ba37fd7f5d39
assets/unit_reload/army_lightinfantry_3665f68e4f4d.webp	3784	3eec688e85beffbdc0dc18f810686cae99f21ba4c0dbf259b43246b5f7a2706e
assets/unit_reload/army_lightinfantry_38d0482446e8.webp	4252	792f4077523290d21aa9750e3b8365220ff7a412bdfacef12da645b5ce66ac5c
assets/unit_reload/army_lightinfantry_3e9f4e008e3f.webp	4252	792f4077523290d21aa9750e3b8365220ff7a412bdfacef12da645b5ce66ac5c
assets/unit_reload/army_lightinfantry_409b4e76230b.webp	3784	3eec688e85beffbdc0dc18f810686cae99f21ba4c0dbf259b43246b5f7a2706e
assets/unit_reload/army_lightinfantry_4139dd564b2b.webp	4566	96a0758f620c46dd5c10e6f677627979e2aee14f7998ef72e5bfc752503bf338
assets/unit_reload/army_lightinfantry_4a97c136bc91.webp	3474	0f7c2a0b2c3984651d2a06e0e1585d8a486562a945ad755de601ba37fd7f5d39
assets/unit_reload/army_lightinfantry_4da629bc23df.webp	4252	792f4077523290d21aa9750e3b8365220ff7a412bdfacef12da645b5ce66ac5c
assets/unit_reload/army_lightinfantry_5832ebcf28a4.webp	4074	b7c584d966619bd576d3083d561afe657d083c250f5ecc7829688a62c2ae07e0
assets/unit_reload/army_lightinfantry_5bb7d541a13a.webp	4074	b7c584d966619bd576d3083d561afe657d083c250f5ecc7829688a62c2ae07e0
assets/unit_reload/army_lightinfantry_5d6a946d8b17.webp	3068	e2a5f1dd1d305803fbd0b1936d83303a391d00a85fae3a62749e8636b9742363
assets/unit_reload/army_lightinfantry_642972be2693.webp	3804	181895c4edcca4b164291b1810edd9c8d98a476d6f3d370f7d0de682381cf765
assets/unit_reload/army_lightinfantry_64906c2d613a.webp	4252	792f4077523290d21aa9750e3b8365220ff7a412bdfacef12da645b5ce66ac5c
assets/unit_reload/army_lightinfantry_71a5d4e50a99.webp	3068	e2a5f1dd1d305803fbd0b1936d83303a391d00a85fae3a62749e8636b9742363
assets/unit_reload/army_lightinfantry_784d5ebb3643.webp	4462	fc74fd6b42cdcc7447797e983356c1dc4f59112271f00c636e84df19f66cfb86
assets/unit_reload/army_lightinfantry_784f7f64549d.webp	3068	e2a5f1dd1d305803fbd0b1936d83303a391d00a85fae3a62749e8636b9742363
assets/unit_reload/army_lightinfantry_7c2b0e3e3ca7.webp	3068	e2a5f1dd1d305803fbd0b1936d83303a391d00a85fae3a62749e8636b9742363
assets/unit_reload/army_lightinfantry_809d3f37a466.webp	3094	4699d7d32d76f56890303764c90d68aa40e34bdc924ef8d627bbdc489d836c9e
assets/unit_reload/army_lightinfantry_8196645890c0.webp	4364	cb3f2a8bce8a9a0f7ecf4d197dcd2eb0cc04bb173730dc76f8fc6dc09cebe303
assets/unit_reload/army_lightinfantry_82acf5e98db5.webp	3792	5b6256b2f911a126e61c50a822786002bc755642df2be4d58fea2c0c5715fb84
assets/unit_reload/army_lightinfantry_84fa633bd284.webp	3134	0db3c3363948666eaba14dc69a66b1a4cafcdf25a498dde48fe8e4ff0242c5ad
assets/unit_reload/army_lightinfantry_8651a47c3598.webp	4252	792f4077523290d21aa9750e3b8365220ff7a412bdfacef12da645b5ce66ac5c
assets/unit_reload/army_lightinfantry_88d16e2e9e6d.webp	3474	0f7c2a0b2c3984651d2a06e0e1585d8a486562a945ad755de601ba37fd7f5d39
assets/unit_reload/army_lightinfantry_89d5bd22fb69.webp	4462	fc74fd6b42cdcc7447797e983356c1dc4f59112271f00c636e84df19f66cfb86
assets/unit_reload/army_lightinfantry_8ba2a49a6361.webp	3134	0db3c3363948666eaba14dc69a66b1a4cafcdf25a498dde48fe8e4ff0242c5ad
assets/unit_reload/army_lightinfantry_919264806d05.webp	4252	792f4077523290d21aa9750e3b8365220ff7a412bdfacef12da645b5ce66ac5c
assets/unit_reload/army_lightinfantry_922bb8e72e81.webp	3190	be8b974d5a654edac451981cdbe8d0e5f0484b683389b72ad6e13d232e087342
assets/unit_reload/army_lightinfantry_99445cf2a1c5.webp	3134	0db3c3363948666eaba14dc69a66b1a4cafcdf25a498dde48fe8e4ff0242c5ad
assets/unit_reload/army_lightinfantry_9b40c676cd9d.webp	4074	b7c584d966619bd576d3083d561afe657d083c250f5ecc7829688a62c2ae07e0
assets/unit_reload/army_lightinfantry_9f635c4a801d.webp	3688	b585e23ab174bb3a03f03cbbae462702d1b0209406c60613125963d7739eeeb3
assets/unit_reload/army_lightinfantry_9f8deb64ae8e.webp	3134	0db3c3363948666eaba14dc69a66b1a4cafcdf25a498dde48fe8e4ff0242c5ad
assets/unit_reload/army_lightinfantry_a3df6ef88497.webp	3474	0f7c2a0b2c3984651d2a06e0e1585d8a486562a945ad755de601ba37fd7f5d39
assets/unit_reload/army_lightinfantry_a79df2d1ebb5.webp	3742	c186a18edcf74319e8404e94f21cb0fa1f73fb42ddd7897f83a17aee8e9e4e5c
assets/unit_reload/army_lightinfantry_a90eec2e4de2.webp	4244	272e3e12483d0499112702b39fcecc6a19626bb9d43afb7c06c7da4cd1c76588
assets/unit_reload/army_lightinfantry_b6508c004a97.webp	4244	272e3e12483d0499112702b39fcecc6a19626bb9d43afb7c06c7da4cd1c76588
assets/unit_reload/army_lightinfantry_b7e7729d0edb.webp	3134	0db3c3363948666eaba14dc69a66b1a4cafcdf25a498dde48fe8e4ff0242c5ad
assets/unit_reload/army_lightinfantry_b8983b21df85.webp	4462	fc74fd6b42cdcc7447797e983356c1dc4f59112271f00c636e84df19f66cfb86
assets/unit_reload/army_lightinfantry_b8e298484162.webp	3784	3eec688e85beffbdc0dc18f810686cae99f21ba4c0dbf259b43246b5f7a2706e
assets/unit_reload/army_lightinfantry_bb9febbf01e4.webp	4116	0f29a61eaf98db4088db256a37858478fc73f1e2c6730468510f60a70d2db5f3
assets/unit_reload/army_lightinfantry_bbf60d03b4f9.webp	4016	641d99ae5c36bed09997e0da42b1b8c4d2d50b90f54aed7a0beb263bcfc73bb9
assets/unit_reload/army_lightinfantry_bd577d627aa7.webp	3176	d7d8586d268060a6a13ce5d43e3ef617ebafa580896681b63aa21d87fc0f8fa1
assets/unit_reload/army_lightinfantry_c00a40ab2576.webp	4392	7694c59cfd1690468dbf52ce2d381bcf8b7dd25611897c05e2cdab3bca6a9903
assets/unit_reload/army_lightinfantry_c4d7468364ce.webp	3784	3eec688e85beffbdc0dc18f810686cae99f21ba4c0dbf259b43246b5f7a2706e
assets/unit_reload/army_lightinfantry_c5b7a4cebe62.webp	4244	272e3e12483d0499112702b39fcecc6a19626bb9d43afb7c06c7da4cd1c76588
assets/unit_reload/army_lightinfantry_c6d6eaaa7612.webp	3742	c186a18edcf74319e8404e94f21cb0fa1f73fb42ddd7897f83a17aee8e9e4e5c
assets/unit_reload/army_lightinfantry_c8c52857a1ff.webp	3156	ec0dee668c8f2b52e958345b0f47a8a219838992c3e0b76c3f80737c55da9ca9
assets/unit_reload/army_lightinfantry_c942bd881125.webp	3068	e2a5f1dd1d305803fbd0b1936d83303a391d00a85fae3a62749e8636b9742363
assets/unit_reload/army_lightinfantry_d09c4d66e38a.webp	3440	58311f2c72bcacbe7a4e9ffa595b5e852118967d396f7d3e69656c39cca4010b
assets/unit_reload/army_lightinfantry_d6c8ba2fcc22.webp	3068	e2a5f1dd1d305803fbd0b1936d83303a391d00a85fae3a62749e8636b9742363
assets/unit_reload/army_lightinfantry_da298f4bb565.webp	3474	0f7c2a0b2c3984651d2a06e0e1585d8a486562a945ad755de601ba37fd7f5d39
assets/unit_reload/army_lightinfantry_da36afca0cb8.webp	4074	b7c584d966619bd576d3083d561afe657d083c250f5ecc7829688a62c2ae07e0
assets/unit_reload/army_lightinfantry_dc553558e099.webp	4244	272e3e12483d0499112702b39fcecc6a19626bb9d43afb7c06c7da4cd1c76588
assets/unit_reload/army_lightinfantry_e0297c686b16.webp	3334	b1dae060936c8543c94c1f6894a4570c0d9b01a5ed9f9d7ba91940e06679d49e
assets/unit_reload/army_lightinfantry_e084101b8ecc.webp	3784	3eec688e85beffbdc0dc18f810686cae99f21ba4c0dbf259b43246b5f7a2706e
assets/unit_reload/army_lightinfantry_e0aee394e73c.webp	3838	3a33f645ca2a947546323b3588bdd382c8965926db34947e1196b15a36920cf1
assets/unit_reload/army_lightinfantry_e1d97d675ae8.webp	4462	fc74fd6b42cdcc7447797e983356c1dc4f59112271f00c636e84df19f66cfb86
assets/unit_reload/army_lightinfantry_e6bad39a24de.webp	3784	3eec688e85beffbdc0dc18f810686cae99f21ba4c0dbf259b43246b5f7a2706e
assets/unit_reload/army_lightinfantry_e85518e8a5b9.webp	3640	d22c2a68a80cbf7446b78d41cf9b904332cc7360ec2fb78c63f30e287f33a8a5
assets/unit_reload/army_lightinfantry_e873b9b0c051.webp	3784	3eec688e85beffbdc0dc18f810686cae99f21ba4c0dbf259b43246b5f7a2706e
assets/unit_reload/army_lightinfantry_e8e227471e3d.webp	4244	272e3e12483d0499112702b39fcecc6a19626bb9d43afb7c06c7da4cd1c76588
assets/unit_reload/army_lightinfantry_ea5af8843986.webp	4074	b7c584d966619bd576d3083d561afe657d083c250f5ecc7829688a62c2ae07e0
assets/unit_reload/army_lightinfantry_ed17624cdf5a.webp	4244	272e3e12483d0499112702b39fcecc6a19626bb9d43afb7c06c7da4cd1c76588
assets/unit_reload/army_lightinfantry_f0f3b8f6b952.webp	3742	c186a18edcf74319e8404e94f21cb0fa1f73fb42ddd7897f83a17aee8e9e4e5c
assets/unit_reload/army_lightinfantry_f650e0242d29.webp	3474	0f7c2a0b2c3984651d2a06e0e1585d8a486562a945ad755de601ba37fd7f5d39
assets/unit_reload/army_lightinfantry_f87d67705580.webp	3742	c186a18edcf74319e8404e94f21cb0fa1f73fb42ddd7897f83a17aee8e9e4e5c
assets/unit_reload/army_lightinfantry_fcbbbc127180.webp	4298	e168e1ac5a3d28125942b748dc840828881d914b3def0f23a5f3fa5f51df0828
assets/unit_reload/army_lightinfantry_fef9d9f3fd4f.webp	4462	fc74fd6b42cdcc7447797e983356c1dc4f59112271f00c636e84df19f66cfb86
assets/unit_reload/army_lineinfantry_097fa4abc1e2.webp	4194	794666f9f490ad2f1bf850f4ef5c7e63c7c838f8fe828790b40cc20df7355c2d
assets/unit_reload/army_lineinfantry_0a84e047c8a3.webp	3104	087f45adadc657461a09f2a3c2b8c19e50668c72faaeb525ac9ef078fd481594
assets/unit_reload/army_lineinfantry_13d39a0b9ee9.webp	4412	2bd09efc1df849e4f2a03cfe2f861b0502c84189b2e4b7dafe3656c08fd8d3c3
assets/unit_reload/army_lineinfantry_147b1e42f967.webp	4458	d00044763def2a504250ff65d818f06a80da939d06f78c1fd5b02d5fee616350
assets/unit_reload/army_lineinfantry_15b319ebf7e3.webp	4166	ab18b5585a6a8d6327bfaf5e5f398566013542a2521a51cc6fd31538fbc07b72
assets/unit_reload/army_lineinfantry_195371874973.webp	4026	aa115d0746836b2ee42a104da731b2694f4c8bd6413f9df1fa0caa106d2a69e3
assets/unit_reload/army_lineinfantry_1c45a9b84288.webp	4412	2bd09efc1df849e4f2a03cfe2f861b0502c84189b2e4b7dafe3656c08fd8d3c3
assets/unit_reload/army_lineinfantry_20987abeffec.webp	4738	bc2b2a12849ffbc264e6652c36ff052a89dcd605b17f179da79c117eb7513953
assets/unit_reload/army_lineinfantry_28cacb4f423b.webp	3196	f7e0f7891e9e1dd1d98e4abd6d3a177ef3571d308425a9428a72bd329a7a60c3
assets/unit_reload/army_lineinfantry_2af149975d53.webp	3178	bd3483790855fad8f7799f1e4cee311df4ffaffdeff26be6ea43bd71500579b0
assets/unit_reload/army_lineinfantry_2b64dace455f.webp	4026	aa115d0746836b2ee42a104da731b2694f4c8bd6413f9df1fa0caa106d2a69e3
assets/unit_reload/army_lineinfantry_30c63c8f1c88.webp	4300	caea32c5b414eb5f16ebe62614b77629bd9f6551c59b588432c98e078c5bf212
assets/unit_reload/army_lineinfantry_3115e68d2048.webp	4166	ab18b5585a6a8d6327bfaf5e5f398566013542a2521a51cc6fd31538fbc07b72
assets/unit_reload/army_lineinfantry_31d48e882a18.webp	4072	46fe3cf4cd05522790fa0777ce7a1f435d4610c4f79e05bda6d584dba185adca
assets/unit_reload/army_lineinfantry_325dd505fcdc.webp	3964	eeaa083d465dcafa95c93f8c48d383694e715cec014262873b05a8661b4a3d27
assets/unit_reload/army_lineinfantry_35032abfb381.webp	3104	087f45adadc657461a09f2a3c2b8c19e50668c72faaeb525ac9ef078fd481594
assets/unit_reload/army_lineinfantry_3531c308736c.webp	3196	f7e0f7891e9e1dd1d98e4abd6d3a177ef3571d308425a9428a72bd329a7a60c3
assets/unit_reload/army_lineinfantry_3a290185aaa7.webp	4420	ddabc6dd44c5075f9b97351d8dfa98165dad2a8039ee65ed7cc602dcaf8e058e
assets/unit_reload/army_lineinfantry_3acbc8af5b73.webp	4300	caea32c5b414eb5f16ebe62614b77629bd9f6551c59b588432c98e078c5bf212
assets/unit_reload/army_lineinfantry_426d000b5023.webp	4474	07b191ceb8e05334e391ca765d6d34c74a889f6b8807220a4f4c08e33b62f20b
assets/unit_reload/army_lineinfantry_433d7608bc82.webp	4412	2bd09efc1df849e4f2a03cfe2f861b0502c84189b2e4b7dafe3656c08fd8d3c3
assets/unit_reload/army_lineinfantry_437987d50d74.webp	4166	ab18b5585a6a8d6327bfaf5e5f398566013542a2521a51cc6fd31538fbc07b72
assets/unit_reload/army_lineinfantry_4624121e3419.webp	4590	596cbf55b90e068ed49cdeee43a85b2c01e521fd307ec8fd6db717721299b776
assets/unit_reload/army_lineinfantry_49eec8e73105.webp	4072	46fe3cf4cd05522790fa0777ce7a1f435d4610c4f79e05bda6d584dba185adca
assets/unit_reload/army_lineinfantry_4a691e215785.webp	3178	bd3483790855fad8f7799f1e4cee311df4ffaffdeff26be6ea43bd71500579b0
assets/unit_reload/army_lineinfantry_4da6c4e84803.webp	4026	aa115d0746836b2ee42a104da731b2694f4c8bd6413f9df1fa0caa106d2a69e3
assets/unit_reload/army_lineinfantry_515844415369.webp	3218	881e3b36bd166ef46d332280fa7aa108424e58122223be7649b0fc6638650b1f
assets/unit_reload/army_lineinfantry_554e83aa1c1e.webp	3316	72b2f50a61d6e817733b82123962807291cc4b2518ab25d32840f10c8f202e94
assets/unit_reload/army_lineinfantry_59c84f1e16fd.webp	4026	aa115d0746836b2ee42a104da731b2694f4c8bd6413f9df1fa0caa106d2a69e3
assets/unit_reload/army_lineinfantry_5ae8517f01ad.webp	3178	bd3483790855fad8f7799f1e4cee311df4ffaffdeff26be6ea43bd71500579b0
assets/unit_reload/army_lineinfantry_5b9e4a8fb8b3.webp	3196	f7e0f7891e9e1dd1d98e4abd6d3a177ef3571d308425a9428a72bd329a7a60c3
assets/unit_reload/army_lineinfantry_658973c50934.webp	4738	bc2b2a12849ffbc264e6652c36ff052a89dcd605b17f179da79c117eb7513953
assets/unit_reload/army_lineinfantry_681c983f13a8.webp	4412	2bd09efc1df849e4f2a03cfe2f861b0502c84189b2e4b7dafe3656c08fd8d3c3
assets/unit_reload/army_lineinfantry_6cde44bf5380.webp	3216	4852ac81b37a4d115997cecab8f2b894d87bc671d88f77368d67c95746ef1fb3
assets/unit_reload/army_lineinfantry_6f435002b706.webp	3104	087f45adadc657461a09f2a3c2b8c19e50668c72faaeb525ac9ef078fd481594
assets/unit_reload/army_lineinfantry_72d79e958d46.webp	3176	164295f37a8811449f0115ecbd6c058453af5db34e4a0fa06c3dac5d33e93e4b
assets/unit_reload/army_lineinfantry_731a49c57466.webp	3996	f603789b64ba4be41c50264205884184198078c6f30b3f0370e933d4247784df
assets/unit_reload/army_lineinfantry_7d031d475808.webp	4090	5c797cec41677576af6a33094dd13e467e37c3d95b1abc9337bc23b1053cfacd
assets/unit_reload/army_lineinfantry_804642c7a773.webp	4026	aa115d0746836b2ee42a104da731b2694f4c8bd6413f9df1fa0caa106d2a69e3
assets/unit_reload/army_lineinfantry_814d19b6a375.webp	4072	46fe3cf4cd05522790fa0777ce7a1f435d4610c4f79e05bda6d584dba185adca
assets/unit_reload/army_lineinfantry_8313ca6152ec.webp	4738	bc2b2a12849ffbc264e6652c36ff052a89dcd605b17f179da79c117eb7513953
assets/unit_reload/army_lineinfantry_878f6f5c7b03.webp	4072	46fe3cf4cd05522790fa0777ce7a1f435d4610c4f79e05bda6d584dba185adca
assets/unit_reload/army_lineinfantry_8b8553528a7b.webp	3178	bd3483790855fad8f7799f1e4cee311df4ffaffdeff26be6ea43bd71500579b0
assets/unit_reload/army_lineinfantry_924f42a8d28d.webp	4738	bc2b2a12849ffbc264e6652c36ff052a89dcd605b17f179da79c117eb7513953
assets/unit_reload/army_lineinfantry_95f0ce55e74c.webp	4072	46fe3cf4cd05522790fa0777ce7a1f435d4610c4f79e05bda6d584dba185adca
assets/unit_reload/army_lineinfantry_9615ad9ef916.webp	3196	f7e0f7891e9e1dd1d98e4abd6d3a177ef3571d308425a9428a72bd329a7a60c3
assets/unit_reload/army_lineinfantry_973d02f3f15e.webp	3178	bd3483790855fad8f7799f1e4cee311df4ffaffdeff26be6ea43bd71500579b0
assets/unit_reload/army_lineinfantry_9e089afc4bf6.webp	3104	087f45adadc657461a09f2a3c2b8c19e50668c72faaeb525ac9ef078fd481594
assets/unit_reload/army_lineinfantry_9f1902ad1394.webp	4738	bc2b2a12849ffbc264e6652c36ff052a89dcd605b17f179da79c117eb7513953
assets/unit_reload/army_lineinfantry_a61f0b40a8cf.webp	4428	bea696decf80590b97aef8f9f0a214fbee40d42f8ca4dd45263ab1c9c426e319
assets/unit_reload/army_lineinfantry_ac494f30421a.webp	4412	2bd09efc1df849e4f2a03cfe2f861b0502c84189b2e4b7dafe3656c08fd8d3c3
assets/unit_reload/army_lineinfantry_b395d1b46669.webp	4300	caea32c5b414eb5f16ebe62614b77629bd9f6551c59b588432c98e078c5bf212
assets/unit_reload/army_lineinfantry_b8e990cbca2e.webp	3104	087f45adadc657461a09f2a3c2b8c19e50668c72faaeb525ac9ef078fd481594
assets/unit_reload/army_lineinfantry_ba71a5f9b154.webp	4072	46fe3cf4cd05522790fa0777ce7a1f435d4610c4f79e05bda6d584dba185adca
assets/unit_reload/army_lineinfantry_c535776a7647.webp	3196	f7e0f7891e9e1dd1d98e4abd6d3a177ef3571d308425a9428a72bd329a7a60c3
assets/unit_reload/army_lineinfantry_c84261e47f79.webp	4026	aa115d0746836b2ee42a104da731b2694f4c8bd6413f9df1fa0caa106d2a69e3
assets/unit_reload/army_lineinfantry_c8a32ce9bcce.webp	4738	bc2b2a12849ffbc264e6652c36ff052a89dcd605b17f179da79c117eb7513953
assets/unit_reload/army_lineinfantry_c92ccf4dc0c1.webp	4300	caea32c5b414eb5f16ebe62614b77629bd9f6551c59b588432c98e078c5bf212
assets/unit_reload/army_lineinfantry_ccb43dc60bc4.webp	3196	f7e0f7891e9e1dd1d98e4abd6d3a177ef3571d308425a9428a72bd329a7a60c3
assets/unit_reload/army_lineinfantry_ccd1fd7162a7.webp	3958	bf33a1871f97d963177f3f87c57a2895ca8e8e7e8e2ddb9d6cb9c57729efaf64
assets/unit_reload/army_lineinfantry_d0648b875c0a.webp	4072	46fe3cf4cd05522790fa0777ce7a1f435d4610c4f79e05bda6d584dba185adca
assets/unit_reload/army_lineinfantry_d268433c4ee1.webp	4166	ab18b5585a6a8d6327bfaf5e5f398566013542a2521a51cc6fd31538fbc07b72
assets/unit_reload/army_lineinfantry_d715a5f629a3.webp	3972	8500cc4e23c588693212f57c4771e5e6d10b4e54ad677f7327a00234041bec8f
assets/unit_reload/army_lineinfantry_d8201c91ac2b.webp	4300	caea32c5b414eb5f16ebe62614b77629bd9f6551c59b588432c98e078c5bf212
assets/unit_reload/army_lineinfantry_d94f7b86949b.webp	4412	2bd09efc1df849e4f2a03cfe2f861b0502c84189b2e4b7dafe3656c08fd8d3c3
assets/unit_reload/army_lineinfantry_d96f62a0d6e5.webp	3104	087f45adadc657461a09f2a3c2b8c19e50668c72faaeb525ac9ef078fd481594
assets/unit_reload/army_lineinfantry_dee18ef7a196.webp	4166	ab18b5585a6a8d6327bfaf5e5f398566013542a2521a51cc6fd31538fbc07b72
assets/unit_reload/army_lineinfantry_dfb019af7373.webp	3236	19323ae194f9dc77188663fdd997fc7377476dacb51bc8a42470b65cf1b136e5
assets/unit_reload/army_lineinfantry_e0c85f3fa9a8.webp	3240	a31638cf76af227d0877fd4eb8d0fd9729fec29ca8029c83a588aa53d9408dd0
assets/unit_reload/army_lineinfantry_e19c6ed8c9d1.webp	4412	485fcffa44c7bca4e002b45ae495e72a12961f70384793595215114daf909392
assets/unit_reload/army_lineinfantry_e4d682ffc00f.webp	3104	087f45adadc657461a09f2a3c2b8c19e50668c72faaeb525ac9ef078fd481594
assets/unit_reload/army_lineinfantry_e54c462cfdf0.webp	4300	caea32c5b414eb5f16ebe62614b77629bd9f6551c59b588432c98e078c5bf212
assets/unit_reload/army_lineinfantry_e72e514803a9.webp	3178	bd3483790855fad8f7799f1e4cee311df4ffaffdeff26be6ea43bd71500579b0
assets/unit_reload/army_lineinfantry_e983671c37b5.webp	4026	aa115d0746836b2ee42a104da731b2694f4c8bd6413f9df1fa0caa106d2a69e3
assets/unit_reload/army_lineinfantry_f061383b81f3.webp	4300	caea32c5b414eb5f16ebe62614b77629bd9f6551c59b588432c98e078c5bf212
assets/unit_reload/army_lineinfantry_f57f45d6bc93.webp	4738	bc2b2a12849ffbc264e6652c36ff052a89dcd605b17f179da79c117eb7513953
assets/unit_reload/army_lineinfantry_f8bf304e33a5.webp	4166	ab18b5585a6a8d6327bfaf5e5f398566013542a2521a51cc6fd31538fbc07b72
assets/unit_reload/army_lineinfantry_fe7fe6f3b641.webp	3196	f7e0f7891e9e1dd1d98e4abd6d3a177ef3571d308425a9428a72bd329a7a60c3
assets/unit_reload/army_militia_00f09a5de305.webp	3786	8655730b36f658c89d6d00a47584923e0ba0d6fc454e84c913ae7e057d803e89
assets/unit_reload/army_militia_017dbac10146.webp	4642	87a40d5f4fb63c32a83c5d1ee190783e53275b678432dc354ee44f197ace0644
assets/unit_reload/army_militia_02482dff4c41.webp	3902	f2709aeda762cf6172dd72a1b6bb878df497fa3b6ff3fd6e4a7f589dd1871d4d
assets/unit_reload/army_militia_02bd11edfc45.webp	3126	4fd5c5010f37ebeb5c75fe082d32b3e29e2d93b30b27a06a9a0edf856a47d0b1
assets/unit_reload/army_militia_0698634b42d4.webp	3216	cb96e1a025d4eaf155fa6225f7dae92c008723e0bdb22843ee15299866e6682d
assets/unit_reload/army_militia_0968be04e5ce.webp	3216	cb96e1a025d4eaf155fa6225f7dae92c008723e0bdb22843ee15299866e6682d
assets/unit_reload/army_militia_0bb723812841.webp	3582	9bc8eac84b288f34e9b4ba233d92262f3bd00031a8d9395ef01934be8cbf1b65
assets/unit_reload/army_militia_0bee3bf9e4db.webp	4280	8ad53b3c2cbb5c37c306ffad1398c0f9f7296b55afbf95af795ba4f7e6fd70d6
assets/unit_reload/army_militia_0c89d3fe6b73.webp	4500	fdda7911524f9b4e0ad43340c19f5146b1bb320abde60b650e5405a277dcae6e
assets/unit_reload/army_militia_0c9a74b4408b.webp	4280	8ad53b3c2cbb5c37c306ffad1398c0f9f7296b55afbf95af795ba4f7e6fd70d6
assets/unit_reload/army_militia_0f9da9bcd12f.webp	2930	da8a96be5b5529e50999e9d7f04460ed08ab89a42e590f71d4bc91d9642660d1
assets/unit_reload/army_militia_171e433e8bca.webp	4280	8ad53b3c2cbb5c37c306ffad1398c0f9f7296b55afbf95af795ba4f7e6fd70d6
assets/unit_reload/army_militia_1b6a34855a5e.webp	3216	cb96e1a025d4eaf155fa6225f7dae92c008723e0bdb22843ee15299866e6682d
assets/unit_reload/army_militia_25b4b495cb78.webp	4280	8ad53b3c2cbb5c37c306ffad1398c0f9f7296b55afbf95af795ba4f7e6fd70d6
assets/unit_reload/army_militia_26fe0a9d47b1.webp	3292	467c4eb29f2474b641458e34f71d060905ad591473cf9daab619efe046f4a567
assets/unit_reload/army_militia_2cb63c42b3d8.webp	3432	20419ed410fcbbad2bccea7a274089e208d45684a05bfd244fd601e7352a5165
assets/unit_reload/army_militia_3c1523b8a8d0.webp	4084	facfd09ac27cea09dca7830f75374ff24cd8e05cf116aab58ab2e12bc9d060e2
assets/unit_reload/army_militia_3d7b077603dc.webp	4234	a0202b2600c512ca863e79e4c43bd64e94683d90957e7332745ad6c30152ec5c
assets/unit_reload/army_militia_41307dc46a14.webp	4234	a0202b2600c512ca863e79e4c43bd64e94683d90957e7332745ad6c30152ec5c
assets/unit_reload/army_militia_4841ca0e6d41.webp	4280	8ad53b3c2cbb5c37c306ffad1398c0f9f7296b55afbf95af795ba4f7e6fd70d6
assets/unit_reload/army_militia_484301ee405b.webp	3432	20419ed410fcbbad2bccea7a274089e208d45684a05bfd244fd601e7352a5165
assets/unit_reload/army_militia_4caa312a475b.webp	4642	87a40d5f4fb63c32a83c5d1ee190783e53275b678432dc354ee44f197ace0644
assets/unit_reload/army_militia_4d3fa391d0c9.webp	4642	87a40d5f4fb63c32a83c5d1ee190783e53275b678432dc354ee44f197ace0644
assets/unit_reload/army_militia_4fd5111b45e6.webp	3216	cb96e1a025d4eaf155fa6225f7dae92c008723e0bdb22843ee15299866e6682d
assets/unit_reload/army_militia_59fbdfa08fe0.webp	4280	8ad53b3c2cbb5c37c306ffad1398c0f9f7296b55afbf95af795ba4f7e6fd70d6
assets/unit_reload/army_militia_5ccf804df888.webp	4642	87a40d5f4fb63c32a83c5d1ee190783e53275b678432dc354ee44f197ace0644
assets/unit_reload/army_militia_5f1ac2f85da5.webp	3902	f2709aeda762cf6172dd72a1b6bb878df497fa3b6ff3fd6e4a7f589dd1871d4d
assets/unit_reload/army_militia_6341fe40d56a.webp	4234	a0202b2600c512ca863e79e4c43bd64e94683d90957e7332745ad6c30152ec5c
assets/unit_reload/army_militia_6f618ee23109.webp	3644	f5a05b8e0b31dac0634a4ccbbd115e73684214305c6779694f8f6a40305bc9ef
assets/unit_reload/army_militia_6fb417c9f147.webp	3216	cb96e1a025d4eaf155fa6225f7dae92c008723e0bdb22843ee15299866e6682d
assets/unit_reload/army_militia_714842edec79.webp	3126	4fd5c5010f37ebeb5c75fe082d32b3e29e2d93b30b27a06a9a0edf856a47d0b1
assets/unit_reload/army_militia_7228204b6780.webp	3786	8655730b36f658c89d6d00a47584923e0ba0d6fc454e84c913ae7e057d803e89
assets/unit_reload/army_militia_7d078ed65ac9.webp	3902	f2709aeda762cf6172dd72a1b6bb878df497fa3b6ff3fd6e4a7f589dd1871d4d
assets/unit_reload/army_militia_7f6bc25210e6.webp	3126	4fd5c5010f37ebeb5c75fe082d32b3e29e2d93b30b27a06a9a0edf856a47d0b1
assets/unit_reload/army_militia_8417d1e62175.webp	4642	87a40d5f4fb63c32a83c5d1ee190783e53275b678432dc354ee44f197ace0644
assets/unit_reload/army_militia_890f1ea9bf0b.webp	3786	8655730b36f658c89d6d00a47584923e0ba0d6fc454e84c913ae7e057d803e89
assets/unit_reload/army_militia_8c235c5d0fa0.webp	3432	20419ed410fcbbad2bccea7a274089e208d45684a05bfd244fd601e7352a5165
assets/unit_reload/army_militia_8cd6661f3140.webp	3054	53f4980b6dcf9978d784d679f3973597e44795168b22c539cdf9f6892f062c1f
assets/unit_reload/army_militia_8ce252374ced.webp	4530	27846667d32a2b1c867925c840a9ae94b41e9699c142ee562413e746c300354e
assets/unit_reload/army_militia_926796b02d30.webp	3902	f2709aeda762cf6172dd72a1b6bb878df497fa3b6ff3fd6e4a7f589dd1871d4d
assets/unit_reload/army_militia_928945fd30c7.webp	4234	a0202b2600c512ca863e79e4c43bd64e94683d90957e7332745ad6c30152ec5c
assets/unit_reload/army_militia_9322951211bc.webp	3432	20419ed410fcbbad2bccea7a274089e208d45684a05bfd244fd601e7352a5165
assets/unit_reload/army_militia_93a4d5c5d7fc.webp	4234	a0202b2600c512ca863e79e4c43bd64e94683d90957e7332745ad6c30152ec5c
assets/unit_reload/army_militia_95156ee2a484.webp	3902	f2709aeda762cf6172dd72a1b6bb878df497fa3b6ff3fd6e4a7f589dd1871d4d
assets/unit_reload/army_militia_9a9cd4e57738.webp	4280	8ad53b3c2cbb5c37c306ffad1398c0f9f7296b55afbf95af795ba4f7e6fd70d6
assets/unit_reload/army_militia_9cb4dab2c7e9.webp	3126	4fd5c5010f37ebeb5c75fe082d32b3e29e2d93b30b27a06a9a0edf856a47d0b1
assets/unit_reload/army_militia_9e353286ee88.webp	3902	f2709aeda762cf6172dd72a1b6bb878df497fa3b6ff3fd6e4a7f589dd1871d4d
assets/unit_reload/army_militia_a04c1f7be412.webp	4642	87a40d5f4fb63c32a83c5d1ee190783e53275b678432dc354ee44f197ace0644
assets/unit_reload/army_militia_a193c9acdeaa.webp	4626	48743c6943d840fb1bcbc4d41b74d583fa49781b1dc5f53150a6d195db20a967
assets/unit_reload/army_militia_a28da390feba.webp	3126	4fd5c5010f37ebeb5c75fe082d32b3e29e2d93b30b27a06a9a0edf856a47d0b1
assets/unit_reload/army_militia_a8fe51cc6eff.webp	4626	48743c6943d840fb1bcbc4d41b74d583fa49781b1dc5f53150a6d195db20a967
assets/unit_reload/army_militia_ab31bbb6a8af.webp	4642	87a40d5f4fb63c32a83c5d1ee190783e53275b678432dc354ee44f197ace0644
assets/unit_reload/army_militia_ac25bfe70a2f.webp	3126	4fd5c5010f37ebeb5c75fe082d32b3e29e2d93b30b27a06a9a0edf856a47d0b1
assets/unit_reload/army_militia_ac8e08bd35d8.webp	4626	48743c6943d840fb1bcbc4d41b74d583fa49781b1dc5f53150a6d195db20a967
assets/unit_reload/army_militia_ad01ca0859f8.webp	3786	8655730b36f658c89d6d00a47584923e0ba0d6fc454e84c913ae7e057d803e89
assets/unit_reload/army_militia_b49e9f6da766.webp	4486	22d1b3b39392b4e9934e16617aded09ea779095af33968ada551bc855eec8493
assets/unit_reload/army_militia_b5d1fa325827.webp	3970	d0b4764ba8f0b7be3c20d60fa44401abac9c679cee4f5ee7a759a3297a39d64f
assets/unit_reload/army_militia_b693c6b7f69e.webp	3276	e72aff45f36962399e850c307a00c3b40d8d1ad6c3c1eba23727513e7ed857bf
assets/unit_reload/army_militia_b7a7168f0a71.webp	3530	eddf1b1d7e48a1a4d5be795f52bb7a757b6604db333451badd5667a994c23525
assets/unit_reload/army_militia_c2f68ca6da9f.webp	4426	812e012a1938a23a14b13c918c353ebf247885e2e9531c7303d2a994161342ed
assets/unit_reload/army_militia_c89d92f5c38a.webp	3216	cb96e1a025d4eaf155fa6225f7dae92c008723e0bdb22843ee15299866e6682d
assets/unit_reload/army_militia_cba4bddfbc7e.webp	4234	a0202b2600c512ca863e79e4c43bd64e94683d90957e7332745ad6c30152ec5c
assets/unit_reload/army_militia_cee60148a5f3.webp	4154	fe121f807c7cb1abedbab358f26de99069a0fcac17551ff7736d7cd05490e520
assets/unit_reload/army_militia_d17f245c348b.webp	4626	48743c6943d840fb1bcbc4d41b74d583fa49781b1dc5f53150a6d195db20a967
assets/unit_reload/army_militia_d3d92ab83d6f.webp	4234	a0202b2600c512ca863e79e4c43bd64e94683d90957e7332745ad6c30152ec5c
assets/unit_reload/army_militia_d3ed311b86a9.webp	3786	8655730b36f658c89d6d00a47584923e0ba0d6fc454e84c913ae7e057d803e89
assets/unit_reload/army_militia_d41f8533835b.webp	3704	e2ec9c545c6238fd868b4e04ef5483b6b001738561f0c88e862c387e1c983ab2
assets/unit_reload/army_militia_d45cc8e84b98.webp	3432	20419ed410fcbbad2bccea7a274089e208d45684a05bfd244fd601e7352a5165
assets/unit_reload/army_militia_d5a668206804.webp	4330	11849d463dc07e0ec86d15df17ee9f612d3f2974501837e0174cf0fc8687d336
assets/unit_reload/army_militia_d61e4604bf7a.webp	3040	498061cf0c32eb1547f2741427e80865d64c07596994e54636003a4b9ee10839
assets/unit_reload/army_militia_db7b04cd79b9.webp	4626	48743c6943d840fb1bcbc4d41b74d583fa49781b1dc5f53150a6d195db20a967
assets/unit_reload/army_militia_def345995093.webp	4008	fe798469fa18f90197fbd79e0b42c89808bf8ac075434be875042e7b8ed301fd
assets/unit_reload/army_militia_df8e56ea1664.webp	3786	8655730b36f658c89d6d00a47584923e0ba0d6fc454e84c913ae7e057d803e89
assets/unit_reload/army_militia_e3730433a153.webp	4080	c6e7510c30db99b6ac6c93428247922181c21876e50bc7b9699a82f3c1de39e4
assets/unit_reload/army_militia_e515b528db87.webp	3126	4fd5c5010f37ebeb5c75fe082d32b3e29e2d93b30b27a06a9a0edf856a47d0b1
assets/unit_reload/army_militia_e82d2435d170.webp	3432	20419ed410fcbbad2bccea7a274089e208d45684a05bfd244fd601e7352a5165
assets/unit_reload/army_militia_f12ab76315db.webp	4020	cccbd0af76e267cfd37728ff946ec157bb7d71285086d4f262911ce5cf1b97f8
assets/unit_reload/army_militia_f803f12731b3.webp	3786	8655730b36f658c89d6d00a47584923e0ba0d6fc454e84c913ae7e057d803e89
assets/unit_reload/army_militia_fc35cc087814.webp	4626	48743c6943d840fb1bcbc4d41b74d583fa49781b1dc5f53150a6d195db20a967
assets/unit_reload/army_militia_fc5c064d2892.webp	4074	9d1ef875752e0cd515abaacb16facfb0c9c32b36364d0fd65b8b3ce211103f95
assets/unit_reload/army_militia_fcb9bdbb2566.webp	3432	20419ed410fcbbad2bccea7a274089e208d45684a05bfd244fd601e7352a5165
battle_save_core.js	4570	4858c7f862dac736d3624b8e64567af1484382b63bd8482aa544cd3204272dc2
battle_save_core.js.pre_p33_visual_timing	4570	4858c7f862dac736d3624b8e64567af1484382b63bd8482aa544cd3204272dc2
combat_core.js	10192	7ac852feee592206c633cdedc5c7da0f5ec193892ad0398c16f5a8f01e4ac4dc
combat_core.js.pre_construction_ui	9933	2540d95d7c9890fc567754db93cc97aedd5f85cdae9f508f7a90b10e2d2f60ad
combat_core.js.pre_training	9562	d20ef54a0126a8db142c60acffbc290885f100abafb4f9751e99e08a6fabe31d
compact_bile_runtime.js	9772	a8b8ff117a0259c4fdfaf2a0bda2f328b68aa344cc5fc5206adef125ab321c68
country_turn_core.js	3676	9266ee0dd99919932b4fed0ea85f176d9e63b13407f2fb877517b18d822a6ffe
dev_tools/extract_native_combat_effects.py	3540	3266931f5c992008581360ddb22c83d0b2ff8ec9a1ae96ff8b7bc4f72c2fbc34
dev_tools/extract_native_simple_effects.py	3272	48f97bbb3e4462f0abb7e6fd11751e00da79e45d33d2a63df8c075a10164ac1f
dev_tools/extract_native_simple_effects.py.pre_multiroot	2990	473528c506e25f5910c7fe3613c4c469dd4edc90df80885288c84a958e9d5bb4
dev_tools/native_simple_effect_pixel_smoke.js	1259	122f730894b04b56206004f6e2131142dd59160b403f455f046d94872a227c3b
dev_tools/r14_34_animation/build_animation_family_pack.py	3989	82f9015a64ce5323f649e31ab3221f92297ec3c95633acc644f4d54046d362e1
dev_tools/r14_34_animation/extract_bile_unit_animation.py	14089	8c89128f2db348c5d5dc70ad9b2cee73c7d7c823a8dedb1963ab05678f18cde4
general_deployment_core.js	1569	19f5325e884bce5e5fef4a47589027589e8b784372c5b6582c85bd713c2740f3
index.html	90009	c5c517180438aa195b1ad086c03b5f84f937f6f2df852c2cffb52ca820f04dd4
index.html.p16bak	58188	75f781bf1649398668189b46c28f86ac0bea9db94c816818962128c3bdfb37a9
index.html.pre_construction_ui	52496	894040ae8371a1c78d7c20f95be03bd9d33373063c74cb625734fc6376c0dfc0
index.html.pre_funcres	52654	bc3bdcf205d86f401eca16c6edeeeb609d4f7ba11c7377493cc8b053f8219dc4
index.html.pre_moving_effect_core	53666	8c0b602c81c1a7bc75a28aff9522464e9caad14b327238cd5654eb294dde26e7
index.html.pre_p32_visual_polish	89466	4c44a5921d88140fe6b46f5cf5677f15390f9b047581b438f6e952b44e37f756
index.html.pre_p33_visual_timing	89558	b7e9e5d3483b6cc35aef56d985f3a4a189846e9b300c63d794af8c4fe8ba910a
index.html.pre_princessflow	49978	b06ce63af90046bfea35924777afeef77035cffdce5c0ae68b4df535d7a0b805
index.html.pre_simple_effect_runtime	53202	4efeb7e53495c4fcb2dba9367bc00b147ee72c5706bf6a5bdfda302df07eddcc
index.html.pre_training	52448	a2f62d4acdefa5eb7c9b7a5279b53e1e62781565ecfacb049145e17f786ed520
index.html.pre_tutorial_p15	53718	16381d60af01b4994562b10e41cb70bbcf58b2edb339f3700ccb26047e9ff315
item_inventory_core.js	6486	944fed0200a721f3fd2403495a039c37e56bded50f1ed09c1cc20999a20ecb7f
manifest.webmanifest	213	37358c36c3a0e4f76602ea5261e9ec8062c1008aa99dc189705f7e25e81e2cdc
native_academy_core.js	5946	5c2a6692dcd66460f323bae8df36d05fd1fa6a6d739faf8eedf5577194439500
native_achievement_core.js	6235	3b484ecdf7df6830a2eb2a642b1090cc45abedba541aa201f197503aa8ad17aa
native_action_audio_core.js	1217	21719b0f5400313c073c08a6b4dd05c1e8a407e0fd8049d17fba140bc6d188c7
native_animation_controller.js	6057	a6dd851aedbe57e10d97894358832c1d37f2c8154498649cd8baf3d1266b3825
native_camera_core.js	7130	4085ce72440fbb998884af8a4454521eb911d9dca40d1453bd836cce00fe38ac
native_campaign_core.js	7321	714dde980fb6fcc3fe142bd4db6543dd40472f522b0d369d42be07d9207285df
native_campaign_core.js.pre_p17_integration	4489	e9958e50616b0a8e5829e2f4375a9b7d1629b6d5d85fd874b01579c05ca51e2e
native_campaign_line_core.js	963	c943c6ad869a94d352d02b4dcb07221216bb180c068c652327f4cc669372cff3
native_campaign_session_core.js	4338	3341c4f4115c49dff69b07bb06c286f1b14cfe9d8a596f72f4a9f3e2c616bfa5
native_commerce_core.js	2964	63cd47ec551d5d9208c9928ff521d635ac98f5b4a50c7871c311dc86b91a8534
native_conquest_achievement_core.js	6592	72f4fcc78947f8e36c0201e32b4e50c0e5ae4623270ca6d56998da0b89d131c4
native_conquest_extinction_core.js	2816	16e445416a0aef38c95b3b41c5daa9301e680556859dae1dff31717bb57f693c
native_construction_core.js	2728	c7cabb618a9c7c85ad571e5a735c50ed4d8bc8483d46f97ef3ae62e734b40987
native_construction_core.js.pre_upgrade_cost	1764	806c2139356e9cd45b6cc343850ec7ea0e050b9688fd4d01f5195131a79349eb
native_effect_audio_core.js	2297	ba12aea3ce7707a43acd9c6b8b2dcf4b15be9aeae419c0d37d12f08ebbbdfe76
native_event_core.js	1608	9d1d6beed743bbd2cba6e1ea39e10fae9c105699dbe594972fa687d08fad2234
native_general_core.js	7680	92a4f2a3ece52441d47d036275cd1253c34683face98273816d4d559d15795a9
native_hex_core.js	2817	10ecc0d69ccdd5a3c9bf39662882b0430a3e7e0df193e54696b854677a7557ec
native_impact_effect_core.js	2353	1a6793b1a92b51246b93b3689df56d1523141a20bd920f06ed465dfaba889dee
native_lowzoom_core.js	2199	050570761deeafd82a5033ba473a781e2e41f785c8e983bf8170c8ea502d4f43
native_maptext_core.js	2123	10dd952284435cf526f2b696c7d67ca166832497b32b37293d20ee76bec703bd
native_movement_effect_core.js	896	c76c6ed0c6b4f0fed45bb81a1d7ff5a194006630f7960a50bcee5a9e7019d6a5
native_result_core.js	5281	8b8e0cc87d24942efde21c4c0aa64f4028356efdb10781233bd11e9adedc33f9
native_scene_shop_core.js	5140	a0377d5736b245d7f51f46ee7f9cc6fee7d04a9a38e506fd83f18b543d15677f
native_simple_effect_runtime.js	10667	b89c4c99685913ee6bfde5599026ce5fcea39217fa16ae85c93c50f64d69b92c
native_simple_effect_runtime.js.pre_area_exact	5952	fc98d5bf3e850044ab9af7afb311afb3273f0c10d3843fd79778b4f1ed89fd47
native_simple_effect_runtime.js.pre_cont_mode	6749	743159620000dba84375a5c024718e5023d30b948fdaf1683050b16c728f02a7
native_simple_effect_runtime.js.pre_motion_physics	7040	a82439c752f2c6b64119cf95886fa0ec610f08437bcb04fae65c9ef536b85df7
native_simple_effect_runtime.js.pre_rgb_tint	9210	ef9d715e19759f6d9ef28a437c18c837eee898da2b5d330d6a1de071ad0ca99f
native_simple_effect_runtime.js.pre_tint	6340	0a206afaa4f763e8dd7507b9a6ee2e59467e74169d752cba489fbf76ba59ab12
native_training_core.js	4775	ed5e60232abe875529638e80bc571455ee1f36d3ad7618636d79b768f4361fca
native_tutorial_core.js	3942	698a8e1f2c9765383fe8852621c8e61d7dc06ee8984b68cfe9063b34f744481f
native_ui_audio_core.js	970	b947815a62d82fdcb27d52f361472ac1d695d3e667631b791b291c21f33dee22
native_upgrade_core.js	5830	2ae064cb5d8c3733945b970ef255cefa7c5b2ae4981f26099182f4206da7204c
native_useitem_core.js	2020	68d7b0c5245c43e58ae13fbc7fb3db7732728f06f84eb28083a911d42156bf03
player_unit_rules.js	1673	2f3d24555ff955470c2414ac6d092359731556354caea92f505a21a63143ae47
r14_native_forms.css	76087	de3efc7647eaae4b4a015eddba7231d8aa88a1e052b1d2b3878e4bb3cf3eea6a
r14_native_forms.css.pre_construction_ui	23702	69f900087b3d85b2729221932a9d713269dc8dae64323a39d231a94e66a6511a
r14_native_forms.css.pre_funcres	23739	69d4bf5f1cbec9002ce81c1136c306e050b3cea83bd0363623ac3c601bbec6ba
r14_native_forms.css.pre_princessflow	22333	3761e4cff6ee52ddb46d9c17e893078463c6e546fff8b52d81c032f23e2da078
sw.js	48557	b02a747eb2bf9dc6ae68f08db3b24163f3f4eacd090fbe40ed60ec94f54fa1c8
sw.js.pre_moving_effect_core	7071	319a2899d505cb6ef6142021063ced70ab9d5fde452060ffc1e97381843932e3
sw.js.pre_p32_visualfix	16585	148a34d956b3388939a1334db5c011c15f9396d23d99c5b5324dcc4ad43aba9f
sw.js.pre_princessflow	6870	5b5597780ef2a41f0ab16d3c1c999fa711d8881744107808bcf7040b50e8fb3f
sw.js.pre_simple_effect_runtime	7008	b80b33cd578d6b5255cd28a74c5c5ee425f12b85bd43201bbd1a0dd80e364c8c
sw.js.pre_training	6943	355c02424d0e9f8acf19311d8bd5470f5553829abbb6cf60f4b12bf453a159ea
sw.js.pre_tutorial_p15	7356	282246b3b36f1f7ea6fc67415bac4766ea0365f3d366e63de1cd43a4668746a8
test_battle_save_core.js	1853	89b4bd2f357776950c3fca1772faf557078bbcd7b1279f386270f95c271a1168
test_cavalry_supply_rules.js	2306	418b8e063f70bd980cf98d5f6d455f4acb65acc90b74e4361bf1579324430efa
test_combat_core.js	6485	96f80c50984134dfff00bc89ff2aafed929fa55802c47c683226d52306bbdf69
test_compact_bile_full_parity.js	1949	254ea372913a1e8a9811fb6dddc4df2614c6a842692085e71c0c8d9e12c86bd1
test_compact_bile_render_contract.js	1697	2e421039ed4e30d1fbb90a7f7e2fe1977af32d14e23ccc43a12c9cd38e1c50d6
test_compact_bile_runtime.js	2529	3f1d9ab3b4ea3d00067ad15219d488350c011a2b41137ae69eac84619956c98c
test_core_map_unit_contract.js	992	b6028f6744bf7f12080e3535225fa31d4f710c92babfa4d7ab40e43830cff62c
test_country_turn_core.js	2640	2c8a708d7fb82cf7ecfc64d7bc6363313232b49f88228fc36a1c496f7ad6e634
test_data_integrity.js	1247	b79965f928c4e3667cbc21014182ef7b03e5fba8ea3c2df3928a0bd34e38b307
test_effective_ui_contract.js	2280	473268a2228317dd569d8aa54875f9826dfe8ca30f05ad875508a3d00376ea41
test_enhanced_generals_combat.js	3299	a554b14a0ca68fba84e57e3b2bd5be20cf5f3deefdbbe17e751a57cb934a49c1
test_full_animation_877.js	1701	06de9b4e89fa729b53eaa7fa9a044df52ebca99bcf6c23002b1512de55c3fe98
test_general_deployment_core.js	1780	bc919d53fd6e83446f9bdc6b018bd89ab6f76f5dd6b20e42b49554d33e553150
test_item_inventory_core.js	2056	aec3db7af3484edae6ba7b2ec81439d9ae5915ea64be76f55706b0995bd0e7e8
test_mod_general_dismissal_p19.js	1383	55c748a125330dd28f7b16a61f6ce3c0c956fdf9bd942122b70a9c62a67a4dca
test_native_academy_core.js	4170	bcf4585e059abf8232a0ec007acb6d42cb717747393cf23f6213f2143cb4a57d
test_native_action_audio.js	2045	a98ef2b1f299b34494d0bdc2e18b16da66b9741f8935283005dce9198fff30a2
test_native_ai_action_camera_focus.js	1621	0a78b579b3ac35db10e7b977ef17de0573d3b17264a260f4019f408f862e52cf
test_native_animation_integration.js	2180	a1260652dce26ad049c3aa113d11bf63c9431c84733de7340564b17a548aaa28
test_native_artillery_visual_timeline.js	2933	172ea5f3d8131f3e78753d5339e5f463504c2580dd65805d8094a0fffbc73b5f
test_native_audio_inventory.js	1080	b1668e23858b3d55c22e3dcef49e5598d6df0a5f572418743e51e049877977c1
test_native_battle_music.js	1557	6821b1b79d833e7d26a4f10fefc308d38e0ea097fbc4fb2b45e2f6ac07d9e4ba
test_native_battle_overlay_visuals.js	1784	d47d287917312c4a244b3babaee7c602dcb59aaa9682bc95e1751dee373761b8
test_native_camera_interaction.js	3039	593a37aab468eeeebde0cf6eaa4d673fe1205a05bfe2437c11fdc414b7b37eb8
test_native_camera_programmatic.js	2844	ef159a1a2378c116a0e3401a01ffe8858832b60ef2356ec20f300186bb5a0db5
test_native_campaign_p17_integration.js	2468	e032bee5c670f28dfefbf1d91cb0a5ce0660afd66d1150e0b2fa333cd24af239
test_native_campaign_targets_exhaustive_p17.js	3672	8871a5f719ea188dd68ae95316eb1c554665ecbdff042b7474ad9236e12f7283
test_native_campaign_targets_p17.js	6777	cc5936cce84eda46a32e49e1d7884f03b997c4c50639b069daa9f8fbc2920d08
test_native_commerce_core.js	1461	f145067dffd484460572d75f15ebe97a83a2925d3be03bf4de5d7173df894c3e
test_native_commerce_forms_p19.js	985	dfa87886fdff808bc5c358ed33af287813b815a95df9a90a3531e6046a36ab97
test_native_conquest_ui.js	2532	ac1e0df8fd38424b2c60b7b67be0ec1daee2334e9c9440cc908a063d8004145b
test_native_construction_core.js	3072	2a0cf3a9ccdfe65253989aac2dfb0038c9b65273734d62f90a922b26195945dd
test_native_deployitem_p18.js	1415	9d9d7d6375ba01a6d809ef177896694a595fcc6379d2bd6d32ebc58dd9dde6e6
test_native_effect_audio_core.js	1377	4a2b8a6c897cf49ec1f3c54568ed5dcc6e92110b5c8fd1092e3f864eebd4061e
test_native_effects_visual_coverage.js	1442	6bab4b64e21564458b096d016e45bca2fa019e0302d89221908b14a1ef38b26a
test_native_entity_triggers.js	1926	ea37112cc26e8d0007bebfbc6adb153e8e51c1d516b62c98f4427eb4c51ba942
test_native_fire_events.js	848	8598c39eb310baa1c26b558302b061eb7d0cc67c19df8b8d3206238f32110221
test_native_funcres_contract.js	1167	78ab135b511e637979ce1f8271e2998da2ef8d92ecfdf38b4697dba19be9641d
test_native_general_core.js	2655	cec3183f64c692f9d3b3390ab0f56177fc3c589d4caefcb36c5dd88632b1700a
test_native_general_p18_integration.js	2435	a5114354e839448ba44a30c83217d09805fb81e9cfbf861af0a9ea3bb0c2f06d
test_native_getgeneral_effect.js	1129	6dec3f2012b0a718a832f8892b6ba00a86744ae494e3f8abd1709564ec71835b
test_native_getgeneral_tips.js	626	ec3ea1f322c8c636cf819f6250cfa4474fba12c0606f7159d4a748a083cf029d
test_native_headquarters_flow.js	1911	f25487121fe0b337b64edb239c32ec9037e30d94d77892b20f340faebf32cfb8
test_native_hex_battle_roundtrip.js	677	ea620baf04d8e7697768ab305ecd10c7829a74cfd11cf2d3dfe4156fcf26e577
test_native_hex_geometry.js	1311	75ee07f5bd484dc7dca69eda32ae4a5688ac6d68eb814b9dc10898478214c997
test_native_impact_effect_core.js	1288	05dc3a4b57d6687bbdce46a3cd2c71c5bd54abf62760d2b0965980d54d151947
test_native_lowzoom_lod.js	1624	e78f1e50199ec5369f8adeead58ca20b1406a0da1b54df0a29ac4f61177a808a
test_native_lowzoom_status.js	1739	ec68d51de1dae8e8851a559241fbb7ba44fd5c2e7303434b7ee825743f4c51b6
test_native_machinegun_visual_timeline.js	1679	56400e56c8d099e485f43393034b91d2f8af1221703754dbc995404f8ed8dd97
test_native_main_campaign_layout.js	1353	04b69a9056cdd4f83bdd1026215b7c977e31450dbe1cdd7a65d325bba0ef160b
test_native_maptext_core.js	1283	36c337c706173e7f7f8d8923b0d7cf042c30caf52445c94f3868e8e1dc17e44d
test_native_maptext_runtime.js	1232	1c801c8922268d5409ab0ccc691acb5cdfb41d2aeeb0a5458de486abfb4bd978
test_native_morale_events.js	1256	0e4596e56a5af7cae6b3f2cfeedce8d27be05ec25a2021cf078f8625b32280f6
test_native_motion_speed.js	1404	81db36b97627c3ab240f8397f61bc38e400627b2ed7b6576b3b7885b515c5e4b
test_native_movement_effect_core.js	818	1f59d016d4726ecb435fc86b15c652a84a04890308deff8dd6607a89c4080a74
test_native_movement_effect_integration.js	668	10945dc89799f4a8628457adad8fc43a9b32ebd35ef2bdac933549e452ea66ba
test_native_moving_effect_canvas.js	1386	aeaa20ad42147295b5ad8584633807e4519da56b3d951cfd86dfaaba287b9820
test_native_option_audio.js	1393	1a03a077d97ac66471e1c47e147ae2b89b0a13b8a9cca27c571cbe68c84707aa
test_native_option_controller.js	1044	8ce559c7e38a110fc23bb4e4360e89890cd565efeff5b09535f5ecaf898f8777
test_native_path_tiebreak.js	851	ec14467c5098d41e93b8fc5d0d17afd13c074da3ca8bb4ab993652c8fc266392
test_native_player_action_camera_focus.js	2192	17f7b0ece73eac192eca691a8de47c02c1bbc7935bdd29a377162de8aab9c560
test_native_princess_deployment.js	1322	bf80b5ab3b1bf4869312a140796bcf427ff24ef28998eb600aa2d2408e253f8f
test_native_ready_motion_runtime.js	1096	031eeb939b92e80e4825744b3059145927cbe898c39565db2858096162031f33
test_native_result_core.js	1502	1a62c0d09ad904d4a3a62edc0f40458852809cc26118e73bee98814e92574787
test_native_result_integration.js	1048	28b4ae27b7bbbce566a0708294781fb23a2eeae4205243f791e9d8ac7ffeb875
test_native_result_p16_behavior.js	3533	8cb27fb1ea671d92cf78b0dfb0252a224fc035132260037f08655f3cdd3c9564
test_native_result_p16_integration.js	1111	744ab65b96183e94b8c696a819e36c4e511290f6ad187c5a223a45022c1cf4d0
test_native_rocket_visual_timeline.js	2136	a5e4378eb869360965f46a1bb7bf5fbcc4c220d97e8bfe0cb6e2d93d88dd3cf5
test_native_roundturn_p19.js	1163	52baa04bc981f0991f194ebe72e714a5b1c4a25bc0f1ac97e667f2515e5e2261
test_native_scene_shop_core.js	2291	6699ab2c2d137eded4b6ae3af06266e56f79dbee23b42e15b1a3df005b1da041
test_native_simple_effect_canvas.js	1055	e6051d39d23a23da84736b258f661db31ec09847255c4bc4dde9e93af551722f
test_native_simple_effect_integration.js	1253	b8d0825f59f6e95f2da7fa1ed2f390ce47677097d35c518d25106e60cee3d8d7
test_native_simple_effect_integration.js.pre_moving_integration	851	9419729bf71d9f8ac796bd9fd00cbd12f884041659493944a9232c47d098dba7
test_native_simple_effect_runtime.js	4071	f695de3ffb0e797deec6e9bbc6aa7e2aad59383880c3b19e600f272bbfc757bb
test_native_simple_effect_runtime.js.pre_moving	2452	8b56857e515bba73029386fcdce6fe58f2b8be3935f0e9d02cefdb472fe3140a
test_native_simple_effects.js	2034	e26db14fec53f5f64294403fb6b49a85a993fd36374c96b58205cc127611521d
test_native_simple_effects.js.pre_moving_data	1268	e2de59218afc4a80f5cb944036b63f769a97159212b401ebc231947c2f907d00
test_native_stageintro_p20.js	1858	07aede8a9a3613df76a03736d5b0922492b4cea7349ef796c6a1c3cde6795c75
test_native_stageintro_talk_visuals.js	1305	0e001bbb7fde22650100a26096343c4c8a462d38fd36259d8ea37811a038a191
test_native_timed_battle_sfx.js	1192	6d0edcdbe0fb6d240a0fc3416a0e7746b8ead4d6fdd3f2869f9758eeff3e47f9
test_native_training_core.js	3131	cc20f51e56e67c4c2096ba3dffaca510738881396d40d1b32300936e34b5e73b
test_native_triggers.js	1780	635ea63cfe88dc06f76320174b14ba4d93d7e1da99aae61e008035ace499daa1
test_native_tutorial_core.js	2192	0761c383d6c642bdc87b54c4023ad7d237784fb1598dbe1bdf341ec97779464c
test_native_tutorial_forms.js	1358	d78e11e6d84cb3136b3d42ceb384b8ef076dd2b234c6917db3f9d737d278e4a9
test_native_tutorial_integration.js	5227	42aa8eb755f9160f8bd6bd4d8a2c33da15d83cced9b2cfb9d4a46389908cc81d
test_native_ui_audio.js	1555	8b4b7fdbf7869f2a50a930556edfb9f24a2c1c693d0f6207d14754a86e75c210
test_native_upgrade_core.js	1695	dc4d1460cd44e2aeeffd8bc9874cecadfa54959bddd9188e67b3187e57e8735b
test_native_useitem_contract.js	1332	17bb8bfff9fd5b919eceb2c263502323e2bd392463d8bb8ac4e7bfa738d7306e
test_native_useitem_core.js	1518	0abe6ce40dba7cee1cc9828bbbcfb43ea72033a653da65758279ab1340ee7a56
test_native_warzone_tech_manifest.js	1140	db145ef1534366530328dc249e8fc79eb9c3d5eba0b285442f39d6f19079875d
test_original_forms_568h.js	5734	098559bffbe428a8c0c890b11786d55edb5afa56b59c83ad635853535536acaa
test_p21_scene_upgrade_integration.js	4813	5f580a7a0514d5efc497cdc555fa6201a376d34d62cc8a67f8b9ebe30a159fca
test_p22_native_defense.js	2101	1456a5171e05c123db1eb9ec928df2cb863510fc2b37d71af608f96ca8a973c5
test_p23_native_pause.js	2089	5b5dfb2d2da65753a7123b5405bb9878375e7ef0106170cdc1018219209ed15f
test_p24_campaign_growth_chain.js	2947	cde763ec614029ee4e0c0dc6f79033fcb27553f0984f73cccf915979f545290e
test_p24_native_unitinfo.js	4282	8c0c44c816f9a3898ca54cec4534a6045cca50d4625f1fa45dd14192843df8ac
test_p25_campaign_long_session.js	6031	3516de182bae6db04668c77be2dc42ec82e856e9fe90dc7a863671acc701d251
test_p25_campaign_session_core.js	1985	3d71a738da0bf25d9a5ad1785358c9ef295bf4c0c7c31f6124a4836c7cda820d
test_p25_native_campaigninfo.js	3077	589bb82981be6d9f7e40a20ee384cc5cdb94d601fde33d75e1fb49b8e2f46bc2
test_p26_native_campaign_selcountry.js	2837	a56ca5f12884734fde024d7696809be6cd278e6e5f5908d51fe525c344c3512d
test_p26_native_save_presentation.js	1884	e0175ac2290314287affa897c1ed5a7229493408a399cc7cc5623dc57822deea
test_p27_native_achievement.js	2755	a2829fed8cbc371c5cf5f45a97d0c6b06e0e542cc16ce57fc5d47ec3e4e23509
test_p28_native_achievement_exact.js	3511	7463ca73d6de84e88f6cc55aa96e2f0a20d975b1a6060b396359e9d3b870da1f
test_p29_native_conquest_achievement.js	4367	9398897dd4729796346c7f312761b32b578053cc067c594a213e2263074d173d
test_p30_conquest_extinction.js	2344	1870974297c2defe1ca0164a4cd5d993883d24dca009a93b220026a8128a0acc
test_p30_conquest_extinction_matrix.js	2769	41ecbbc07aa223f23773d9f3e036d0fe4b9f3e0ded33aa33c0241a6dbb9ee120
test_p30_conquest_extinction_runtime.js	2444	08d1853904ecfedf5aab0995093501e3d51db3433f6e14196011b0ab2040efb2
test_p30_native_conquest_complete.js	2581	bdb8142ad5f48d4b387c45e34e59423a7dda4e800c9ad2cbb2f44878eec167b6
test_p30_native_country_failure.js	1192	5ade9e9b17107035aee837588b71ef49c4d003ab3dafd863408b2958e7c454a9
test_p30_native_loading.js	1726	02bbf0a9c02a65e13cb1c6212a446837b98ad32492544f255b6ca98ee81e7e80
test_p33_visual_timing_transport.js	1856	7ac03f52a1feb0141c3257ec48d38f6c9b3e9c9a5579cbf9361b9cb15b257f49
test_p34_final_visual_closure.js	3083	1f1d49a7a6cfb9aa2660271b5b0da3dbb085cdad91e6b33d4d150467f1747f1c
test_p35_map_unit_asset_integrity.js	2844	0ad6b087a360f4636ef9a81effb79b76bae5fc1c52de5e6ed0f49d33f8047b5e
test_p35_native_presentation_hardening.js	2391	becabbdbddfe696b62096200d655eef9982e310f88b59204487f4367949f4ffe
test_p36_native_hud_hextend.js	4792	dade7ae539db16f16a8f0488ff26322b474197ed01246a3702f6bdab74e27650
test_p37_native_hud_deweb.js	3027	b0a17edd94a64970f1b4a1c519f1fc3d101fab30ff51de9f77a286f101dd71c4
test_p38_native_hud_baselines.js	1915	8b1edcf1d8339af7d933b97f478636a98b6dda3590ade8f059c23f91370a9266
test_p39_noon_regression_lock.js	4039	7512da7e224a5e1e3cd7accf98ac87f355cf718629800da9bffc52b3018f4f66
test_player_infinite_resources.js	820	4457525063f983b8d2981232bb72814992ccb953b5bf0759fb430f6958a8af96
test_player_overrides.js	994	f9f2c575b71e8019500ab169300d94b5f1316bb3621732671a8aa71276d202bf
test_player_princess_overrides.js	2450	1a6b5e7841d315508bcd7540e0a6689cb76454e8fb482eeda8ece28a0ae67989
test_player_unit_rules.js	1380	0cf6c22205371143e8a5820763643b537fd47e06c191450b749f23ef124c89cf
test_r14_runtime_contract.js	6567	b42ff4810a9089b69ee37fece1f7d2d7426794e48372eff5518934ea4d44f421
test_reinforcement_safety.js	2276	53c46538656365b34dfce952b13772e6a6901d32c516a353e14180659bcd2907
test_round_dialogues.js	1144	2b8db474debe5e4b06fa18325f821c98baf8e94481f97307fbe5018d71889b3d
test_shop_itemstore_contract.js	2094	bb88342714989d7dc6dd15eda1553e5de3f0f3f5b81d8520d785b1672aeb3552
test_stage_turn_limits.js	778	19fa85285e8f81b8a6e1d7e42b3fe8d657750c14d953252fece808a74c5a5576
test_tavern_contract.js	1780	71f75060bec055685e7a0d755a929b7abcbb58e88015808e07a58e443ab8c306
test_ui_contract.js	1574	ff455b468a4501fd417b312ad890471bf70b80cdabdc205091d5298b2150ad9b
tools_generate_native_campaign_targets.py	2621	440e2e8f8d62165649358b71094f5b68637c1f4c2dc6d2201ce010d7b720821e
