93895	APPLIED_DELTAS/EW4_r14-39_POSTHANDOFF10_NATIVE_CONQUEST_UI_DELTA.zip
88934	APPLIED_DELTAS/EW4_r14-39_POSTHANDOFF11_NATIVE_MAIN_HQ_UI_DELTA.zip
64675	APPLIED_DELTAS/EW4_r14-39_POSTHANDOFF1_INFITEM_MGVIS_DELTA.zip
67144	APPLIED_DELTAS/EW4_r14-39_POSTHANDOFF2_ARTILLERY_VIS_DELTA.zip
26936	APPLIED_DELTAS/EW4_r14-39_POSTHANDOFF3_ROCKET_VIS_DELTA.zip
81542	APPLIED_DELTAS/EW4_r14-39_POSTHANDOFF4_NATIVE_CAMERA_LAYER_DELTA.zip
83682	APPLIED_DELTAS/EW4_r14-39_POSTHANDOFF5_NATIVE_HEX_LOWZOOM_DELTA.zip
55058	APPLIED_DELTAS/EW4_r14-39_POSTHANDOFF6_NATIVE_CAMERA_PRESENTATION_DELTA.zip
55799	APPLIED_DELTAS/EW4_r14-39_POSTHANDOFF7_PLAYER_ACTION_CAMERA_FOCUS_DELTA.zip
69954	APPLIED_DELTAS/EW4_r14-39_POSTHANDOFF8_AI_CAMERA_NATIVE_PATH_DELTA.zip
104684	APPLIED_DELTAS/EW4_r14-39_POSTHANDOFF9_VISUAL_UI_DELTA.zip
1197	BUILD_FROM_CODEX_MAC.sh
945	CURRENT_STATUS.json
5116	EW4_FULL_SCOPE_AUDIT_WAVE2_2026-09-11.md
3134	FINAL_VERIFICATION_2026-09-10.md
21004851	FROZEN_R14_38/EW4_Web_Port_v0.61_r14-38_AUSTRIA_ARTILLERY8_ACADEMY_DELTA.zip
139	FROZEN_R14_38/EW4_Web_Port_v0.61_r14-38_AUSTRIA_ARTILLERY8_ACADEMY_DELTA.zip.sha256
1553	FROZEN_R14_38/R14_38_AUSTRIA_ARTILLERY8_AUDIT.md
2566	FROZEN_R14_38/R14_38_FORM_GETGENERAL_AUDIT.md
14247	HANDOFF_CHECKPOINT_2026-09-08_2254.md
5010	HANDOFF_CHECKPOINT_2026-09-09_1535.md
2006	HANDOFF_CHECKPOINT_2026-09-09_1555.md
1602	HANDOFF_CHECKPOINT_2026-09-09_POSTHANDOFF14.md
1918	HANDOFF_CHECKPOINT_2026-09-09_POSTHANDOFF15.md
2700	HANDOFF_CHECKPOINT_2026-09-09_POSTHANDOFF16.md
2487	HANDOFF_CHECKPOINT_2026-09-09_POSTHANDOFF17.md
3522	HANDOFF_CHECKPOINT_2026-09-09_POSTHANDOFF18.md
1429	HANDOFF_CHECKPOINT_2026-09-09_POSTHANDOFF19.md
1449	HANDOFF_CHECKPOINT_2026-09-09_POSTHANDOFF20.md
1567	HANDOFF_CHECKPOINT_2026-09-10_POSTHANDOFF21.md
2015	HANDOFF_CHECKPOINT_2026-09-10_POSTHANDOFF23.md
2992	HANDOFF_CHECKPOINT_2026-09-10_POSTHANDOFF24.md
2463	HANDOFF_CHECKPOINT_2026-09-10_POSTHANDOFF25.md
2646	HANDOFF_CHECKPOINT_2026-09-10_POSTHANDOFF26.md
2705	HANDOFF_CHECKPOINT_2026-09-10_POSTHANDOFF27.md
3239	HANDOFF_CHECKPOINT_2026-09-10_POSTHANDOFF28.md
2790	HANDOFF_CHECKPOINT_2026-09-10_POSTHANDOFF29.md
1180	HANDOFF_CHECKPOINT_2026-09-10_SINGLEPLAYER_FINAL_P30.md
977	HANDOFF_P50.md
1074	HANDOFF_P51.md
1298	HANDOFF_P52.md
1627	HANDOFF_P53.md
2951	HANDOFF_P54.md
3622	HANDOFF_P55.md
783	HANDOFF_P56.md
874	HANDOFF_P57.md
2547	HANDOFF_P58.md
1873	HANDOFF_P59.md
2458	HANDOFF_P60.md
2553	HANDOFF_P61.md
2551	HANDOFF_P62.md
3496	HANDOFF_P63.md
2925	HANDOFF_P64.md
3212	HANDOFF_P65.md
3136	HANDOFF_P66.md
2770	HANDOFF_P67.md
3184	HANDOFF_P68.md
3141	HANDOFF_P69.md
2746	HANDOFF_P70.md
2595	HANDOFF_P71.md
3021	HANDOFF_P72.md
2394	HANDOFF_P73.md
2213	HANDOFF_P74.md
1906	HANDOFF_P75.md
2887	HANDOFF_P76.md
1963	HANDOFF_P77.md
2533	HANDOFF_P78.md
1585	HANDOFF_P79.md
1567	HANDOFF_P80.md
1324	HEAVY_CACHE_OMITTED.md
663	NEXT_MODEL_PROMPT.txt
170168	OMITTED_RUNTIME_PNG_SHA256.txt
528	P21_CAMPAIGN_GUARD_SHA256_POSTHANDOFF23.txt
696	P21_CAMPAIGN_GUARD_SHA256_POSTHANDOFF24.txt
376	P21_CAMPAIGN_GUARD_SHA256_POSTHANDOFF25.txt
376	P21_CAMPAIGN_GUARD_SHA256_POSTHANDOFF26.txt
376	P21_CAMPAIGN_GUARD_SHA256_POSTHANDOFF27.txt
494	P21_CAMPAIGN_GUARD_SHA256_POSTHANDOFF28.txt
500	P21_CAMPAIGN_GUARD_SHA256_POSTHANDOFF29.txt
537	P29_SUPERSEDED_NOTE.md
1712	P32_VISUAL_POLISH_WIP_NOTE.md
3008	P33_VISUAL_TIMING_POLISH_WIP_NOTE.md
157	P34_BINARY_SCAN.json
1623	P34_FINAL_VISUAL_CANDIDATE_NOTE.md
149	P34_REGRESSION_5X.txt
144	P34_SERVICE_WORKER_AUDIT.json
260	P34_SUPERSEDED_NOTE.md
169	P35_BINARY_SCAN.json
2721	P35_FINAL_NATIVE_PRESENTATION_NOTE.md
899	P35_PROTECTED_CORE_HASHES.json
175	P35_REGRESSION_5X.txt
205	P35_SERVICE_WORKER_AUDIT.json
160	P36_BINARY_SCAN.json
103	P36_BINARY_SCAN_PREPACKAGE.json
2690	P36_HANDOFF_NOTE.md
899	P36_PROTECTED_CORE_HASHES.json
1041	P36_QUICK_HANDOFF.txt
56	P36_SERVICE_WORKER_AUDIT.json
160	P37_BINARY_SCAN_PREPACKAGE.json
1815	P37_NATIVE_HUD_DEWEB_WIP_NOTE.md
899	P37_PROTECTED_CORE_HASHES.json
733	P37_QUICK_STATUS.txt
56	P37_SERVICE_WORKER_AUDIT.json
160	P38_BINARY_SCAN_PREPACKAGE.json
1806	P38_NATIVE_HUD_BASELINE_POLISH_WIP_NOTE.md
899	P38_PROTECTED_CORE_HASHES.json
528	P38_QUICK_STATUS.txt
56	P38_SERVICE_WORKER_AUDIT.json
160	P39_BINARY_SCAN_PREPACKAGE.json
16981	P39_CURRENT_STATUS_FROZEN.json
2126	P39_NATIVE_HUD_SAFETY_LOCK_NOTE.md
899	P39_PROTECTED_CORE_HASHES.json
591	P39_QUICK_STATUS.txt
188	P39_SERVICE_WORKER_AUDIT.json
159	P40_BINARY_SCAN_PREPACKAGE.json
35	P40_IOS_SWIFT_PARSE.log
1216	P40_MERGE_REPORT.md
5393	P40_NATIVE_MIGRATION_MATRIX.md
526	P40_NATIVE_RESOURCE_AUDIT_FULL.log
8625	P40_NATIVE_SWIFT_TESTS_33_OF_33_PASS.log
112	P40_P39_BYTE_PRESERVATION.json
14153	P40_P39_FULL_JS_TESTS_126_OF_126_PASS.log
1032	P40_PROTECTED_CORE_HASHES.json
194	P41_BINARY_SCAN_PREPACKAGE.json
0	P41_IOS_SWIFT_PARSE.log
5682	P41_NATIVE_MIGRATION_MATRIX.md
526	P41_NATIVE_RESOURCE_AUDIT_FULL.log
2308	P41_NATIVE_RESULT_CONQUEST_SAVE_NOTE.md
323	P41_P40_SOURCE_PRESERVATION.json
1033	P41_PROTECTED_CORE_HASHES.json
185	P42_BINARY_SCAN_PREPACKAGE.json
172	P42_IOS_SWIFT_PARSE.log
5869	P42_NATIVE_MIGRATION_MATRIX.md
379	P42_NATIVE_RESOURCE_AUDIT.json
2438	P42_NATIVE_ROUND_SETTLEMENT_NOTE.md
683	P42_P41_SOURCE_PRESERVATION.json
406	P42_PROTECTED_CORE_HASHES.json
3459	P43_CODEX_IPA_HANDOFF.md
2423	P43_CODEX_IPA_HANDOFF_VERIFICATION.md
9090	P43_CODEX_JS_REGRESSION.log
21	P43_IOS_SWIFT_PARSE.log
6924	P43_NATIVE_MIGRATION_MATRIX.md
526	P43_NATIVE_RESOURCE_AUDIT_FULL.log
798	P43_P42_PRESERVATION.json
9349	P43_ROOT_BUILD_FAIL_CLOSED_LINUX.log
784677	P43_SOURCE_LEAN_FROZEN_SHA256.tsv
298	P43_VERIFY_PACKAGE.log
298	P43_VERIFY_PACKAGE_FINAL.log
26	P44_IOS_SWIFT_PARSE.log
9082	P44_MATURE_JS_126_PASS.log
4432	P44_NATIVE_MIGRATION_MATRIX.md
4126	P44_NATIVE_REHYDRATION_IMPACT_AI_DRIVER_NOTE.md
526	P44_NATIVE_RESOURCE_AUDIT.log
11106	P44_NATIVE_SWIFT_72_PASS.log
298	P44_P43_PREFLIGHT.log
1447	P44_P43_PRESERVATION_DIFF.json
298	P44_VERIFY_PACKAGE_FINAL.log
0	P45_IOS_SWIFT_PARSE.log
115	P45_IPA_PREFLIGHT_26_PASS.log
9076	P45_MATURE_JS_126_PASS.log
1487	P45_NATIVE_LIVE_ROUND_SETTLEMENT_NOTE.md
526	P45_NATIVE_RESOURCE_AUDIT.log
12763	P45_NATIVE_SWIFT_72_BASELINE_COLD.log
12694	P45_NATIVE_SWIFT_76_PASS.log
982	P45_P44_PRESERVATION_DIFF.json
1707	P46_NATIVE_PLAYER_PROFILE_EQUIPMENT_NOTE.md
1603	P47_BINARY_SCAN_PREPACKAGE.json
22	P47_IOS_SWIFT_PARSE.log
115	P47_IPA_PREFLIGHT_26_PASS.log
9076	P47_MATURE_JS_126_PASS.log
2658	P47_NATIVE_ENVIRONMENT_GROWTH_EVENTS_NOTE.md
1497	P47_NATIVE_MIGRATION_MATRIX.md
379	P47_NATIVE_RESOURCE_AUDIT.log
3074	P47_NATIVE_SWIFT_118_PASS.log
1646	P47_P46_PRESERVATION_DIFF.json
306	P47_VERIFY_PACKAGE_FINAL.log
15	P48_ALL_SWIFT_PARSE_90_PASS.log
278	P48_BINARY_SCAN_PREPACKAGE.json
1751	P48_NATIVE_MIGRATION_MATRIX.md
1660	P48_NATIVE_ORIGINAL_FORMS_NOTE.md
526	P48_NATIVE_RESOURCE_AUDIT_FULL.log
23725	P48_NATIVE_SWIFT_TESTS_138_OF_138_PASS.log
9076	P48_P39_FULL_JS_TESTS_126_OF_126_PASS.log
1720	P48_P47_PRESERVATION_DIFF.json
306	P48_PACKAGE_PREFLIGHT_PASS.log
19962	P49_ALL_SWIFT_PARSE_101_PASS.log
226	P49_BINARY_SCAN_PREPACKAGE.json
2466	P49_NATIVE_CAMPAIGN_CONQUEST_OUTER_FLOW_NOTE.md
115	P49_NATIVE_IPA_PREFLIGHT_26_OF_26_PASS.log
1812	P49_NATIVE_MIGRATION_MATRIX.md
526	P49_NATIVE_RESOURCE_AUDIT_FULL.log
25531	P49_NATIVE_SWIFT_TESTS_163_OF_163_PASS.log
26552	P49_NATIVE_TEST_LIST_163.txt
385	P49_NATIVE_TEST_SUMMARY.json
14657	P49_P39_FULL_JS_TESTS_126_OF_126_PASS.log
1653	P49_P48_PRESERVATION_DIFF.json
306	P49_PACKAGE_VERIFY_PASS.log
22024	P50_ALL_SWIFT_PARSE_PASS.log
103	P50_BINARY_SCAN_PREPACKAGE.json
9066	P50_MATURE_JS_126_PASS.log
115	P50_NATIVE_IPA_PREFLIGHT_26_OF_26_PASS.log
3912	P50_NATIVE_IPA_PREFLIGHT_REPORT.json
913	P50_NATIVE_ORIGINAL_SHELL_NOTE.md
526	P50_NATIVE_RESOURCE_AUDIT_FULL.log
44423	P50_NATIVE_SWIFT_TESTS_175_OF_175_PASS.log
27504	P50_NATIVE_SWIFT_TESTS_FULL.log
13382	P50_NATIVE_SWIFT_TEST_LIST.log
9050	P50_P39_FULL_JS_TESTS_126_OF_126_PASS.log
1651	P50_P49_PRESERVATION_DIFF.json
306	P50_PACKAGE_VERIFY_PASS.log
306	P50_VERIFY_PACKAGE_PASS.log
33	P51_ALL_SWIFT_PARSE_112_OF_112_PASS.log
13	P51_JS_126_OF_126_PASS.log
1310	P51_NATIVE_HQ_GENERAL_PRINCESS_NOTE.md
526	P51_NATIVE_RESOURCE_AUDIT.log
29823	P51_NATIVE_SWIFT_TESTS_178_OF_178_PASS.log
816	P51_P50_CHANGE_SCOPE.json
19	P52_ALL_SWIFT_PARSE_116_OF_116_PASS.log
58	P52_BINARY_SCAN_PREPACKAGE.json
73	P52_ITEM_ICON_AUDIT.json
9090	P52_JS_126_OF_126_PASS.log
2145	P52_NATIVE_HQ_SHOP_ACADEMY_NOTE.md
115	P52_NATIVE_IPA_PREFLIGHT_26_OF_26_PASS.log
3899	P52_NATIVE_IPA_PREFLIGHT_REPORT.json
526	P52_NATIVE_RESOURCE_AUDIT_FULL.log
46581	P52_NATIVE_SWIFT_TESTS_183_OF_183_PASS.log
2167	P52_P51_CHANGE_SCOPE.json
66	P52_SOURCE_LEAN_FREEZE_PASS.log
306	P52_VERIFY_PACKAGE_PASS.log
21	P53_ALL_SWIFT_PARSE_127_OF_127_PASS.log
122	P53_BINARY_SCAN_PREPACKAGE.json
9090	P53_JS_126_OF_126_PASS.log
1416	P53_NATIVE_HQ_MANAGEMENT_TAVERN_NOTE.md
115	P53_NATIVE_IPA_PREFLIGHT_26_OF_26_PASS.log
3904	P53_NATIVE_IPA_PREFLIGHT_REPORT.json
526	P53_NATIVE_RESOURCE_AUDIT_FULL.log
32499	P53_NATIVE_SWIFT_TESTS_191_OF_191_PASS.log
1746	P53_P52_CHANGE_SCOPE.json
66	P53_SOURCE_LEAN_FREEZE_PASS.log
306	P53_VERIFY_PACKAGE_PASS.log
94	P54_BINARY_ARCHIVE_AUDIT.json
13	P54_FINAL_CLEANLINESS.txt
115	P54_IPA_PREFLIGHT.log
115	P54_IPA_PREFLIGHT_FINAL.log
9090	P54_JS_REGRESSION.log
9090	P54_JS_REGRESSION_FINAL.log
33862	P54_NATIVE_CORE_FIRST_PASS.log
34234	P54_NATIVE_FULL_TEST.log
526	P54_NATIVE_RESOURCE_AUDIT_FINAL.log
526	P54_NATIVE_RESOURCE_AUDIT_FULL.log
1516	P54_NATIVE_TUTORIAL_OPTIONS_AUDIO_NOTE.md
33377	P54_NATIVE_ZERO_CACHE_TEST.log
969	P54_P53_DIFF_AUDIT.txt
66	P54_SOURCE_LEAN_FREEZE.log
66	P54_SOURCE_LEAN_FREEZE_FINAL.log
38	P54_SWIFT_PARSE_ALL.log
38	P54_SWIFT_PARSE_ALL_FINAL.log
306	P54_VERIFY_PACKAGE_PASS.log
109	P55_BINARY_SCAN_PREPACKAGE.json
3619	P55_NATIVE_ACTION_STRIP_NOTE.md
526	P55_NATIVE_RESOURCE_AUDIT.json
3658	P55_P54_REVERSE_SHA_AUDIT.json
13	P55_SWIFT_PARSE.log
306	P55_VERIFY_PACKAGE.log
306	P55_VERIFY_PACKAGE_FINAL.log
109	P56_BINARY_SCAN_PREPACKAGE.json
86134	P56_CAMERA_MOTOR_TARGETED.log
115	P56_IPA_PREFLIGHT.log
89192	P56_JS_126.log
15541	P56_JS_126_CORRECT_CWD.log
1767	P56_NATIVE_CAMERA_MOTOR_NOTE.md
379	P56_NATIVE_RESOURCE_AUDIT.json
37313	P56_NATIVE_SWIFT_216_PASS.log
480	P56_P55_REVERSE_SHA_AUDIT.json
66	P56_SOURCE_LEAN_VERIFY.log
0	P56_SWIFT_PARSE_FAILURES.log
38	P56_SWIFT_PARSE_SUMMARY.log
306	P56_VERIFY_PACKAGE_FINAL.log
1607	P57_BINARY_ARCHIVE_AUDIT.json
3896	P57_IPA_PREFLIGHT.json
3903	P57_IPA_PREFLIGHT_FINAL.json
115	P57_IPA_PREFLIGHT_FINAL.log
9063	P57_JS_126_OF_126_PASS.log
1537	P57_NATIVE_ACTION_CAMERA_FOCUS_NOTE.md
38083	P57_NATIVE_FULL_TEST_221_OF_221_PASS.log
526	P57_NATIVE_RESOURCE_AUDIT.log
526	P57_NATIVE_RESOURCE_AUDIT_FINAL.log
58297	P57_NATIVE_ZERO_CACHE_FULL_221_OF_221_PASS.log
945	P57_P56_FINAL_REVERSE_SHA_AUDIT.json
569	P57_P56_REVERSE_SHA_AUDIT.json
66	P57_SOURCE_LEAN_VERIFY.log
66	P57_SOURCE_LEAN_VERIFY_FINAL.log
38	P57_SWIFT_PARSE_164_OF_164_PASS.log
38	P57_SWIFT_PARSE_FINAL.log
306	P57_VERIFY_PACKAGE_FINAL.log
35	P58_BINARY_CACHE_SCAN.log
1052	P58_FAST_FORWARD_TARGETED_3_OF_3_PASS.log
115	P58_IPA_PREFLIGHT_FINAL.log
9063	P58_JS_126_OF_126_PASS.log
1106	P58_NATIVE_AI_FAST_FORWARD_NOTE.md
38337	P58_NATIVE_FULL_TEST_224_OF_224_PASS.log
975	P58_P57_REVERSE_SHA_AUDIT.json
38	P58_SWIFT_PARSE_ACTUAL_SOURCE.log
422	P58_VERIFY_PACKAGE_FINAL.log
1607	P59_BINARY_ARCHIVE_AUDIT.json
9063	P59_JS_126_OF_126_PASS.log
59456	P59_NATIVE_FULL_TEST_228_OF_228_PASS.log
505	P59_NATIVE_RESOURCE_AUDIT.log
2339	P59_NATIVE_SCENESHOP_SCROLL_NOTE.md
1189	P59_P58_REVERSE_SHA_AUDIT.json
79	P59_SCOPE_GUARD.log
66	P59_SOURCE_LEAN_VERIFY.log
13	P59_SWIFT_PARSE_164_OF_164_PASS.log
422	P59_VERIFY_PACKAGE_FINAL.log
1608	P60_BINARY_ARCHIVE_AUDIT.json
115	P60_IPA_PREFLIGHT_FINAL.log
9063	P60_JS_126_OF_126_PASS.log
39524	P60_NATIVE_FULL_TEST.log
39524	P60_NATIVE_FULL_TEST_230_OF_230_PASS.log
1868	P60_NATIVE_RECRUIT_FORM_PARITY_NOTE.md
526	P60_NATIVE_RESOURCE_AUDIT.log
1232	P60_P59_REVERSE_SHA_AUDIT.json
2169	P60_RECRUIT_ART_PATH_AUDIT.log
79	P60_SCOPE_GUARD.log
66	P60_SOURCE_LEAN_VERIFY.log
10082	P60_SWIFT_PARSE_164_OF_164_PASS.log
418	P60_VERIFY_PACKAGE_FINAL.log
212	P61_BINARY_ARCHIVE_AUDIT.json
115	P61_IPA_PREFLIGHT_FINAL.log
9063	P61_JS_126_OF_126_PASS.log
2069	P61_NATIVE_BATTLE_AUX_FORMS_NOTE.md
39907	P61_NATIVE_FULL_TEST_233_OF_233_PASS.log
505	P61_NATIVE_RESOURCE_AUDIT.log
1344	P61_P60_REVERSE_SHA_AUDIT.json
80	P61_SCOPE_GUARD.log
23	P61_SCRIPT_SYNTAX.log
66	P61_SOURCE_LEAN_VERIFY.log
46	P61_SWIFT_PARSE_166_OF_166_PASS.log
35	P61_SWIFT_PARSE_ALL_168_OF_168_PASS.log
493	P61_VERIFY_PACKAGE_FINAL.log
211	P62_BINARY_ARCHIVE_AUDIT.json
850	P62_DEFENSE_ART_7_OF_7_SHA_MATCH.log
115	P62_IPA_PREFLIGHT_FINAL.log
46	P62_JS_126_OF_126_PASS.log
2263	P62_NATIVE_DEFENSE_ART_NOTE.md
40421	P62_NATIVE_FULL_TEST_236_OF_236_PASS.log
526	P62_NATIVE_RESOURCE_AUDIT.log
1289	P62_P61_REVERSE_SHA_AUDIT.json
80	P62_SCOPE_GUARD.log
19	P62_SCRIPT_SYNTAX.log
66	P62_SOURCE_LEAN_VERIFY.log
34	P62_SWIFT_PARSE_167_OF_167_PASS.log
35	P62_SWIFT_PARSE_ALL_169_OF_169_PASS.log
423	P62_VERIFY_PACKAGE_FINAL.log
885	P63_CN_RUNTIME_STRING_TRIAGE.md
9104	P63_JS_126_OF_126_PASS.log
2141	P63_NATIVE_CN_STRING_FIDELITY_NOTE.md
41031	P63_NATIVE_FULL_TEST_240_OF_240_PASS.log
526	P63_NATIVE_RESOURCE_AUDIT.log
423	P63_PACKAGE_VERIFY.log
22746	P63_STRING_FIDELITY_TARGETED_4_OF_4_PASS.log
12279	P63_SWIFT_PARSE_ALL.log
10367	P63_SWIFT_PARSE_NATIVECORE.log
212	P64_BINARY_ARCHIVE_AUDIT.json
9104	P64_JS_126_OF_126_PASS.log
2227	P64_NATIVE_BATTLE_MODAL_CN_FIDELITY_NOTE.md
13964	P64_NATIVE_FULL_TEST_243_OF_243_PASS.log
379	P64_NATIVE_RESOURCE_AUDIT.log
1188	P64_P63_REVERSE_SHA_AUDIT.json
423	P64_PACKAGE_VERIFY.log
100	P64_SWIFT_PARSE.log
102	P65_BINARY_ARCHIVE_AUDIT.json
115	P65_IPA_PREFLIGHT.log
9078	P65_JS_126_OF_126_PASS.log
42000	P65_NATIVE_FULL_TEST.log
859	P65_NATIVE_OUTER_HQ_CN_FIDELITY_NOTE.md
526	P65_NATIVE_RESOURCE_AUDIT.log
1032	P65_P64_REVERSE_SHA_AUDIT.json
80	P65_SCOPE_GUARD.log
19	P65_SCRIPT_SYNTAX.log
66	P65_SOURCE_LEAN_VERIFY.log
31	P65_SWIFT_PARSE_ALL.log
49	P65_SWIFT_PARSE_SUMMARY.log
22801	P65_TARGETED_TEST.log
423	P65_VERIFY_PACKAGE_FINAL.log
175	P66_BINARY_ARCHIVE_AUDIT.json
9084	P66_JS_126_OF_126_PASS.log
42516	P66_NATIVE_FULL_TEST.log
526	P66_NATIVE_RESOURCE_AUDIT.log
1967	P66_NATIVE_TUTORIAL_REGROUP_CN_FIDELITY_NOTE.md
903	P66_P65_REVERSE_SHA_AUDIT.json
423	P66_PACKAGE_VERIFY_PRELABEL.log
115	P66_SWIFT_PARSE.log
23151	P66_TARGETED_TEST_4_OF_4_PASS.log
423	P66_VERIFY_PACKAGE_FINAL.log
131	P67_BINARY_ARCHIVE_AUDIT.json
115	P67_IPA_PREFLIGHT.log
9084	P67_JS_126_OF_126_PASS.log
43013	P67_NATIVE_FULL_TEST_253_OF_253_PASS.log
1496	P67_NATIVE_PLAYNOTICE_SCROLL_NOTE.md
526	P67_NATIVE_RESOURCE_AUDIT.log
2022	P67_P66_REVERSE_SHA_AUDIT.json
80	P67_SCOPE_GUARD.log
66	P67_SOURCE_LEAN_FROZEN.log
12658	P67_SWIFT_PARSE_ALL_175_OF_175_PASS.log
10686	P67_SWIFT_PARSE_NATIVECORE_173_OF_173_PASS.log
23229	P67_TARGETED_TEST_3_OF_3_PASS.log
423	P67_VERIFY_PACKAGE_FINAL.log
131	P68_BINARY_ARCHIVE_AUDIT.json
87	P68_EQUIPMENT_ART_COVERAGE.log
115	P68_IPA_PREFLIGHT.log
9084	P68_JS_126_OF_126_PASS.log
43507	P68_NATIVE_FULL_TEST_256_OF_256_PASS.log
753	P68_NATIVE_REGROUP_CONFIRM_PREVIEW_NOTE.md
526	P68_NATIVE_RESOURCE_AUDIT.log
1778	P68_P67_REVERSE_SHA_AUDIT.json
80	P68_SCOPE_GUARD.log
66	P68_SOURCE_LEAN_FROZEN.log
12726	P68_SWIFT_PARSE_ALL_176_OF_176_PASS.log
10743	P68_SWIFT_PARSE_NATIVECORE_174_OF_174_PASS.log
8824	P68_TARGETED_TEST_3_OF_3_PASS.log
423	P68_VERIFY_PACKAGE_FINAL.log
423	P68_VERIFY_PACKAGE_PRELABEL.log
131	P69_BINARY_ARCHIVE_AUDIT.json
9091	P69_MATURE_JS_126_OF_126_PASS.log
43971	P69_NATIVE_FULL_TEST_259_OF_259_PASS.log
1997	P69_NATIVE_MAIN_REGROUP_PARITY_NOTE.md
526	P69_NATIVE_RESOURCE_AUDIT.log
513	P69_P68_REVERSE_SHA_AUDIT.json
18646	P69_SWIFT_PARSE_ALL.log
10811	P69_SWIFT_PARSE_NATIVECORE.log
423	P69_VERIFY_PACKAGE_FINAL.log
423	P69_VERIFY_PACKAGE_PRELABEL.log
119	P70_BINARY_ARCHIVE_AUDIT.json
4419	P70_DEPLOYITEM_ASSET_AUDIT.json
9076	P70_JS_126_OF_126_PASS.log
2754	P70_NATIVE_DEPLOYITEM_PARITY_NOTE.md
44567	P70_NATIVE_FULL_TEST.log
526	P70_NATIVE_RESOURCE_AUDIT.log
921	P70_P69_REVERSE_SHA_AUDIT.json
26	P70_SWIFT_PARSE_ALL_NATIVE.log
26	P70_SWIFT_PARSE_NATIVECORE.log
423	P70_VERIFY_PACKAGE_FINAL.log
423	P70_VERIFY_PACKAGE_PRELABEL.log
120	P71_BINARY_ARCHIVE_AUDIT.json
1153	P71_GENERAL_UPGRADE_ASSET_AUDIT.json
9089	P71_MATURE_WEB_126_OF_126_PASS.log
45210	P71_NATIVE_FULL_TEST.log
3324	P71_NATIVE_GENERAL_UPGRADE_NOTE.md
526	P71_NATIVE_RESOURCE_AUDIT.log
1365	P71_P70_REVERSE_SHA_AUDIT.json
13	P71_SWIFT_PARSE_ALL_NATIVE.log
13	P71_SWIFT_PARSE_NATIVECORE.log
423	P71_VERIFY_PACKAGE_FINAL.log
423	P71_VERIFY_PACKAGE_PRELABEL.log
111	P72_BINARY_ARCHIVE_AUDIT.json
9050	P72_MATURE_WEB_126_OF_126_PASS.log
1177	P72_NATIVE_ACHIEVEMENT_ROUTE_NOTE.md
45885	P72_NATIVE_FULL_TEST.log
526	P72_NATIVE_RESOURCE_AUDIT.log
841	P72_P71_REVERSE_SHA_AUDIT.json
45	P72_SWIFT_PARSE_ALL_NATIVE.log
45	P72_SWIFT_PARSE_NATIVECORE.log
423	P72_VERIFY_PACKAGE_FINAL.log
112	P73_BINARY_ARCHIVE_AUDIT.json
171	P73_BINARY_ARCHIVE_AUDIT_PRE_CLEAN.json
9067	P73_MATURE_WEB_126_OF_126_PASS.log
2458	P73_NATIVE_CAMPAIGNINFO_ROUTE_NOTE.md
46557	P73_NATIVE_FULL_TEST.log
526	P73_NATIVE_RESOURCE_AUDIT.log
656	P73_P72_REVERSE_SHA_AUDIT.json
44	P73_SWIFT_PARSE_ALL.log
44	P73_SWIFT_PARSE_NATIVECORE.log
2095	P73_TARGETED_TEST.log
423	P73_VERIFY_PACKAGE_FINAL.log
423	P73_VERIFY_PACKAGE_PRELABEL.log
119	P74_BINARY_CLEANLINESS_AUDIT.json
25350	P74_DIRECTED_TEST.log
9076	P74_MATURE_JS_126_PASS.log
47174	P74_NATIVE_FULL_TEST.log
2802	P74_NATIVE_RECRUITGENERAL_FORM_NOTE.md
526	P74_NATIVE_RESOURCE_AUDIT.log
423	P74_PACKAGE_VERIFY_FINAL.log
423	P74_PACKAGE_VERIFY_PRELABEL.log
674	P74_REVERSE_SHA_AUDIT.json
13503	P74_SWIFT_PARSE_ALL.log
11410	P74_SWIFT_PARSE_NATIVECORE.log
120	P75_BINARY_CLEANLINESS_AUDIT.json
9076	P75_MATURE_JS_126_PASS.log
2137	P75_NATIVE_DEPLOYGENERAL_PRINCESS_NOTE.md
47807	P75_NATIVE_FULL_TEST.log
526	P75_NATIVE_RESOURCE_AUDIT.log
423	P75_PACKAGE_VERIFY_FINAL.log
760	P75_REVERSE_SHA_AUDIT.json
26	P75_SWIFT_PARSE_ALL.log
26	P75_SWIFT_PARSE_NATIVECORE.log
1771	P75_TARGETED_TEST.log
137	P76_BINARY_CLEANLINESS_AUDIT.json
9234	P76_FORM_ROUTE_CENSUS.json
6357	P76_FORM_ROUTE_CENSUS.md
9076	P76_MATURE_JS_126_PASS.log
72739	P76_NATIVE_FULL_TEST.log
526	P76_NATIVE_RESOURCE_AUDIT.log
655	P76_P75_PRODUCT_ZERO_DIFF_AUDIT.json
423	P76_PACKAGE_VERIFY_FINAL.log
26	P76_SWIFT_PARSE_ALL.log
26	P76_SWIFT_PARSE_NATIVECORE.log
1816	P76_XCODE_CANDIDATE_READINESS_NOTE.md
163	P77_BINARY_CLEANLINESS_AUDIT.json
9076	P77_MATURE_JS_126_PASS.log
47750	P77_NATIVE_FULL_TEST.log
526	P77_NATIVE_RESOURCE_AUDIT.log
577	P77_P76_PRODUCT_ZERO_DIFF_AUDIT.json
13	P77_SWIFT_PARSE_ALL.log
13	P77_SWIFT_PARSE_NATIVECORE.log
711	P77_TO_P78_REVERSE_SHA_AUDIT.json
518	P77_VERIFY_PACKAGE_FINAL.log
2316	P77_XCODE_HANDOFF_HARDENING_NOTE.md
162	P78_BINARY_CLEANLINESS_AUDIT.json
4759	P78_MAP_UNIT_TRANSPORT_CLOSURE_NOTE.md
13714	P78_MAP_UNIT_VISUAL_AUDIT.json
384	P78_MAP_UNIT_VISUAL_AUDIT.log
8587	P78_MAP_UNIT_VISUAL_AUDIT.py
9078	P78_MATURE_WEB_126_OF_126_PASS.log
48322	P78_NATIVE_FULL_TEST.log
505	P78_NATIVE_RESOURCE_AUDIT.log
518	P78_PACKAGE_VERIFY.log
88	P78_SWIFT_PARSE.log
877	P78_TO_P79_REVERSE_SHA_AUDIT.json
118	P79_BINARY_CLEANLINESS_AUDIT.json
1140	P79_FINAL_PACKAGE_VERIFY.log
231116	P79_MAP_UNIT_DYNAMIC_OVERLAY_AUDIT.json
572	P79_MAP_UNIT_DYNAMIC_OVERLAY_AUDIT.log
13693	P79_MAP_UNIT_DYNAMIC_OVERLAY_AUDIT.py
9076	P79_MATURE_WEB_126_OF_126_PASS.log
2126	P79_NATIVE_BATTLE_OVERLAY_CLOSURE_NOTE.md
49123	P79_NATIVE_FULL_TEST_291_OF_291_PASS.log
526	P79_NATIVE_RESOURCE_AUDIT.log
1140	P79_PACKAGE_VERIFY.log
68	P79_SWIFT_PARSE.log
111	P80_BINARY_CLEANLINESS_AUDIT.json
1163	P80_FINAL_PACKAGE_VERIFY.log
231638	P80_MAP_UNIT_DYNAMIC_STATE_AUDIT.json
597	P80_MAP_UNIT_DYNAMIC_STATE_AUDIT.log
14988	P80_MAP_UNIT_DYNAMIC_STATE_AUDIT.py
9076	P80_MATURE_WEB_126_OF_126_PASS.log
721	P80_NATIVE_FIRE_PRESENTATION_CLOSURE_NOTE.md
49766	P80_NATIVE_FULL_TEST.log
526	P80_NATIVE_RESOURCE_AUDIT.log
1265	P80_P79_REVERSE_SHA_AUDIT.json
1163	P80_PACKAGE_VERIFY.log
64	P80_SWIFT_PARSE.log
52	P80_XCODE_CANDIDATE_STATIC_GATE.log
515	PORT_ONLY_NOTICE.md
1358	R14_39_MUSIC4_DELTA.md
3790	REFERENCE/machinegun_finish_fix/Machine_Gun_1/manifest.json
344487	REFERENCE/machinegun_finish_fix/Machine_Gun_1/runtime_sheet.png
4123	REFERENCE/machinegun_finish_fix/Machine_Gun_2/manifest.json
468449	REFERENCE/machinegun_finish_fix/Machine_Gun_2/runtime_sheet.png
3794	REFERENCE/machinegun_finish_fix/Machine_Gun_aus_1/manifest.json
350704	REFERENCE/machinegun_finish_fix/Machine_Gun_aus_1/runtime_sheet.png
4127	REFERENCE/machinegun_finish_fix/Machine_Gun_aus_2/manifest.json
476307	REFERENCE/machinegun_finish_fix/Machine_Gun_aus_2/runtime_sheet.png
3794	REFERENCE/machinegun_finish_fix/Machine_Gun_fra_1/manifest.json
346814	REFERENCE/machinegun_finish_fix/Machine_Gun_fra_1/runtime_sheet.png
4127	REFERENCE/machinegun_finish_fix/Machine_Gun_fra_2/manifest.json
470944	REFERENCE/machinegun_finish_fix/Machine_Gun_fra_2/runtime_sheet.png
3794	REFERENCE/machinegun_finish_fix/Machine_Gun_gbr_1/manifest.json
353481	REFERENCE/machinegun_finish_fix/Machine_Gun_gbr_1/runtime_sheet.png
4127	REFERENCE/machinegun_finish_fix/Machine_Gun_gbr_2/manifest.json
480046	REFERENCE/machinegun_finish_fix/Machine_Gun_gbr_2/runtime_sheet.png
3794	REFERENCE/machinegun_finish_fix/Machine_Gun_pru_1/manifest.json
341133	REFERENCE/machinegun_finish_fix/Machine_Gun_pru_1/runtime_sheet.png
4126	REFERENCE/machinegun_finish_fix/Machine_Gun_pru_2/manifest.json
462853	REFERENCE/machinegun_finish_fix/Machine_Gun_pru_2/runtime_sheet.png
3794	REFERENCE/machinegun_finish_fix/Machine_Gun_rus_1/manifest.json
342745	REFERENCE/machinegun_finish_fix/Machine_Gun_rus_1/runtime_sheet.png
4127	REFERENCE/machinegun_finish_fix/Machine_Gun_rus_2/manifest.json
464825	REFERENCE/machinegun_finish_fix/Machine_Gun_rus_2/runtime_sheet.png
3794	REFERENCE/machinegun_finish_fix/Machine_Gun_spa_1/manifest.json
339701	REFERENCE/machinegun_finish_fix/Machine_Gun_spa_1/runtime_sheet.png
4127	REFERENCE/machinegun_finish_fix/Machine_Gun_spa_2/manifest.json
460475	REFERENCE/machinegun_finish_fix/Machine_Gun_spa_2/runtime_sheet.png
3794	REFERENCE/machinegun_finish_fix/Machine_Gun_tur_1/manifest.json
341502	REFERENCE/machinegun_finish_fix/Machine_Gun_tur_1/runtime_sheet.png
4127	REFERENCE/machinegun_finish_fix/Machine_Gun_tur_2/manifest.json
463656	REFERENCE/machinegun_finish_fix/Machine_Gun_tur_2/runtime_sheet.png
3794	REFERENCE/machinegun_finish_fix/Machine_Gun_usa_1/manifest.json
355994	REFERENCE/machinegun_finish_fix/Machine_Gun_usa_1/runtime_sheet.png
4127	REFERENCE/machinegun_finish_fix/Machine_Gun_usa_2/manifest.json
484162	REFERENCE/machinegun_finish_fix/Machine_Gun_usa_2/runtime_sheet.png
454751	REFERENCE/maptext.png
14425	REFERENCE/maptext.xml
6163	REFERENCE/maptextpos_america.xml
14809	REFERENCE/maptextpos_europe.xml
62723	REFERENCE/mg_old_new_compare.png
935	SCOPE_CLEAN_PACKAGE_NOTE_2026-09-11.md
7267	SINGLEPLAYER_FINAL_README_2026-09-10.md
53181	SOURCE_LEAN/EW4_Web_Port_v0.61/CHANGELOG_0.61.md
3641	SOURCE_LEAN/EW4_Web_Port_v0.61/CHECKPOINT_RECOVERED_0.61.md
3509	SOURCE_LEAN/EW4_Web_Port_v0.61/COUNTRY_TURN_LEDGER_AUDIT_0.61.md
2005	SOURCE_LEAN/EW4_Web_Port_v0.61/EFFECTIVE_UI_VALUE_AUDIT_R14_39.md
2465	SOURCE_LEAN/EW4_Web_Port_v0.61/ITEMSTORE_NATIVE_AUDIT_R14.md
2011	SOURCE_LEAN/EW4_Web_Port_v0.61/MAINLINE_RECONSTRUCTION_R14_15.md
2263	SOURCE_LEAN/EW4_Web_Port_v0.61/NATIVE_ACADEMY_CONTROLLER_AUDIT_R14_39.md
3525	SOURCE_LEAN/EW4_Web_Port_v0.61/NATIVE_ACTION_AUDIO_AUDIT_R14_39.md
1404	SOURCE_LEAN/EW4_Web_Port_v0.61/NATIVE_AUDIO_INVENTORY_AUDIT_R14_39.md
2357	SOURCE_LEAN/EW4_Web_Port_v0.61/NATIVE_BATTLE_MUSIC_AUDIT_R14_39.md
3565	SOURCE_LEAN/EW4_Web_Port_v0.61/NATIVE_CONSTRUCTION_ECONOMY_DEFENSE_AUDIT_R14_39.md
1757	SOURCE_LEAN/EW4_Web_Port_v0.61/NATIVE_EFFECT_AUDIO_TIMELINE_AUDIT_R14_39.md
1586	SOURCE_LEAN/EW4_Web_Port_v0.61/NATIVE_MOTION_SPEED_AUDIT_R14_39.md
3193	SOURCE_LEAN/EW4_Web_Port_v0.61/NATIVE_MOVEMENT_EFFECT_AUDIT_R14_39.md
1199	SOURCE_LEAN/EW4_Web_Port_v0.61/NATIVE_OPTION_AUDIO_AUDIT_R14_39.md
1992	SOURCE_LEAN/EW4_Web_Port_v0.61/NATIVE_RESULT_UI_AUDIO_AUDIT_R14_39.md
3506	SOURCE_LEAN/EW4_Web_Port_v0.61/NATIVE_SIMPLE_PARTICLE_RUNTIME_AUDIT_R14_39.md
2177	SOURCE_LEAN/EW4_Web_Port_v0.61/NATIVE_TIMED_BATTLE_SFX_AUDIT_R14_39.md
2679	SOURCE_LEAN/EW4_Web_Port_v0.61/NATIVE_USEITEM_RECOVER_AUDIT_R14_39.md
1948	SOURCE_LEAN/EW4_Web_Port_v0.61/P36_NATIVE_HUD_ASSET_GEOMETRY.json
1805	SOURCE_LEAN/EW4_Web_Port_v0.61/PLAYER_GENERAL_RULES_0.61.md
2960	SOURCE_LEAN/EW4_Web_Port_v0.61/PLAYER_MOD_LOCKS_R14_39_2026-09-08.md
1622	SOURCE_LEAN/EW4_Web_Port_v0.61/POST_HANDOFF_R14_39_PATCH1.md
1415	SOURCE_LEAN/EW4_Web_Port_v0.61/POST_HANDOFF_R14_39_PATCH2.md
1423	SOURCE_LEAN/EW4_Web_Port_v0.61/POST_HANDOFF_R14_39_PATCH3.md
3576	SOURCE_LEAN/EW4_Web_Port_v0.61/R14_16_FRANCE_ANIM_FORMS_AUDIT.md
2249	SOURCE_LEAN/EW4_Web_Port_v0.61/R14_17_BRITAIN_ANIM_AUDIT.md
2351	SOURCE_LEAN/EW4_Web_Port_v0.61/R14_18_RUSSIA_ANIM_AUDIT.md
2404	SOURCE_LEAN/EW4_Web_Port_v0.61/R14_19_MACHINEGUN_COMPLETENESS_AUDIT.md
4153	SOURCE_LEAN/EW4_Web_Port_v0.61/R14_20_ORIGINAL_RECRUIT_TREE_AND_AUSTRIA_AUDIT.md
2534	SOURCE_LEAN/EW4_Web_Port_v0.61/R14_21_PRUSSIA_INFANTRY17_AUDIT.md
3227	SOURCE_LEAN/EW4_Web_Port_v0.61/R14_22_OTTOMAN_INFANTRY17_AUDIT.md
2139	SOURCE_LEAN/EW4_Web_Port_v0.61/R14_23_SPAIN_INFANTRY17_AUDIT.md
2047	SOURCE_LEAN/EW4_Web_Port_v0.61/R14_24_USA_INFANTRY17_AUDIT.md
4069	SOURCE_LEAN/EW4_Web_Port_v0.61/R14_25_GENERIC_CAVALRY8_AUDIT.md
37059	SOURCE_LEAN/EW4_Web_Port_v0.61/R14_25_GENERIC_CAVALRY8_SOURCE_MANIFEST.json
4041	SOURCE_LEAN/EW4_Web_Port_v0.61/R14_26_FRANCE_CAVALRY8_AUDIT.md
37263	SOURCE_LEAN/EW4_Web_Port_v0.61/R14_26_FRANCE_CAVALRY8_SOURCE_MANIFEST.json
3499	SOURCE_LEAN/EW4_Web_Port_v0.61/R14_27_BRITAIN_CAVALRY8_AUDIT.md
152857	SOURCE_LEAN/EW4_Web_Port_v0.61/R14_27_BRITAIN_CAVALRY8_SOURCE_MANIFEST.json
3495	SOURCE_LEAN/EW4_Web_Port_v0.61/R14_28_RUSSIA_CAVALRY8_AUDIT.md
37263	SOURCE_LEAN/EW4_Web_Port_v0.61/R14_28_RUSSIA_CAVALRY8_SOURCE_MANIFEST.json
3519	SOURCE_LEAN/EW4_Web_Port_v0.61/R14_29_AUSTRIA_CAVALRY8_AUDIT.md
37348	SOURCE_LEAN/EW4_Web_Port_v0.61/R14_29_AUSTRIA_CAVALRY8_SOURCE_MANIFEST.json
3527	SOURCE_LEAN/EW4_Web_Port_v0.61/R14_30_PRUSSIA_CAVALRY8_AUDIT.md
37359	SOURCE_LEAN/EW4_Web_Port_v0.61/R14_30_PRUSSIA_CAVALRY8_SOURCE_MANIFEST.json
3535	SOURCE_LEAN/EW4_Web_Port_v0.61/R14_31_OTTOMAN_CAVALRY8_AUDIT.md
37359	SOURCE_LEAN/EW4_Web_Port_v0.61/R14_31_OTTOMAN_CAVALRY8_SOURCE_MANIFEST.json
3096	SOURCE_LEAN/EW4_Web_Port_v0.61/R14_32_SPAIN_CAVALRY8_AUDIT.md
37360	SOURCE_LEAN/EW4_Web_Port_v0.61/R14_32_SPAIN_CAVALRY8_SOURCE_MANIFEST.json
3630	SOURCE_LEAN/EW4_Web_Port_v0.61/R14_33_USA_CAVALRY8_AUDIT.md
37263	SOURCE_LEAN/EW4_Web_Port_v0.61/R14_33_USA_CAVALRY8_SOURCE_MANIFEST.json
3906	SOURCE_LEAN/EW4_Web_Port_v0.61/R14_34_GENERIC_ARTILLERY8_AUDIT.md
32059	SOURCE_LEAN/EW4_Web_Port_v0.61/R14_34_GENERIC_ARTILLERY8_SOURCE_MANIFEST.json
3591	SOURCE_LEAN/EW4_Web_Port_v0.61/R14_35_FRANCE_ARTILLERY8_AUDIT.md
32065	SOURCE_LEAN/EW4_Web_Port_v0.61/R14_35_FRANCE_ARTILLERY8_SOURCE_MANIFEST.json
2930	SOURCE_LEAN/EW4_Web_Port_v0.61/R14_36_BRITAIN_ARTILLERY8_AUDIT.md
201204	SOURCE_LEAN/EW4_Web_Port_v0.61/R14_36_BRITAIN_ARTILLERY8_SOURCE_MANIFEST.json
115092	SOURCE_LEAN/EW4_Web_Port_v0.61/R14_36_OLD_CORE241_ASSETS_SHA.json
21793	SOURCE_LEAN/EW4_Web_Port_v0.61/R14_36_OLD_CORE241_UNITS_SHA.json
2062	SOURCE_LEAN/EW4_Web_Port_v0.61/R14_37_RUSSIA_ARTILLERY8_AUDIT.md
201214	SOURCE_LEAN/EW4_Web_Port_v0.61/R14_37_RUSSIA_ARTILLERY8_SOURCE_MANIFEST.json
1553	SOURCE_LEAN/EW4_Web_Port_v0.61/R14_38_AUSTRIA_ARTILLERY8_AUDIT.md
201198	SOURCE_LEAN/EW4_Web_Port_v0.61/R14_38_AUSTRIA_ARTILLERY8_SOURCE_MANIFEST.json
2566	SOURCE_LEAN/EW4_Web_Port_v0.61/R14_38_FORM_GETGENERAL_AUDIT.md
121516	SOURCE_LEAN/EW4_Web_Port_v0.61/R14_38_OLD_CORE257_ASSETS_SHA.json
23277	SOURCE_LEAN/EW4_Web_Port_v0.61/R14_38_OLD_CORE257_UNITS_SHA.json
1726	SOURCE_LEAN/EW4_Web_Port_v0.61/R14_39_COMPACT_BILE_FULL_PARITY_AUDIT.md
2668	SOURCE_LEAN/EW4_Web_Port_v0.61/R14_39_COMPACT_BILE_RENDER_AUDIT.md
7919	SOURCE_LEAN/EW4_Web_Port_v0.61/R14_39_MACHINEGUN_FINISH_FIXES.json
2015	SOURCE_LEAN/EW4_Web_Port_v0.61/R14_39_NATIVE_MAPTEXT_AUDIT.md
1493	SOURCE_LEAN/EW4_Web_Port_v0.61/R14_39_POSTHANDOFF10_CONQUEST_UI_AUDIT.md
1031	SOURCE_LEAN/EW4_Web_Port_v0.61/R14_39_POSTHANDOFF11_MAIN_CAMPAIGN_UI_AUDIT.md
2539	SOURCE_LEAN/EW4_Web_Port_v0.61/R14_39_POSTHANDOFF11_NATIVE_HEADQUARTERS_AUDIT.md
2007	SOURCE_LEAN/EW4_Web_Port_v0.61/R14_39_POSTHANDOFF13_FULL_ANIMATION_AUDIT.md
2044	SOURCE_LEAN/EW4_Web_Port_v0.61/R14_39_POSTHANDOFF14_SCENESHOP_AUDIT.md
3569	SOURCE_LEAN/EW4_Web_Port_v0.61/R14_39_POSTHANDOFF15_TUTORIAL_EXECUTOR_AUDIT.md
5015	SOURCE_LEAN/EW4_Web_Port_v0.61/R14_39_POSTHANDOFF16_NATIVE_RESULT_AUDIT.md
5575	SOURCE_LEAN/EW4_Web_Port_v0.61/R14_39_POSTHANDOFF17_NATIVE_CAMPAIGN_AUDIT.md
2939	SOURCE_LEAN/EW4_Web_Port_v0.61/R14_39_POSTHANDOFF18_NATIVE_GENERAL_AUDIT.md
3206	SOURCE_LEAN/EW4_Web_Port_v0.61/R14_39_POSTHANDOFF19_RESIDUAL_CONTROLLER_AUDIT.md
1187	SOURCE_LEAN/EW4_Web_Port_v0.61/R14_39_POSTHANDOFF20_STAGEINTRO_AUDIT.md
2865	SOURCE_LEAN/EW4_Web_Port_v0.61/R14_39_POSTHANDOFF21_NATIVE_CAMPAIGN_UPGRADE_AUDIT.md
959	SOURCE_LEAN/EW4_Web_Port_v0.61/R14_39_POSTHANDOFF22_NATIVE_DEFENSE_AUDIT.md
1008	SOURCE_LEAN/EW4_Web_Port_v0.61/R14_39_POSTHANDOFF23_NATIVE_PAUSE_AUDIT.md
3058	SOURCE_LEAN/EW4_Web_Port_v0.61/R14_39_POSTHANDOFF24_NATIVE_UNITINFO_AUDIT.md
3414	SOURCE_LEAN/EW4_Web_Port_v0.61/R14_39_POSTHANDOFF25_CAMPAIGN_SESSION_INFO_AUDIT.md
4008	SOURCE_LEAN/EW4_Web_Port_v0.61/R14_39_POSTHANDOFF26_NATIVE_SELCOUNTRY_SAVE_AUDIT.md
3673	SOURCE_LEAN/EW4_Web_Port_v0.61/R14_39_POSTHANDOFF27_NATIVE_ACHIEVEMENT_AUDIT.md
3787	SOURCE_LEAN/EW4_Web_Port_v0.61/R14_39_POSTHANDOFF28_NATIVE_ACHIEVEMENT_EXACT_AUDIT.md
6018	SOURCE_LEAN/EW4_Web_Port_v0.61/R14_39_POSTHANDOFF29_NATIVE_CONQUEST_ACHIEVEMENT_AUDIT.md
4813	SOURCE_LEAN/EW4_Web_Port_v0.61/R14_39_POSTHANDOFF39_P33_VISUAL_TIMING_AUDIT.md
5361	SOURCE_LEAN/EW4_Web_Port_v0.61/R14_39_POSTHANDOFF40_P34_FINAL_VISUAL_AUDIT.md
4861	SOURCE_LEAN/EW4_Web_Port_v0.61/R14_39_POSTHANDOFF49_P35_NATIVE_PRESENTATION_AUDIT.md
7665	SOURCE_LEAN/EW4_Web_Port_v0.61/R14_39_POSTHANDOFF4_NATIVE_CAMERA_LAYER_AUDIT.md
5159	SOURCE_LEAN/EW4_Web_Port_v0.61/R14_39_POSTHANDOFF5_NATIVE_HEX_LOWZOOM_AUDIT.md
3944	SOURCE_LEAN/EW4_Web_Port_v0.61/R14_39_POSTHANDOFF6_NATIVE_CAMERA_PRESENTATION_AUDIT.md
2649	SOURCE_LEAN/EW4_Web_Port_v0.61/R14_39_POSTHANDOFF7_PLAYER_ACTION_CAMERA_FOCUS_AUDIT.md
3742	SOURCE_LEAN/EW4_Web_Port_v0.61/R14_39_POSTHANDOFF8_AI_ACTION_CAMERA_NATIVE_PATH_AUDIT.md
3025	SOURCE_LEAN/EW4_Web_Port_v0.61/R14_39_POSTHANDOFF9_VISUAL_UI_AUDIT.md
1586	SOURCE_LEAN/EW4_Web_Port_v0.61/README_APPLYCHECK_POSTHANDOFF10.md
1132	SOURCE_LEAN/EW4_Web_Port_v0.61/README_APPLYCHECK_POSTHANDOFF11.md
802	SOURCE_LEAN/EW4_Web_Port_v0.61/README_APPLYCHECK_POSTHANDOFF13.md
518	SOURCE_LEAN/EW4_Web_Port_v0.61/README_APPLYCHECK_POSTHANDOFF6.md
457	SOURCE_LEAN/EW4_Web_Port_v0.61/README_APPLYCHECK_POSTHANDOFF7.md
627	SOURCE_LEAN/EW4_Web_Port_v0.61/README_APPLYCHECK_POSTHANDOFF8.md
715	SOURCE_LEAN/EW4_Web_Port_v0.61/README_APPLYCHECK_POSTHANDOFF9.md
574	SOURCE_LEAN/EW4_Web_Port_v0.61/README_APPLY_POSTHANDOFF2.md
520	SOURCE_LEAN/EW4_Web_Port_v0.61/README_APPLY_POSTHANDOFF3.md
1705	SOURCE_LEAN/EW4_Web_Port_v0.61/README_APPLY_POSTHANDOFF4.md
1303	SOURCE_LEAN/EW4_Web_Port_v0.61/README_APPLY_POSTHANDOFF5.md
5271	SOURCE_LEAN/EW4_Web_Port_v0.61/REINFORCEMENT_EVENT_AUDIT_0.61.json
4033	SOURCE_LEAN/EW4_Web_Port_v0.61/REINFORCEMENT_FIELD_AUDIT_0.61.md
1217	SOURCE_LEAN/EW4_Web_Port_v0.61/TRANSPORT_PACKAGE_OMISSIONS.md
257350	SOURCE_LEAN/EW4_Web_Port_v0.61/app.js
183255	SOURCE_LEAN/EW4_Web_Port_v0.61/app.js.p16bak
130567	SOURCE_LEAN/EW4_Web_Port_v0.61/app.js.pre_construction_ui
130320	SOURCE_LEAN/EW4_Web_Port_v0.61/app.js.pre_funcres
138209	SOURCE_LEAN/EW4_Web_Port_v0.61/app.js.pre_moving_effect_integration
191729	SOURCE_LEAN/EW4_Web_Port_v0.61/app.js.pre_p17_targets
249897	SOURCE_LEAN/EW4_Web_Port_v0.61/app.js.pre_p32_damageflag
249897	SOURCE_LEAN/EW4_Web_Port_v0.61/app.js.pre_p32_visual_polish
245678	SOURCE_LEAN/EW4_Web_Port_v0.61/app.js.pre_p32_visualfix
250417	SOURCE_LEAN/EW4_Web_Port_v0.61/app.js.pre_p33_visual_timing
124114	SOURCE_LEAN/EW4_Web_Port_v0.61/app.js.pre_princessflow
134727	SOURCE_LEAN/EW4_Web_Port_v0.61/app.js.pre_simple_effect_api_fix
133196	SOURCE_LEAN/EW4_Web_Port_v0.61/app.js.pre_simple_effect_runtime
127932	SOURCE_LEAN/EW4_Web_Port_v0.61/app.js.pre_training
163139	SOURCE_LEAN/EW4_Web_Port_v0.61/app.js.pre_tutorial_p15
130807	SOURCE_LEAN/EW4_Web_Port_v0.61/app.js.pre_upgrade_cost
2848809	SOURCE_LEAN/EW4_Web_Port_v0.61/assets/audio/battle1.mp3
2422491	SOURCE_LEAN/EW4_Web_Port_v0.61/assets/audio/battle2.mp3
2368992	SOURCE_LEAN/EW4_Web_Port_v0.61/assets/audio/battle3.mp3
2269100	SOURCE_LEAN/EW4_Web_Port_v0.61/assets/audio/battle4.mp3
247420	SOURCE_LEAN/EW4_Web_Port_v0.61/assets/audio/defeat_music.mp3
22004	SOURCE_LEAN/EW4_Web_Port_v0.61/assets/audio/sfx_armourmove.wav
8834	SOURCE_LEAN/EW4_Web_Port_v0.61/assets/audio/sfx_buff.wav
6380	SOURCE_LEAN/EW4_Web_Port_v0.61/assets/audio/sfx_build.wav
20480	SOURCE_LEAN/EW4_Web_Port_v0.61/assets/audio/sfx_build1.wav
4652	SOURCE_LEAN/EW4_Web_Port_v0.61/assets/audio/sfx_cancel.wav
24544	SOURCE_LEAN/EW4_Web_Port_v0.61/assets/audio/sfx_cannon.wav
64558	SOURCE_LEAN/EW4_Web_Port_v0.61/assets/audio/sfx_cavalrymove.wav
66556	SOURCE_LEAN/EW4_Web_Port_v0.61/assets/audio/sfx_celebrate.wav
4576	SOURCE_LEAN/EW4_Web_Port_v0.61/assets/audio/sfx_click.wav
7318	SOURCE_LEAN/EW4_Web_Port_v0.61/assets/audio/sfx_draft.wav
28802	SOURCE_LEAN/EW4_Web_Port_v0.61/assets/audio/sfx_exp.wav
38582	SOURCE_LEAN/EW4_Web_Port_v0.61/assets/audio/sfx_explode.wav
27564	SOURCE_LEAN/EW4_Web_Port_v0.61/assets/audio/sfx_fire.wav
13298	SOURCE_LEAN/EW4_Web_Port_v0.61/assets/audio/sfx_fire1.wav
33150	SOURCE_LEAN/EW4_Web_Port_v0.61/assets/audio/sfx_flip.wav
15898	SOURCE_LEAN/EW4_Web_Port_v0.61/assets/audio/sfx_golddrop.wav
32300	SOURCE_LEAN/EW4_Web_Port_v0.61/assets/audio/sfx_gunfire.wav
17580	SOURCE_LEAN/EW4_Web_Port_v0.61/assets/audio/sfx_gunfire1.wav
8892	SOURCE_LEAN/EW4_Web_Port_v0.61/assets/audio/sfx_gunfire2.wav
5966	SOURCE_LEAN/EW4_Web_Port_v0.61/assets/audio/sfx_gunfire3.wav
43936	SOURCE_LEAN/EW4_Web_Port_v0.61/assets/audio/sfx_knife1.wav
2378	SOURCE_LEAN/EW4_Web_Port_v0.61/assets/audio/sfx_knife2.wav
4460	SOURCE_LEAN/EW4_Web_Port_v0.61/assets/audio/sfx_knife3.wav
15318	SOURCE_LEAN/EW4_Web_Port_v0.61/assets/audio/sfx_knifestrike1.wav
9986	SOURCE_LEAN/EW4_Web_Port_v0.61/assets/audio/sfx_knifestrike2.wav
21006	SOURCE_LEAN/EW4_Web_Port_v0.61/assets/audio/sfx_leg.wav
20044	SOURCE_LEAN/EW4_Web_Port_v0.61/assets/audio/sfx_lvup.wav
16872	SOURCE_LEAN/EW4_Web_Port_v0.61/assets/audio/sfx_lvup2.wav
17044	SOURCE_LEAN/EW4_Web_Port_v0.61/assets/audio/sfx_machine_gun.wav
16550	SOURCE_LEAN/EW4_Web_Port_v0.61/assets/audio/sfx_naval.wav
31274	SOURCE_LEAN/EW4_Web_Port_v0.61/assets/audio/sfx_naval_gun.wav
22074	SOURCE_LEAN/EW4_Web_Port_v0.61/assets/audio/sfx_occupy.wav
6042	SOURCE_LEAN/EW4_Web_Port_v0.61/assets/audio/sfx_pop.wav
27186	SOURCE_LEAN/EW4_Web_Port_v0.61/assets/audio/sfx_rocket.wav
4246	SOURCE_LEAN/EW4_Web_Port_v0.61/assets/audio/sfx_select.wav
17070	SOURCE_LEAN/EW4_Web_Port_v0.61/assets/audio/sfx_slide.wav
13422	SOURCE_LEAN/EW4_Web_Port_v0.61/assets/audio/sfx_strike.wav
24290	SOURCE_LEAN/EW4_Web_Port_v0.61/assets/audio/sfx_supply.wav
294399	SOURCE_LEAN/EW4_Web_Port_v0.61/assets/bile_runtime/army_armoredcar.bin
91129	SOURCE_LEAN/EW4_Web_Port_v0.61/assets/bile_runtime/army_armoredcar.png
9325	SOURCE_LEAN/EW4_Web_Port_v0.61/assets/bile_runtime/army_armoredcar.xml
2247164	SOURCE_LEAN/EW4_Web_Port_v0.61/assets/bile_runtime/army_artillery.bin
200722	SOURCE_LEAN/EW4_Web_Port_v0.61/assets/bile_runtime/army_artillery.png
13640	SOURCE_LEAN/EW4_Web_Port_v0.61/assets/bile_runtime/army_artillery.xml
1983	SOURCE_LEAN/EW4_Web_Port_v0.61/assets/bile_runtime/army_fort.bin
156143	SOURCE_LEAN/EW4_Web_Port_v0.61/assets/bile_runtime/army_fort.png
579	SOURCE_LEAN/EW4_Web_Port_v0.61/assets/bile_runtime/army_fort.xml
793980	SOURCE_LEAN/EW4_Web_Port_v0.61/assets/bile_runtime/army_grenadier.bin
94220	SOURCE_LEAN/EW4_Web_Port_v0.61/assets/bile_runtime/army_grenadier.png
11404	SOURCE_LEAN/EW4_Web_Port_v0.61/assets/bile_runtime/army_grenadier.xml
961775	SOURCE_LEAN/EW4_Web_Port_v0.61/assets/bile_runtime/army_guards.bin
128426	SOURCE_LEAN/EW4_Web_Port_v0.61/assets/bile_runtime/army_guards.png
16143	SOURCE_LEAN/EW4_Web_Port_v0.61/assets/bile_runtime/army_guards.xml
1034923	SOURCE_LEAN/EW4_Web_Port_v0.61/assets/bile_runtime/army_guardscavalry.bin
113243	SOURCE_LEAN/EW4_Web_Port_v0.61/assets/bile_runtime/army_guardscavalry.png
15325	SOURCE_LEAN/EW4_Web_Port_v0.61/assets/bile_runtime/army_guardscavalry.xml
504447	SOURCE_LEAN/EW4_Web_Port_v0.61/assets/bile_runtime/army_heavycavalry.bin
73242	SOURCE_LEAN/EW4_Web_Port_v0.61/assets/bile_runtime/army_heavycavalry.png
10474	SOURCE_LEAN/EW4_Web_Port_v0.61/assets/bile_runtime/army_heavycavalry.xml
671499	SOURCE_LEAN/EW4_Web_Port_v0.61/assets/bile_runtime/army_lightcavalry.bin
99837	SOURCE_LEAN/EW4_Web_Port_v0.61/assets/bile_runtime/army_lightcavalry.png
13490	SOURCE_LEAN/EW4_Web_Port_v0.61/assets/bile_runtime/army_lightcavalry.xml
513436	SOURCE_LEAN/EW4_Web_Port_v0.61/assets/bile_runtime/army_lightinfantry.bin
105317	SOURCE_LEAN/EW4_Web_Port_v0.61/assets/bile_runtime/army_lightinfantry.png
14257	SOURCE_LEAN/EW4_Web_Port_v0.61/assets/bile_runtime/army_lightinfantry.xml
550110	SOURCE_LEAN/EW4_Web_Port_v0.61/assets/bile_runtime/army_lineinfantry.bin
88186	SOURCE_LEAN/EW4_Web_Port_v0.61/assets/bile_runtime/army_lineinfantry.png
11865	SOURCE_LEAN/EW4_Web_Port_v0.61/assets/bile_runtime/army_lineinfantry.xml
650148	SOURCE_LEAN/EW4_Web_Port_v0.61/assets/bile_runtime/army_militia.bin
115322	SOURCE_LEAN/EW4_Web_Port_v0.61/assets/bile_runtime/army_militia.png
14313	SOURCE_LEAN/EW4_Web_Port_v0.61/assets/bile_runtime/army_militia.xml
87710	SOURCE_LEAN/EW4_Web_Port_v0.61/assets/bile_runtime/army_ship.bin
310335	SOURCE_LEAN/EW4_Web_Port_v0.61/assets/bile_runtime/army_ship.png
1184	SOURCE_LEAN/EW4_Web_Port_v0.61/assets/bile_runtime/army_ship.xml
325073	SOURCE_LEAN/EW4_Web_Port_v0.61/assets/bile_runtime/def_motion.xml
9224	SOURCE_LEAN/EW4_Web_Port_v0.61/assets/bile_runtime/manifest.json
67316	SOURCE_LEAN/EW4_Web_Port_v0.61/assets/data/army_stats.json
50905	SOURCE_LEAN/EW4_Web_Port_v0.61/assets/data/battle_dialogues.json
33342	SOURCE_LEAN/EW4_Web_Port_v0.61/assets/data/battle_itemstores.json
168161	SOURCE_LEAN/EW4_Web_Port_v0.61/assets/data/battle_native_triggers.json
15108	SOURCE_LEAN/EW4_Web_Port_v0.61/assets/data/battle_taverns.json
3923940	SOURCE_LEAN/EW4_Web_Port_v0.61/assets/data/battles_runtime.json
2352	SOURCE_LEAN/EW4_Web_Port_v0.61/assets/data/build_cards.json
5663	SOURCE_LEAN/EW4_Web_Port_v0.61/assets/data/cards.json
168467	SOURCE_LEAN/EW4_Web_Port_v0.61/assets/data/commanders.json
4125	SOURCE_LEAN/EW4_Web_Port_v0.61/assets/data/constructions.json
7240	SOURCE_LEAN/EW4_Web_Port_v0.61/assets/data/def_areaname.xml
63731	SOURCE_LEAN/EW4_Web_Port_v0.61/assets/data/def_army.xml
575	SOURCE_LEAN/EW4_Web_Port_v0.61/assets/data/def_battleline.xml
14510	SOURCE_LEAN/EW4_Web_Port_v0.61/assets/data/def_battlelist.xml
827	SOURCE_LEAN/EW4_Web_Port_v0.61/assets/data/def_capital.xml
1155	SOURCE_LEAN/EW4_Web_Port_v0.61/assets/data/def_conquestlist.xml
4920	SOURCE_LEAN/EW4_Web_Port_v0.61/assets/data/def_construction.xml
406	SOURCE_LEAN/EW4_Web_Port_v0.61/assets/data/def_installation.xml
21002	SOURCE_LEAN/EW4_Web_Port_v0.61/assets/data/def_item.xml
396	SOURCE_LEAN/EW4_Web_Port_v0.61/assets/data/def_map.xml
3046	SOURCE_LEAN/EW4_Web_Port_v0.61/assets/data/def_mapterrain.xml
811	SOURCE_LEAN/EW4_Web_Port_v0.61/assets/data/def_terraintype.xml
4725	SOURCE_LEAN/EW4_Web_Port_v0.61/assets/data/def_warzonetech.xml
471	SOURCE_LEAN/EW4_Web_Port_v0.61/assets/data/installations.json
3697	SOURCE_LEAN/EW4_Web_Port_v0.61/assets/data/item_icon_manifest.json
21796	SOURCE_LEAN/EW4_Web_Port_v0.61/assets/data/items.json
1226969	SOURCE_LEAN/EW4_Web_Port_v0.61/assets/data/native_animation_core102.json
1308826	SOURCE_LEAN/EW4_Web_Port_v0.61/assets/data/native_animation_core119.json
1390681	SOURCE_LEAN/EW4_Web_Port_v0.61/assets/data/native_animation_core136.json
1472337	SOURCE_LEAN/EW4_Web_Port_v0.61/assets/data/native_animation_core153.json
1509161	SOURCE_LEAN/EW4_Web_Port_v0.61/assets/data/native_animation_core161.json
1546188	SOURCE_LEAN/EW4_Web_Port_v0.61/assets/data/native_animation_core169.json
1698810	SOURCE_LEAN/EW4_Web_Port_v0.61/assets/data/native_animation_core177.json
1735837	SOURCE_LEAN/EW4_Web_Port_v0.61/assets/data/native_animation_core185.json
1772950	SOURCE_LEAN/EW4_Web_Port_v0.61/assets/data/native_animation_core193.json
1810074	SOURCE_LEAN/EW4_Web_Port_v0.61/assets/data/native_animation_core201.json
1847198	SOURCE_LEAN/EW4_Web_Port_v0.61/assets/data/native_animation_core209.json
1884107	SOURCE_LEAN/EW4_Web_Port_v0.61/assets/data/native_animation_core217.json
1921130	SOURCE_LEAN/EW4_Web_Port_v0.61/assets/data/native_animation_core225.json
1952785	SOURCE_LEAN/EW4_Web_Port_v0.61/assets/data/native_animation_core233.json
1984616	SOURCE_LEAN/EW4_Web_Port_v0.61/assets/data/native_animation_core241.json
2185587	SOURCE_LEAN/EW4_Web_Port_v0.61/assets/data/native_animation_core249.json
1463635	SOURCE_LEAN/EW4_Web_Port_v0.61/assets/data/native_animation_core257.json
2628732	SOURCE_LEAN/EW4_Web_Port_v0.61/assets/data/native_animation_core265.json
934476	SOURCE_LEAN/EW4_Web_Port_v0.61/assets/data/native_animation_core877.json
11181	SOURCE_LEAN/EW4_Web_Port_v0.61/assets/data/native_audio_inventory.json
59032	SOURCE_LEAN/EW4_Web_Port_v0.61/assets/data/native_campaign_targets.json
76579	SOURCE_LEAN/EW4_Web_Port_v0.61/assets/data/native_combat_effects.json
83032	SOURCE_LEAN/EW4_Web_Port_v0.61/assets/data/native_effects_audio.json
7664	SOURCE_LEAN/EW4_Web_Port_v0.61/assets/data/native_getgeneral_effect.json
152070	SOURCE_LEAN/EW4_Web_Port_v0.61/assets/data/native_simple_effects.json
8844	SOURCE_LEAN/EW4_Web_Port_v0.61/assets/data/native_trigger_targets.json
10033	SOURCE_LEAN/EW4_Web_Port_v0.61/assets/data/native_tutorial_scripts.json
672	SOURCE_LEAN/EW4_Web_Port_v0.61/assets/data/native_warzone_tech.json
118268	SOURCE_LEAN/EW4_Web_Port_v0.61/assets/data/original_layout-568h.xml
1985	SOURCE_LEAN/EW4_Web_Port_v0.61/assets/data/player_general_overrides.json
631	SOURCE_LEAN/EW4_Web_Port_v0.61/assets/data/player_princess_overrides.json
23033	SOURCE_LEAN/EW4_Web_Port_v0.61/assets/data/portrait_manifest.json
103013	SOURCE_LEAN/EW4_Web_Port_v0.61/assets/data/strings_cn.json
5092	SOURCE_LEAN/EW4_Web_Port_v0.61/assets/data/terrain_manifest.json
5614	SOURCE_LEAN/EW4_Web_Port_v0.61/assets/data/tiles_manifest.json
5689	SOURCE_LEAN/EW4_Web_Port_v0.61/assets/data/tutorials_script1.xml
5319	SOURCE_LEAN/EW4_Web_Port_v0.61/assets/data/tutorials_script2.xml
251137	SOURCE_LEAN/EW4_Web_Port_v0.61/assets/data/unit_attack_manifest.json
218519	SOURCE_LEAN/EW4_Web_Port_v0.61/assets/data/unit_finish_manifest.json
261093	SOURCE_LEAN/EW4_Web_Port_v0.61/assets/data/unit_ready_manifest.json
174112	SOURCE_LEAN/EW4_Web_Port_v0.61/assets/data/unit_reload_manifest.json
727723	SOURCE_LEAN/EW4_Web_Port_v0.61/assets/data/worldmaps.json
327936	SOURCE_LEAN/EW4_Web_Port_v0.61/assets/effects/anim_fire_hd.png
10088	SOURCE_LEAN/EW4_Web_Port_v0.61/assets/effects/anim_upgrade/anim_upgrade.bin
10242	SOURCE_LEAN/EW4_Web_Port_v0.61/assets/effects/anim_upgrade/anim_upgrade.png
561	SOURCE_LEAN/EW4_Web_Port_v0.61/assets/effects/anim_upgrade/anim_upgrade.xml
142669	SOURCE_LEAN/EW4_Web_Port_v0.61/assets/effects/eff.png
21174	SOURCE_LEAN/EW4_Web_Port_v0.61/assets/items/Armored_Carrier.png
16350	SOURCE_LEAN/EW4_Web_Port_v0.61/assets/items/Army_Tentage.png
15980	SOURCE_LEAN/EW4_Web_Port_v0.61/assets/items/Art_Of_War.png
9810	SOURCE_LEAN/EW4_Web_Port_v0.61/assets/items/Baker_Rifle.png
9542	SOURCE_LEAN/EW4_Web_Port_v0.61/assets/items/Bayonet.png
16770	SOURCE_LEAN/EW4_Web_Port_v0.61/assets/items/Bear_Flag.png
19638	SOURCE_LEAN/EW4_Web_Port_v0.61/assets/items/Bearskin_Cap.png
9667	SOURCE_LEAN/EW4_Web_Port_v0.61/assets/items/Blucher_Sabre.png
20437	SOURCE_LEAN/EW4_Web_Port_v0.61/assets/items/Bow_Chaser.png
17155	SOURCE_LEAN/EW4_Web_Port_v0.61/assets/items/Brass_Horseshoe.png
8770	SOURCE_LEAN/EW4_Web_Port_v0.61/assets/items/Brown_Bess.png
20802	SOURCE_LEAN/EW4_Web_Port_v0.61/assets/items/Brown_Gunpowder.png
20890	SOURCE_LEAN/EW4_Web_Port_v0.61/assets/items/Canvas_Coat.png
12905	SOURCE_LEAN/EW4_Web_Port_v0.61/assets/items/Cavalry_Pistol.png
14364	SOURCE_LEAN/EW4_Web_Port_v0.61/assets/items/Cavalry_Sword.png
14637	SOURCE_LEAN/EW4_Web_Port_v0.61/assets/items/Combat_Uniform.png
15562	SOURCE_LEAN/EW4_Web_Port_v0.61/assets/items/Concrete.png
17980	SOURCE_LEAN/EW4_Web_Port_v0.61/assets/items/Crown.png
16646	SOURCE_LEAN/EW4_Web_Port_v0.61/assets/items/Cuirass.png
16349	SOURCE_LEAN/EW4_Web_Port_v0.61/assets/items/Dragon_Flag.png
17132	SOURCE_LEAN/EW4_Web_Port_v0.61/assets/items/Eagle_Flag.png
16803	SOURCE_LEAN/EW4_Web_Port_v0.61/assets/items/Encyclopedia.png
12249	SOURCE_LEAN/EW4_Web_Port_v0.61/assets/items/Ferguson_Rifle.png
21821	SOURCE_LEAN/EW4_Web_Port_v0.61/assets/items/Figurehead.png
16629	SOURCE_LEAN/EW4_Web_Port_v0.61/assets/items/First_Aid_Box.png
16206	SOURCE_LEAN/EW4_Web_Port_v0.61/assets/items/Gaiters.png
16557	SOURCE_LEAN/EW4_Web_Port_v0.61/assets/items/Gilding_Cuirass.png
8811	SOURCE_LEAN/EW4_Web_Port_v0.61/assets/items/Golden_Staff.png
18893	SOURCE_LEAN/EW4_Web_Port_v0.61/assets/items/Helmet.png
15082	SOURCE_LEAN/EW4_Web_Port_v0.61/assets/items/Horse_Artillery.png
16164	SOURCE_LEAN/EW4_Web_Port_v0.61/assets/items/Lions_Flag.png
15588	SOURCE_LEAN/EW4_Web_Port_v0.61/assets/items/Medikit.png
15507	SOURCE_LEAN/EW4_Web_Port_v0.61/assets/items/Medikit_L.png
15430	SOURCE_LEAN/EW4_Web_Port_v0.61/assets/items/Military_Camp.png
16737	SOURCE_LEAN/EW4_Web_Port_v0.61/assets/items/Napoleonic_Code.png
17577	SOURCE_LEAN/EW4_Web_Port_v0.61/assets/items/Oak_Wheel.png
17784	SOURCE_LEAN/EW4_Web_Port_v0.61/assets/items/On_War.png
14298	SOURCE_LEAN/EW4_Web_Port_v0.61/assets/items/Potent_Gunpowder.png
15109	SOURCE_LEAN/EW4_Web_Port_v0.61/assets/items/Powder_Mixture.png
17602	SOURCE_LEAN/EW4_Web_Port_v0.61/assets/items/Pressed_Powder.png
16984	SOURCE_LEAN/EW4_Web_Port_v0.61/assets/items/Propeller.png
19268	SOURCE_LEAN/EW4_Web_Port_v0.61/assets/items/Pumper.png
17572	SOURCE_LEAN/EW4_Web_Port_v0.61/assets/items/Quality_Saddle.png
14058	SOURCE_LEAN/EW4_Web_Port_v0.61/assets/items/Ram_Stem.png
15936	SOURCE_LEAN/EW4_Web_Port_v0.61/assets/items/Snare_Drum.png
20459	SOURCE_LEAN/EW4_Web_Port_v0.61/assets/items/Spirit.png
13926	SOURCE_LEAN/EW4_Web_Port_v0.61/assets/items/Star.png
16914	SOURCE_LEAN/EW4_Web_Port_v0.61/assets/items/Tall_Boots.png
13603	SOURCE_LEAN/EW4_Web_Port_v0.61/assets/items/Tent_Tentage.png
16304	SOURCE_LEAN/EW4_Web_Port_v0.61/assets/items/Tiger_Flag.png
9122	SOURCE_LEAN/EW4_Web_Port_v0.61/assets/items/Trooper_Sabre.png
19083	SOURCE_LEAN/EW4_Web_Port_v0.61/assets/items/War_Horse.png
14202	SOURCE_LEAN/EW4_Web_Port_v0.61/assets/items/Wine.png
16833	SOURCE_LEAN/EW4_Web_Port_v0.61/assets/items/Wolf_Flag.png
1103	SOURCE_LEAN/EW4_Web_Port_v0.61/assets/items/item_blank.png
663026	SOURCE_LEAN/EW4_Web_Port_v0.61/assets/maps/america.png
1195555	SOURCE_LEAN/EW4_Web_Port_v0.61/assets/maps/europe.png
234051	SOURCE_LEAN/EW4_Web_Port_v0.61/assets/maps/map_pt.png
411	SOURCE_LEAN/EW4_Web_Port_v0.61/assets/maptext_native/SHA256SUMS.txt
84660	SOURCE_LEAN/EW4_Web_Port_v0.61/assets/maptext_native/maptext.bin
454751	SOURCE_LEAN/EW4_Web_Port_v0.61/assets/maptext_native/maptext.png
14425	SOURCE_LEAN/EW4_Web_Port_v0.61/assets/maptext_native/maptext.xml
6163	SOURCE_LEAN/EW4_Web_Port_v0.61/assets/maptext_native/maptextpos_america.xml
14809	SOURCE_LEAN/EW4_Web_Port_v0.61/assets/maptext_native/maptextpos_europe.xml
6774	SOURCE_LEAN/EW4_Web_Port_v0.61/assets/portraits/Abercromby.webp
5756	SOURCE_LEAN/EW4_Web_Port_v0.61/assets/portraits/Agha.webp
6752	SOURCE_LEAN/EW4_Web_Port_v0.61/assets/portraits/AlexanderI.webp
7386	SOURCE_LEAN/EW4_Web_Port_v0.61/assets/portraits/Alten.webp
5224	SOURCE_LEAN/EW4_Web_Port_v0.61/assets/portraits/AmadeoIII.webp
7078	SOURCE_LEAN/EW4_Web_Port_v0.61/assets/portraits/Andrade.webp
6606	SOURCE_LEAN/EW4_Web_Port_v0.61/assets/portraits/Archduke.C.webp
4616	SOURCE_LEAN/EW4_Web_Port_v0.61/assets/portraits/Archduke.J.webp
7598	SOURCE_LEAN/EW4_Web_Port_v0.61/assets/portraits/Arnold.webp
7986	SOURCE_LEAN/EW4_Web_Port_v0.61/assets/portraits/Arrighi.webp
8346	SOURCE_LEAN/EW4_Web_Port_v0.61/assets/portraits/Augereau.webp
6782	SOURCE_LEAN/EW4_Web_Port_v0.61/assets/portraits/AugustI.webp
8018	SOURCE_LEAN/EW4_Web_Port_v0.61/assets/portraits/Bachmann.webp
8276	SOURCE_LEAN/EW4_Web_Port_v0.61/assets/portraits/Baggovut.webp
7758	SOURCE_LEAN/EW4_Web_Port_v0.61/assets/portraits/Bagration.webp
7706	SOURCE_LEAN/EW4_Web_Port_v0.61/assets/portraits/Balabio.webp
5886	SOURCE_LEAN/EW4_Web_Port_v0.61/assets/portraits/Ballesteros.webp
7734	SOURCE_LEAN/EW4_Web_Port_v0.61/assets/portraits/Barclay.webp
8510	SOURCE_LEAN/EW4_Web_Port_v0.61/assets/portraits/Bennigsen.webp
8252	SOURCE_LEAN/EW4_Web_Port_v0.61/assets/portraits/Beresford.webp
7060	SOURCE_LEAN/EW4_Web_Port_v0.61/assets/portraits/Bernadotte.webp
8644	SOURCE_LEAN/EW4_Web_Port_v0.61/assets/portraits/Berthier.webp
8306	SOURCE_LEAN/EW4_Web_Port_v0.61/assets/portraits/Blasius.webp
7486	SOURCE_LEAN/EW4_Web_Port_v0.61/assets/portraits/Blucher.webp
6838	SOURCE_LEAN/EW4_Web_Port_v0.61/assets/portraits/Bouvet.webp
6258	SOURCE_LEAN/EW4_Web_Port_v0.61/assets/portraits/Brock.webp
6480	SOURCE_LEAN/EW4_Web_Port_v0.61/assets/portraits/Brueys.webp
5376	SOURCE_LEAN/EW4_Web_Port_v0.61/assets/portraits/Bruix.webp
7028	SOURCE_LEAN/EW4_Web_Port_v0.61/assets/portraits/Bubna.webp
8266	SOURCE_LEAN/EW4_Web_Port_v0.61/assets/portraits/Bulow.webp
6474	SOURCE_LEAN/EW4_Web_Port_v0.61/assets/portraits/Buxhoeveden.webp
7466	SOURCE_LEAN/EW4_Web_Port_v0.61/assets/portraits/Bylandt.webp
6710	SOURCE_LEAN/EW4_Web_Port_v0.61/assets/portraits/Calder.webp
5750	SOURCE_LEAN/EW4_Web_Port_v0.61/assets/portraits/Caradja.webp
7100	SOURCE_LEAN/EW4_Web_Port_v0.61/assets/portraits/Carteaux.webp
7082	SOURCE_LEAN/EW4_Web_Port_v0.61/assets/portraits/Charles.webp
8424	SOURCE_LEAN/EW4_Web_Port_v0.61/assets/portraits/Chasse.webp
6628	SOURCE_LEAN/EW4_Web_Port_v0.61/assets/portraits/Chichagov.webp
7726	SOURCE_LEAN/EW4_Web_Port_v0.61/assets/portraits/Cisneros.webp
8810	SOURCE_LEAN/EW4_Web_Port_v0.61/assets/portraits/Claude.webp
7772	SOURCE_LEAN/EW4_Web_Port_v0.61/assets/portraits/Clausewitz.webp
6396	SOURCE_LEAN/EW4_Web_Port_v0.61/assets/portraits/Clinton.webp
6444	SOURCE_LEAN/EW4_Web_Port_v0.61/assets/portraits/Collingwood.webp
7884	SOURCE_LEAN/EW4_Web_Port_v0.61/assets/portraits/Cornplanter.webp
6694	SOURCE_LEAN/EW4_Web_Port_v0.61/assets/portraits/Cornwallis.webp
7234	SOURCE_LEAN/EW4_Web_Port_v0.61/assets/portraits/Cosmao.webp
6922	SOURCE_LEAN/EW4_Web_Port_v0.61/assets/portraits/Cotton.webp
6958	SOURCE_LEAN/EW4_Web_Port_v0.61/assets/portraits/Cronstedt.webp
8062	SOURCE_LEAN/EW4_Web_Port_v0.61/assets/portraits/Davidovich.webp
7332	SOURCE_LEAN/EW4_Web_Port_v0.61/assets/portraits/Davout.webp
7092	SOURCE_LEAN/EW4_Web_Port_v0.61/assets/portraits/Dearborn.webp
7366	SOURCE_LEAN/EW4_Web_Port_v0.61/assets/portraits/Deroy.webp
5922	SOURCE_LEAN/EW4_Web_Port_v0.61/assets/portraits/Desaix.webp
6386	SOURCE_LEAN/EW4_Web_Port_v0.61/assets/portraits/Diez.webp
4738	SOURCE_LEAN/EW4_Web_Port_v0.61/assets/portraits/Dobeln.webp
6074	SOURCE_LEAN/EW4_Web_Port_v0.61/assets/portraits/Dobrnjac.webp
9416	SOURCE_LEAN/EW4_Web_Port_v0.61/assets/portraits/Dombrowski.webp
7166	SOURCE_LEAN/EW4_Web_Port_v0.61/assets/portraits/Dornberg.webp
8274	SOURCE_LEAN/EW4_Web_Port_v0.61/assets/portraits/Drouot.webp
7632	SOURCE_LEAN/EW4_Web_Port_v0.61/assets/portraits/Drummond.webp
7560	SOURCE_LEAN/EW4_Web_Port_v0.61/assets/portraits/Duckworth.webp
8432	SOURCE_LEAN/EW4_Web_Port_v0.61/assets/portraits/Dumouriez.webp
7478	SOURCE_LEAN/EW4_Web_Port_v0.61/assets/portraits/Elphinstone.webp
7220	SOURCE_LEAN/EW4_Web_Port_v0.61/assets/portraits/Emil.webp
6732	SOURCE_LEAN/EW4_Web_Port_v0.61/assets/portraits/Eugen.webp
7758	SOURCE_LEAN/EW4_Web_Port_v0.61/assets/portraits/Eugene.webp
7664	SOURCE_LEAN/EW4_Web_Port_v0.61/assets/portraits/Exelmans.webp
7556	SOURCE_LEAN/EW4_Web_Port_v0.61/assets/portraits/Falsen.webp
6434	SOURCE_LEAN/EW4_Web_Port_v0.61/assets/portraits/Fatimah.webp
5540	SOURCE_LEAN/EW4_Web_Port_v0.61/assets/portraits/Ferdinand.webp
7188	SOURCE_LEAN/EW4_Web_Port_v0.61/assets/portraits/FerdinandVII.webp
6046	SOURCE_LEAN/EW4_Web_Port_v0.61/assets/portraits/FerdinandoI.webp
7490	SOURCE_LEAN/EW4_Web_Port_v0.61/assets/portraits/Fischer.webp
5138	SOURCE_LEAN/EW4_Web_Port_v0.61/assets/portraits/Fontanelli.webp
8414	SOURCE_LEAN/EW4_Web_Port_v0.61/assets/portraits/Franquemont.webp
5578	SOURCE_LEAN/EW4_Web_Port_v0.61/assets/portraits/Frederick.webp
5898	SOURCE_LEAN/EW4_Web_Port_v0.61/assets/portraits/Galvez.webp
8640	SOURCE_LEAN/EW4_Web_Port_v0.61/assets/portraits/Gazan.webp
5910	SOURCE_LEAN/EW4_Web_Port_v0.61/assets/portraits/Georg.webp
7972	SOURCE_LEAN/EW4_Web_Port_v0.61/assets/portraits/Gerard.webp
8068	SOURCE_LEAN/EW4_Web_Port_v0.61/assets/portraits/Godebski.webp
7618	SOURCE_LEAN/EW4_Web_Port_v0.61/assets/portraits/Golitsyn.webp
8714	SOURCE_LEAN/EW4_Web_Port_v0.61/assets/portraits/Gouvion.webp
5802	SOURCE_LEAN/EW4_Web_Port_v0.61/assets/portraits/Graham.webp
6734	SOURCE_LEAN/EW4_Web_Port_v0.61/assets/portraits/Gravina.webp
6564	SOURCE_LEAN/EW4_Web_Port_v0.61/assets/portraits/Greene.webp
7310	SOURCE_LEAN/EW4_Web_Port_v0.61/assets/portraits/Grouchy.webp
6332	SOURCE_LEAN/EW4_Web_Port_v0.61/assets/portraits/HeinrichXV.webp
7752	SOURCE_LEAN/EW4_Web_Port_v0.61/assets/portraits/Hood.webp
7628	SOURCE_LEAN/EW4_Web_Port_v0.61/assets/portraits/Hopkins.webp
6312	SOURCE_LEAN/EW4_Web_Port_v0.61/assets/portraits/Hotze.webp
7770	SOURCE_LEAN/EW4_Web_Port_v0.61/assets/portraits/Howe.webp
5696	SOURCE_LEAN/EW4_Web_Port_v0.61/assets/portraits/Huarte.webp
5992	SOURCE_LEAN/EW4_Web_Port_v0.61/assets/portraits/Hull.webp
8094	SOURCE_LEAN/EW4_Web_Port_v0.61/assets/portraits/Isabela.webp
7716	SOURCE_LEAN/EW4_Web_Port_v0.61/assets/portraits/J.Bonaparte.webp
6914	SOURCE_LEAN/EW4_Web_Port_v0.61/assets/portraits/Jackson.webp
8572	SOURCE_LEAN/EW4_Web_Port_v0.61/assets/portraits/Janssens.webp
7620	SOURCE_LEAN/EW4_Web_Port_v0.61/assets/portraits/Jerome.webp
7314	SOURCE_LEAN/EW4_Web_Port_v0.61/assets/portraits/Jervis.webp
6996	SOURCE_LEAN/EW4_Web_Port_v0.61/assets/portraits/JohannI.webp
8002	SOURCE_LEAN/EW4_Web_Port_v0.61/assets/portraits/Joubert.webp
7962	SOURCE_LEAN/EW4_Web_Port_v0.61/assets/portraits/Jourdan.webp
6824	SOURCE_LEAN/EW4_Web_Port_v0.61/assets/portraits/Joyes.webp
7346	SOURCE_LEAN/EW4_Web_Port_v0.61/assets/portraits/Junot.webp
7536	SOURCE_LEAN/EW4_Web_Port_v0.61/assets/portraits/Kahia.webp
7412	SOURCE_LEAN/EW4_Web_Port_v0.61/assets/portraits/Karamanli.webp
8002	SOURCE_LEAN/EW4_Web_Port_v0.61/assets/portraits/Kate.webp
5876	SOURCE_LEAN/EW4_Web_Port_v0.61/assets/portraits/Kienmayer.webp
7314	SOURCE_LEAN/EW4_Web_Port_v0.61/assets/portraits/Kleist.webp
6920	SOURCE_LEAN/EW4_Web_Port_v0.61/assets/portraits/Klenau.webp
6080	SOURCE_LEAN/EW4_Web_Port_v0.61/assets/portraits/Kollowrat.webp
7004	SOURCE_LEAN/EW4_Web_Port_v0.61/assets/portraits/Konopka.webp
6598	SOURCE_LEAN/EW4_Web_Port_v0.61/assets/portraits/Kosciuszko.webp
7398	SOURCE_LEAN/EW4_Web_Port_v0.61/assets/portraits/Kozietulski.webp
7380	SOURCE_LEAN/EW4_Web_Port_v0.61/assets/portraits/Kruse.webp
8386	SOURCE_LEAN/EW4_Web_Port_v0.61/assets/portraits/Kutaisov.webp
7980	SOURCE_LEAN/EW4_Web_Port_v0.61/assets/portraits/Kutuzov.webp
7184	SOURCE_LEAN/EW4_Web_Port_v0.61/assets/portraits/L'Estocq.webp
7684	SOURCE_LEAN/EW4_Web_Port_v0.61/assets/portraits/L.Bonaparte.webp
8468	SOURCE_LEAN/EW4_Web_Port_v0.61/assets/portraits/Lan.webp
7200	SOURCE_LEAN/EW4_Web_Port_v0.61/assets/portraits/Lannes.webp
7264	SOURCE_LEAN/EW4_Web_Port_v0.61/assets/portraits/Lasalle.webp
6370	SOURCE_LEAN/EW4_Web_Port_v0.61/assets/portraits/Latour.webp
7542	SOURCE_LEAN/EW4_Web_Port_v0.61/assets/portraits/Lechi.webp
6896	SOURCE_LEAN/EW4_Web_Port_v0.61/assets/portraits/Lefebvre.webp
6984	SOURCE_LEAN/EW4_Web_Port_v0.61/assets/portraits/Leiberich.webp
7586	SOURCE_LEAN/EW4_Web_Port_v0.61/assets/portraits/Lusignan.webp
6694	SOURCE_LEAN/EW4_Web_Port_v0.61/assets/portraits/MacDonald.webp
8340	SOURCE_LEAN/EW4_Web_Port_v0.61/assets/portraits/Maria.webp
8910	SOURCE_LEAN/EW4_Web_Port_v0.61/assets/portraits/Marmont.webp
7036	SOURCE_LEAN/EW4_Web_Port_v0.61/assets/portraits/Massena.webp
5576	SOURCE_LEAN/EW4_Web_Port_v0.61/assets/portraits/Mehemet.A.webp
6954	SOURCE_LEAN/EW4_Web_Port_v0.61/assets/portraits/Melas.webp
6322	SOURCE_LEAN/EW4_Web_Port_v0.61/assets/portraits/Mercer.webp
5262	SOURCE_LEAN/EW4_Web_Port_v0.61/assets/portraits/Merveldt.webp
5284	SOURCE_LEAN/EW4_Web_Port_v0.61/assets/portraits/Milinovic.webp
7212	SOURCE_LEAN/EW4_Web_Port_v0.61/assets/portraits/Miloradovih.webp
6274	SOURCE_LEAN/EW4_Web_Port_v0.61/assets/portraits/Mirza.webp
7050	SOURCE_LEAN/EW4_Web_Port_v0.61/assets/portraits/Moreau.webp
6802	SOURCE_LEAN/EW4_Web_Port_v0.61/assets/portraits/Mortier.webp
6106	SOURCE_LEAN/EW4_Web_Port_v0.61/assets/portraits/Mourousis.webp
5884	SOURCE_LEAN/EW4_Web_Port_v0.61/assets/portraits/Murad.webp
8352	SOURCE_LEAN/EW4_Web_Port_v0.61/assets/portraits/Murat.webp
7970	SOURCE_LEAN/EW4_Web_Port_v0.61/assets/portraits/Nansouty.webp
8576	SOURCE_LEAN/EW4_Web_Port_v0.61/assets/portraits/Napoleon.webp
8062	SOURCE_LEAN/EW4_Web_Port_v0.61/assets/portraits/Nelson.webp
7216	SOURCE_LEAN/EW4_Web_Port_v0.61/assets/portraits/Nenadovic.webp
7486	SOURCE_LEAN/EW4_Web_Port_v0.61/assets/portraits/Ney.webp
8290	SOURCE_LEAN/EW4_Web_Port_v0.61/assets/portraits/Nunziante.webp
7250	SOURCE_LEAN/EW4_Web_Port_v0.61/assets/portraits/Oudinot.webp
5996	SOURCE_LEAN/EW4_Web_Port_v0.61/assets/portraits/Paget.webp
5906	SOURCE_LEAN/EW4_Web_Port_v0.61/assets/portraits/Palafox.webp
5450	SOURCE_LEAN/EW4_Web_Port_v0.61/assets/portraits/Pasha.webp
7972	SOURCE_LEAN/EW4_Web_Port_v0.61/assets/portraits/Perignon.webp
6994	SOURCE_LEAN/EW4_Web_Port_v0.61/assets/portraits/Picton.webp
7042	SOURCE_LEAN/EW4_Web_Port_v0.61/assets/portraits/PiusVII.webp
5524	SOURCE_LEAN/EW4_Web_Port_v0.61/assets/portraits/Platov.webp
7484	SOURCE_LEAN/EW4_Web_Port_v0.61/assets/portraits/Poniatowski.webp
7006	SOURCE_LEAN/EW4_Web_Port_v0.61/assets/portraits/Prevost.webp
5784	SOURCE_LEAN/EW4_Web_Port_v0.61/assets/portraits/Qajar.webp
6966	SOURCE_LEAN/EW4_Web_Port_v0.61/assets/portraits/Quosdanovih.webp
7704	SOURCE_LEAN/EW4_Web_Port_v0.61/assets/portraits/Radetzky.webp
7586	SOURCE_LEAN/EW4_Web_Port_v0.61/assets/portraits/Raevsky.webp
7462	SOURCE_LEAN/EW4_Web_Port_v0.61/assets/portraits/Reding.webp
6006	SOURCE_LEAN/EW4_Web_Port_v0.61/assets/portraits/Ricardos.webp
6542	SOURCE_LEAN/EW4_Web_Port_v0.61/assets/portraits/Rosenberg.webp
7720	SOURCE_LEAN/EW4_Web_Port_v0.61/assets/portraits/Rowland.webp
6914	SOURCE_LEAN/EW4_Web_Port_v0.61/assets/portraits/Sacken.webp
7232	SOURCE_LEAN/EW4_Web_Port_v0.61/assets/portraits/Sakurako.webp
7550	SOURCE_LEAN/EW4_Web_Port_v0.61/assets/portraits/Saltykov.webp
8410	SOURCE_LEAN/EW4_Web_Port_v0.61/assets/portraits/Savary.webp
4728	SOURCE_LEAN/EW4_Web_Port_v0.61/assets/portraits/Scharnhorst.webp
8156	SOURCE_LEAN/EW4_Web_Port_v0.61/assets/portraits/Schwerin.webp
7324	SOURCE_LEAN/EW4_Web_Port_v0.61/assets/portraits/Sebastiani.webp
5866	SOURCE_LEAN/EW4_Web_Port_v0.61/assets/portraits/SelimIII.webp
7164	SOURCE_LEAN/EW4_Web_Port_v0.61/assets/portraits/Senyavin.webp
8122	SOURCE_LEAN/EW4_Web_Port_v0.61/assets/portraits/Serurier.webp
8432	SOURCE_LEAN/EW4_Web_Port_v0.61/assets/portraits/Sidney.webp
7538	SOURCE_LEAN/EW4_Web_Port_v0.61/assets/portraits/Silveira.webp
4674	SOURCE_LEAN/EW4_Web_Port_v0.61/assets/portraits/Slimane.webp
8412	SOURCE_LEAN/EW4_Web_Port_v0.61/assets/portraits/Sokolnicki.webp
8110	SOURCE_LEAN/EW4_Web_Port_v0.61/assets/portraits/Sophia.webp
8120	SOURCE_LEAN/EW4_Web_Port_v0.61/assets/portraits/Soult.webp
5198	SOURCE_LEAN/EW4_Web_Port_v0.61/assets/portraits/Strachan.webp
7958	SOURCE_LEAN/EW4_Web_Port_v0.61/assets/portraits/Suchet.webp
7744	SOURCE_LEAN/EW4_Web_Port_v0.61/assets/portraits/Sulkowski.webp
7244	SOURCE_LEAN/EW4_Web_Port_v0.61/assets/portraits/Suvorov.webp
7318	SOURCE_LEAN/EW4_Web_Port_v0.61/assets/portraits/Tormasov.webp
7024	SOURCE_LEAN/EW4_Web_Port_v0.61/assets/portraits/Treville.webp
4974	SOURCE_LEAN/EW4_Web_Port_v0.61/assets/portraits/Ushakov.webp
5776	SOURCE_LEAN/EW4_Web_Port_v0.61/assets/portraits/Vandamme.webp
7162	SOURCE_LEAN/EW4_Web_Port_v0.61/assets/portraits/Vecsey.webp
6250	SOURCE_LEAN/EW4_Web_Port_v0.61/assets/portraits/Verhuell.webp
6976	SOURCE_LEAN/EW4_Web_Port_v0.61/assets/portraits/Victoria.webp
5204	SOURCE_LEAN/EW4_Web_Port_v0.61/assets/portraits/Villeneuve.webp
7930	SOURCE_LEAN/EW4_Web_Port_v0.61/assets/portraits/Washington.webp
6784	SOURCE_LEAN/EW4_Web_Port_v0.61/assets/portraits/Wellesley.webp
6252	SOURCE_LEAN/EW4_Web_Port_v0.61/assets/portraits/Weyrother.webp
6868	SOURCE_LEAN/EW4_Web_Port_v0.61/assets/portraits/WilhelmIII.webp
7848	SOURCE_LEAN/EW4_Web_Port_v0.61/assets/portraits/Wittgenstein.webp
8136	SOURCE_LEAN/EW4_Web_Port_v0.61/assets/portraits/Wrede.webp
5448	SOURCE_LEAN/EW4_Web_Port_v0.61/assets/portraits/Wurmb.webp
6040	SOURCE_LEAN/EW4_Web_Port_v0.61/assets/portraits/Wurmser.webp
7730	SOURCE_LEAN/EW4_Web_Port_v0.61/assets/portraits/Yermolov.webp
8394	SOURCE_LEAN/EW4_Web_Port_v0.61/assets/portraits/Yorck.webp
6442	SOURCE_LEAN/EW4_Web_Port_v0.61/assets/portraits/Zakrevsky.webp
7266	SOURCE_LEAN/EW4_Web_Port_v0.61/assets/portraits/Zebulon.webp
168179	SOURCE_LEAN/EW4_Web_Port_v0.61/assets/sprite_manifest.json
3044	SOURCE_LEAN/EW4_Web_Port_v0.61/assets/sprites/buildings_hd/alg1.png
3129	SOURCE_LEAN/EW4_Web_Port_v0.61/assets/sprites/buildings_hd/alg2.png
3136	SOURCE_LEAN/EW4_Web_Port_v0.61/assets/sprites/buildings_hd/alg3.png
3147	SOURCE_LEAN/EW4_Web_Port_v0.61/assets/sprites/buildings_hd/alg4.png
4591	SOURCE_LEAN/EW4_Web_Port_v0.61/assets/sprites/buildings_hd/arrow_blue.png
3792	SOURCE_LEAN/EW4_Web_Port_v0.61/assets/sprites/buildings_hd/arrow_red.png
4530	SOURCE_LEAN/EW4_Web_Port_v0.61/assets/sprites/buildings_hd/arrow_shadow.png
12369	SOURCE_LEAN/EW4_Web_Port_v0.61/assets/sprites/buildings_hd/attack.png
2509	SOURCE_LEAN/EW4_Web_Port_v0.61/assets/sprites/buildings_hd/aus1.png
2605	SOURCE_LEAN/EW4_Web_Port_v0.61/assets/sprites/buildings_hd/aus2.png
2631	SOURCE_LEAN/EW4_Web_Port_v0.61/assets/sprites/buildings_hd/aus3.png
2643	SOURCE_LEAN/EW4_Web_Port_v0.61/assets/sprites/buildings_hd/aus4.png
3390	SOURCE_LEAN/EW4_Web_Port_v0.61/assets/sprites/buildings_hd/bad1.png
3494	SOURCE_LEAN/EW4_Web_Port_v0.61/assets/sprites/buildings_hd/bad2.png
3514	SOURCE_LEAN/EW4_Web_Port_v0.61/assets/sprites/buildings_hd/bad3.png
3501	SOURCE_LEAN/EW4_Web_Port_v0.61/assets/sprites/buildings_hd/bad4.png
2986	SOURCE_LEAN/EW4_Web_Port_v0.61/assets/sprites/buildings_hd/bav1.png
3061	SOURCE_LEAN/EW4_Web_Port_v0.61/assets/sprites/buildings_hd/bav2.png
3110	SOURCE_LEAN/EW4_Web_Port_v0.61/assets/sprites/buildings_hd/bav3.png
3097	SOURCE_LEAN/EW4_Web_Port_v0.61/assets/sprites/buildings_hd/bav4.png
11119	SOURCE_LEAN/EW4_Web_Port_v0.61/assets/sprites/buildings_hd/bridge_1_1.png
11795	SOURCE_LEAN/EW4_Web_Port_v0.61/assets/sprites/buildings_hd/bridge_1_2.png
11839	SOURCE_LEAN/EW4_Web_Port_v0.61/assets/sprites/buildings_hd/bridge_1_3.png
8454	SOURCE_LEAN/EW4_Web_Port_v0.61/assets/sprites/buildings_hd/bridge_2_1.png
10489	SOURCE_LEAN/EW4_Web_Port_v0.61/assets/sprites/buildings_hd/bridge_2_2.png
10117	SOURCE_LEAN/EW4_Web_Port_v0.61/assets/sprites/buildings_hd/bridge_2_3.png
6933	SOURCE_LEAN/EW4_Web_Port_v0.61/assets/sprites/buildings_hd/bridge_3_1.png
10524	SOURCE_LEAN/EW4_Web_Port_v0.61/assets/sprites/buildings_hd/bridge_3_2.png
10223	SOURCE_LEAN/EW4_Web_Port_v0.61/assets/sprites/buildings_hd/bridge_3_3.png
3148	SOURCE_LEAN/EW4_Web_Port_v0.61/assets/sprites/buildings_hd/bru1.png
3210	SOURCE_LEAN/EW4_Web_Port_v0.61/assets/sprites/buildings_hd/bru2.png
3276	SOURCE_LEAN/EW4_Web_Port_v0.61/assets/sprites/buildings_hd/bru3.png
3268	SOURCE_LEAN/EW4_Web_Port_v0.61/assets/sprites/buildings_hd/bru4.png
923	SOURCE_LEAN/EW4_Web_Port_v0.61/assets/sprites/buildings_hd/buildinglevel_1.png
1015	SOURCE_LEAN/EW4_Web_Port_v0.61/assets/sprites/buildings_hd/buildinglevel_2.png
1106	SOURCE_LEAN/EW4_Web_Port_v0.61/assets/sprites/buildings_hd/buildinglevel_3.png
1818	SOURCE_LEAN/EW4_Web_Port_v0.61/assets/sprites/buildings_hd/buildinglevel_4.png
1601	SOURCE_LEAN/EW4_Web_Port_v0.61/assets/sprites/buildings_hd/buildinglevel_5.png
1832	SOURCE_LEAN/EW4_Web_Port_v0.61/assets/sprites/buildings_hd/buildinglevel_6.png
1755	SOURCE_LEAN/EW4_Web_Port_v0.61/assets/sprites/buildings_hd/buildinglevel_7.png
2619	SOURCE_LEAN/EW4_Web_Port_v0.61/assets/sprites/buildings_hd/buildinglevel_max.png
34936	SOURCE_LEAN/EW4_Web_Port_v0.61/assets/sprites/buildings_hd/capital_au.png
37304	SOURCE_LEAN/EW4_Web_Port_v0.61/assets/sprites/buildings_hd/capital_ca.png
32439	SOURCE_LEAN/EW4_Web_Port_v0.61/assets/sprites/buildings_hd/capital_common.png
29401	SOURCE_LEAN/EW4_Web_Port_v0.61/assets/sprites/buildings_hd/capital_eg.png
39339	SOURCE_LEAN/EW4_Web_Port_v0.61/assets/sprites/buildings_hd/capital_es.png
33178	SOURCE_LEAN/EW4_Web_Port_v0.61/assets/sprites/buildings_hd/capital_fr.png
41484	SOURCE_LEAN/EW4_Web_Port_v0.61/assets/sprites/buildings_hd/capital_gb.png
20140	SOURCE_LEAN/EW4_Web_Port_v0.61/assets/sprites/buildings_hd/capital_it.png
33547	SOURCE_LEAN/EW4_Web_Port_v0.61/assets/sprites/buildings_hd/capital_pu.png
41125	SOURCE_LEAN/EW4_Web_Port_v0.61/assets/sprites/buildings_hd/capital_ru.png
47072	SOURCE_LEAN/EW4_Web_Port_v0.61/assets/sprites/buildings_hd/capital_tk.png
26074	SOURCE_LEAN/EW4_Web_Port_v0.61/assets/sprites/buildings_hd/capital_us.png
2849	SOURCE_LEAN/EW4_Web_Port_v0.61/assets/sprites/buildings_hd/che1.png
2954	SOURCE_LEAN/EW4_Web_Port_v0.61/assets/sprites/buildings_hd/che2.png
3002	SOURCE_LEAN/EW4_Web_Port_v0.61/assets/sprites/buildings_hd/che3.png
2996	SOURCE_LEAN/EW4_Web_Port_v0.61/assets/sprites/buildings_hd/che4.png
2372	SOURCE_LEAN/EW4_Web_Port_v0.61/assets/sprites/buildings_hd/city_board_blue.png
2401	SOURCE_LEAN/EW4_Web_Port_v0.61/assets/sprites/buildings_hd/city_board_green.png
2387	SOURCE_LEAN/EW4_Web_Port_v0.61/assets/sprites/buildings_hd/city_board_red.png
10266	SOURCE_LEAN/EW4_Web_Port_v0.61/assets/sprites/buildings_hd/city_east_lv1.png
13490	SOURCE_LEAN/EW4_Web_Port_v0.61/assets/sprites/buildings_hd/city_east_lv2.png
18569	SOURCE_LEAN/EW4_Web_Port_v0.61/assets/sprites/buildings_hd/city_east_lv3.png
27174	SOURCE_LEAN/EW4_Web_Port_v0.61/assets/sprites/buildings_hd/city_east_lv4.png
39222	SOURCE_LEAN/EW4_Web_Port_v0.61/assets/sprites/buildings_hd/city_east_lv5.png
48636	SOURCE_LEAN/EW4_Web_Port_v0.61/assets/sprites/buildings_hd/city_east_lv6.png
51624	SOURCE_LEAN/EW4_Web_Port_v0.61/assets/sprites/buildings_hd/city_east_lv7.png
44761	SOURCE_LEAN/EW4_Web_Port_v0.61/assets/sprites/buildings_hd/city_east_lv7_up.png
11134	SOURCE_LEAN/EW4_Web_Port_v0.61/assets/sprites/buildings_hd/city_west_lv1.png
13811	SOURCE_LEAN/EW4_Web_Port_v0.61/assets/sprites/buildings_hd/city_west_lv2.png
19029	SOURCE_LEAN/EW4_Web_Port_v0.61/assets/sprites/buildings_hd/city_west_lv3.png
27151	SOURCE_LEAN/EW4_Web_Port_v0.61/assets/sprites/buildings_hd/city_west_lv4.png
37839	SOURCE_LEAN/EW4_Web_Port_v0.61/assets/sprites/buildings_hd/city_west_lv5.png
51118	SOURCE_LEAN/EW4_Web_Port_v0.61/assets/sprites/buildings_hd/city_west_lv6.png
55346	SOURCE_LEAN/EW4_Web_Port_v0.61/assets/sprites/buildings_hd/city_west_lv7.png
40738	SOURCE_LEAN/EW4_Web_Port_v0.61/assets/sprites/buildings_hd/city_west_lv7_up.png
35950	SOURCE_LEAN/EW4_Web_Port_v0.61/assets/sprites/buildings_hd/deck.png
1860	SOURCE_LEAN/EW4_Web_Port_v0.61/assets/sprites/buildings_hd/defense_bunker.png
4189	SOURCE_LEAN/EW4_Web_Port_v0.61/assets/sprites/buildings_hd/defense_fences.png
1580	SOURCE_LEAN/EW4_Web_Port_v0.61/assets/sprites/buildings_hd/defense_moat.png
3138	SOURCE_LEAN/EW4_Web_Port_v0.61/assets/sprites/buildings_hd/den1.png
3239	SOURCE_LEAN/EW4_Web_Port_v0.61/assets/sprites/buildings_hd/den2.png
3286	SOURCE_LEAN/EW4_Web_Port_v0.61/assets/sprites/buildings_hd/den3.png
3267	SOURCE_LEAN/EW4_Web_Port_v0.61/assets/sprites/buildings_hd/den4.png
2896	SOURCE_LEAN/EW4_Web_Port_v0.61/assets/sprites/buildings_hd/egy1.png
2948	SOURCE_LEAN/EW4_Web_Port_v0.61/assets/sprites/buildings_hd/egy2.png
2955	SOURCE_LEAN/EW4_Web_Port_v0.61/assets/sprites/buildings_hd/egy3.png
2981	SOURCE_LEAN/EW4_Web_Port_v0.61/assets/sprites/buildings_hd/egy4.png
17913	SOURCE_LEAN/EW4_Web_Port_v0.61/assets/sprites/buildings_hd/factory_east_lv1.png
24499	SOURCE_LEAN/EW4_Web_Port_v0.61/assets/sprites/buildings_hd/factory_east_lv2.png
25628	SOURCE_LEAN/EW4_Web_Port_v0.61/assets/sprites/buildings_hd/factory_east_lv3.png
34262	SOURCE_LEAN/EW4_Web_Port_v0.61/assets/sprites/buildings_hd/factory_east_lv4.png
20003	SOURCE_LEAN/EW4_Web_Port_v0.61/assets/sprites/buildings_hd/factory_west_lv1.png
23716	SOURCE_LEAN/EW4_Web_Port_v0.61/assets/sprites/buildings_hd/factory_west_lv2.png
26062	SOURCE_LEAN/EW4_Web_Port_v0.61/assets/sprites/buildings_hd/factory_west_lv3.png
30497	SOURCE_LEAN/EW4_Web_Port_v0.61/assets/sprites/buildings_hd/factory_west_lv4.png
48318	SOURCE_LEAN/EW4_Web_Port_v0.61/assets/sprites/buildings_hd/farm_1_lv1.png
49020	SOURCE_LEAN/EW4_Web_Port_v0.61/assets/sprites/buildings_hd/farm_1_lv2.png
47370	SOURCE_LEAN/EW4_Web_Port_v0.61/assets/sprites/buildings_hd/farm_1_lv3.png
52362	SOURCE_LEAN/EW4_Web_Port_v0.61/assets/sprites/buildings_hd/farm_2_lv1.png
51345	SOURCE_LEAN/EW4_Web_Port_v0.61/assets/sprites/buildings_hd/farm_2_lv2.png
51316	SOURCE_LEAN/EW4_Web_Port_v0.61/assets/sprites/buildings_hd/farm_2_lv3.png
53910	SOURCE_LEAN/EW4_Web_Port_v0.61/assets/sprites/buildings_hd/farm_3_lv1.png
52013	SOURCE_LEAN/EW4_Web_Port_v0.61/assets/sprites/buildings_hd/farm_3_lv2.png
50790	SOURCE_LEAN/EW4_Web_Port_v0.61/assets/sprites/buildings_hd/farm_3_lv3.png
69381	SOURCE_LEAN/EW4_Web_Port_v0.61/assets/sprites/buildings_hd/farm_4_lv1.png
53870	SOURCE_LEAN/EW4_Web_Port_v0.61/assets/sprites/buildings_hd/farm_4_lv2.png
55011	SOURCE_LEAN/EW4_Web_Port_v0.61/assets/sprites/buildings_hd/farm_4_lv3.png
594	SOURCE_LEAN/EW4_Web_Port_v0.61/assets/sprites/buildings_hd/flagpole.png
2793	SOURCE_LEAN/EW4_Web_Port_v0.61/assets/sprites/buildings_hd/fra1.png
2920	SOURCE_LEAN/EW4_Web_Port_v0.61/assets/sprites/buildings_hd/fra2.png
2960	SOURCE_LEAN/EW4_Web_Port_v0.61/assets/sprites/buildings_hd/fra3.png
2936	SOURCE_LEAN/EW4_Web_Port_v0.61/assets/sprites/buildings_hd/fra4.png
4296	SOURCE_LEAN/EW4_Web_Port_v0.61/assets/sprites/buildings_hd/gbr1.png
4364	SOURCE_LEAN/EW4_Web_Port_v0.61/assets/sprites/buildings_hd/gbr2.png
4392	SOURCE_LEAN/EW4_Web_Port_v0.61/assets/sprites/buildings_hd/gbr3.png
4400	SOURCE_LEAN/EW4_Web_Port_v0.61/assets/sprites/buildings_hd/gbr4.png
2775	SOURCE_LEAN/EW4_Web_Port_v0.61/assets/sprites/buildings_hd/hes1.png
2879	SOURCE_LEAN/EW4_Web_Port_v0.61/assets/sprites/buildings_hd/hes2.png
2942	SOURCE_LEAN/EW4_Web_Port_v0.61/assets/sprites/buildings_hd/hes3.png
2933	SOURCE_LEAN/EW4_Web_Port_v0.61/assets/sprites/buildings_hd/hes4.png
92	SOURCE_LEAN/EW4_Web_Port_v0.61/assets/sprites/buildings_hd/hp.png
2201	SOURCE_LEAN/EW4_Web_Port_v0.61/assets/sprites/buildings_hd/hpbar_black.png
2297	SOURCE_LEAN/EW4_Web_Port_v0.61/assets/sprites/buildings_hd/hpbar_blue.png
2245	SOURCE_LEAN/EW4_Web_Port_v0.61/assets/sprites/buildings_hd/hpbar_green.png
610	SOURCE_LEAN/EW4_Web_Port_v0.61/assets/sprites/buildings_hd/hpbar_hp.png
2205	SOURCE_LEAN/EW4_Web_Port_v0.61/assets/sprites/buildings_hd/hpbar_red.png
3698	SOURCE_LEAN/EW4_Web_Port_v0.61/assets/sprites/buildings_hd/hre1.png
3793	SOURCE_LEAN/EW4_Web_Port_v0.61/assets/sprites/buildings_hd/hre2.png
3824	SOURCE_LEAN/EW4_Web_Port_v0.61/assets/sprites/buildings_hd/hre3.png
3846	SOURCE_LEAN/EW4_Web_Port_v0.61/assets/sprites/buildings_hd/hre4.png
3233	SOURCE_LEAN/EW4_Web_Port_v0.61/assets/sprites/buildings_hd/ind1.png
3281	SOURCE_LEAN/EW4_Web_Port_v0.61/assets/sprites/buildings_hd/ind2.png
3316	SOURCE_LEAN/EW4_Web_Port_v0.61/assets/sprites/buildings_hd/ind3.png
3331	SOURCE_LEAN/EW4_Web_Port_v0.61/assets/sprites/buildings_hd/ind4.png
3618	SOURCE_LEAN/EW4_Web_Port_v0.61/assets/sprites/buildings_hd/koi1.png
3701	SOURCE_LEAN/EW4_Web_Port_v0.61/assets/sprites/buildings_hd/koi2.png
3740	SOURCE_LEAN/EW4_Web_Port_v0.61/assets/sprites/buildings_hd/koi3.png
3732	SOURCE_LEAN/EW4_Web_Port_v0.61/assets/sprites/buildings_hd/koi4.png
2524	SOURCE_LEAN/EW4_Web_Port_v0.61/assets/sprites/buildings_hd/mar1.png
2608	SOURCE_LEAN/EW4_Web_Port_v0.61/assets/sprites/buildings_hd/mar2.png
2643	SOURCE_LEAN/EW4_Web_Port_v0.61/assets/sprites/buildings_hd/mar3.png
2600	SOURCE_LEAN/EW4_Web_Port_v0.61/assets/sprites/buildings_hd/mar4.png
378	SOURCE_LEAN/EW4_Web_Port_v0.61/assets/sprites/buildings_hd/mark_unit_0.png
620	SOURCE_LEAN/EW4_Web_Port_v0.61/assets/sprites/buildings_hd/mark_unit_1.png
453	SOURCE_LEAN/EW4_Web_Port_v0.61/assets/sprites/buildings_hd/mark_unit_10.png
451	SOURCE_LEAN/EW4_Web_Port_v0.61/assets/sprites/buildings_hd/mark_unit_11.png
343	SOURCE_LEAN/EW4_Web_Port_v0.61/assets/sprites/buildings_hd/mark_unit_12.png
651	SOURCE_LEAN/EW4_Web_Port_v0.61/assets/sprites/buildings_hd/mark_unit_13.png
384	SOURCE_LEAN/EW4_Web_Port_v0.61/assets/sprites/buildings_hd/mark_unit_14.png
512	SOURCE_LEAN/EW4_Web_Port_v0.61/assets/sprites/buildings_hd/mark_unit_15.png
541	SOURCE_LEAN/EW4_Web_Port_v0.61/assets/sprites/buildings_hd/mark_unit_16.png
408	SOURCE_LEAN/EW4_Web_Port_v0.61/assets/sprites/buildings_hd/mark_unit_17.png
274	SOURCE_LEAN/EW4_Web_Port_v0.61/assets/sprites/buildings_hd/mark_unit_18.png
318	SOURCE_LEAN/EW4_Web_Port_v0.61/assets/sprites/buildings_hd/mark_unit_19.png
541	SOURCE_LEAN/EW4_Web_Port_v0.61/assets/sprites/buildings_hd/mark_unit_2.png
368	SOURCE_LEAN/EW4_Web_Port_v0.61/assets/sprites/buildings_hd/mark_unit_20.png
270	SOURCE_LEAN/EW4_Web_Port_v0.61/assets/sprites/buildings_hd/mark_unit_21.png
354	SOURCE_LEAN/EW4_Web_Port_v0.61/assets/sprites/buildings_hd/mark_unit_3.png
585	SOURCE_LEAN/EW4_Web_Port_v0.61/assets/sprites/buildings_hd/mark_unit_4.png
467	SOURCE_LEAN/EW4_Web_Port_v0.61/assets/sprites/buildings_hd/mark_unit_5.png
456	SOURCE_LEAN/EW4_Web_Port_v0.61/assets/sprites/buildings_hd/mark_unit_6.png
601	SOURCE_LEAN/EW4_Web_Port_v0.61/assets/sprites/buildings_hd/mark_unit_7.png
597	SOURCE_LEAN/EW4_Web_Port_v0.61/assets/sprites/buildings_hd/mark_unit_8.png
450	SOURCE_LEAN/EW4_Web_Port_v0.61/assets/sprites/buildings_hd/mark_unit_9.png
1964	SOURCE_LEAN/EW4_Web_Port_v0.61/assets/sprites/buildings_hd/marker_bar.png
1609	SOURCE_LEAN/EW4_Web_Port_v0.61/assets/sprites/buildings_hd/marker_shop.png
1996	SOURCE_LEAN/EW4_Web_Port_v0.61/assets/sprites/buildings_hd/marker_trade.png
2668	SOURCE_LEAN/EW4_Web_Port_v0.61/assets/sprites/buildings_hd/medal.png
2955	SOURCE_LEAN/EW4_Web_Port_v0.61/assets/sprites/buildings_hd/mek1.png
3044	SOURCE_LEAN/EW4_Web_Port_v0.61/assets/sprites/buildings_hd/mek2.png
3065	SOURCE_LEAN/EW4_Web_Port_v0.61/assets/sprites/buildings_hd/mek3.png
3052	SOURCE_LEAN/EW4_Web_Port_v0.61/assets/sprites/buildings_hd/mek4.png
2934	SOURCE_LEAN/EW4_Web_Port_v0.61/assets/sprites/buildings_hd/mol1.png
3004	SOURCE_LEAN/EW4_Web_Port_v0.61/assets/sprites/buildings_hd/mol2.png
3034	SOURCE_LEAN/EW4_Web_Port_v0.61/assets/sprites/buildings_hd/mol3.png
3001	SOURCE_LEAN/EW4_Web_Port_v0.61/assets/sprites/buildings_hd/mol4.png
12364	SOURCE_LEAN/EW4_Web_Port_v0.61/assets/sprites/buildings_hd/morale_down1.png
13286	SOURCE_LEAN/EW4_Web_Port_v0.61/assets/sprites/buildings_hd/morale_down2.png
6581	SOURCE_LEAN/EW4_Web_Port_v0.61/assets/sprites/buildings_hd/morale_down3.png
11439	SOURCE_LEAN/EW4_Web_Port_v0.61/assets/sprites/buildings_hd/morale_up.png
4974	SOURCE_LEAN/EW4_Web_Port_v0.61/assets/sprites/buildings_hd/move.png
3705	SOURCE_LEAN/EW4_Web_Port_v0.61/assets/sprites/buildings_hd/nap1.png
3806	SOURCE_LEAN/EW4_Web_Port_v0.61/assets/sprites/buildings_hd/nap2.png
3818	SOURCE_LEAN/EW4_Web_Port_v0.61/assets/sprites/buildings_hd/nap3.png
3739	SOURCE_LEAN/EW4_Web_Port_v0.61/assets/sprites/buildings_hd/nap4.png
3063	SOURCE_LEAN/EW4_Web_Port_v0.61/assets/sprites/buildings_hd/nas1.png
3157	SOURCE_LEAN/EW4_Web_Port_v0.61/assets/sprites/buildings_hd/nas2.png
3231	SOURCE_LEAN/EW4_Web_Port_v0.61/assets/sprites/buildings_hd/nas3.png
3179	SOURCE_LEAN/EW4_Web_Port_v0.61/assets/sprites/buildings_hd/nas4.png
3246	SOURCE_LEAN/EW4_Web_Port_v0.61/assets/sprites/buildings_hd/nds1.png
3402	SOURCE_LEAN/EW4_Web_Port_v0.61/assets/sprites/buildings_hd/nds2.png
3393	SOURCE_LEAN/EW4_Web_Port_v0.61/assets/sprites/buildings_hd/nds3.png
3387	SOURCE_LEAN/EW4_Web_Port_v0.61/assets/sprites/buildings_hd/nds4.png
2882	SOURCE_LEAN/EW4_Web_Port_v0.61/assets/sprites/buildings_hd/ned1.png
2976	SOURCE_LEAN/EW4_Web_Port_v0.61/assets/sprites/buildings_hd/ned2.png
3012	SOURCE_LEAN/EW4_Web_Port_v0.61/assets/sprites/buildings_hd/ned3.png
2951	SOURCE_LEAN/EW4_Web_Port_v0.61/assets/sprites/buildings_hd/ned4.png
3050	SOURCE_LEAN/EW4_Web_Port_v0.61/assets/sprites/buildings_hd/old1.png
3131	SOURCE_LEAN/EW4_Web_Port_v0.61/assets/sprites/buildings_hd/old2.png
3167	SOURCE_LEAN/EW4_Web_Port_v0.61/assets/sprites/buildings_hd/old3.png
3145	SOURCE_LEAN/EW4_Web_Port_v0.61/assets/sprites/buildings_hd/old4.png
3207	SOURCE_LEAN/EW4_Web_Port_v0.61/assets/sprites/buildings_hd/pap1.png
3301	SOURCE_LEAN/EW4_Web_Port_v0.61/assets/sprites/buildings_hd/pap2.png
3360	SOURCE_LEAN/EW4_Web_Port_v0.61/assets/sprites/buildings_hd/pap3.png
3354	SOURCE_LEAN/EW4_Web_Port_v0.61/assets/sprites/buildings_hd/pap4.png
3403	SOURCE_LEAN/EW4_Web_Port_v0.61/assets/sprites/buildings_hd/per1.png
3521	SOURCE_LEAN/EW4_Web_Port_v0.61/assets/sprites/buildings_hd/per2.png
3561	SOURCE_LEAN/EW4_Web_Port_v0.61/assets/sprites/buildings_hd/per3.png
3613	SOURCE_LEAN/EW4_Web_Port_v0.61/assets/sprites/buildings_hd/per4.png
2962	SOURCE_LEAN/EW4_Web_Port_v0.61/assets/sprites/buildings_hd/pie1.png
3073	SOURCE_LEAN/EW4_Web_Port_v0.61/assets/sprites/buildings_hd/pie2.png
3104	SOURCE_LEAN/EW4_Web_Port_v0.61/assets/sprites/buildings_hd/pie3.png
3053	SOURCE_LEAN/EW4_Web_Port_v0.61/assets/sprites/buildings_hd/pie4.png
3254	SOURCE_LEAN/EW4_Web_Port_v0.61/assets/sprites/buildings_hd/pol1.png
3330	SOURCE_LEAN/EW4_Web_Port_v0.61/assets/sprites/buildings_hd/pol2.png
3381	SOURCE_LEAN/EW4_Web_Port_v0.61/assets/sprites/buildings_hd/pol3.png
3380	SOURCE_LEAN/EW4_Web_Port_v0.61/assets/sprites/buildings_hd/pol4.png
3142	SOURCE_LEAN/EW4_Web_Port_v0.61/assets/sprites/buildings_hd/por1.png
3262	SOURCE_LEAN/EW4_Web_Port_v0.61/assets/sprites/buildings_hd/por2.png
3274	SOURCE_LEAN/EW4_Web_Port_v0.61/assets/sprites/buildings_hd/por3.png
3361	SOURCE_LEAN/EW4_Web_Port_v0.61/assets/sprites/buildings_hd/por4.png
36039	SOURCE_LEAN/EW4_Web_Port_v0.61/assets/sprites/buildings_hd/port_1.png
47813	SOURCE_LEAN/EW4_Web_Port_v0.61/assets/sprites/buildings_hd/port_2.png
50352	SOURCE_LEAN/EW4_Web_Port_v0.61/assets/sprites/buildings_hd/port_3.png
35272	SOURCE_LEAN/EW4_Web_Port_v0.61/assets/sprites/buildings_hd/port_4.png
2793	SOURCE_LEAN/EW4_Web_Port_v0.61/assets/sprites/buildings_hd/pru1.png
2814	SOURCE_LEAN/EW4_Web_Port_v0.61/assets/sprites/buildings_hd/pru2.png
2849	SOURCE_LEAN/EW4_Web_Port_v0.61/assets/sprites/buildings_hd/pru3.png
2834	SOURCE_LEAN/EW4_Web_Port_v0.61/assets/sprites/buildings_hd/pru4.png
505	SOURCE_LEAN/EW4_Web_Port_v0.61/assets/sprites/buildings_hd/rank_1.png
705	SOURCE_LEAN/EW4_Web_Port_v0.61/assets/sprites/buildings_hd/rank_2.png
907	SOURCE_LEAN/EW4_Web_Port_v0.61/assets/sprites/buildings_hd/rank_3.png
1119	SOURCE_LEAN/EW4_Web_Port_v0.61/assets/sprites/buildings_hd/rank_4.png
836	SOURCE_LEAN/EW4_Web_Port_v0.61/assets/sprites/buildings_hd/rank_5.png
2882	SOURCE_LEAN/EW4_Web_Port_v0.61/assets/sprites/buildings_hd/rhc1.png
2975	SOURCE_LEAN/EW4_Web_Port_v0.61/assets/sprites/buildings_hd/rhc2.png
3023	SOURCE_LEAN/EW4_Web_Port_v0.61/assets/sprites/buildings_hd/rhc3.png
3013	SOURCE_LEAN/EW4_Web_Port_v0.61/assets/sprites/buildings_hd/rhc4.png
3082	SOURCE_LEAN/EW4_Web_Port_v0.61/assets/sprites/buildings_hd/rus1.png
3171	SOURCE_LEAN/EW4_Web_Port_v0.61/assets/sprites/buildings_hd/rus2.png
3241	SOURCE_LEAN/EW4_Web_Port_v0.61/assets/sprites/buildings_hd/rus3.png
3229	SOURCE_LEAN/EW4_Web_Port_v0.61/assets/sprites/buildings_hd/rus4.png
3759	SOURCE_LEAN/EW4_Web_Port_v0.61/assets/sprites/buildings_hd/sax1.png
3870	SOURCE_LEAN/EW4_Web_Port_v0.61/assets/sprites/buildings_hd/sax2.png
3890	SOURCE_LEAN/EW4_Web_Port_v0.61/assets/sprites/buildings_hd/sax3.png
3943	SOURCE_LEAN/EW4_Web_Port_v0.61/assets/sprites/buildings_hd/sax4.png
2776	SOURCE_LEAN/EW4_Web_Port_v0.61/assets/sprites/buildings_hd/ship_mark.png
3108	SOURCE_LEAN/EW4_Web_Port_v0.61/assets/sprites/buildings_hd/spa1.png
3212	SOURCE_LEAN/EW4_Web_Port_v0.61/assets/sprites/buildings_hd/spa2.png
3215	SOURCE_LEAN/EW4_Web_Port_v0.61/assets/sprites/buildings_hd/spa3.png
3220	SOURCE_LEAN/EW4_Web_Port_v0.61/assets/sprites/buildings_hd/spa4.png
3429	SOURCE_LEAN/EW4_Web_Port_v0.61/assets/sprites/buildings_hd/srb1.png
3496	SOURCE_LEAN/EW4_Web_Port_v0.61/assets/sprites/buildings_hd/srb2.png
3558	SOURCE_LEAN/EW4_Web_Port_v0.61/assets/sprites/buildings_hd/srb3.png
3572	SOURCE_LEAN/EW4_Web_Port_v0.61/assets/sprites/buildings_hd/srb4.png
15353	SOURCE_LEAN/EW4_Web_Port_v0.61/assets/sprites/buildings_hd/stable_east_lv1.png
21586	SOURCE_LEAN/EW4_Web_Port_v0.61/assets/sprites/buildings_hd/stable_east_lv2.png
35351	SOURCE_LEAN/EW4_Web_Port_v0.61/assets/sprites/buildings_hd/stable_east_lv3.png
14775	SOURCE_LEAN/EW4_Web_Port_v0.61/assets/sprites/buildings_hd/stable_west_lv1.png
21166	SOURCE_LEAN/EW4_Web_Port_v0.61/assets/sprites/buildings_hd/stable_west_lv2.png
32216	SOURCE_LEAN/EW4_Web_Port_v0.61/assets/sprites/buildings_hd/stable_west_lv3.png
3076	SOURCE_LEAN/EW4_Web_Port_v0.61/assets/sprites/buildings_hd/swe1.png
3206	SOURCE_LEAN/EW4_Web_Port_v0.61/assets/sprites/buildings_hd/swe2.png
3215	SOURCE_LEAN/EW4_Web_Port_v0.61/assets/sprites/buildings_hd/swe3.png
3200	SOURCE_LEAN/EW4_Web_Port_v0.61/assets/sprites/buildings_hd/swe4.png
39312	SOURCE_LEAN/EW4_Web_Port_v0.61/assets/sprites/buildings_hd/transportship1.png
39583	SOURCE_LEAN/EW4_Web_Port_v0.61/assets/sprites/buildings_hd/transportship2.png
2783	SOURCE_LEAN/EW4_Web_Port_v0.61/assets/sprites/buildings_hd/tri1.png
2852	SOURCE_LEAN/EW4_Web_Port_v0.61/assets/sprites/buildings_hd/tri2.png
2956	SOURCE_LEAN/EW4_Web_Port_v0.61/assets/sprites/buildings_hd/tri3.png
2874	SOURCE_LEAN/EW4_Web_Port_v0.61/assets/sprites/buildings_hd/tri4.png
3100	SOURCE_LEAN/EW4_Web_Port_v0.61/assets/sprites/buildings_hd/tun1.png
3229	SOURCE_LEAN/EW4_Web_Port_v0.61/assets/sprites/buildings_hd/tun2.png
3234	SOURCE_LEAN/EW4_Web_Port_v0.61/assets/sprites/buildings_hd/tun3.png
3233	SOURCE_LEAN/EW4_Web_Port_v0.61/assets/sprites/buildings_hd/tun4.png
3031	SOURCE_LEAN/EW4_Web_Port_v0.61/assets/sprites/buildings_hd/tur1.png
3183	SOURCE_LEAN/EW4_Web_Port_v0.61/assets/sprites/buildings_hd/tur2.png
3188	SOURCE_LEAN/EW4_Web_Port_v0.61/assets/sprites/buildings_hd/tur3.png
3182	SOURCE_LEAN/EW4_Web_Port_v0.61/assets/sprites/buildings_hd/tur4.png
3949	SOURCE_LEAN/EW4_Web_Port_v0.61/assets/sprites/buildings_hd/usa1.png
4088	SOURCE_LEAN/EW4_Web_Port_v0.61/assets/sprites/buildings_hd/usa2.png
4086	SOURCE_LEAN/EW4_Web_Port_v0.61/assets/sprites/buildings_hd/usa3.png
4095	SOURCE_LEAN/EW4_Web_Port_v0.61/assets/sprites/buildings_hd/usa4.png
3196	SOURCE_LEAN/EW4_Web_Port_v0.61/assets/sprites/buildings_hd/wal1.png
3291	SOURCE_LEAN/EW4_Web_Port_v0.61/assets/sprites/buildings_hd/wal2.png
3366	SOURCE_LEAN/EW4_Web_Port_v0.61/assets/sprites/buildings_hd/wal3.png
3387	SOURCE_LEAN/EW4_Web_Port_v0.61/assets/sprites/buildings_hd/wal4.png
2296	SOURCE_LEAN/EW4_Web_Port_v0.61/assets/sprites/buildings_hd/wur1.png
2391	SOURCE_LEAN/EW4_Web_Port_v0.61/assets/sprites/buildings_hd/wur2.png
2409	SOURCE_LEAN/EW4_Web_Port_v0.61/assets/sprites/buildings_hd/wur3.png
2380	SOURCE_LEAN/EW4_Web_Port_v0.61/assets/sprites/buildings_hd/wur4.png
1752	SOURCE_LEAN/EW4_Web_Port_v0.61/assets/sprites/choose_hd/1.png
1960	SOURCE_LEAN/EW4_Web_Port_v0.61/assets/sprites/choose_hd/2.png
1907	SOURCE_LEAN/EW4_Web_Port_v0.61/assets/sprites/choose_hd/3.png
1752	SOURCE_LEAN/EW4_Web_Port_v0.61/assets/sprites/choose_hd/4.png
5298	SOURCE_LEAN/EW4_Web_Port_v0.61/assets/sprites/commandermark_hd/Abercromby.png
5028	SOURCE_LEAN/EW4_Web_Port_v0.61/assets/sprites/commandermark_hd/Agha.png
5266	SOURCE_LEAN/EW4_Web_Port_v0.61/assets/sprites/commandermark_hd/AlexanderI.png
5535	SOURCE_LEAN/EW4_Web_Port_v0.61/assets/sprites/commandermark_hd/Alten.png
5319	SOURCE_LEAN/EW4_Web_Port_v0.61/assets/sprites/commandermark_hd/AmadeoIII.png
5204	SOURCE_LEAN/EW4_Web_Port_v0.61/assets/sprites/commandermark_hd/Andrade.png
5328	SOURCE_LEAN/EW4_Web_Port_v0.61/assets/sprites/commandermark_hd/Archduke.C.png
5278	SOURCE_LEAN/EW4_Web_Port_v0.61/assets/sprites/commandermark_hd/Archduke.J.png
5511	SOURCE_LEAN/EW4_Web_Port_v0.61/assets/sprites/commandermark_hd/Arnold.png
5324	SOURCE_LEAN/EW4_Web_Port_v0.61/assets/sprites/commandermark_hd/Arrighi.png
5333	SOURCE_LEAN/EW4_Web_Port_v0.61/assets/sprites/commandermark_hd/Augereau.png
5593	SOURCE_LEAN/EW4_Web_Port_v0.61/assets/sprites/commandermark_hd/AugustI.png
5397	SOURCE_LEAN/EW4_Web_Port_v0.61/assets/sprites/commandermark_hd/Bachmann.png
5511	SOURCE_LEAN/EW4_Web_Port_v0.61/assets/sprites/commandermark_hd/Baggovut.png
5264	SOURCE_LEAN/EW4_Web_Port_v0.61/assets/sprites/commandermark_hd/Bagration.png
5420	SOURCE_LEAN/EW4_Web_Port_v0.61/assets/sprites/commandermark_hd/Balabio.png
5164	SOURCE_LEAN/EW4_Web_Port_v0.61/assets/sprites/commandermark_hd/Ballesteros.png
5307	SOURCE_LEAN/EW4_Web_Port_v0.61/assets/sprites/commandermark_hd/Barclay.png
5461	SOURCE_LEAN/EW4_Web_Port_v0.61/assets/sprites/commandermark_hd/Bennigsen.png
5653	SOURCE_LEAN/EW4_Web_Port_v0.61/assets/sprites/commandermark_hd/Beresford.png
5417	SOURCE_LEAN/EW4_Web_Port_v0.61/assets/sprites/commandermark_hd/Bernadotte.png
5863	SOURCE_LEAN/EW4_Web_Port_v0.61/assets/sprites/commandermark_hd/Berthier.png
5580	SOURCE_LEAN/EW4_Web_Port_v0.61/assets/sprites/commandermark_hd/Blasius.png
5614	SOURCE_LEAN/EW4_Web_Port_v0.61/assets/sprites/commandermark_hd/Blucher.png
5378	SOURCE_LEAN/EW4_Web_Port_v0.61/assets/sprites/commandermark_hd/Bouvet.png
5073	SOURCE_LEAN/EW4_Web_Port_v0.61/assets/sprites/commandermark_hd/Brock.png
5273	SOURCE_LEAN/EW4_Web_Port_v0.61/assets/sprites/commandermark_hd/Brueys.png
5021	SOURCE_LEAN/EW4_Web_Port_v0.61/assets/sprites/commandermark_hd/Bruix.png
5468	SOURCE_LEAN/EW4_Web_Port_v0.61/assets/sprites/commandermark_hd/Bubna.png
5546	SOURCE_LEAN/EW4_Web_Port_v0.61/assets/sprites/commandermark_hd/Bulow.png
5066	SOURCE_LEAN/EW4_Web_Port_v0.61/assets/sprites/commandermark_hd/Buxhoeveden.png
5279	SOURCE_LEAN/EW4_Web_Port_v0.61/assets/sprites/commandermark_hd/Bylandt.png
5502	SOURCE_LEAN/EW4_Web_Port_v0.61/assets/sprites/commandermark_hd/Calder.png
4976	SOURCE_LEAN/EW4_Web_Port_v0.61/assets/sprites/commandermark_hd/Caradja.png
5617	SOURCE_LEAN/EW4_Web_Port_v0.61/assets/sprites/commandermark_hd/Carteaux.png
5371	SOURCE_LEAN/EW4_Web_Port_v0.61/assets/sprites/commandermark_hd/Charles.png
5643	SOURCE_LEAN/EW4_Web_Port_v0.61/assets/sprites/commandermark_hd/Chasse.png
5202	SOURCE_LEAN/EW4_Web_Port_v0.61/assets/sprites/commandermark_hd/Chichagov.png
5609	SOURCE_LEAN/EW4_Web_Port_v0.61/assets/sprites/commandermark_hd/Cisneros.png
5643	SOURCE_LEAN/EW4_Web_Port_v0.61/assets/sprites/commandermark_hd/Claude.png
5169	SOURCE_LEAN/EW4_Web_Port_v0.61/assets/sprites/commandermark_hd/Clausewitz.png
5266	SOURCE_LEAN/EW4_Web_Port_v0.61/assets/sprites/commandermark_hd/Clinton.png
5190	SOURCE_LEAN/EW4_Web_Port_v0.61/assets/sprites/commandermark_hd/Collingwood.png
5435	SOURCE_LEAN/EW4_Web_Port_v0.61/assets/sprites/commandermark_hd/Cornplanter.png
5473	SOURCE_LEAN/EW4_Web_Port_v0.61/assets/sprites/commandermark_hd/Cornwallis.png
5386	SOURCE_LEAN/EW4_Web_Port_v0.61/assets/sprites/commandermark_hd/Cosmao.png
5323	SOURCE_LEAN/EW4_Web_Port_v0.61/assets/sprites/commandermark_hd/Cotton.png
5506	SOURCE_LEAN/EW4_Web_Port_v0.61/assets/sprites/commandermark_hd/Cronstedt.png
5744	SOURCE_LEAN/EW4_Web_Port_v0.61/assets/sprites/commandermark_hd/Davidovich.png
5321	SOURCE_LEAN/EW4_Web_Port_v0.61/assets/sprites/commandermark_hd/Davout.png
5261	SOURCE_LEAN/EW4_Web_Port_v0.61/assets/sprites/commandermark_hd/Dearborn.png
5253	SOURCE_LEAN/EW4_Web_Port_v0.61/assets/sprites/commandermark_hd/Deroy.png
5108	SOURCE_LEAN/EW4_Web_Port_v0.61/assets/sprites/commandermark_hd/Desaix.png
5306	SOURCE_LEAN/EW4_Web_Port_v0.61/assets/sprites/commandermark_hd/Diez.png
4842	SOURCE_LEAN/EW4_Web_Port_v0.61/assets/sprites/commandermark_hd/Dobeln.png
5061	SOURCE_LEAN/EW4_Web_Port_v0.61/assets/sprites/commandermark_hd/Dobrnjac.png
5779	SOURCE_LEAN/EW4_Web_Port_v0.61/assets/sprites/commandermark_hd/Dombrowski.png
5269	SOURCE_LEAN/EW4_Web_Port_v0.61/assets/sprites/commandermark_hd/Dornberg.png
5432	SOURCE_LEAN/EW4_Web_Port_v0.61/assets/sprites/commandermark_hd/Drouot.png
5558	SOURCE_LEAN/EW4_Web_Port_v0.61/assets/sprites/commandermark_hd/Drummond.png
5494	SOURCE_LEAN/EW4_Web_Port_v0.61/assets/sprites/commandermark_hd/Duckworth.png
5850	SOURCE_LEAN/EW4_Web_Port_v0.61/assets/sprites/commandermark_hd/Dumouriez.png
5669	SOURCE_LEAN/EW4_Web_Port_v0.61/assets/sprites/commandermark_hd/Elphinstone.png
5244	SOURCE_LEAN/EW4_Web_Port_v0.61/assets/sprites/commandermark_hd/Emil.png
5038	SOURCE_LEAN/EW4_Web_Port_v0.61/assets/sprites/commandermark_hd/Eugen.png
5553	SOURCE_LEAN/EW4_Web_Port_v0.61/assets/sprites/commandermark_hd/Eugene.png
5235	SOURCE_LEAN/EW4_Web_Port_v0.61/assets/sprites/commandermark_hd/Exelmans.png
5462	SOURCE_LEAN/EW4_Web_Port_v0.61/assets/sprites/commandermark_hd/Falsen.png
5529	SOURCE_LEAN/EW4_Web_Port_v0.61/assets/sprites/commandermark_hd/Fatimah.png
5490	SOURCE_LEAN/EW4_Web_Port_v0.61/assets/sprites/commandermark_hd/Ferdinand.png
5454	SOURCE_LEAN/EW4_Web_Port_v0.61/assets/sprites/commandermark_hd/FerdinandVII.png
5306	SOURCE_LEAN/EW4_Web_Port_v0.61/assets/sprites/commandermark_hd/FerdinandoI.png
5402	SOURCE_LEAN/EW4_Web_Port_v0.61/assets/sprites/commandermark_hd/Fischer.png
5032	SOURCE_LEAN/EW4_Web_Port_v0.61/assets/sprites/commandermark_hd/Fontanelli.png
5310	SOURCE_LEAN/EW4_Web_Port_v0.61/assets/sprites/commandermark_hd/Franquemont.png
5431	SOURCE_LEAN/EW4_Web_Port_v0.61/assets/sprites/commandermark_hd/Frederick.png
5309	SOURCE_LEAN/EW4_Web_Port_v0.61/assets/sprites/commandermark_hd/Galvez.png
5528	SOURCE_LEAN/EW4_Web_Port_v0.61/assets/sprites/commandermark_hd/Gazan.png
5286	SOURCE_LEAN/EW4_Web_Port_v0.61/assets/sprites/commandermark_hd/Georg.png
5386	SOURCE_LEAN/EW4_Web_Port_v0.61/assets/sprites/commandermark_hd/Gerard.png
5570	SOURCE_LEAN/EW4_Web_Port_v0.61/assets/sprites/commandermark_hd/Godebski.png
5387	SOURCE_LEAN/EW4_Web_Port_v0.61/assets/sprites/commandermark_hd/Golitsyn.png
5657	SOURCE_LEAN/EW4_Web_Port_v0.61/assets/sprites/commandermark_hd/Gouvion.png
5348	SOURCE_LEAN/EW4_Web_Port_v0.61/assets/sprites/commandermark_hd/Graham.png
5531	SOURCE_LEAN/EW4_Web_Port_v0.61/assets/sprites/commandermark_hd/Gravina.png
5477	SOURCE_LEAN/EW4_Web_Port_v0.61/assets/sprites/commandermark_hd/Greene.png
5437	SOURCE_LEAN/EW4_Web_Port_v0.61/assets/sprites/commandermark_hd/Grouchy.png
5234	SOURCE_LEAN/EW4_Web_Port_v0.61/assets/sprites/commandermark_hd/HeinrichXV.png
5449	SOURCE_LEAN/EW4_Web_Port_v0.61/assets/sprites/commandermark_hd/Hood.png
5601	SOURCE_LEAN/EW4_Web_Port_v0.61/assets/sprites/commandermark_hd/Hopkins.png
5248	SOURCE_LEAN/EW4_Web_Port_v0.61/assets/sprites/commandermark_hd/Hotze.png
5501	SOURCE_LEAN/EW4_Web_Port_v0.61/assets/sprites/commandermark_hd/Howe.png
5392	SOURCE_LEAN/EW4_Web_Port_v0.61/assets/sprites/commandermark_hd/Huarte.png
5418	SOURCE_LEAN/EW4_Web_Port_v0.61/assets/sprites/commandermark_hd/Hull.png
5643	SOURCE_LEAN/EW4_Web_Port_v0.61/assets/sprites/commandermark_hd/Isabela.png
5713	SOURCE_LEAN/EW4_Web_Port_v0.61/assets/sprites/commandermark_hd/J.Bonaparte.png
5327	SOURCE_LEAN/EW4_Web_Port_v0.61/assets/sprites/commandermark_hd/Jackson.png
5551	SOURCE_LEAN/EW4_Web_Port_v0.61/assets/sprites/commandermark_hd/Janssens.png
5338	SOURCE_LEAN/EW4_Web_Port_v0.61/assets/sprites/commandermark_hd/Jerome.png
5512	SOURCE_LEAN/EW4_Web_Port_v0.61/assets/sprites/commandermark_hd/Jervis.png
5332	SOURCE_LEAN/EW4_Web_Port_v0.61/assets/sprites/commandermark_hd/JohannI.png
5543	SOURCE_LEAN/EW4_Web_Port_v0.61/assets/sprites/commandermark_hd/Joubert.png
5652	SOURCE_LEAN/EW4_Web_Port_v0.61/assets/sprites/commandermark_hd/Jourdan.png
5417	SOURCE_LEAN/EW4_Web_Port_v0.61/assets/sprites/commandermark_hd/Joyes.png
5506	SOURCE_LEAN/EW4_Web_Port_v0.61/assets/sprites/commandermark_hd/Junot.png
5807	SOURCE_LEAN/EW4_Web_Port_v0.61/assets/sprites/commandermark_hd/Kahia.png
5748	SOURCE_LEAN/EW4_Web_Port_v0.61/assets/sprites/commandermark_hd/Karamanli.png
5922	SOURCE_LEAN/EW4_Web_Port_v0.61/assets/sprites/commandermark_hd/Kate.png
5020	SOURCE_LEAN/EW4_Web_Port_v0.61/assets/sprites/commandermark_hd/Kienmayer.png
5247	SOURCE_LEAN/EW4_Web_Port_v0.61/assets/sprites/commandermark_hd/Kleist.png
5301	SOURCE_LEAN/EW4_Web_Port_v0.61/assets/sprites/commandermark_hd/Klenau.png
5397	SOURCE_LEAN/EW4_Web_Port_v0.61/assets/sprites/commandermark_hd/Kollowrat.png
5281	SOURCE_LEAN/EW4_Web_Port_v0.61/assets/sprites/commandermark_hd/Konopka.png
5148	SOURCE_LEAN/EW4_Web_Port_v0.61/assets/sprites/commandermark_hd/Kosciuszko.png
5643	SOURCE_LEAN/EW4_Web_Port_v0.61/assets/sprites/commandermark_hd/Kozietulski.png
5244	SOURCE_LEAN/EW4_Web_Port_v0.61/assets/sprites/commandermark_hd/Kruse.png
5553	SOURCE_LEAN/EW4_Web_Port_v0.61/assets/sprites/commandermark_hd/Kutaisov.png
5429	SOURCE_LEAN/EW4_Web_Port_v0.61/assets/sprites/commandermark_hd/Kutuzov.png
5513	SOURCE_LEAN/EW4_Web_Port_v0.61/assets/sprites/commandermark_hd/L.Bonaparte.png
5396	SOURCE_LEAN/EW4_Web_Port_v0.61/assets/sprites/commandermark_hd/L_Estocq.png
5827	SOURCE_LEAN/EW4_Web_Port_v0.61/assets/sprites/commandermark_hd/Lan.png
5059	SOURCE_LEAN/EW4_Web_Port_v0.61/assets/sprites/commandermark_hd/Lannes.png
5192	SOURCE_LEAN/EW4_Web_Port_v0.61/assets/sprites/commandermark_hd/Lasalle.png
5151	SOURCE_LEAN/EW4_Web_Port_v0.61/assets/sprites/commandermark_hd/Latour.png
5584	SOURCE_LEAN/EW4_Web_Port_v0.61/assets/sprites/commandermark_hd/Lechi.png
5043	SOURCE_LEAN/EW4_Web_Port_v0.61/assets/sprites/commandermark_hd/Lefebvre.png
5452	SOURCE_LEAN/EW4_Web_Port_v0.61/assets/sprites/commandermark_hd/Leiberich.png
5483	SOURCE_LEAN/EW4_Web_Port_v0.61/assets/sprites/commandermark_hd/Lusignan.png
5114	SOURCE_LEAN/EW4_Web_Port_v0.61/assets/sprites/commandermark_hd/MacDonald.png
5902	SOURCE_LEAN/EW4_Web_Port_v0.61/assets/sprites/commandermark_hd/Maria.png
5704	SOURCE_LEAN/EW4_Web_Port_v0.61/assets/sprites/commandermark_hd/Marmont.png
5108	SOURCE_LEAN/EW4_Web_Port_v0.61/assets/sprites/commandermark_hd/Massena.png
4841	SOURCE_LEAN/EW4_Web_Port_v0.61/assets/sprites/commandermark_hd/Mehemet.A.png
5419	SOURCE_LEAN/EW4_Web_Port_v0.61/assets/sprites/commandermark_hd/Melas.png
5255	SOURCE_LEAN/EW4_Web_Port_v0.61/assets/sprites/commandermark_hd/Mercer.png
5461	SOURCE_LEAN/EW4_Web_Port_v0.61/assets/sprites/commandermark_hd/Merveldt.png
5219	SOURCE_LEAN/EW4_Web_Port_v0.61/assets/sprites/commandermark_hd/Milinovic.png
5424	SOURCE_LEAN/EW4_Web_Port_v0.61/assets/sprites/commandermark_hd/Miloradovih.png
5142	SOURCE_LEAN/EW4_Web_Port_v0.61/assets/sprites/commandermark_hd/Mirza.png
5265	SOURCE_LEAN/EW4_Web_Port_v0.61/assets/sprites/commandermark_hd/Moreau.png
5374	SOURCE_LEAN/EW4_Web_Port_v0.61/assets/sprites/commandermark_hd/Mortier.png
5206	SOURCE_LEAN/EW4_Web_Port_v0.61/assets/sprites/commandermark_hd/Mourousis.png
5178	SOURCE_LEAN/EW4_Web_Port_v0.61/assets/sprites/commandermark_hd/Murad.png
5606	SOURCE_LEAN/EW4_Web_Port_v0.61/assets/sprites/commandermark_hd/Murat.png
5314	SOURCE_LEAN/EW4_Web_Port_v0.61/assets/sprites/commandermark_hd/Nansouty.png
5755	SOURCE_LEAN/EW4_Web_Port_v0.61/assets/sprites/commandermark_hd/Napoleon.png
5411	SOURCE_LEAN/EW4_Web_Port_v0.61/assets/sprites/commandermark_hd/Nelson.png
5098	SOURCE_LEAN/EW4_Web_Port_v0.61/assets/sprites/commandermark_hd/Nenadovic.png
5179	SOURCE_LEAN/EW4_Web_Port_v0.61/assets/sprites/commandermark_hd/Ney.png
5605	SOURCE_LEAN/EW4_Web_Port_v0.61/assets/sprites/commandermark_hd/Nunziante.png
5307	SOURCE_LEAN/EW4_Web_Port_v0.61/assets/sprites/commandermark_hd/Oudinot.png
5232	SOURCE_LEAN/EW4_Web_Port_v0.61/assets/sprites/commandermark_hd/Paget.png
5224	SOURCE_LEAN/EW4_Web_Port_v0.61/assets/sprites/commandermark_hd/Palafox.png
5477	SOURCE_LEAN/EW4_Web_Port_v0.61/assets/sprites/commandermark_hd/Pasha.png
5452	SOURCE_LEAN/EW4_Web_Port_v0.61/assets/sprites/commandermark_hd/Perignon.png
5459	SOURCE_LEAN/EW4_Web_Port_v0.61/assets/sprites/commandermark_hd/Picton.png
5332	SOURCE_LEAN/EW4_Web_Port_v0.61/assets/sprites/commandermark_hd/PiusVII.png
4989	SOURCE_LEAN/EW4_Web_Port_v0.61/assets/sprites/commandermark_hd/Platov.png
5501	SOURCE_LEAN/EW4_Web_Port_v0.61/assets/sprites/commandermark_hd/Poniatowski.png
5360	SOURCE_LEAN/EW4_Web_Port_v0.61/assets/sprites/commandermark_hd/Prevost.png
5206	SOURCE_LEAN/EW4_Web_Port_v0.61/assets/sprites/commandermark_hd/Qajar.png
5446	SOURCE_LEAN/EW4_Web_Port_v0.61/assets/sprites/commandermark_hd/Quosdanovih.png
5526	SOURCE_LEAN/EW4_Web_Port_v0.61/assets/sprites/commandermark_hd/Radetzky.png
5292	SOURCE_LEAN/EW4_Web_Port_v0.61/assets/sprites/commandermark_hd/Raevsky.png
5397	SOURCE_LEAN/EW4_Web_Port_v0.61/assets/sprites/commandermark_hd/Reding.png
5261	SOURCE_LEAN/EW4_Web_Port_v0.61/assets/sprites/commandermark_hd/Ricardos.png
5193	SOURCE_LEAN/EW4_Web_Port_v0.61/assets/sprites/commandermark_hd/Rosenberg.png
5427	SOURCE_LEAN/EW4_Web_Port_v0.61/assets/sprites/commandermark_hd/Rowland.png
5314	SOURCE_LEAN/EW4_Web_Port_v0.61/assets/sprites/commandermark_hd/Sacken.png
5390	SOURCE_LEAN/EW4_Web_Port_v0.61/assets/sprites/commandermark_hd/Sakurako.png
5670	SOURCE_LEAN/EW4_Web_Port_v0.61/assets/sprites/commandermark_hd/Saltykov.png
5638	SOURCE_LEAN/EW4_Web_Port_v0.61/assets/sprites/commandermark_hd/Savary.png
5190	SOURCE_LEAN/EW4_Web_Port_v0.61/assets/sprites/commandermark_hd/Scharnhorst.png
5502	SOURCE_LEAN/EW4_Web_Port_v0.61/assets/sprites/commandermark_hd/Schwerin.png
5500	SOURCE_LEAN/EW4_Web_Port_v0.61/assets/sprites/commandermark_hd/Sebastiani.png
4954	SOURCE_LEAN/EW4_Web_Port_v0.61/assets/sprites/commandermark_hd/SelimIII.png
5329	SOURCE_LEAN/EW4_Web_Port_v0.61/assets/sprites/commandermark_hd/Senyavin.png
5275	SOURCE_LEAN/EW4_Web_Port_v0.61/assets/sprites/commandermark_hd/Serurier.png
5707	SOURCE_LEAN/EW4_Web_Port_v0.61/assets/sprites/commandermark_hd/Sidney.png
5352	SOURCE_LEAN/EW4_Web_Port_v0.61/assets/sprites/commandermark_hd/Silveira.png
4842	SOURCE_LEAN/EW4_Web_Port_v0.61/assets/sprites/commandermark_hd/Slimane.png
5412	SOURCE_LEAN/EW4_Web_Port_v0.61/assets/sprites/commandermark_hd/Sokolnicki.png
5646	SOURCE_LEAN/EW4_Web_Port_v0.61/assets/sprites/commandermark_hd/Sophia.png
5423	SOURCE_LEAN/EW4_Web_Port_v0.61/assets/sprites/commandermark_hd/Soult.png
5265	SOURCE_LEAN/EW4_Web_Port_v0.61/assets/sprites/commandermark_hd/Strachan.png
5212	SOURCE_LEAN/EW4_Web_Port_v0.61/assets/sprites/commandermark_hd/Suchet.png
5263	SOURCE_LEAN/EW4_Web_Port_v0.61/assets/sprites/commandermark_hd/Sulkowski.png
5504	SOURCE_LEAN/EW4_Web_Port_v0.61/assets/sprites/commandermark_hd/Suvorov.png
5248	SOURCE_LEAN/EW4_Web_Port_v0.61/assets/sprites/commandermark_hd/Tormasov.png
5201	SOURCE_LEAN/EW4_Web_Port_v0.61/assets/sprites/commandermark_hd/Treville.png
5033	SOURCE_LEAN/EW4_Web_Port_v0.61/assets/sprites/commandermark_hd/Ushakov.png
5235	SOURCE_LEAN/EW4_Web_Port_v0.61/assets/sprites/commandermark_hd/Vandamme.png
5350	SOURCE_LEAN/EW4_Web_Port_v0.61/assets/sprites/commandermark_hd/Vecsey.png
5406	SOURCE_LEAN/EW4_Web_Port_v0.61/assets/sprites/commandermark_hd/Verhuell.png
5534	SOURCE_LEAN/EW4_Web_Port_v0.61/assets/sprites/commandermark_hd/Victoria.png
5504	SOURCE_LEAN/EW4_Web_Port_v0.61/assets/sprites/commandermark_hd/Villeneuve.png
5824	SOURCE_LEAN/EW4_Web_Port_v0.61/assets/sprites/commandermark_hd/Washington.png
5360	SOURCE_LEAN/EW4_Web_Port_v0.61/assets/sprites/commandermark_hd/Wellesley.png
5167	SOURCE_LEAN/EW4_Web_Port_v0.61/assets/sprites/commandermark_hd/Weyrother.png
5072	SOURCE_LEAN/EW4_Web_Port_v0.61/assets/sprites/commandermark_hd/WilhelmIII.png
5295	SOURCE_LEAN/EW4_Web_Port_v0.61/assets/sprites/commandermark_hd/Wittgenstein.png
5672	SOURCE_LEAN/EW4_Web_Port_v0.61/assets/sprites/commandermark_hd/Wrede.png
5533	SOURCE_LEAN/EW4_Web_Port_v0.61/assets/sprites/commandermark_hd/Wurmb.png
5052	SOURCE_LEAN/EW4_Web_Port_v0.61/assets/sprites/commandermark_hd/Wurmser.png
5657	SOURCE_LEAN/EW4_Web_Port_v0.61/assets/sprites/commandermark_hd/Yermolov.png
5602	SOURCE_LEAN/EW4_Web_Port_v0.61/assets/sprites/commandermark_hd/Yorck.png
5301	SOURCE_LEAN/EW4_Web_Port_v0.61/assets/sprites/commandermark_hd/Zakrevsky.png
5637	SOURCE_LEAN/EW4_Web_Port_v0.61/assets/sprites/commandermark_hd/Zebulon.png
2559	SOURCE_LEAN/EW4_Web_Port_v0.61/assets/sprites/commandermark_hd/board_smallgenerals.png
3044	SOURCE_LEAN/EW4_Web_Port_v0.61/assets/sprites/image_flag_hd/alg1.png
2509	SOURCE_LEAN/EW4_Web_Port_v0.61/assets/sprites/image_flag_hd/aus1.png
3390	SOURCE_LEAN/EW4_Web_Port_v0.61/assets/sprites/image_flag_hd/bad1.png
2986	SOURCE_LEAN/EW4_Web_Port_v0.61/assets/sprites/image_flag_hd/bav1.png
3148	SOURCE_LEAN/EW4_Web_Port_v0.61/assets/sprites/image_flag_hd/bru1.png
2849	SOURCE_LEAN/EW4_Web_Port_v0.61/assets/sprites/image_flag_hd/che1.png
3138	SOURCE_LEAN/EW4_Web_Port_v0.61/assets/sprites/image_flag_hd/den1.png
2896	SOURCE_LEAN/EW4_Web_Port_v0.61/assets/sprites/image_flag_hd/egy1.png
2793	SOURCE_LEAN/EW4_Web_Port_v0.61/assets/sprites/image_flag_hd/fra1.png
4296	SOURCE_LEAN/EW4_Web_Port_v0.61/assets/sprites/image_flag_hd/gbr1.png
2775	SOURCE_LEAN/EW4_Web_Port_v0.61/assets/sprites/image_flag_hd/hes1.png
3698	SOURCE_LEAN/EW4_Web_Port_v0.61/assets/sprites/image_flag_hd/hre1.png
3233	SOURCE_LEAN/EW4_Web_Port_v0.61/assets/sprites/image_flag_hd/ind1.png
3618	SOURCE_LEAN/EW4_Web_Port_v0.61/assets/sprites/image_flag_hd/koi1.png
2524	SOURCE_LEAN/EW4_Web_Port_v0.61/assets/sprites/image_flag_hd/mar1.png
2955	SOURCE_LEAN/EW4_Web_Port_v0.61/assets/sprites/image_flag_hd/mek1.png
2934	SOURCE_LEAN/EW4_Web_Port_v0.61/assets/sprites/image_flag_hd/mol1.png
3705	SOURCE_LEAN/EW4_Web_Port_v0.61/assets/sprites/image_flag_hd/nap1.png
3063	SOURCE_LEAN/EW4_Web_Port_v0.61/assets/sprites/image_flag_hd/nas1.png
3246	SOURCE_LEAN/EW4_Web_Port_v0.61/assets/sprites/image_flag_hd/nds1.png
2882	SOURCE_LEAN/EW4_Web_Port_v0.61/assets/sprites/image_flag_hd/ned1.png
3050	SOURCE_LEAN/EW4_Web_Port_v0.61/assets/sprites/image_flag_hd/old1.png
3207	SOURCE_LEAN/EW4_Web_Port_v0.61/assets/sprites/image_flag_hd/pap1.png
3403	SOURCE_LEAN/EW4_Web_Port_v0.61/assets/sprites/image_flag_hd/per1.png
2962	SOURCE_LEAN/EW4_Web_Port_v0.61/assets/sprites/image_flag_hd/pie1.png
3254	SOURCE_LEAN/EW4_Web_Port_v0.61/assets/sprites/image_flag_hd/pol1.png
3142	SOURCE_LEAN/EW4_Web_Port_v0.61/assets/sprites/image_flag_hd/por1.png
2793	SOURCE_LEAN/EW4_Web_Port_v0.61/assets/sprites/image_flag_hd/pru1.png
2882	SOURCE_LEAN/EW4_Web_Port_v0.61/assets/sprites/image_flag_hd/rhc1.png
3082	SOURCE_LEAN/EW4_Web_Port_v0.61/assets/sprites/image_flag_hd/rus1.png
3759	SOURCE_LEAN/EW4_Web_Port_v0.61/assets/sprites/image_flag_hd/sax1.png
3108	SOURCE_LEAN/EW4_Web_Port_v0.61/assets/sprites/image_flag_hd/spa1.png
3429	SOURCE_LEAN/EW4_Web_Port_v0.61/assets/sprites/image_flag_hd/srb1.png
3076	SOURCE_LEAN/EW4_Web_Port_v0.61/assets/sprites/image_flag_hd/swe1.png
2783	SOURCE_LEAN/EW4_Web_Port_v0.61/assets/sprites/image_flag_hd/tri1.png
3100	SOURCE_LEAN/EW4_Web_Port_v0.61/assets/sprites/image_flag_hd/tun1.png
3031	SOURCE_LEAN/EW4_Web_Port_v0.61/assets/sprites/image_flag_hd/tur1.png
3949	SOURCE_LEAN/EW4_Web_Port_v0.61/assets/sprites/image_flag_hd/usa1.png
3196	SOURCE_LEAN/EW4_Web_Port_v0.61/assets/sprites/image_flag_hd/wal1.png
2296	SOURCE_LEAN/EW4_Web_Port_v0.61/assets/sprites/image_flag_hd/wur1.png
9393	SOURCE_LEAN/EW4_Web_Port_v0.61/assets/sprites/image_menu_hd/button_choosebattlezone_coalition.png
10218	SOURCE_LEAN/EW4_Web_Port_v0.61/assets/sprites/image_menu_hd/button_choosebattlezone_east.png
9280	SOURCE_LEAN/EW4_Web_Port_v0.61/assets/sprites/image_menu_hd/button_choosebattlezone_france.png
12553	SOURCE_LEAN/EW4_Web_Port_v0.61/assets/sprites/image_menu_hd/button_choosebattlezone_holyroman.png
7885	SOURCE_LEAN/EW4_Web_Port_v0.61/assets/sprites/image_menu_hd/button_choosebattlezone_locked.png
10713	SOURCE_LEAN/EW4_Web_Port_v0.61/assets/sprites/image_menu_hd/button_choosebattlezone_uk.png
10262	SOURCE_LEAN/EW4_Web_Port_v0.61/assets/sprites/image_menu_hd/button_choosebattlezone_usa.png
6566	SOURCE_LEAN/EW4_Web_Port_v0.61/assets/sprites/image_menu_hd/button_choosestage_coalition.png
7486	SOURCE_LEAN/EW4_Web_Port_v0.61/assets/sprites/image_menu_hd/button_choosestage_conquest.png
6827	SOURCE_LEAN/EW4_Web_Port_v0.61/assets/sprites/image_menu_hd/button_choosestage_east.png
5086	SOURCE_LEAN/EW4_Web_Port_v0.61/assets/sprites/image_menu_hd/button_choosestage_france.png
10756	SOURCE_LEAN/EW4_Web_Port_v0.61/assets/sprites/image_menu_hd/button_choosestage_holyroman.png
7737	SOURCE_LEAN/EW4_Web_Port_v0.61/assets/sprites/image_menu_hd/button_choosestage_uk.png
7780	SOURCE_LEAN/EW4_Web_Port_v0.61/assets/sprites/image_menu_hd/button_choosestage_usa.png
82	SOURCE_LEAN/EW4_Web_Port_v0.61/assets/sprites/image_menu_hd/button_conquest_whiteline.png
156	SOURCE_LEAN/EW4_Web_Port_v0.61/assets/sprites/image_menu_hd/choosestage_back.png
3556	SOURCE_LEAN/EW4_Web_Port_v0.61/assets/sprites/image_menu_hd/conquest_text_1775.png
3802	SOURCE_LEAN/EW4_Web_Port_v0.61/assets/sprites/image_menu_hd/conquest_text_1798.png
3895	SOURCE_LEAN/EW4_Web_Port_v0.61/assets/sprites/image_menu_hd/conquest_text_1806.png
3943	SOURCE_LEAN/EW4_Web_Port_v0.61/assets/sprites/image_menu_hd/conquest_text_1809.png
3786	SOURCE_LEAN/EW4_Web_Port_v0.61/assets/sprites/image_menu_hd/conquest_text_1812.png
3687	SOURCE_LEAN/EW4_Web_Port_v0.61/assets/sprites/image_menu_hd/conquest_text_1815.png
5201	SOURCE_LEAN/EW4_Web_Port_v0.61/assets/sprites/image_menu_hd/conquest_text_america.png
4943	SOURCE_LEAN/EW4_Web_Port_v0.61/assets/sprites/image_menu_hd/conquest_text_europe.png
396	SOURCE_LEAN/EW4_Web_Port_v0.61/assets/sprites/image_recruit_hd/build_frame.png
110	SOURCE_LEAN/EW4_Web_Port_v0.61/assets/sprites/image_recruit_hd/build_side.png
1487	SOURCE_LEAN/EW4_Web_Port_v0.61/assets/sprites/image_recruit_hd/buildmaker.png
719	SOURCE_LEAN/EW4_Web_Port_v0.61/assets/sprites/image_recruit_hd/buildmarker_coastalartillery.png
753	SOURCE_LEAN/EW4_Web_Port_v0.61/assets/sprites/image_recruit_hd/buildmarker_largefortress.png
721	SOURCE_LEAN/EW4_Web_Port_v0.61/assets/sprites/image_recruit_hd/buildmarker_mediumfortress.png
4826	SOURCE_LEAN/EW4_Web_Port_v0.61/assets/sprites/image_recruit_hd/button_builddefense.png
4682	SOURCE_LEAN/EW4_Web_Port_v0.61/assets/sprites/image_recruit_hd/button_buildfortress.png
4694	SOURCE_LEAN/EW4_Web_Port_v0.61/assets/sprites/image_recruit_hd/button_buildupgrade.png
4615	SOURCE_LEAN/EW4_Web_Port_v0.61/assets/sprites/image_recruit_hd/button_buyship.png
4480	SOURCE_LEAN/EW4_Web_Port_v0.61/assets/sprites/image_recruit_hd/button_city.png
4011	SOURCE_LEAN/EW4_Web_Port_v0.61/assets/sprites/image_recruit_hd/button_info.png
1630	SOURCE_LEAN/EW4_Web_Port_v0.61/assets/sprites/image_recruit_hd/button_pause.png
2520	SOURCE_LEAN/EW4_Web_Port_v0.61/assets/sprites/image_recruit_hd/button_return.png
2302	SOURCE_LEAN/EW4_Web_Port_v0.61/assets/sprites/image_recruit_hd/button_round.png
4563	SOURCE_LEAN/EW4_Web_Port_v0.61/assets/sprites/image_recruit_hd/button_shop.png
2161	SOURCE_LEAN/EW4_Web_Port_v0.61/assets/sprites/image_recruit_hd/button_skip.png
33598	SOURCE_LEAN/EW4_Web_Port_v0.61/assets/sprites/image_recruit_hd/recruit_armoredcar.png
36286	SOURCE_LEAN/EW4_Web_Port_v0.61/assets/sprites/image_recruit_hd/recruit_battleship.png
32882	SOURCE_LEAN/EW4_Web_Port_v0.61/assets/sprites/image_recruit_hd/recruit_cruiser.png
37573	SOURCE_LEAN/EW4_Web_Port_v0.61/assets/sprites/image_recruit_hd/recruit_fortressartillery.png
33509	SOURCE_LEAN/EW4_Web_Port_v0.61/assets/sprites/image_recruit_hd/recruit_frigate.png
42025	SOURCE_LEAN/EW4_Web_Port_v0.61/assets/sprites/image_recruit_hd/recruit_grenadier.png
40259	SOURCE_LEAN/EW4_Web_Port_v0.61/assets/sprites/image_recruit_hd/recruit_guard.png
38849	SOURCE_LEAN/EW4_Web_Port_v0.61/assets/sprites/image_recruit_hd/recruit_heavyartillery.png
33590	SOURCE_LEAN/EW4_Web_Port_v0.61/assets/sprites/image_recruit_hd/recruit_heavycavalry.png
35506	SOURCE_LEAN/EW4_Web_Port_v0.61/assets/sprites/image_recruit_hd/recruit_ironclads.png
40493	SOURCE_LEAN/EW4_Web_Port_v0.61/assets/sprites/image_recruit_hd/recruit_light.png
1033	SOURCE_LEAN/EW4_Web_Port_v0.61/assets/sprites/image_recruit_hd/resource_small_food.png
633	SOURCE_LEAN/EW4_Web_Port_v0.61/assets/sprites/image_recruit_hd/resource_small_industry.png
646	SOURCE_LEAN/EW4_Web_Port_v0.61/assets/sprites/image_recruit_hd/resource_small_money.png
50693	SOURCE_LEAN/EW4_Web_Port_v0.61/assets/sprites/image_recruit_hd2/build_bunker.png
35626	SOURCE_LEAN/EW4_Web_Port_v0.61/assets/sprites/image_recruit_hd2/build_coastalartillery.png
45199	SOURCE_LEAN/EW4_Web_Port_v0.61/assets/sprites/image_recruit_hd2/build_fences.png
38017	SOURCE_LEAN/EW4_Web_Port_v0.61/assets/sprites/image_recruit_hd2/build_largefortress.png
35534	SOURCE_LEAN/EW4_Web_Port_v0.61/assets/sprites/image_recruit_hd2/build_mediumfortress.png
719	SOURCE_LEAN/EW4_Web_Port_v0.61/assets/sprites/image_recruit_hd2/buildmarker_smallfortress.png
5104	SOURCE_LEAN/EW4_Web_Port_v0.61/assets/sprites/image_recruit_hd2/button_bar.png
4635	SOURCE_LEAN/EW4_Web_Port_v0.61/assets/sprites/image_recruit_hd2/button_build.png
4528	SOURCE_LEAN/EW4_Web_Port_v0.61/assets/sprites/image_recruit_hd2/button_trade.png
43041	SOURCE_LEAN/EW4_Web_Port_v0.61/assets/sprites/image_recruit_hd2/recruit_lightartillery.png
34909	SOURCE_LEAN/EW4_Web_Port_v0.61/assets/sprites/image_recruit_hd2/recruit_lightcavalry.png
42786	SOURCE_LEAN/EW4_Web_Port_v0.61/assets/sprites/image_recruit_hd2/recruit_line.png
37880	SOURCE_LEAN/EW4_Web_Port_v0.61/assets/sprites/image_recruit_hd2/recruit_machinegun.png
43426	SOURCE_LEAN/EW4_Web_Port_v0.61/assets/sprites/image_recruit_hd2/recruit_militia.png
38318	SOURCE_LEAN/EW4_Web_Port_v0.61/assets/sprites/image_recruit_hd2/recruit_musketcavalry.png
36680	SOURCE_LEAN/EW4_Web_Port_v0.61/assets/sprites/image_recruit_hd2/recruit_rocket.png
810	SOURCE_LEAN/EW4_Web_Port_v0.61/assets/sprites/image_recruit_hd2/recruitmarker_armoredcar.png
847	SOURCE_LEAN/EW4_Web_Port_v0.61/assets/sprites/image_recruit_hd2/recruitmarker_battleship.png
805	SOURCE_LEAN/EW4_Web_Port_v0.61/assets/sprites/image_recruit_hd2/recruitmarker_cruiser.png
749	SOURCE_LEAN/EW4_Web_Port_v0.61/assets/sprites/image_recruit_hd2/recruitmarker_fortressartillery.png
758	SOURCE_LEAN/EW4_Web_Port_v0.61/assets/sprites/image_recruit_hd2/recruitmarker_frigate.png
745	SOURCE_LEAN/EW4_Web_Port_v0.61/assets/sprites/image_recruit_hd2/recruitmarker_grenadier.png
885	SOURCE_LEAN/EW4_Web_Port_v0.61/assets/sprites/image_recruit_hd2/recruitmarker_guard.png
812	SOURCE_LEAN/EW4_Web_Port_v0.61/assets/sprites/image_recruit_hd2/recruitmarker_heavyartillery.png
829	SOURCE_LEAN/EW4_Web_Port_v0.61/assets/sprites/image_recruit_hd2/recruitmarker_heavycavalry.png
768	SOURCE_LEAN/EW4_Web_Port_v0.61/assets/sprites/image_recruit_hd2/recruitmarker_ironclads.png
877	SOURCE_LEAN/EW4_Web_Port_v0.61/assets/sprites/image_recruit_hd2/recruitmarker_light.png
821	SOURCE_LEAN/EW4_Web_Port_v0.61/assets/sprites/image_recruit_hd2/recruitmarker_lightartillery.png
794	SOURCE_LEAN/EW4_Web_Port_v0.61/assets/sprites/image_recruit_hd2/recruitmarker_lightcavalry.png
900	SOURCE_LEAN/EW4_Web_Port_v0.61/assets/sprites/image_recruit_hd2/recruitmarker_line.png
45976	SOURCE_LEAN/EW4_Web_Port_v0.61/assets/sprites/image_recruit_hd3/build_moat.png
38509	SOURCE_LEAN/EW4_Web_Port_v0.61/assets/sprites/image_recruit_hd3/build_smallfortress.png
4668	SOURCE_LEAN/EW4_Web_Port_v0.61/assets/sprites/image_recruit_hd3/button_dock.png
4642	SOURCE_LEAN/EW4_Web_Port_v0.61/assets/sprites/image_recruit_hd3/button_factory.png
5033	SOURCE_LEAN/EW4_Web_Port_v0.61/assets/sprites/image_recruit_hd3/button_generals.png
5071	SOURCE_LEAN/EW4_Web_Port_v0.61/assets/sprites/image_recruit_hd3/button_items.png
4433	SOURCE_LEAN/EW4_Web_Port_v0.61/assets/sprites/image_recruit_hd3/button_ok.png
4174	SOURCE_LEAN/EW4_Web_Port_v0.61/assets/sprites/image_recruit_hd3/button_ok_gray.png
4363	SOURCE_LEAN/EW4_Web_Port_v0.61/assets/sprites/image_recruit_hd3/button_stable.png
5623	SOURCE_LEAN/EW4_Web_Port_v0.61/assets/sprites/image_recruit_hd3/button_training.png
847	SOURCE_LEAN/EW4_Web_Port_v0.61/assets/sprites/image_recruit_hd3/recruitmarker_machinegun.png
763	SOURCE_LEAN/EW4_Web_Port_v0.61/assets/sprites/image_recruit_hd3/recruitmarker_militia.png
908	SOURCE_LEAN/EW4_Web_Port_v0.61/assets/sprites/image_recruit_hd3/recruitmarker_musketcavalry.png
1085	SOURCE_LEAN/EW4_Web_Port_v0.61/assets/sprites/image_recruit_hd3/recruitmarker_rocket.png
152	SOURCE_LEAN/EW4_Web_Port_v0.61/assets/sprites/image_ui_hd/Board_generalinfomarker.png
3044	SOURCE_LEAN/EW4_Web_Port_v0.61/assets/sprites/image_ui_hd/alg1.png
264	SOURCE_LEAN/EW4_Web_Port_v0.61/assets/sprites/image_ui_hd/arrow.png
1519	SOURCE_LEAN/EW4_Web_Port_v0.61/assets/sprites/image_ui_hd/arrow_choosebattlezoneinfo.png
1060	SOURCE_LEAN/EW4_Web_Port_v0.61/assets/sprites/image_ui_hd/arrow_reoganizion.png
2509	SOURCE_LEAN/EW4_Web_Port_v0.61/assets/sprites/image_ui_hd/aus1.png
3390	SOURCE_LEAN/EW4_Web_Port_v0.61/assets/sprites/image_ui_hd/bad1.png
3191	SOURCE_LEAN/EW4_Web_Port_v0.61/assets/sprites/image_ui_hd/badges.png
889	SOURCE_LEAN/EW4_Web_Port_v0.61/assets/sprites/image_ui_hd/bar_rank.png
886	SOURCE_LEAN/EW4_Web_Port_v0.61/assets/sprites/image_ui_hd/bar_standing.png
2986	SOURCE_LEAN/EW4_Web_Port_v0.61/assets/sprites/image_ui_hd/bav1.png
457	SOURCE_LEAN/EW4_Web_Port_v0.61/assets/sprites/image_ui_hd/board_aiaction.png
2109	SOURCE_LEAN/EW4_Web_Port_v0.61/assets/sprites/image_ui_hd/board_button.png
429	SOURCE_LEAN/EW4_Web_Port_v0.61/assets/sprites/image_ui_hd/board_buttons.png
1178	SOURCE_LEAN/EW4_Web_Port_v0.61/assets/sprites/image_ui_hd/board_dialog_ex.png
204	SOURCE_LEAN/EW4_Web_Port_v0.61/assets/sprites/image_ui_hd/board_rankclass.png
393	SOURCE_LEAN/EW4_Web_Port_v0.61/assets/sprites/image_ui_hd/board_resources.png
2559	SOURCE_LEAN/EW4_Web_Port_v0.61/assets/sprites/image_ui_hd/board_smallgenerals.png
677	SOURCE_LEAN/EW4_Web_Port_v0.61/assets/sprites/image_ui_hd/board_terrain_info.png
683	SOURCE_LEAN/EW4_Web_Port_v0.61/assets/sprites/image_ui_hd/board_victory.png
2619	SOURCE_LEAN/EW4_Web_Port_v0.61/assets/sprites/image_ui_hd/borad_rank.png
2649	SOURCE_LEAN/EW4_Web_Port_v0.61/assets/sprites/image_ui_hd/borad_standing.png
668	SOURCE_LEAN/EW4_Web_Port_v0.61/assets/sprites/image_ui_hd/box_skilldetail.png
1112	SOURCE_LEAN/EW4_Web_Port_v0.61/assets/sprites/image_ui_hd/box_skilldetail_arrow.png
3148	SOURCE_LEAN/EW4_Web_Port_v0.61/assets/sprites/image_ui_hd/bru1.png
1366	SOURCE_LEAN/EW4_Web_Port_v0.61/assets/sprites/image_ui_hd/btn_common_blue.png
1401	SOURCE_LEAN/EW4_Web_Port_v0.61/assets/sprites/image_ui_hd/btn_common_green.png
1284	SOURCE_LEAN/EW4_Web_Port_v0.61/assets/sprites/image_ui_hd/btn_common_org.png
1361	SOURCE_LEAN/EW4_Web_Port_v0.61/assets/sprites/image_ui_hd/btn_common_red.png
738	SOURCE_LEAN/EW4_Web_Port_v0.61/assets/sprites/image_ui_hd/btn_pattern.png
491	SOURCE_LEAN/EW4_Web_Port_v0.61/assets/sprites/image_ui_hd/buildmarker_bunker.png
617	SOURCE_LEAN/EW4_Web_Port_v0.61/assets/sprites/image_ui_hd/buildmarker_fences.png
466	SOURCE_LEAN/EW4_Web_Port_v0.61/assets/sprites/image_ui_hd/buildmarker_moat.png
3160	SOURCE_LEAN/EW4_Web_Port_v0.61/assets/sprites/image_ui_hd/button_achievement.png
494	SOURCE_LEAN/EW4_Web_Port_v0.61/assets/sprites/image_ui_hd/button_add_generals.png
239	SOURCE_LEAN/EW4_Web_Port_v0.61/assets/sprites/image_ui_hd/button_addiapp.png
764	SOURCE_LEAN/EW4_Web_Port_v0.61/assets/sprites/image_ui_hd/button_back.png
3082	SOURCE_LEAN/EW4_Web_Port_v0.61/assets/sprites/image_ui_hd/button_champion.png
826	SOURCE_LEAN/EW4_Web_Port_v0.61/assets/sprites/image_ui_hd/button_changegeneral.png
799	SOURCE_LEAN/EW4_Web_Port_v0.61/assets/sprites/image_ui_hd/button_changegeneral_2.png
776	SOURCE_LEAN/EW4_Web_Port_v0.61/assets/sprites/image_ui_hd/button_changegeneral_gray.png
749	SOURCE_LEAN/EW4_Web_Port_v0.61/assets/sprites/image_ui_hd/button_changegeneral_gray_2.png
1577	SOURCE_LEAN/EW4_Web_Port_v0.61/assets/sprites/image_ui_hd/button_choosebattlezoneinfo.png
1091	SOURCE_LEAN/EW4_Web_Port_v0.61/assets/sprites/image_ui_hd/button_close.png
1595	SOURCE_LEAN/EW4_Web_Port_v0.61/assets/sprites/image_ui_hd/button_confirm_blue.png
1593	SOURCE_LEAN/EW4_Web_Port_v0.61/assets/sprites/image_ui_hd/button_confirm_green.png
1328	SOURCE_LEAN/EW4_Web_Port_v0.61/assets/sprites/image_ui_hd/button_confrim.png
1207	SOURCE_LEAN/EW4_Web_Port_v0.61/assets/sprites/image_ui_hd/button_confrim_gray.png
45932	SOURCE_LEAN/EW4_Web_Port_v0.61/assets/sprites/image_ui_hd/button_conquest_asia.png
168852	SOURCE_LEAN/EW4_Web_Port_v0.61/assets/sprites/image_ui_hd/button_conquest_asia@2x.png
3708	SOURCE_LEAN/EW4_Web_Port_v0.61/assets/sprites/image_ui_hd/button_email.png
285	SOURCE_LEAN/EW4_Web_Port_v0.61/assets/sprites/image_ui_hd/button_fortress_soldiers.png
58652	SOURCE_LEAN/EW4_Web_Port_v0.61/assets/sprites/image_ui_hd/button_general_2.png
54019	SOURCE_LEAN/EW4_Web_Port_v0.61/assets/sprites/image_ui_hd/button_general_4.png
56099	SOURCE_LEAN/EW4_Web_Port_v0.61/assets/sprites/image_ui_hd/button_general_6.png
2139	SOURCE_LEAN/EW4_Web_Port_v0.61/assets/sprites/image_ui_hd/button_generalinfo.png
1989	SOURCE_LEAN/EW4_Web_Port_v0.61/assets/sprites/image_ui_hd/button_generalinfo_blue.png
2062	SOURCE_LEAN/EW4_Web_Port_v0.61/assets/sprites/image_ui_hd/button_homepage.png
137902	SOURCE_LEAN/EW4_Web_Port_v0.61/assets/sprites/image_ui_hd/button_iapp_badge.png
115574	SOURCE_LEAN/EW4_Web_Port_v0.61/assets/sprites/image_ui_hd/button_iapp_medal_1.png
117380	SOURCE_LEAN/EW4_Web_Port_v0.61/assets/sprites/image_ui_hd/button_iapp_medal_2.png
133025	SOURCE_LEAN/EW4_Web_Port_v0.61/assets/sprites/image_ui_hd/button_iapp_medal_3.png
147218	SOURCE_LEAN/EW4_Web_Port_v0.61/assets/sprites/image_ui_hd/button_iapp_medal_4.png
1563	SOURCE_LEAN/EW4_Web_Port_v0.61/assets/sprites/image_ui_hd/button_iapp_shadow.png
980	SOURCE_LEAN/EW4_Web_Port_v0.61/assets/sprites/image_ui_hd/button_load.png
2370	SOURCE_LEAN/EW4_Web_Port_v0.61/assets/sprites/image_ui_hd/button_lock.png
153	SOURCE_LEAN/EW4_Web_Port_v0.61/assets/sprites/image_ui_hd/button_lottery_buy_line.png
118	SOURCE_LEAN/EW4_Web_Port_v0.61/assets/sprites/image_ui_hd/button_lottery_buy_line_short.png
158	SOURCE_LEAN/EW4_Web_Port_v0.61/assets/sprites/image_ui_hd/button_lottery_generals.png
2062	SOURCE_LEAN/EW4_Web_Port_v0.61/assets/sprites/image_ui_hd/button_lvlup.png
2007	SOURCE_LEAN/EW4_Web_Port_v0.61/assets/sprites/image_ui_hd/button_mainmenu.png
715	SOURCE_LEAN/EW4_Web_Port_v0.61/assets/sprites/image_ui_hd/button_ok_gray_noshadow.png
817	SOURCE_LEAN/EW4_Web_Port_v0.61/assets/sprites/image_ui_hd/button_ok_noshadow.png
2685	SOURCE_LEAN/EW4_Web_Port_v0.61/assets/sprites/image_ui_hd/button_rank.png
887	SOURCE_LEAN/EW4_Web_Port_v0.61/assets/sprites/image_ui_hd/button_refresh.png
64951	SOURCE_LEAN/EW4_Web_Port_v0.61/assets/sprites/image_ui_hd/button_rule_america.png
69770	SOURCE_LEAN/EW4_Web_Port_v0.61/assets/sprites/image_ui_hd/button_rule_asia.png
72383	SOURCE_LEAN/EW4_Web_Port_v0.61/assets/sprites/image_ui_hd/button_rule_europa.png
49045	SOURCE_LEAN/EW4_Web_Port_v0.61/assets/sprites/image_ui_hd/button_rule_locked.png
1836	SOURCE_LEAN/EW4_Web_Port_v0.61/assets/sprites/image_ui_hd/button_upgrade.png
861	SOURCE_LEAN/EW4_Web_Port_v0.61/assets/sprites/image_ui_hd/button_upgrade_armored.png
583	SOURCE_LEAN/EW4_Web_Port_v0.61/assets/sprites/image_ui_hd/button_upgrade_coastalartillery.png
449	SOURCE_LEAN/EW4_Web_Port_v0.61/assets/sprites/image_ui_hd/button_upgrade_fortress1.png
545	SOURCE_LEAN/EW4_Web_Port_v0.61/assets/sprites/image_ui_hd/button_upgrade_fortress2.png
808	SOURCE_LEAN/EW4_Web_Port_v0.61/assets/sprites/image_ui_hd/button_upgrade_fortress3.png
751	SOURCE_LEAN/EW4_Web_Port_v0.61/assets/sprites/image_ui_hd/button_upgrade_fortressartillery.png
689	SOURCE_LEAN/EW4_Web_Port_v0.61/assets/sprites/image_ui_hd/button_upgrade_grenadier.png
1493	SOURCE_LEAN/EW4_Web_Port_v0.61/assets/sprites/image_ui_hd/button_upgrade_guard.png
978	SOURCE_LEAN/EW4_Web_Port_v0.61/assets/sprites/image_ui_hd/button_upgrade_heavyartillery.png
1310	SOURCE_LEAN/EW4_Web_Port_v0.61/assets/sprites/image_ui_hd/button_upgrade_heavycavalry.png
1548	SOURCE_LEAN/EW4_Web_Port_v0.61/assets/sprites/image_ui_hd/button_upgrade_lancer.png
1268	SOURCE_LEAN/EW4_Web_Port_v0.61/assets/sprites/image_ui_hd/button_upgrade_light.png
975	SOURCE_LEAN/EW4_Web_Port_v0.61/assets/sprites/image_ui_hd/button_upgrade_lightartillery.png
920	SOURCE_LEAN/EW4_Web_Port_v0.61/assets/sprites/image_ui_hd/button_upgrade_lightcavalry.png
1390	SOURCE_LEAN/EW4_Web_Port_v0.61/assets/sprites/image_ui_hd/button_upgrade_line.png
578	SOURCE_LEAN/EW4_Web_Port_v0.61/assets/sprites/image_ui_hd/button_upgrade_locked.png
2654	SOURCE_LEAN/EW4_Web_Port_v0.61/assets/sprites/image_ui_hd/button_upgrade_lv1.png
2786	SOURCE_LEAN/EW4_Web_Port_v0.61/assets/sprites/image_ui_hd/button_upgrade_lv2.png
2706	SOURCE_LEAN/EW4_Web_Port_v0.61/assets/sprites/image_ui_hd/button_upgrade_lv3.png
2705	SOURCE_LEAN/EW4_Web_Port_v0.61/assets/sprites/image_ui_hd/button_upgrade_lv4.png
1006	SOURCE_LEAN/EW4_Web_Port_v0.61/assets/sprites/image_ui_hd/button_upgrade_machinegun.png
801	SOURCE_LEAN/EW4_Web_Port_v0.61/assets/sprites/image_ui_hd/button_upgrade_militia.png
1414	SOURCE_LEAN/EW4_Web_Port_v0.61/assets/sprites/image_ui_hd/button_upgrade_rocket.png
1916	SOURCE_LEAN/EW4_Web_Port_v0.61/assets/sprites/image_ui_hd/button_upgrade_selbox.png
755	SOURCE_LEAN/EW4_Web_Port_v0.61/assets/sprites/image_ui_hd/button_upgrade_ship1.png
930	SOURCE_LEAN/EW4_Web_Port_v0.61/assets/sprites/image_ui_hd/button_upgrade_ship2.png
1046	SOURCE_LEAN/EW4_Web_Port_v0.61/assets/sprites/image_ui_hd/button_upgrade_ship3.png
899	SOURCE_LEAN/EW4_Web_Port_v0.61/assets/sprites/image_ui_hd/button_upgrade_ship4.png
8815	SOURCE_LEAN/EW4_Web_Port_v0.61/assets/sprites/image_ui_hd/campaign_coalition.png
9904	SOURCE_LEAN/EW4_Web_Port_v0.61/assets/sprites/image_ui_hd/campaign_east.png
8645	SOURCE_LEAN/EW4_Web_Port_v0.61/assets/sprites/image_ui_hd/campaign_france.png
13009	SOURCE_LEAN/EW4_Web_Port_v0.61/assets/sprites/image_ui_hd/campaign_holyroman.png
10432	SOURCE_LEAN/EW4_Web_Port_v0.61/assets/sprites/image_ui_hd/campaign_uk.png
9845	SOURCE_LEAN/EW4_Web_Port_v0.61/assets/sprites/image_ui_hd/campaign_usa.png
2849	SOURCE_LEAN/EW4_Web_Port_v0.61/assets/sprites/image_ui_hd/che1.png
833	SOURCE_LEAN/EW4_Web_Port_v0.61/assets/sprites/image_ui_hd/class_1.png
1128	SOURCE_LEAN/EW4_Web_Port_v0.61/assets/sprites/image_ui_hd/class_2.png
1560	SOURCE_LEAN/EW4_Web_Port_v0.61/assets/sprites/image_ui_hd/class_3.png
1879	SOURCE_LEAN/EW4_Web_Port_v0.61/assets/sprites/image_ui_hd/class_4.png
1650	SOURCE_LEAN/EW4_Web_Port_v0.61/assets/sprites/image_ui_hd/class_5.png
1857	SOURCE_LEAN/EW4_Web_Port_v0.61/assets/sprites/image_ui_hd/class_6.png
1934	SOURCE_LEAN/EW4_Web_Port_v0.61/assets/sprites/image_ui_hd/class_7.png
2083	SOURCE_LEAN/EW4_Web_Port_v0.61/assets/sprites/image_ui_hd/class_8.png
2214	SOURCE_LEAN/EW4_Web_Port_v0.61/assets/sprites/image_ui_hd/class_9.png
101	SOURCE_LEAN/EW4_Web_Port_v0.61/assets/sprites/image_ui_hd/common_blankbox.png
166	SOURCE_LEAN/EW4_Web_Port_v0.61/assets/sprites/image_ui_hd/common_board_medalsnumber.png
100	SOURCE_LEAN/EW4_Web_Port_v0.61/assets/sprites/image_ui_hd/common_boldline.png
76	SOURCE_LEAN/EW4_Web_Port_v0.61/assets/sprites/image_ui_hd/common_line_hor.png
80	SOURCE_LEAN/EW4_Web_Port_v0.61/assets/sprites/image_ui_hd/common_line_ver.png
189	SOURCE_LEAN/EW4_Web_Port_v0.61/assets/sprites/image_ui_hd/common_lineframe.png
189	SOURCE_LEAN/EW4_Web_Port_v0.61/assets/sprites/image_ui_hd/common_lineframe_bold.png
504	SOURCE_LEAN/EW4_Web_Port_v0.61/assets/sprites/image_ui_hd/common_pattern.png
1098	SOURCE_LEAN/EW4_Web_Port_v0.61/assets/sprites/image_ui_hd/common_shadow.png
1245	SOURCE_LEAN/EW4_Web_Port_v0.61/assets/sprites/image_ui_hd/defense_bunker.png
1639	SOURCE_LEAN/EW4_Web_Port_v0.61/assets/sprites/image_ui_hd/defense_fences.png
1233	SOURCE_LEAN/EW4_Web_Port_v0.61/assets/sprites/image_ui_hd/defense_moat.png
3138	SOURCE_LEAN/EW4_Web_Port_v0.61/assets/sprites/image_ui_hd/den1.png
465	SOURCE_LEAN/EW4_Web_Port_v0.61/assets/sprites/image_ui_hd/diffcult_1.png
787	SOURCE_LEAN/EW4_Web_Port_v0.61/assets/sprites/image_ui_hd/diffcult_2.png
1028	SOURCE_LEAN/EW4_Web_Port_v0.61/assets/sprites/image_ui_hd/diffcult_3.png
1416	SOURCE_LEAN/EW4_Web_Port_v0.61/assets/sprites/image_ui_hd/diffcult_4.png
1617	SOURCE_LEAN/EW4_Web_Port_v0.61/assets/sprites/image_ui_hd/diffcult_5.png
2896	SOURCE_LEAN/EW4_Web_Port_v0.61/assets/sprites/image_ui_hd/egy1.png
1529	SOURCE_LEAN/EW4_Web_Port_v0.61/assets/sprites/image_ui_hd/fivestar.png
2358	SOURCE_LEAN/EW4_Web_Port_v0.61/assets/sprites/image_ui_hd/food_add.png
2288	SOURCE_LEAN/EW4_Web_Port_v0.61/assets/sprites/image_ui_hd/food_reduce.png
1317	SOURCE_LEAN/EW4_Web_Port_v0.61/assets/sprites/image_ui_hd/form_back.png
892	SOURCE_LEAN/EW4_Web_Port_v0.61/assets/sprites/image_ui_hd/form_title.png
178	SOURCE_LEAN/EW4_Web_Port_v0.61/assets/sprites/image_ui_hd/form_title_shadow.png
147	SOURCE_LEAN/EW4_Web_Port_v0.61/assets/sprites/image_ui_hd/fortress_borad.png
2793	SOURCE_LEAN/EW4_Web_Port_v0.61/assets/sprites/image_ui_hd/fra1.png
177	SOURCE_LEAN/EW4_Web_Port_v0.61/assets/sprites/image_ui_hd/framebox_bold.png
192	SOURCE_LEAN/EW4_Web_Port_v0.61/assets/sprites/image_ui_hd/framebox_thin.png
4296	SOURCE_LEAN/EW4_Web_Port_v0.61/assets/sprites/image_ui_hd/gbr1.png
159	SOURCE_LEAN/EW4_Web_Port_v0.61/assets/sprites/image_ui_hd/general_nameboard.png
1249	SOURCE_LEAN/EW4_Web_Port_v0.61/assets/sprites/image_ui_hd/generalnumber.png
1600	SOURCE_LEAN/EW4_Web_Port_v0.61/assets/sprites/image_ui_hd/generalsinfo_move.png
1603	SOURCE_LEAN/EW4_Web_Port_v0.61/assets/sprites/image_ui_hd/generalsinfo_trade.png
2021	SOURCE_LEAN/EW4_Web_Port_v0.61/assets/sprites/image_ui_hd/generalsinfo_training.png
227	SOURCE_LEAN/EW4_Web_Port_v0.61/assets/sprites/image_ui_hd/gray_board.png
235	SOURCE_LEAN/EW4_Web_Port_v0.61/assets/sprites/image_ui_hd/gray_board_dialoguearrow.png
140	SOURCE_LEAN/EW4_Web_Port_v0.61/assets/sprites/image_ui_hd/grid_box.png
747	SOURCE_LEAN/EW4_Web_Port_v0.61/assets/sprites/image_ui_hd/grid_box_tick.png
2775	SOURCE_LEAN/EW4_Web_Port_v0.61/assets/sprites/image_ui_hd/hes1.png
2201	SOURCE_LEAN/EW4_Web_Port_v0.61/assets/sprites/image_ui_hd/hpbar_black.png
2297	SOURCE_LEAN/EW4_Web_Port_v0.61/assets/sprites/image_ui_hd/hpbar_blue.png
2245	SOURCE_LEAN/EW4_Web_Port_v0.61/assets/sprites/image_ui_hd/hpbar_green.png
672	SOURCE_LEAN/EW4_Web_Port_v0.61/assets/sprites/image_ui_hd/hpbar_hp.png
2205	SOURCE_LEAN/EW4_Web_Port_v0.61/assets/sprites/image_ui_hd/hpbar_red.png
3698	SOURCE_LEAN/EW4_Web_Port_v0.61/assets/sprites/image_ui_hd/hre1.png
1138	SOURCE_LEAN/EW4_Web_Port_v0.61/assets/sprites/image_ui_hd/image_shop.png
3233	SOURCE_LEAN/EW4_Web_Port_v0.61/assets/sprites/image_ui_hd/ind1.png
739	SOURCE_LEAN/EW4_Web_Port_v0.61/assets/sprites/image_ui_hd/infomarker_attack.png
125	SOURCE_LEAN/EW4_Web_Port_v0.61/assets/sprites/image_ui_hd/infomarker_board.png
805	SOURCE_LEAN/EW4_Web_Port_v0.61/assets/sprites/image_ui_hd/infomarker_food.png
697	SOURCE_LEAN/EW4_Web_Port_v0.61/assets/sprites/image_ui_hd/infomarker_hp.png
860	SOURCE_LEAN/EW4_Web_Port_v0.61/assets/sprites/image_ui_hd/infomarker_move.png
1239	SOURCE_LEAN/EW4_Web_Port_v0.61/assets/sprites/image_ui_hd/infomarker_range.png
549	SOURCE_LEAN/EW4_Web_Port_v0.61/assets/sprites/image_ui_hd/infomarker_soldiernumber.png
539	SOURCE_LEAN/EW4_Web_Port_v0.61/assets/sprites/image_ui_hd/infomarker_soldiernumber_empty.png
416	SOURCE_LEAN/EW4_Web_Port_v0.61/assets/sprites/image_ui_hd/item_selected_bold.png
415	SOURCE_LEAN/EW4_Web_Port_v0.61/assets/sprites/image_ui_hd/item_selected_ex.png
3618	SOURCE_LEAN/EW4_Web_Port_v0.61/assets/sprites/image_ui_hd/koi1.png
2524	SOURCE_LEAN/EW4_Web_Port_v0.61/assets/sprites/image_ui_hd/mar1.png
450	SOURCE_LEAN/EW4_Web_Port_v0.61/assets/sprites/image_ui_hd/mark_unit_armoredcar.png
541	SOURCE_LEAN/EW4_Web_Port_v0.61/assets/sprites/image_ui_hd/mark_unit_battleship.png
270	SOURCE_LEAN/EW4_Web_Port_v0.61/assets/sprites/image_ui_hd/mark_unit_coastalartillery.png
512	SOURCE_LEAN/EW4_Web_Port_v0.61/assets/sprites/image_ui_hd/mark_unit_cruiser.png
274	SOURCE_LEAN/EW4_Web_Port_v0.61/assets/sprites/image_ui_hd/mark_unit_fortress1.png
318	SOURCE_LEAN/EW4_Web_Port_v0.61/assets/sprites/image_ui_hd/mark_unit_fortress2.png
368	SOURCE_LEAN/EW4_Web_Port_v0.61/assets/sprites/image_ui_hd/mark_unit_fortress3.png
343	SOURCE_LEAN/EW4_Web_Port_v0.61/assets/sprites/image_ui_hd/mark_unit_fortressartillery.png
384	SOURCE_LEAN/EW4_Web_Port_v0.61/assets/sprites/image_ui_hd/mark_unit_frigate.png
354	SOURCE_LEAN/EW4_Web_Port_v0.61/assets/sprites/image_ui_hd/mark_unit_grenadier.png
585	SOURCE_LEAN/EW4_Web_Port_v0.61/assets/sprites/image_ui_hd/mark_unit_guard.png
451	SOURCE_LEAN/EW4_Web_Port_v0.61/assets/sprites/image_ui_hd/mark_unit_heavyartillery.png
601	SOURCE_LEAN/EW4_Web_Port_v0.61/assets/sprites/image_ui_hd/mark_unit_heavycavalry.png
408	SOURCE_LEAN/EW4_Web_Port_v0.61/assets/sprites/image_ui_hd/mark_unit_ironclads.png
541	SOURCE_LEAN/EW4_Web_Port_v0.61/assets/sprites/image_ui_hd/mark_unit_light.png
453	SOURCE_LEAN/EW4_Web_Port_v0.61/assets/sprites/image_ui_hd/mark_unit_lightartillery.png
456	SOURCE_LEAN/EW4_Web_Port_v0.61/assets/sprites/image_ui_hd/mark_unit_lightcavalry.png
620	SOURCE_LEAN/EW4_Web_Port_v0.61/assets/sprites/image_ui_hd/mark_unit_line.png
467	SOURCE_LEAN/EW4_Web_Port_v0.61/assets/sprites/image_ui_hd/mark_unit_machinegun.png
378	SOURCE_LEAN/EW4_Web_Port_v0.61/assets/sprites/image_ui_hd/mark_unit_militia.png
597	SOURCE_LEAN/EW4_Web_Port_v0.61/assets/sprites/image_ui_hd/mark_unit_musketcavalry.png
651	SOURCE_LEAN/EW4_Web_Port_v0.61/assets/sprites/image_ui_hd/mark_unit_rocket.png
1809	SOURCE_LEAN/EW4_Web_Port_v0.61/assets/sprites/image_ui_hd/marker_class.png
1204	SOURCE_LEAN/EW4_Web_Port_v0.61/assets/sprites/image_ui_hd/marker_dfs_all.png
1579	SOURCE_LEAN/EW4_Web_Port_v0.61/assets/sprites/image_ui_hd/marker_dfs_artillery.png
1474	SOURCE_LEAN/EW4_Web_Port_v0.61/assets/sprites/image_ui_hd/marker_dfs_cavalry.png
1449	SOURCE_LEAN/EW4_Web_Port_v0.61/assets/sprites/image_ui_hd/marker_dfs_infantry.png
2200	SOURCE_LEAN/EW4_Web_Port_v0.61/assets/sprites/image_ui_hd/marker_food.png
2380	SOURCE_LEAN/EW4_Web_Port_v0.61/assets/sprites/image_ui_hd/marker_generalinfo.png
521	SOURCE_LEAN/EW4_Web_Port_v0.61/assets/sprites/image_ui_hd/marker_hp_dark.png
689	SOURCE_LEAN/EW4_Web_Port_v0.61/assets/sprites/image_ui_hd/marker_hp_dark_large.png
419	SOURCE_LEAN/EW4_Web_Port_v0.61/assets/sprites/image_ui_hd/marker_incoming.png
1240	SOURCE_LEAN/EW4_Web_Port_v0.61/assets/sprites/image_ui_hd/marker_industry.png
875	SOURCE_LEAN/EW4_Web_Port_v0.61/assets/sprites/image_ui_hd/marker_max_1.png
4381	SOURCE_LEAN/EW4_Web_Port_v0.61/assets/sprites/image_ui_hd/marker_max_2.png
1199	SOURCE_LEAN/EW4_Web_Port_v0.61/assets/sprites/image_ui_hd/marker_money.png
1767	SOURCE_LEAN/EW4_Web_Port_v0.61/assets/sprites/image_ui_hd/marker_rank.png
646	SOURCE_LEAN/EW4_Web_Port_v0.61/assets/sprites/image_ui_hd/marker_recover_dark.png
1867	SOURCE_LEAN/EW4_Web_Port_v0.61/assets/sprites/image_ui_hd/medals.png
2955	SOURCE_LEAN/EW4_Web_Port_v0.61/assets/sprites/image_ui_hd/mek1.png
2934	SOURCE_LEAN/EW4_Web_Port_v0.61/assets/sprites/image_ui_hd/mol1.png
3705	SOURCE_LEAN/EW4_Web_Port_v0.61/assets/sprites/image_ui_hd/nap1.png
3063	SOURCE_LEAN/EW4_Web_Port_v0.61/assets/sprites/image_ui_hd/nas1.png
3246	SOURCE_LEAN/EW4_Web_Port_v0.61/assets/sprites/image_ui_hd/nds1.png
2882	SOURCE_LEAN/EW4_Web_Port_v0.61/assets/sprites/image_ui_hd/ned1.png
686	SOURCE_LEAN/EW4_Web_Port_v0.61/assets/sprites/image_ui_hd/new_confirm.png
3050	SOURCE_LEAN/EW4_Web_Port_v0.61/assets/sprites/image_ui_hd/old1.png
3207	SOURCE_LEAN/EW4_Web_Port_v0.61/assets/sprites/image_ui_hd/pap1.png
628	SOURCE_LEAN/EW4_Web_Port_v0.61/assets/sprites/image_ui_hd/pattern_1.png
654	SOURCE_LEAN/EW4_Web_Port_v0.61/assets/sprites/image_ui_hd/pattern_2.png
467	SOURCE_LEAN/EW4_Web_Port_v0.61/assets/sprites/image_ui_hd/pattern_3.png
1668	SOURCE_LEAN/EW4_Web_Port_v0.61/assets/sprites/image_ui_hd/pattern_bg_bottom.png
4349	SOURCE_LEAN/EW4_Web_Port_v0.61/assets/sprites/image_ui_hd/pattern_getgeneral_2_1.png
2570	SOURCE_LEAN/EW4_Web_Port_v0.61/assets/sprites/image_ui_hd/pattern_gotgeneral.png
1460	SOURCE_LEAN/EW4_Web_Port_v0.61/assets/sprites/image_ui_hd/pattern_inapp.png
3059	SOURCE_LEAN/EW4_Web_Port_v0.61/assets/sprites/image_ui_hd/pattern_lottery.png
1424	SOURCE_LEAN/EW4_Web_Port_v0.61/assets/sprites/image_ui_hd/pattern_reoganizion.png
404	SOURCE_LEAN/EW4_Web_Port_v0.61/assets/sprites/image_ui_hd/pattern_save.png
2161	SOURCE_LEAN/EW4_Web_Port_v0.61/assets/sprites/image_ui_hd/pattern_stage_intro.png
3403	SOURCE_LEAN/EW4_Web_Port_v0.61/assets/sprites/image_ui_hd/per1.png
2962	SOURCE_LEAN/EW4_Web_Port_v0.61/assets/sprites/image_ui_hd/pie1.png
3254	SOURCE_LEAN/EW4_Web_Port_v0.61/assets/sprites/image_ui_hd/pol1.png
3142	SOURCE_LEAN/EW4_Web_Port_v0.61/assets/sprites/image_ui_hd/por1.png
908	SOURCE_LEAN/EW4_Web_Port_v0.61/assets/sprites/image_ui_hd/princess_aus.png
951	SOURCE_LEAN/EW4_Web_Port_v0.61/assets/sprites/image_ui_hd/princess_fra.png
3245	SOURCE_LEAN/EW4_Web_Port_v0.61/assets/sprites/image_ui_hd/princess_gbr.png
3129	SOURCE_LEAN/EW4_Web_Port_v0.61/assets/sprites/image_ui_hd/princess_jap.png
2917	SOURCE_LEAN/EW4_Web_Port_v0.61/assets/sprites/image_ui_hd/princess_qin.png
1013	SOURCE_LEAN/EW4_Web_Port_v0.61/assets/sprites/image_ui_hd/princess_rus.png
2147	SOURCE_LEAN/EW4_Web_Port_v0.61/assets/sprites/image_ui_hd/princess_tur.png
2505	SOURCE_LEAN/EW4_Web_Port_v0.61/assets/sprites/image_ui_hd/princess_usa.png
2793	SOURCE_LEAN/EW4_Web_Port_v0.61/assets/sprites/image_ui_hd/pru1.png
1064	SOURCE_LEAN/EW4_Web_Port_v0.61/assets/sprites/image_ui_hd/rank_1.png
1970	SOURCE_LEAN/EW4_Web_Port_v0.61/assets/sprites/image_ui_hd/rank_10.png
1978	SOURCE_LEAN/EW4_Web_Port_v0.61/assets/sprites/image_ui_hd/rank_11.png
2122	SOURCE_LEAN/EW4_Web_Port_v0.61/assets/sprites/image_ui_hd/rank_12.png
1743	SOURCE_LEAN/EW4_Web_Port_v0.61/assets/sprites/image_ui_hd/rank_13.png
2702	SOURCE_LEAN/EW4_Web_Port_v0.61/assets/sprites/image_ui_hd/rank_14.png
1517	SOURCE_LEAN/EW4_Web_Port_v0.61/assets/sprites/image_ui_hd/rank_2.png
1456	SOURCE_LEAN/EW4_Web_Port_v0.61/assets/sprites/image_ui_hd/rank_3.png
1264	SOURCE_LEAN/EW4_Web_Port_v0.61/assets/sprites/image_ui_hd/rank_4.png
1889	SOURCE_LEAN/EW4_Web_Port_v0.61/assets/sprites/image_ui_hd/rank_5.png
1828	SOURCE_LEAN/EW4_Web_Port_v0.61/assets/sprites/image_ui_hd/rank_6.png
1307	SOURCE_LEAN/EW4_Web_Port_v0.61/assets/sprites/image_ui_hd/rank_7.png
1898	SOURCE_LEAN/EW4_Web_Port_v0.61/assets/sprites/image_ui_hd/rank_8.png
2029	SOURCE_LEAN/EW4_Web_Port_v0.61/assets/sprites/image_ui_hd/rank_9.png
2882	SOURCE_LEAN/EW4_Web_Port_v0.61/assets/sprites/image_ui_hd/rhc1.png
3552	SOURCE_LEAN/EW4_Web_Port_v0.61/assets/sprites/image_ui_hd/rule_0.png
1642	SOURCE_LEAN/EW4_Web_Port_v0.61/assets/sprites/image_ui_hd/rule_1.png
3257	SOURCE_LEAN/EW4_Web_Port_v0.61/assets/sprites/image_ui_hd/rule_2.png
3929	SOURCE_LEAN/EW4_Web_Port_v0.61/assets/sprites/image_ui_hd/rule_3.png
2231	SOURCE_LEAN/EW4_Web_Port_v0.61/assets/sprites/image_ui_hd/rule_4.png
3262	SOURCE_LEAN/EW4_Web_Port_v0.61/assets/sprites/image_ui_hd/rule_5.png
3791	SOURCE_LEAN/EW4_Web_Port_v0.61/assets/sprites/image_ui_hd/rule_6.png
2543	SOURCE_LEAN/EW4_Web_Port_v0.61/assets/sprites/image_ui_hd/rule_7.png
4260	SOURCE_LEAN/EW4_Web_Port_v0.61/assets/sprites/image_ui_hd/rule_8.png
3878	SOURCE_LEAN/EW4_Web_Port_v0.61/assets/sprites/image_ui_hd/rule_9.png
3082	SOURCE_LEAN/EW4_Web_Port_v0.61/assets/sprites/image_ui_hd/rus1.png
5396	SOURCE_LEAN/EW4_Web_Port_v0.61/assets/sprites/image_ui_hd/sample_smallgenerals.png
303	SOURCE_LEAN/EW4_Web_Port_v0.61/assets/sprites/image_ui_hd/save_grayboard.png
3759	SOURCE_LEAN/EW4_Web_Port_v0.61/assets/sprites/image_ui_hd/sax1.png
94	SOURCE_LEAN/EW4_Web_Port_v0.61/assets/sprites/image_ui_hd/scrollbar_darkgray.png
101	SOURCE_LEAN/EW4_Web_Port_v0.61/assets/sprites/image_ui_hd/scrollbar_gray.png
484	SOURCE_LEAN/EW4_Web_Port_v0.61/assets/sprites/image_ui_hd/skill_01.png
1338	SOURCE_LEAN/EW4_Web_Port_v0.61/assets/sprites/image_ui_hd/skill_02.png
1038	SOURCE_LEAN/EW4_Web_Port_v0.61/assets/sprites/image_ui_hd/skill_03.png
710	SOURCE_LEAN/EW4_Web_Port_v0.61/assets/sprites/image_ui_hd/skill_04.png
532	SOURCE_LEAN/EW4_Web_Port_v0.61/assets/sprites/image_ui_hd/skill_05.png
1026	SOURCE_LEAN/EW4_Web_Port_v0.61/assets/sprites/image_ui_hd/skill_06.png
679	SOURCE_LEAN/EW4_Web_Port_v0.61/assets/sprites/image_ui_hd/skill_07.png
692	SOURCE_LEAN/EW4_Web_Port_v0.61/assets/sprites/image_ui_hd/skill_08.png
606	SOURCE_LEAN/EW4_Web_Port_v0.61/assets/sprites/image_ui_hd/skill_09.png
833	SOURCE_LEAN/EW4_Web_Port_v0.61/assets/sprites/image_ui_hd/skill_10.png
1037	SOURCE_LEAN/EW4_Web_Port_v0.61/assets/sprites/image_ui_hd/skill_11.png
853	SOURCE_LEAN/EW4_Web_Port_v0.61/assets/sprites/image_ui_hd/skill_12.png
1061	SOURCE_LEAN/EW4_Web_Port_v0.61/assets/sprites/image_ui_hd/skill_13.png
1089	SOURCE_LEAN/EW4_Web_Port_v0.61/assets/sprites/image_ui_hd/skill_14.png
839	SOURCE_LEAN/EW4_Web_Port_v0.61/assets/sprites/image_ui_hd/skill_15.png
1004	SOURCE_LEAN/EW4_Web_Port_v0.61/assets/sprites/image_ui_hd/skill_16.png
1303	SOURCE_LEAN/EW4_Web_Port_v0.61/assets/sprites/image_ui_hd/skill_17.png
857	SOURCE_LEAN/EW4_Web_Port_v0.61/assets/sprites/image_ui_hd/skill_18.png
790	SOURCE_LEAN/EW4_Web_Port_v0.61/assets/sprites/image_ui_hd/skill_19.png
655	SOURCE_LEAN/EW4_Web_Port_v0.61/assets/sprites/image_ui_hd/skill_20.png
1440	SOURCE_LEAN/EW4_Web_Port_v0.61/assets/sprites/image_ui_hd/skill_21.png
1374	SOURCE_LEAN/EW4_Web_Port_v0.61/assets/sprites/image_ui_hd/skill_22.png
430	SOURCE_LEAN/EW4_Web_Port_v0.61/assets/sprites/image_ui_hd/skill_23.png
1403	SOURCE_LEAN/EW4_Web_Port_v0.61/assets/sprites/image_ui_hd/skill_24.png
1353	SOURCE_LEAN/EW4_Web_Port_v0.61/assets/sprites/image_ui_hd/skill_25.png
458	SOURCE_LEAN/EW4_Web_Port_v0.61/assets/sprites/image_ui_hd/skill_26.png
666	SOURCE_LEAN/EW4_Web_Port_v0.61/assets/sprites/image_ui_hd/skill_27.png
400	SOURCE_LEAN/EW4_Web_Port_v0.61/assets/sprites/image_ui_hd/skill_28.png
950	SOURCE_LEAN/EW4_Web_Port_v0.61/assets/sprites/image_ui_hd/skill_29.png
330	SOURCE_LEAN/EW4_Web_Port_v0.61/assets/sprites/image_ui_hd/skill_30.png
712	SOURCE_LEAN/EW4_Web_Port_v0.61/assets/sprites/image_ui_hd/skill_31.png
973	SOURCE_LEAN/EW4_Web_Port_v0.61/assets/sprites/image_ui_hd/skill_32.png
739	SOURCE_LEAN/EW4_Web_Port_v0.61/assets/sprites/image_ui_hd/skill_33.png
1266	SOURCE_LEAN/EW4_Web_Port_v0.61/assets/sprites/image_ui_hd/skill_34.png
1322	SOURCE_LEAN/EW4_Web_Port_v0.61/assets/sprites/image_ui_hd/skill_35.png
1326	SOURCE_LEAN/EW4_Web_Port_v0.61/assets/sprites/image_ui_hd/skill_36.png
1385	SOURCE_LEAN/EW4_Web_Port_v0.61/assets/sprites/image_ui_hd/skill_37.png
1233	SOURCE_LEAN/EW4_Web_Port_v0.61/assets/sprites/image_ui_hd/skill_38.png
1329	SOURCE_LEAN/EW4_Web_Port_v0.61/assets/sprites/image_ui_hd/skill_39.png
1332	SOURCE_LEAN/EW4_Web_Port_v0.61/assets/sprites/image_ui_hd/skill_40.png
251	SOURCE_LEAN/EW4_Web_Port_v0.61/assets/sprites/image_ui_hd/slider_gray.png
245	SOURCE_LEAN/EW4_Web_Port_v0.61/assets/sprites/image_ui_hd/slider_press.png
3108	SOURCE_LEAN/EW4_Web_Port_v0.61/assets/sprites/image_ui_hd/spa1.png
440	SOURCE_LEAN/EW4_Web_Port_v0.61/assets/sprites/image_ui_hd/speed_bar.png
123	SOURCE_LEAN/EW4_Web_Port_v0.61/assets/sprites/image_ui_hd/speed_brick.png
3429	SOURCE_LEAN/EW4_Web_Port_v0.61/assets/sprites/image_ui_hd/srb1.png
673	SOURCE_LEAN/EW4_Web_Port_v0.61/assets/sprites/image_ui_hd/stage_star.png
2674	SOURCE_LEAN/EW4_Web_Port_v0.61/assets/sprites/image_ui_hd/star_board.png
536	SOURCE_LEAN/EW4_Web_Port_v0.61/assets/sprites/image_ui_hd/star_campaign.png
290	SOURCE_LEAN/EW4_Web_Port_v0.61/assets/sprites/image_ui_hd/star_campaign_gray.png
460	SOURCE_LEAN/EW4_Web_Port_v0.61/assets/sprites/image_ui_hd/star_middle.png
3076	SOURCE_LEAN/EW4_Web_Port_v0.61/assets/sprites/image_ui_hd/swe1.png
704	SOURCE_LEAN/EW4_Web_Port_v0.61/assets/sprites/image_ui_hd/terrain_desert.png
461	SOURCE_LEAN/EW4_Web_Port_v0.61/assets/sprites/image_ui_hd/terrain_field.png
895	SOURCE_LEAN/EW4_Web_Port_v0.61/assets/sprites/image_ui_hd/terrain_forest.png
692	SOURCE_LEAN/EW4_Web_Port_v0.61/assets/sprites/image_ui_hd/terrain_hill.png
875	SOURCE_LEAN/EW4_Web_Port_v0.61/assets/sprites/image_ui_hd/terrain_mountain.png
515	SOURCE_LEAN/EW4_Web_Port_v0.61/assets/sprites/image_ui_hd/terrain_sea.png
735	SOURCE_LEAN/EW4_Web_Port_v0.61/assets/sprites/image_ui_hd/terrain_wood.png
2783	SOURCE_LEAN/EW4_Web_Port_v0.61/assets/sprites/image_ui_hd/tri1.png
3100	SOURCE_LEAN/EW4_Web_Port_v0.61/assets/sprites/image_ui_hd/tun1.png
3031	SOURCE_LEAN/EW4_Web_Port_v0.61/assets/sprites/image_ui_hd/tur1.png
4366	SOURCE_LEAN/EW4_Web_Port_v0.61/assets/sprites/image_ui_hd/tutorials_point.png
439	SOURCE_LEAN/EW4_Web_Port_v0.61/assets/sprites/image_ui_hd/upgrade_back.png
162	SOURCE_LEAN/EW4_Web_Port_v0.61/assets/sprites/image_ui_hd/upgrade_tag.png
1536	SOURCE_LEAN/EW4_Web_Port_v0.61/assets/sprites/image_ui_hd/upgrade_tag_artillery.png
1564	SOURCE_LEAN/EW4_Web_Port_v0.61/assets/sprites/image_ui_hd/upgrade_tag_artillery_s.png
1616	SOURCE_LEAN/EW4_Web_Port_v0.61/assets/sprites/image_ui_hd/upgrade_tag_cavalry.png
1600	SOURCE_LEAN/EW4_Web_Port_v0.61/assets/sprites/image_ui_hd/upgrade_tag_cavalry_s.png
1336	SOURCE_LEAN/EW4_Web_Port_v0.61/assets/sprites/image_ui_hd/upgrade_tag_fortress.png
1386	SOURCE_LEAN/EW4_Web_Port_v0.61/assets/sprites/image_ui_hd/upgrade_tag_fortress_s.png
1414	SOURCE_LEAN/EW4_Web_Port_v0.61/assets/sprites/image_ui_hd/upgrade_tag_infantry.png
1444	SOURCE_LEAN/EW4_Web_Port_v0.61/assets/sprites/image_ui_hd/upgrade_tag_infantry_s.png
372	SOURCE_LEAN/EW4_Web_Port_v0.61/assets/sprites/image_ui_hd/upgrade_tag_selected.png
1556	SOURCE_LEAN/EW4_Web_Port_v0.61/assets/sprites/image_ui_hd/upgrade_tag_ship.png
1574	SOURCE_LEAN/EW4_Web_Port_v0.61/assets/sprites/image_ui_hd/upgrade_tag_ship_s.png
3949	SOURCE_LEAN/EW4_Web_Port_v0.61/assets/sprites/image_ui_hd/usa1.png
1259	SOURCE_LEAN/EW4_Web_Port_v0.61/assets/sprites/image_ui_hd/volume_bar.png
3196	SOURCE_LEAN/EW4_Web_Port_v0.61/assets/sprites/image_ui_hd/wal1.png
82	SOURCE_LEAN/EW4_Web_Port_v0.61/assets/sprites/image_ui_hd/whiteline_for_button_close.png
2296	SOURCE_LEAN/EW4_Web_Port_v0.61/assets/sprites/image_ui_hd/wur1.png
906	SOURCE_LEAN/EW4_Web_Port_v0.61/assets/sprites/image_uiadd_hd/adsetting.png
2101	SOURCE_LEAN/EW4_Web_Port_v0.61/assets/sprites/image_uiadd_hd/btn_addisable.png
2591	SOURCE_LEAN/EW4_Web_Port_v0.61/assets/sprites/image_uiadd_hd/btn_rewardedad.png
684	SOURCE_LEAN/EW4_Web_Port_v0.61/assets/sprites/image_uiadd_hd/button_confrim_x.png
2395	SOURCE_LEAN/EW4_Web_Port_v0.61/assets/sprites/image_uiadd_hd/button_pause_x.png
3263	SOURCE_LEAN/EW4_Web_Port_v0.61/assets/sprites/image_uiadd_hd/button_return_x.png
3062	SOURCE_LEAN/EW4_Web_Port_v0.61/assets/sprites/image_uiadd_hd/button_round_x.png
2843	SOURCE_LEAN/EW4_Web_Port_v0.61/assets/sprites/image_uiadd_hd/button_skip_x.png
1227	SOURCE_LEAN/EW4_Web_Port_v0.61/assets/sprites/image_uiadd_hd/icon_dot_0.png
1146	SOURCE_LEAN/EW4_Web_Port_v0.61/assets/sprites/image_uiadd_hd/icon_dot_1.png
1235	SOURCE_LEAN/EW4_Web_Port_v0.61/assets/sprites/image_uiadd_hd/icon_dot_2.png
1253	SOURCE_LEAN/EW4_Web_Port_v0.61/assets/sprites/image_uiadd_hd/icon_dot_3.png
1231	SOURCE_LEAN/EW4_Web_Port_v0.61/assets/sprites/image_uiadd_hd/icon_dot_4.png
1179	SOURCE_LEAN/EW4_Web_Port_v0.61/assets/sprites/image_uiadd_hd/icon_dot_5.png
1249	SOURCE_LEAN/EW4_Web_Port_v0.61/assets/sprites/image_uiadd_hd/icon_dot_6.png
1188	SOURCE_LEAN/EW4_Web_Port_v0.61/assets/sprites/image_uiadd_hd/icon_dot_7.png
1302	SOURCE_LEAN/EW4_Web_Port_v0.61/assets/sprites/image_uiadd_hd/icon_dot_8.png
1285	SOURCE_LEAN/EW4_Web_Port_v0.61/assets/sprites/image_uiadd_hd/icon_dot_9.png
810	SOURCE_LEAN/EW4_Web_Port_v0.61/assets/sprites/image_uiadd_hd/icon_play.png
3044	SOURCE_LEAN/EW4_Web_Port_v0.61/assets/sprites/strategicmap_hd/alg1.png
3129	SOURCE_LEAN/EW4_Web_Port_v0.61/assets/sprites/strategicmap_hd/alg2.png
3136	SOURCE_LEAN/EW4_Web_Port_v0.61/assets/sprites/strategicmap_hd/alg3.png
3147	SOURCE_LEAN/EW4_Web_Port_v0.61/assets/sprites/strategicmap_hd/alg4.png
3533	SOURCE_LEAN/EW4_Web_Port_v0.61/assets/sprites/strategicmap_hd/arrow_blue_1.png
336	SOURCE_LEAN/EW4_Web_Port_v0.61/assets/sprites/strategicmap_hd/arrow_blue_10.png
602	SOURCE_LEAN/EW4_Web_Port_v0.61/assets/sprites/strategicmap_hd/arrow_blue_11.png
920	SOURCE_LEAN/EW4_Web_Port_v0.61/assets/sprites/strategicmap_hd/arrow_blue_12.png
3369	SOURCE_LEAN/EW4_Web_Port_v0.61/assets/sprites/strategicmap_hd/arrow_blue_2.png
3436	SOURCE_LEAN/EW4_Web_Port_v0.61/assets/sprites/strategicmap_hd/arrow_blue_3.png
3166	SOURCE_LEAN/EW4_Web_Port_v0.61/assets/sprites/strategicmap_hd/arrow_blue_4.png
719	SOURCE_LEAN/EW4_Web_Port_v0.61/assets/sprites/strategicmap_hd/arrow_blue_5.png
6525	SOURCE_LEAN/EW4_Web_Port_v0.61/assets/sprites/strategicmap_hd/arrow_blue_6.png
3540	SOURCE_LEAN/EW4_Web_Port_v0.61/assets/sprites/strategicmap_hd/arrow_blue_7.png
1006	SOURCE_LEAN/EW4_Web_Port_v0.61/assets/sprites/strategicmap_hd/arrow_blue_8.png
1054	SOURCE_LEAN/EW4_Web_Port_v0.61/assets/sprites/strategicmap_hd/arrow_blue_9.png
3517	SOURCE_LEAN/EW4_Web_Port_v0.61/assets/sprites/strategicmap_hd/arrow_red_1.png
335	SOURCE_LEAN/EW4_Web_Port_v0.61/assets/sprites/strategicmap_hd/arrow_red_10.png
602	SOURCE_LEAN/EW4_Web_Port_v0.61/assets/sprites/strategicmap_hd/arrow_red_11.png
940	SOURCE_LEAN/EW4_Web_Port_v0.61/assets/sprites/strategicmap_hd/arrow_red_12.png
3365	SOURCE_LEAN/EW4_Web_Port_v0.61/assets/sprites/strategicmap_hd/arrow_red_2.png
3429	SOURCE_LEAN/EW4_Web_Port_v0.61/assets/sprites/strategicmap_hd/arrow_red_3.png
3156	SOURCE_LEAN/EW4_Web_Port_v0.61/assets/sprites/strategicmap_hd/arrow_red_4.png
730	SOURCE_LEAN/EW4_Web_Port_v0.61/assets/sprites/strategicmap_hd/arrow_red_5.png
6538	SOURCE_LEAN/EW4_Web_Port_v0.61/assets/sprites/strategicmap_hd/arrow_red_6.png
3561	SOURCE_LEAN/EW4_Web_Port_v0.61/assets/sprites/strategicmap_hd/arrow_red_7.png
1007	SOURCE_LEAN/EW4_Web_Port_v0.61/assets/sprites/strategicmap_hd/arrow_red_8.png
991	SOURCE_LEAN/EW4_Web_Port_v0.61/assets/sprites/strategicmap_hd/arrow_red_9.png
2509	SOURCE_LEAN/EW4_Web_Port_v0.61/assets/sprites/strategicmap_hd/aus1.png
2605	SOURCE_LEAN/EW4_Web_Port_v0.61/assets/sprites/strategicmap_hd/aus2.png
2631	SOURCE_LEAN/EW4_Web_Port_v0.61/assets/sprites/strategicmap_hd/aus3.png
2643	SOURCE_LEAN/EW4_Web_Port_v0.61/assets/sprites/strategicmap_hd/aus4.png
3390	SOURCE_LEAN/EW4_Web_Port_v0.61/assets/sprites/strategicmap_hd/bad1.png
3494	SOURCE_LEAN/EW4_Web_Port_v0.61/assets/sprites/strategicmap_hd/bad2.png
3514	SOURCE_LEAN/EW4_Web_Port_v0.61/assets/sprites/strategicmap_hd/bad3.png
3501	SOURCE_LEAN/EW4_Web_Port_v0.61/assets/sprites/strategicmap_hd/bad4.png
2986	SOURCE_LEAN/EW4_Web_Port_v0.61/assets/sprites/strategicmap_hd/bav1.png
3061	SOURCE_LEAN/EW4_Web_Port_v0.61/assets/sprites/strategicmap_hd/bav2.png
3110	SOURCE_LEAN/EW4_Web_Port_v0.61/assets/sprites/strategicmap_hd/bav3.png
3097	SOURCE_LEAN/EW4_Web_Port_v0.61/assets/sprites/strategicmap_hd/bav4.png
3148	SOURCE_LEAN/EW4_Web_Port_v0.61/assets/sprites/strategicmap_hd/bru1.png
3210	SOURCE_LEAN/EW4_Web_Port_v0.61/assets/sprites/strategicmap_hd/bru2.png
3276	SOURCE_LEAN/EW4_Web_Port_v0.61/assets/sprites/strategicmap_hd/bru3.png
3268	SOURCE_LEAN/EW4_Web_Port_v0.61/assets/sprites/strategicmap_hd/bru4.png
2849	SOURCE_LEAN/EW4_Web_Port_v0.61/assets/sprites/strategicmap_hd/che1.png
2954	SOURCE_LEAN/EW4_Web_Port_v0.61/assets/sprites/strategicmap_hd/che2.png
3002	SOURCE_LEAN/EW4_Web_Port_v0.61/assets/sprites/strategicmap_hd/che3.png
2996	SOURCE_LEAN/EW4_Web_Port_v0.61/assets/sprites/strategicmap_hd/che4.png
3138	SOURCE_LEAN/EW4_Web_Port_v0.61/assets/sprites/strategicmap_hd/den1.png
3239	SOURCE_LEAN/EW4_Web_Port_v0.61/assets/sprites/strategicmap_hd/den2.png
3286	SOURCE_LEAN/EW4_Web_Port_v0.61/assets/sprites/strategicmap_hd/den3.png
3267	SOURCE_LEAN/EW4_Web_Port_v0.61/assets/sprites/strategicmap_hd/den4.png
2896	SOURCE_LEAN/EW4_Web_Port_v0.61/assets/sprites/strategicmap_hd/egy1.png
2948	SOURCE_LEAN/EW4_Web_Port_v0.61/assets/sprites/strategicmap_hd/egy2.png
2955	SOURCE_LEAN/EW4_Web_Port_v0.61/assets/sprites/strategicmap_hd/egy3.png
2981	SOURCE_LEAN/EW4_Web_Port_v0.61/assets/sprites/strategicmap_hd/egy4.png
2793	SOURCE_LEAN/EW4_Web_Port_v0.61/assets/sprites/strategicmap_hd/fra1.png
2920	SOURCE_LEAN/EW4_Web_Port_v0.61/assets/sprites/strategicmap_hd/fra2.png
2960	SOURCE_LEAN/EW4_Web_Port_v0.61/assets/sprites/strategicmap_hd/fra3.png
2936	SOURCE_LEAN/EW4_Web_Port_v0.61/assets/sprites/strategicmap_hd/fra4.png
4296	SOURCE_LEAN/EW4_Web_Port_v0.61/assets/sprites/strategicmap_hd/gbr1.png
4364	SOURCE_LEAN/EW4_Web_Port_v0.61/assets/sprites/strategicmap_hd/gbr2.png
4392	SOURCE_LEAN/EW4_Web_Port_v0.61/assets/sprites/strategicmap_hd/gbr3.png
4400	SOURCE_LEAN/EW4_Web_Port_v0.61/assets/sprites/strategicmap_hd/gbr4.png
2775	SOURCE_LEAN/EW4_Web_Port_v0.61/assets/sprites/strategicmap_hd/hes1.png
2879	SOURCE_LEAN/EW4_Web_Port_v0.61/assets/sprites/strategicmap_hd/hes2.png
2942	SOURCE_LEAN/EW4_Web_Port_v0.61/assets/sprites/strategicmap_hd/hes3.png
2933	SOURCE_LEAN/EW4_Web_Port_v0.61/assets/sprites/strategicmap_hd/hes4.png
3698	SOURCE_LEAN/EW4_Web_Port_v0.61/assets/sprites/strategicmap_hd/hre1.png
3793	SOURCE_LEAN/EW4_Web_Port_v0.61/assets/sprites/strategicmap_hd/hre2.png
3824	SOURCE_LEAN/EW4_Web_Port_v0.61/assets/sprites/strategicmap_hd/hre3.png
3846	SOURCE_LEAN/EW4_Web_Port_v0.61/assets/sprites/strategicmap_hd/hre4.png
3233	SOURCE_LEAN/EW4_Web_Port_v0.61/assets/sprites/strategicmap_hd/ind1.png
3281	SOURCE_LEAN/EW4_Web_Port_v0.61/assets/sprites/strategicmap_hd/ind2.png
3316	SOURCE_LEAN/EW4_Web_Port_v0.61/assets/sprites/strategicmap_hd/ind3.png
3331	SOURCE_LEAN/EW4_Web_Port_v0.61/assets/sprites/strategicmap_hd/ind4.png
3618	SOURCE_LEAN/EW4_Web_Port_v0.61/assets/sprites/strategicmap_hd/koi1.png
3701	SOURCE_LEAN/EW4_Web_Port_v0.61/assets/sprites/strategicmap_hd/koi2.png
3740	SOURCE_LEAN/EW4_Web_Port_v0.61/assets/sprites/strategicmap_hd/koi3.png
3732	SOURCE_LEAN/EW4_Web_Port_v0.61/assets/sprites/strategicmap_hd/koi4.png
2524	SOURCE_LEAN/EW4_Web_Port_v0.61/assets/sprites/strategicmap_hd/mar1.png
2608	SOURCE_LEAN/EW4_Web_Port_v0.61/assets/sprites/strategicmap_hd/mar2.png
2643	SOURCE_LEAN/EW4_Web_Port_v0.61/assets/sprites/strategicmap_hd/mar3.png
2600	SOURCE_LEAN/EW4_Web_Port_v0.61/assets/sprites/strategicmap_hd/mar4.png
2955	SOURCE_LEAN/EW4_Web_Port_v0.61/assets/sprites/strategicmap_hd/mek1.png
3044	SOURCE_LEAN/EW4_Web_Port_v0.61/assets/sprites/strategicmap_hd/mek2.png
3065	SOURCE_LEAN/EW4_Web_Port_v0.61/assets/sprites/strategicmap_hd/mek3.png
3052	SOURCE_LEAN/EW4_Web_Port_v0.61/assets/sprites/strategicmap_hd/mek4.png
2934	SOURCE_LEAN/EW4_Web_Port_v0.61/assets/sprites/strategicmap_hd/mol1.png
3004	SOURCE_LEAN/EW4_Web_Port_v0.61/assets/sprites/strategicmap_hd/mol2.png
3034	SOURCE_LEAN/EW4_Web_Port_v0.61/assets/sprites/strategicmap_hd/mol3.png
3001	SOURCE_LEAN/EW4_Web_Port_v0.61/assets/sprites/strategicmap_hd/mol4.png
3705	SOURCE_LEAN/EW4_Web_Port_v0.61/assets/sprites/strategicmap_hd/nap1.png
3806	SOURCE_LEAN/EW4_Web_Port_v0.61/assets/sprites/strategicmap_hd/nap2.png
3818	SOURCE_LEAN/EW4_Web_Port_v0.61/assets/sprites/strategicmap_hd/nap3.png
3739	SOURCE_LEAN/EW4_Web_Port_v0.61/assets/sprites/strategicmap_hd/nap4.png
3063	SOURCE_LEAN/EW4_Web_Port_v0.61/assets/sprites/strategicmap_hd/nas1.png
3157	SOURCE_LEAN/EW4_Web_Port_v0.61/assets/sprites/strategicmap_hd/nas2.png
3231	SOURCE_LEAN/EW4_Web_Port_v0.61/assets/sprites/strategicmap_hd/nas3.png
3179	SOURCE_LEAN/EW4_Web_Port_v0.61/assets/sprites/strategicmap_hd/nas4.png
3246	SOURCE_LEAN/EW4_Web_Port_v0.61/assets/sprites/strategicmap_hd/nds1.png
3402	SOURCE_LEAN/EW4_Web_Port_v0.61/assets/sprites/strategicmap_hd/nds2.png
3393	SOURCE_LEAN/EW4_Web_Port_v0.61/assets/sprites/strategicmap_hd/nds3.png
3387	SOURCE_LEAN/EW4_Web_Port_v0.61/assets/sprites/strategicmap_hd/nds4.png
2882	SOURCE_LEAN/EW4_Web_Port_v0.61/assets/sprites/strategicmap_hd/ned1.png
2976	SOURCE_LEAN/EW4_Web_Port_v0.61/assets/sprites/strategicmap_hd/ned2.png
3012	SOURCE_LEAN/EW4_Web_Port_v0.61/assets/sprites/strategicmap_hd/ned3.png
2951	SOURCE_LEAN/EW4_Web_Port_v0.61/assets/sprites/strategicmap_hd/ned4.png
3050	SOURCE_LEAN/EW4_Web_Port_v0.61/assets/sprites/strategicmap_hd/old1.png
3131	SOURCE_LEAN/EW4_Web_Port_v0.61/assets/sprites/strategicmap_hd/old2.png
3167	SOURCE_LEAN/EW4_Web_Port_v0.61/assets/sprites/strategicmap_hd/old3.png
3145	SOURCE_LEAN/EW4_Web_Port_v0.61/assets/sprites/strategicmap_hd/old4.png
3207	SOURCE_LEAN/EW4_Web_Port_v0.61/assets/sprites/strategicmap_hd/pap1.png
3301	SOURCE_LEAN/EW4_Web_Port_v0.61/assets/sprites/strategicmap_hd/pap2.png
3360	SOURCE_LEAN/EW4_Web_Port_v0.61/assets/sprites/strategicmap_hd/pap3.png
3354	SOURCE_LEAN/EW4_Web_Port_v0.61/assets/sprites/strategicmap_hd/pap4.png
3403	SOURCE_LEAN/EW4_Web_Port_v0.61/assets/sprites/strategicmap_hd/per1.png
3521	SOURCE_LEAN/EW4_Web_Port_v0.61/assets/sprites/strategicmap_hd/per2.png
3561	SOURCE_LEAN/EW4_Web_Port_v0.61/assets/sprites/strategicmap_hd/per3.png
3613	SOURCE_LEAN/EW4_Web_Port_v0.61/assets/sprites/strategicmap_hd/per4.png
2962	SOURCE_LEAN/EW4_Web_Port_v0.61/assets/sprites/strategicmap_hd/pie1.png
3073	SOURCE_LEAN/EW4_Web_Port_v0.61/assets/sprites/strategicmap_hd/pie2.png
3104	SOURCE_LEAN/EW4_Web_Port_v0.61/assets/sprites/strategicmap_hd/pie3.png
3053	SOURCE_LEAN/EW4_Web_Port_v0.61/assets/sprites/strategicmap_hd/pie4.png
3254	SOURCE_LEAN/EW4_Web_Port_v0.61/assets/sprites/strategicmap_hd/pol1.png
3330	SOURCE_LEAN/EW4_Web_Port_v0.61/assets/sprites/strategicmap_hd/pol2.png
3381	SOURCE_LEAN/EW4_Web_Port_v0.61/assets/sprites/strategicmap_hd/pol3.png
3380	SOURCE_LEAN/EW4_Web_Port_v0.61/assets/sprites/strategicmap_hd/pol4.png
3142	SOURCE_LEAN/EW4_Web_Port_v0.61/assets/sprites/strategicmap_hd/por1.png
3262	SOURCE_LEAN/EW4_Web_Port_v0.61/assets/sprites/strategicmap_hd/por2.png
3274	SOURCE_LEAN/EW4_Web_Port_v0.61/assets/sprites/strategicmap_hd/por3.png
3361	SOURCE_LEAN/EW4_Web_Port_v0.61/assets/sprites/strategicmap_hd/por4.png
2793	SOURCE_LEAN/EW4_Web_Port_v0.61/assets/sprites/strategicmap_hd/pru1.png
2814	SOURCE_LEAN/EW4_Web_Port_v0.61/assets/sprites/strategicmap_hd/pru2.png
2849	SOURCE_LEAN/EW4_Web_Port_v0.61/assets/sprites/strategicmap_hd/pru3.png
2834	SOURCE_LEAN/EW4_Web_Port_v0.61/assets/sprites/strategicmap_hd/pru4.png
2882	SOURCE_LEAN/EW4_Web_Port_v0.61/assets/sprites/strategicmap_hd/rhc1.png
2975	SOURCE_LEAN/EW4_Web_Port_v0.61/assets/sprites/strategicmap_hd/rhc2.png
3023	SOURCE_LEAN/EW4_Web_Port_v0.61/assets/sprites/strategicmap_hd/rhc3.png
3013	SOURCE_LEAN/EW4_Web_Port_v0.61/assets/sprites/strategicmap_hd/rhc4.png
3082	SOURCE_LEAN/EW4_Web_Port_v0.61/assets/sprites/strategicmap_hd/rus1.png
3171	SOURCE_LEAN/EW4_Web_Port_v0.61/assets/sprites/strategicmap_hd/rus2.png
3241	SOURCE_LEAN/EW4_Web_Port_v0.61/assets/sprites/strategicmap_hd/rus3.png
3229	SOURCE_LEAN/EW4_Web_Port_v0.61/assets/sprites/strategicmap_hd/rus4.png
3759	SOURCE_LEAN/EW4_Web_Port_v0.61/assets/sprites/strategicmap_hd/sax1.png
3870	SOURCE_LEAN/EW4_Web_Port_v0.61/assets/sprites/strategicmap_hd/sax2.png
3890	SOURCE_LEAN/EW4_Web_Port_v0.61/assets/sprites/strategicmap_hd/sax3.png
3943	SOURCE_LEAN/EW4_Web_Port_v0.61/assets/sprites/strategicmap_hd/sax4.png
3108	SOURCE_LEAN/EW4_Web_Port_v0.61/assets/sprites/strategicmap_hd/spa1.png
3212	SOURCE_LEAN/EW4_Web_Port_v0.61/assets/sprites/strategicmap_hd/spa2.png
3215	SOURCE_LEAN/EW4_Web_Port_v0.61/assets/sprites/strategicmap_hd/spa3.png
3220	SOURCE_LEAN/EW4_Web_Port_v0.61/assets/sprites/strategicmap_hd/spa4.png
3429	SOURCE_LEAN/EW4_Web_Port_v0.61/assets/sprites/strategicmap_hd/srb1.png
3496	SOURCE_LEAN/EW4_Web_Port_v0.61/assets/sprites/strategicmap_hd/srb2.png
3558	SOURCE_LEAN/EW4_Web_Port_v0.61/assets/sprites/strategicmap_hd/srb3.png
3572	SOURCE_LEAN/EW4_Web_Port_v0.61/assets/sprites/strategicmap_hd/srb4.png
3076	SOURCE_LEAN/EW4_Web_Port_v0.61/assets/sprites/strategicmap_hd/swe1.png
3206	SOURCE_LEAN/EW4_Web_Port_v0.61/assets/sprites/strategicmap_hd/swe2.png
3215	SOURCE_LEAN/EW4_Web_Port_v0.61/assets/sprites/strategicmap_hd/swe3.png
3200	SOURCE_LEAN/EW4_Web_Port_v0.61/assets/sprites/strategicmap_hd/swe4.png
2783	SOURCE_LEAN/EW4_Web_Port_v0.61/assets/sprites/strategicmap_hd/tri1.png
2852	SOURCE_LEAN/EW4_Web_Port_v0.61/assets/sprites/strategicmap_hd/tri2.png
2956	SOURCE_LEAN/EW4_Web_Port_v0.61/assets/sprites/strategicmap_hd/tri3.png
2874	SOURCE_LEAN/EW4_Web_Port_v0.61/assets/sprites/strategicmap_hd/tri4.png
3100	SOURCE_LEAN/EW4_Web_Port_v0.61/assets/sprites/strategicmap_hd/tun1.png
3229	SOURCE_LEAN/EW4_Web_Port_v0.61/assets/sprites/strategicmap_hd/tun2.png
3234	SOURCE_LEAN/EW4_Web_Port_v0.61/assets/sprites/strategicmap_hd/tun3.png
3233	SOURCE_LEAN/EW4_Web_Port_v0.61/assets/sprites/strategicmap_hd/tun4.png
3031	SOURCE_LEAN/EW4_Web_Port_v0.61/assets/sprites/strategicmap_hd/tur1.png
3183	SOURCE_LEAN/EW4_Web_Port_v0.61/assets/sprites/strategicmap_hd/tur2.png
3188	SOURCE_LEAN/EW4_Web_Port_v0.61/assets/sprites/strategicmap_hd/tur3.png
3182	SOURCE_LEAN/EW4_Web_Port_v0.61/assets/sprites/strategicmap_hd/tur4.png
3949	SOURCE_LEAN/EW4_Web_Port_v0.61/assets/sprites/strategicmap_hd/usa1.png
4088	SOURCE_LEAN/EW4_Web_Port_v0.61/assets/sprites/strategicmap_hd/usa2.png
4086	SOURCE_LEAN/EW4_Web_Port_v0.61/assets/sprites/strategicmap_hd/usa3.png
4095	SOURCE_LEAN/EW4_Web_Port_v0.61/assets/sprites/strategicmap_hd/usa4.png
3196	SOURCE_LEAN/EW4_Web_Port_v0.61/assets/sprites/strategicmap_hd/wal1.png
3291	SOURCE_LEAN/EW4_Web_Port_v0.61/assets/sprites/strategicmap_hd/wal2.png
3366	SOURCE_LEAN/EW4_Web_Port_v0.61/assets/sprites/strategicmap_hd/wal3.png
3387	SOURCE_LEAN/EW4_Web_Port_v0.61/assets/sprites/strategicmap_hd/wal4.png
2296	SOURCE_LEAN/EW4_Web_Port_v0.61/assets/sprites/strategicmap_hd/wur1.png
2391	SOURCE_LEAN/EW4_Web_Port_v0.61/assets/sprites/strategicmap_hd/wur2.png
2409	SOURCE_LEAN/EW4_Web_Port_v0.61/assets/sprites/strategicmap_hd/wur3.png
2380	SOURCE_LEAN/EW4_Web_Port_v0.61/assets/sprites/strategicmap_hd/wur4.png
1539	SOURCE_LEAN/EW4_Web_Port_v0.61/assets/sprites/tiles_hd/cactus_1.png
2878	SOURCE_LEAN/EW4_Web_Port_v0.61/assets/sprites/tiles_hd/cactus_2.png
5453	SOURCE_LEAN/EW4_Web_Port_v0.61/assets/sprites/tiles_hd/cactus_3.png
4815	SOURCE_LEAN/EW4_Web_Port_v0.61/assets/sprites/tiles_hd/cactus_4.png
5901	SOURCE_LEAN/EW4_Web_Port_v0.61/assets/sprites/tiles_hd/cactus_5.png
7325	SOURCE_LEAN/EW4_Web_Port_v0.61/assets/sprites/tiles_hd/cactus_6.png
1972	SOURCE_LEAN/EW4_Web_Port_v0.61/assets/sprites/tiles_hd/cedar_1.png
3446	SOURCE_LEAN/EW4_Web_Port_v0.61/assets/sprites/tiles_hd/cedar_2.png
6254	SOURCE_LEAN/EW4_Web_Port_v0.61/assets/sprites/tiles_hd/cedar_3.png
7672	SOURCE_LEAN/EW4_Web_Port_v0.61/assets/sprites/tiles_hd/cedar_4.png
8032	SOURCE_LEAN/EW4_Web_Port_v0.61/assets/sprites/tiles_hd/cedar_5.png
8412	SOURCE_LEAN/EW4_Web_Port_v0.61/assets/sprites/tiles_hd/cedar_6.png
1674	SOURCE_LEAN/EW4_Web_Port_v0.61/assets/sprites/tiles_hd/cypress_1.png
2669	SOURCE_LEAN/EW4_Web_Port_v0.61/assets/sprites/tiles_hd/cypress_2.png
4228	SOURCE_LEAN/EW4_Web_Port_v0.61/assets/sprites/tiles_hd/cypress_3.png
5088	SOURCE_LEAN/EW4_Web_Port_v0.61/assets/sprites/tiles_hd/cypress_4.png
5031	SOURCE_LEAN/EW4_Web_Port_v0.61/assets/sprites/tiles_hd/cypress_5.png
6466	SOURCE_LEAN/EW4_Web_Port_v0.61/assets/sprites/tiles_hd/cypress_6.png
5179	SOURCE_LEAN/EW4_Web_Port_v0.61/assets/sprites/tiles_hd/desert_1.png
5273	SOURCE_LEAN/EW4_Web_Port_v0.61/assets/sprites/tiles_hd/desert_2.png
6385	SOURCE_LEAN/EW4_Web_Port_v0.61/assets/sprites/tiles_hd/desert_3.png
10650	SOURCE_LEAN/EW4_Web_Port_v0.61/assets/sprites/tiles_hd/desert_4.png
12168	SOURCE_LEAN/EW4_Web_Port_v0.61/assets/sprites/tiles_hd/desert_5.png
13148	SOURCE_LEAN/EW4_Web_Port_v0.61/assets/sprites/tiles_hd/desert_6.png
14266	SOURCE_LEAN/EW4_Web_Port_v0.61/assets/sprites/tiles_hd/desert_7.png
18156	SOURCE_LEAN/EW4_Web_Port_v0.61/assets/sprites/tiles_hd/desert_8.png
24907	SOURCE_LEAN/EW4_Web_Port_v0.61/assets/sprites/tiles_hd/desert_9.png
6212	SOURCE_LEAN/EW4_Web_Port_v0.61/assets/sprites/tiles_hd/hill_1.png
10507	SOURCE_LEAN/EW4_Web_Port_v0.61/assets/sprites/tiles_hd/hill_2.png
15396	SOURCE_LEAN/EW4_Web_Port_v0.61/assets/sprites/tiles_hd/hill_3.png
14681	SOURCE_LEAN/EW4_Web_Port_v0.61/assets/sprites/tiles_hd/hill_4.png
20509	SOURCE_LEAN/EW4_Web_Port_v0.61/assets/sprites/tiles_hd/hill_5.png
23703	SOURCE_LEAN/EW4_Web_Port_v0.61/assets/sprites/tiles_hd/hill_6.png
21523	SOURCE_LEAN/EW4_Web_Port_v0.61/assets/sprites/tiles_hd/mountain_1.png
18741	SOURCE_LEAN/EW4_Web_Port_v0.61/assets/sprites/tiles_hd/mountain_2.png
25016	SOURCE_LEAN/EW4_Web_Port_v0.61/assets/sprites/tiles_hd/mountain_3.png
27383	SOURCE_LEAN/EW4_Web_Port_v0.61/assets/sprites/tiles_hd/mountain_4.png
33351	SOURCE_LEAN/EW4_Web_Port_v0.61/assets/sprites/tiles_hd/mountain_5.png
31666	SOURCE_LEAN/EW4_Web_Port_v0.61/assets/sprites/tiles_hd/mountain_6.png
2185	SOURCE_LEAN/EW4_Web_Port_v0.61/assets/sprites/tiles_hd/palm_1.png
3235	SOURCE_LEAN/EW4_Web_Port_v0.61/assets/sprites/tiles_hd/palm_2.png
7805	SOURCE_LEAN/EW4_Web_Port_v0.61/assets/sprites/tiles_hd/palm_3.png
9508	SOURCE_LEAN/EW4_Web_Port_v0.61/assets/sprites/tiles_hd/palm_4.png
10200	SOURCE_LEAN/EW4_Web_Port_v0.61/assets/sprites/tiles_hd/palm_5.png
11292	SOURCE_LEAN/EW4_Web_Port_v0.61/assets/sprites/tiles_hd/palm_6.png
1583	SOURCE_LEAN/EW4_Web_Port_v0.61/assets/sprites/tiles_hd/pine_1.png
2633	SOURCE_LEAN/EW4_Web_Port_v0.61/assets/sprites/tiles_hd/pine_2.png
4376	SOURCE_LEAN/EW4_Web_Port_v0.61/assets/sprites/tiles_hd/pine_3.png
7440	SOURCE_LEAN/EW4_Web_Port_v0.61/assets/sprites/tiles_hd/pine_4.png
6084	SOURCE_LEAN/EW4_Web_Port_v0.61/assets/sprites/tiles_hd/pine_5.png
8484	SOURCE_LEAN/EW4_Web_Port_v0.61/assets/sprites/tiles_hd/pine_6.png
6253	SOURCE_LEAN/EW4_Web_Port_v0.61/assets/sprites/tiles_hd/wave_1.png
10362	SOURCE_LEAN/EW4_Web_Port_v0.61/assets/sprites/tiles_hd/wave_2.png
9653	SOURCE_LEAN/EW4_Web_Port_v0.61/assets/sprites/tiles_hd/wave_3.png
11742	SOURCE_LEAN/EW4_Web_Port_v0.61/assets/sprites/tiles_hd/wave_4.png
16441	SOURCE_LEAN/EW4_Web_Port_v0.61/assets/sprites/tiles_hd/wave_5.png
18266	SOURCE_LEAN/EW4_Web_Port_v0.61/assets/sprites/tiles_hd/wave_6.png
36119	SOURCE_LEAN/EW4_Web_Port_v0.61/assets/sprites/tiles_hd/wave_7.png
1466	SOURCE_LEAN/EW4_Web_Port_v0.61/assets/terrain/cactus_1.png
2742	SOURCE_LEAN/EW4_Web_Port_v0.61/assets/terrain/cactus_2.png
5141	SOURCE_LEAN/EW4_Web_Port_v0.61/assets/terrain/cactus_3.png
4542	SOURCE_LEAN/EW4_Web_Port_v0.61/assets/terrain/cactus_4.png
5603	SOURCE_LEAN/EW4_Web_Port_v0.61/assets/terrain/cactus_5.png
6994	SOURCE_LEAN/EW4_Web_Port_v0.61/assets/terrain/cactus_6.png
1856	SOURCE_LEAN/EW4_Web_Port_v0.61/assets/terrain/cedar_1.png
3251	SOURCE_LEAN/EW4_Web_Port_v0.61/assets/terrain/cedar_2.png
5890	SOURCE_LEAN/EW4_Web_Port_v0.61/assets/terrain/cedar_3.png
7255	SOURCE_LEAN/EW4_Web_Port_v0.61/assets/terrain/cedar_4.png
7714	SOURCE_LEAN/EW4_Web_Port_v0.61/assets/terrain/cedar_5.png
8094	SOURCE_LEAN/EW4_Web_Port_v0.61/assets/terrain/cedar_6.png
1588	SOURCE_LEAN/EW4_Web_Port_v0.61/assets/terrain/cypress_1.png
2574	SOURCE_LEAN/EW4_Web_Port_v0.61/assets/terrain/cypress_2.png
4042	SOURCE_LEAN/EW4_Web_Port_v0.61/assets/terrain/cypress_3.png
4830	SOURCE_LEAN/EW4_Web_Port_v0.61/assets/terrain/cypress_4.png
4836	SOURCE_LEAN/EW4_Web_Port_v0.61/assets/terrain/cypress_5.png
6211	SOURCE_LEAN/EW4_Web_Port_v0.61/assets/terrain/cypress_6.png
5024	SOURCE_LEAN/EW4_Web_Port_v0.61/assets/terrain/desert_1.png
5140	SOURCE_LEAN/EW4_Web_Port_v0.61/assets/terrain/desert_2.png
6258	SOURCE_LEAN/EW4_Web_Port_v0.61/assets/terrain/desert_3.png
10295	SOURCE_LEAN/EW4_Web_Port_v0.61/assets/terrain/desert_4.png
11865	SOURCE_LEAN/EW4_Web_Port_v0.61/assets/terrain/desert_5.png
12805	SOURCE_LEAN/EW4_Web_Port_v0.61/assets/terrain/desert_6.png
13896	SOURCE_LEAN/EW4_Web_Port_v0.61/assets/terrain/desert_7.png
17854	SOURCE_LEAN/EW4_Web_Port_v0.61/assets/terrain/desert_8.png
24275	SOURCE_LEAN/EW4_Web_Port_v0.61/assets/terrain/desert_9.png
6088	SOURCE_LEAN/EW4_Web_Port_v0.61/assets/terrain/hill_1.png
10093	SOURCE_LEAN/EW4_Web_Port_v0.61/assets/terrain/hill_2.png
15064	SOURCE_LEAN/EW4_Web_Port_v0.61/assets/terrain/hill_3.png
14326	SOURCE_LEAN/EW4_Web_Port_v0.61/assets/terrain/hill_4.png
19924	SOURCE_LEAN/EW4_Web_Port_v0.61/assets/terrain/hill_5.png
22948	SOURCE_LEAN/EW4_Web_Port_v0.61/assets/terrain/hill_6.png
20557	SOURCE_LEAN/EW4_Web_Port_v0.61/assets/terrain/mountain_1.png
17853	SOURCE_LEAN/EW4_Web_Port_v0.61/assets/terrain/mountain_2.png
23756	SOURCE_LEAN/EW4_Web_Port_v0.61/assets/terrain/mountain_3.png
26191	SOURCE_LEAN/EW4_Web_Port_v0.61/assets/terrain/mountain_4.png
31646	SOURCE_LEAN/EW4_Web_Port_v0.61/assets/terrain/mountain_5.png
30555	SOURCE_LEAN/EW4_Web_Port_v0.61/assets/terrain/mountain_6.png
2089	SOURCE_LEAN/EW4_Web_Port_v0.61/assets/terrain/palm_1.png
3106	SOURCE_LEAN/EW4_Web_Port_v0.61/assets/terrain/palm_2.png
7685	SOURCE_LEAN/EW4_Web_Port_v0.61/assets/terrain/palm_3.png
9161	SOURCE_LEAN/EW4_Web_Port_v0.61/assets/terrain/palm_4.png
9994	SOURCE_LEAN/EW4_Web_Port_v0.61/assets/terrain/palm_5.png
11138	SOURCE_LEAN/EW4_Web_Port_v0.61/assets/terrain/palm_6.png
1522	SOURCE_LEAN/EW4_Web_Port_v0.61/assets/terrain/pine_1.png
2513	SOURCE_LEAN/EW4_Web_Port_v0.61/assets/terrain/pine_2.png
4116	SOURCE_LEAN/EW4_Web_Port_v0.61/assets/terrain/pine_3.png
7106	SOURCE_LEAN/EW4_Web_Port_v0.61/assets/terrain/pine_4.png
5762	SOURCE_LEAN/EW4_Web_Port_v0.61/assets/terrain/pine_5.png
8023	SOURCE_LEAN/EW4_Web_Port_v0.61/assets/terrain/pine_6.png
5762	SOURCE_LEAN/EW4_Web_Port_v0.61/assets/terrain/wave_1.png
9785	SOURCE_LEAN/EW4_Web_Port_v0.61/assets/terrain/wave_2.png
9092	SOURCE_LEAN/EW4_Web_Port_v0.61/assets/terrain/wave_3.png
10699	SOURCE_LEAN/EW4_Web_Port_v0.61/assets/terrain/wave_4.png
15444	SOURCE_LEAN/EW4_Web_Port_v0.61/assets/terrain/wave_5.png
16997	SOURCE_LEAN/EW4_Web_Port_v0.61/assets/terrain/wave_6.png
34154	SOURCE_LEAN/EW4_Web_Port_v0.61/assets/terrain/wave_7.png
293502	SOURCE_LEAN/EW4_Web_Port_v0.61/assets/textures/campaign_wide.png
92420	SOURCE_LEAN/EW4_Web_Port_v0.61/assets/textures/campaignend_coalitiont.png
88368	SOURCE_LEAN/EW4_Web_Port_v0.61/assets/textures/campaignend_east.png
95431	SOURCE_LEAN/EW4_Web_Port_v0.61/assets/textures/campaignend_fr.png
90648	SOURCE_LEAN/EW4_Web_Port_v0.61/assets/textures/campaignend_gb.png
83753	SOURCE_LEAN/EW4_Web_Port_v0.61/assets/textures/campaignend_holyroma.png
82275	SOURCE_LEAN/EW4_Web_Port_v0.61/assets/textures/campaignend_us.png
60359	SOURCE_LEAN/EW4_Web_Port_v0.61/assets/textures/conquest_asia.png
210962	SOURCE_LEAN/EW4_Web_Port_v0.61/assets/textures/conquest_asia@2x.png
37380	SOURCE_LEAN/EW4_Web_Port_v0.61/assets/textures/loading_title_zh_cn.png
268001	SOURCE_LEAN/EW4_Web_Port_v0.61/assets/textures/mainmenu_wide.png
40193	SOURCE_LEAN/EW4_Web_Port_v0.61/assets/textures/tex_conquest_1775.png
142327	SOURCE_LEAN/EW4_Web_Port_v0.61/assets/textures/tex_conquest_1775@2x.png
43263	SOURCE_LEAN/EW4_Web_Port_v0.61/assets/textures/tex_conquest_1793.png
156646	SOURCE_LEAN/EW4_Web_Port_v0.61/assets/textures/tex_conquest_1793@2x.png
43763	SOURCE_LEAN/EW4_Web_Port_v0.61/assets/textures/tex_conquest_1806.png
152166	SOURCE_LEAN/EW4_Web_Port_v0.61/assets/textures/tex_conquest_1806@2x.png
42099	SOURCE_LEAN/EW4_Web_Port_v0.61/assets/textures/tex_conquest_1809.png
153612	SOURCE_LEAN/EW4_Web_Port_v0.61/assets/textures/tex_conquest_1809@2x.png
38100	SOURCE_LEAN/EW4_Web_Port_v0.61/assets/textures/tex_conquest_1812.png
140433	SOURCE_LEAN/EW4_Web_Port_v0.61/assets/textures/tex_conquest_1812@2x.png
42896	SOURCE_LEAN/EW4_Web_Port_v0.61/assets/textures/tex_conquest_1815.png
155864	SOURCE_LEAN/EW4_Web_Port_v0.61/assets/textures/tex_conquest_1815@2x.png
21432	SOURCE_LEAN/EW4_Web_Port_v0.61/assets/textures/tex_victory.png
99758	SOURCE_LEAN/EW4_Web_Port_v0.61/assets/textures/title_hd.png
8849	SOURCE_LEAN/EW4_Web_Port_v0.61/assets/unit_anim_native/assets/army_armoredcar__attack_i0_all__0976b74164/manifest.json
10348	SOURCE_LEAN/EW4_Web_Port_v0.61/assets/unit_anim_native/assets/army_armoredcar__attack_i0_all__0eef6f2356/manifest.json
10252	SOURCE_LEAN/EW4_Web_Port_v0.61/assets/unit_anim_native/assets/army_armoredcar__attack_i0_all__31f966aa61/manifest.json
10255	SOURCE_LEAN/EW4_Web_Port_v0.61/assets/unit_anim_native/assets/army_armoredcar__attack_i0_all__3608ea6c4b/manifest.json
8849	SOURCE_LEAN/EW4_Web_Port_v0.61/assets/unit_anim_native/assets/army_armoredcar__attack_i0_all__401705eda7/manifest.json
10255	SOURCE_LEAN/EW4_Web_Port_v0.61/assets/unit_anim_native/assets/army_armoredcar__attack_i0_all__428705873f/manifest.json
10252	SOURCE_LEAN/EW4_Web_Port_v0.61/assets/unit_anim_native/assets/army_armoredcar__attack_i0_all__42a4c1f388/manifest.json
8849	SOURCE_LEAN/EW4_Web_Port_v0.61/assets/unit_anim_native/assets/army_armoredcar__attack_i0_all__434b52d11c/manifest.json
10252	SOURCE_LEAN/EW4_Web_Port_v0.61/assets/unit_anim_native/assets/army_armoredcar__attack_i0_all__4643893043/manifest.json
8922	SOURCE_LEAN/EW4_Web_Port_v0.61/assets/unit_anim_native/assets/army_armoredcar__attack_i0_all__4ec1a44abd/manifest.json
8849	SOURCE_LEAN/EW4_Web_Port_v0.61/assets/unit_anim_native/assets/army_armoredcar__attack_i0_all__57e7748fd7/manifest.json
8922	SOURCE_LEAN/EW4_Web_Port_v0.61/assets/unit_anim_native/assets/army_armoredcar__attack_i0_all__5cb20f8af7/manifest.json
8922	SOURCE_LEAN/EW4_Web_Port_v0.61/assets/unit_anim_native/assets/army_armoredcar__attack_i0_all__5cc58e2fb7/manifest.json
10245	SOURCE_LEAN/EW4_Web_Port_v0.61/assets/unit_anim_native/assets/army_armoredcar__attack_i0_all__6205db7995/manifest.json
10255	SOURCE_LEAN/EW4_Web_Port_v0.61/assets/unit_anim_native/assets/army_armoredcar__attack_i0_all__6ef43fc369/manifest.json
10358	SOURCE_LEAN/EW4_Web_Port_v0.61/assets/unit_anim_native/assets/army_armoredcar__attack_i0_all__78900cfc9e/manifest.json
8849	SOURCE_LEAN/EW4_Web_Port_v0.61/assets/unit_anim_native/assets/army_armoredcar__attack_i0_all__81faa052a9/manifest.json
8849	SOURCE_LEAN/EW4_Web_Port_v0.61/assets/unit_anim_native/assets/army_armoredcar__attack_i0_all__84ff3e1c36/manifest.json
8918	SOURCE_LEAN/EW4_Web_Port_v0.61/assets/unit_anim_native/assets/army_armoredcar__attack_i0_all__8574b0ec3f/manifest.json
8922	SOURCE_LEAN/EW4_Web_Port_v0.61/assets/unit_anim_native/assets/army_armoredcar__attack_i0_all__8620b72a6d/manifest.json
8849	SOURCE_LEAN/EW4_Web_Port_v0.61/assets/unit_anim_native/assets/army_armoredcar__attack_i0_all__86226330b1/manifest.json
8922	SOURCE_LEAN/EW4_Web_Port_v0.61/assets/unit_anim_native/assets/army_armoredcar__attack_i0_all__8f380c6e1c/manifest.json
8922	SOURCE_LEAN/EW4_Web_Port_v0.61/assets/unit_anim_native/assets/army_armoredcar__attack_i0_all__9996651c20/manifest.json
10355	SOURCE_LEAN/EW4_Web_Port_v0.61/assets/unit_anim_native/assets/army_armoredcar__attack_i0_all__9a298a78dc/manifest.json
10355	SOURCE_LEAN/EW4_Web_Port_v0.61/assets/unit_anim_native/assets/army_armoredcar__attack_i0_all__9c6bbc3daf/manifest.json
8845	SOURCE_LEAN/EW4_Web_Port_v0.61/assets/unit_anim_native/assets/army_armoredcar__attack_i0_all__b81e065e8f/manifest.json
10249	SOURCE_LEAN/EW4_Web_Port_v0.61/assets/unit_anim_native/assets/army_armoredcar__attack_i0_all__c8318ff4a7/manifest.json
10358	SOURCE_LEAN/EW4_Web_Port_v0.61/assets/unit_anim_native/assets/army_armoredcar__attack_i0_all__c9fc27e091/manifest.json
10355	SOURCE_LEAN/EW4_Web_Port_v0.61/assets/unit_anim_native/assets/army_armoredcar__attack_i0_all__d05835984f/manifest.json
10355	SOURCE_LEAN/EW4_Web_Port_v0.61/assets/unit_anim_native/assets/army_armoredcar__attack_i0_all__d5a1d7aadd/manifest.json
10352	SOURCE_LEAN/EW4_Web_Port_v0.61/assets/unit_anim_native/assets/army_armoredcar__attack_i0_all__d79a16f224/manifest.json
10358	SOURCE_LEAN/EW4_Web_Port_v0.61/assets/unit_anim_native/assets/army_armoredcar__attack_i0_all__ddb5a1a0a0/manifest.json
8922	SOURCE_LEAN/EW4_Web_Port_v0.61/assets/unit_anim_native/assets/army_armoredcar__attack_i0_all__e26ca407ee/manifest.json
8849	SOURCE_LEAN/EW4_Web_Port_v0.61/assets/unit_anim_native/assets/army_armoredcar__attack_i0_all__ed2ac18363/manifest.json
10252	SOURCE_LEAN/EW4_Web_Port_v0.61/assets/unit_anim_native/assets/army_armoredcar__attack_i0_all__f1981f9c15/manifest.json
8922	SOURCE_LEAN/EW4_Web_Port_v0.61/assets/unit_anim_native/assets/army_armoredcar__attack_i0_all__f8d7a1a555/manifest.json
4127	SOURCE_LEAN/EW4_Web_Port_v0.61/assets/unit_anim_native/assets/army_armoredcar__finish_i0_all__1c01c61b10/manifest.json
4127	SOURCE_LEAN/EW4_Web_Port_v0.61/assets/unit_anim_native/assets/army_armoredcar__finish_i0_all__2c51ffdda9/manifest.json
3794	SOURCE_LEAN/EW4_Web_Port_v0.61/assets/unit_anim_native/assets/army_armoredcar__finish_i0_all__3780dcfc97/manifest.json
4127	SOURCE_LEAN/EW4_Web_Port_v0.61/assets/unit_anim_native/assets/army_armoredcar__finish_i0_all__3ebe199f69/manifest.json
3794	SOURCE_LEAN/EW4_Web_Port_v0.61/assets/unit_anim_native/assets/army_armoredcar__finish_i0_all__41f6f38467/manifest.json
3790	SOURCE_LEAN/EW4_Web_Port_v0.61/assets/unit_anim_native/assets/army_armoredcar__finish_i0_all__47f41ab9b9/manifest.json
3794	SOURCE_LEAN/EW4_Web_Port_v0.61/assets/unit_anim_native/assets/army_armoredcar__finish_i0_all__56198ac6fa/manifest.json
3794	SOURCE_LEAN/EW4_Web_Port_v0.61/assets/unit_anim_native/assets/army_armoredcar__finish_i0_all__6113a34031/manifest.json
3794	SOURCE_LEAN/EW4_Web_Port_v0.61/assets/unit_anim_native/assets/army_armoredcar__finish_i0_all__674738c449/manifest.json
4123	SOURCE_LEAN/EW4_Web_Port_v0.61/assets/unit_anim_native/assets/army_armoredcar__finish_i0_all__7bd1df09ce/manifest.json
4127	SOURCE_LEAN/EW4_Web_Port_v0.61/assets/unit_anim_native/assets/army_armoredcar__finish_i0_all__7ecf6d69e2/manifest.json
4127	SOURCE_LEAN/EW4_Web_Port_v0.61/assets/unit_anim_native/assets/army_armoredcar__finish_i0_all__822b40b75b/manifest.json
4127	SOURCE_LEAN/EW4_Web_Port_v0.61/assets/unit_anim_native/assets/army_armoredcar__finish_i0_all__a03d1ad312/manifest.json
4126	SOURCE_LEAN/EW4_Web_Port_v0.61/assets/unit_anim_native/assets/army_armoredcar__finish_i0_all__aafff74f87/manifest.json
3794	SOURCE_LEAN/EW4_Web_Port_v0.61/assets/unit_anim_native/assets/army_armoredcar__finish_i0_all__b0bb6d6caf/manifest.json
3794	SOURCE_LEAN/EW4_Web_Port_v0.61/assets/unit_anim_native/assets/army_armoredcar__finish_i0_all__b12422eb16/manifest.json
4127	SOURCE_LEAN/EW4_Web_Port_v0.61/assets/unit_anim_native/assets/army_armoredcar__finish_i0_all__b9d07b32b9/manifest.json
3794	SOURCE_LEAN/EW4_Web_Port_v0.61/assets/unit_anim_native/assets/army_armoredcar__finish_i0_all__bd9f819944/manifest.json
2056	SOURCE_LEAN/EW4_Web_Port_v0.61/assets/unit_anim_native/assets/army_armoredcar__ready_i0_all__1534ddc98d/manifest.json
2999	SOURCE_LEAN/EW4_Web_Port_v0.61/assets/unit_anim_native/assets/army_armoredcar__ready_i0_all__1e19696ab7/manifest.json
2995	SOURCE_LEAN/EW4_Web_Port_v0.61/assets/unit_anim_native/assets/army_armoredcar__ready_i0_all__1fe60404d7/manifest.json
2082	SOURCE_LEAN/EW4_Web_Port_v0.61/assets/unit_anim_native/assets/army_armoredcar__ready_i0_all__2d8b2ac121/manifest.json
2999	SOURCE_LEAN/EW4_Web_Port_v0.61/assets/unit_anim_native/assets/army_armoredcar__ready_i0_all__35a51a6ef9/manifest.json
2986	SOURCE_LEAN/EW4_Web_Port_v0.61/assets/unit_anim_native/assets/army_armoredcar__ready_i0_all__3704ce1825/manifest.json
2986	SOURCE_LEAN/EW4_Web_Port_v0.61/assets/unit_anim_native/assets/army_armoredcar__ready_i0_all__388fd1d02f/manifest.json
2986	SOURCE_LEAN/EW4_Web_Port_v0.61/assets/unit_anim_native/assets/army_armoredcar__ready_i0_all__4083194e12/manifest.json
2085	SOURCE_LEAN/EW4_Web_Port_v0.61/assets/unit_anim_native/assets/army_armoredcar__ready_i0_all__54c80219ec/manifest.json
2052	SOURCE_LEAN/EW4_Web_Port_v0.61/assets/unit_anim_native/assets/army_armoredcar__ready_i0_all__59e5b37fcf/manifest.json
2059	SOURCE_LEAN/EW4_Web_Port_v0.61/assets/unit_anim_native/assets/army_armoredcar__ready_i0_all__5b1c3ce2ce/manifest.json
2999	SOURCE_LEAN/EW4_Web_Port_v0.61/assets/unit_anim_native/assets/army_armoredcar__ready_i0_all__640f6e4009/manifest.json
2082	SOURCE_LEAN/EW4_Web_Port_v0.61/assets/unit_anim_native/assets/army_armoredcar__ready_i0_all__68778f8d38/manifest.json
2085	SOURCE_LEAN/EW4_Web_Port_v0.61/assets/unit_anim_native/assets/army_armoredcar__ready_i0_all__68b024dec0/manifest.json
2986	SOURCE_LEAN/EW4_Web_Port_v0.61/assets/unit_anim_native/assets/army_armoredcar__ready_i0_all__71a2493abd/manifest.json
2986	SOURCE_LEAN/EW4_Web_Port_v0.61/assets/unit_anim_native/assets/army_armoredcar__ready_i0_all__799ffbc1a0/manifest.json
2082	SOURCE_LEAN/EW4_Web_Port_v0.61/assets/unit_anim_native/assets/army_armoredcar__ready_i0_all__7d2897f336/manifest.json
2062	SOURCE_LEAN/EW4_Web_Port_v0.61/assets/unit_anim_native/assets/army_armoredcar__ready_i0_all__7e512a30f3/manifest.json
2059	SOURCE_LEAN/EW4_Web_Port_v0.61/assets/unit_anim_native/assets/army_armoredcar__ready_i0_all__82c6f6b8b4/manifest.json
2991	SOURCE_LEAN/EW4_Web_Port_v0.61/assets/unit_anim_native/assets/army_armoredcar__ready_i0_all__853d8e55aa/manifest.json
2999	SOURCE_LEAN/EW4_Web_Port_v0.61/assets/unit_anim_native/assets/army_armoredcar__ready_i0_all__89512d6951/manifest.json
2085	SOURCE_LEAN/EW4_Web_Port_v0.61/assets/unit_anim_native/assets/army_armoredcar__ready_i0_all__8b3c11d8dd/manifest.json
2999	SOURCE_LEAN/EW4_Web_Port_v0.61/assets/unit_anim_native/assets/army_armoredcar__ready_i0_all__8e7b54af83/manifest.json
2999	SOURCE_LEAN/EW4_Web_Port_v0.61/assets/unit_anim_native/assets/army_armoredcar__ready_i0_all__96f2417de0/manifest.json
2986	SOURCE_LEAN/EW4_Web_Port_v0.61/assets/unit_anim_native/assets/army_armoredcar__ready_i0_all__ad33326215/manifest.json
2986	SOURCE_LEAN/EW4_Web_Port_v0.61/assets/unit_anim_native/assets/army_armoredcar__ready_i0_all__ad8d7be4ef/manifest.json
2059	SOURCE_LEAN/EW4_Web_Port_v0.61/assets/unit_anim_native/assets/army_armoredcar__ready_i0_all__c55c77fd18/manifest.json
2062	SOURCE_LEAN/EW4_Web_Port_v0.61/assets/unit_anim_native/assets/army_armoredcar__ready_i0_all__c80405c641/manifest.json
2075	SOURCE_LEAN/EW4_Web_Port_v0.61/assets/unit_anim_native/assets/army_armoredcar__ready_i0_all__ca062f6d55/manifest.json
2082	SOURCE_LEAN/EW4_Web_Port_v0.61/assets/unit_anim_native/assets/army_armoredcar__ready_i0_all__cd9c08de80/manifest.json
2995	SOURCE_LEAN/EW4_Web_Port_v0.61/assets/unit_anim_native/assets/army_armoredcar__ready_i0_all__d8d2260cb0/manifest.json
2999	SOURCE_LEAN/EW4_Web_Port_v0.61/assets/unit_anim_native/assets/army_armoredcar__ready_i0_all__e0845c3a57/manifest.json
2059	SOURCE_LEAN/EW4_Web_Port_v0.61/assets/unit_anim_native/assets/army_armoredcar__ready_i0_all__e28e06e1df/manifest.json
2079	SOURCE_LEAN/EW4_Web_Port_v0.61/assets/unit_anim_native/assets/army_armoredcar__ready_i0_all__ebdfbd9f4f/manifest.json
2062	SOURCE_LEAN/EW4_Web_Port_v0.61/assets/unit_anim_native/assets/army_armoredcar__ready_i0_all__f64911bbf1/manifest.json
2982	SOURCE_LEAN/EW4_Web_Port_v0.61/assets/unit_anim_native/assets/army_armoredcar__ready_i0_all__f833440b71/manifest.json
8109	SOURCE_LEAN/EW4_Web_Port_v0.61/assets/unit_anim_native/assets/army_artillery__attack_i0_all__0134b0adf8/manifest.json
8087	SOURCE_LEAN/EW4_Web_Port_v0.61/assets/unit_anim_native/assets/army_artillery__attack_i0_all__03a976b202/manifest.json
8072	SOURCE_LEAN/EW4_Web_Port_v0.61/assets/unit_anim_native/assets/army_artillery__attack_i0_all__128e9eefb9/manifest.json
8075	SOURCE_LEAN/EW4_Web_Port_v0.61/assets/unit_anim_native/assets/army_artillery__attack_i0_all__13abf3841f/manifest.json
8012	SOURCE_LEAN/EW4_Web_Port_v0.61/assets/unit_anim_native/assets/army_artillery__attack_i0_all__15fe222e74/manifest.json
8076	SOURCE_LEAN/EW4_Web_Port_v0.61/assets/unit_anim_native/assets/army_artillery__attack_i0_all__2655e7dee6/manifest.json
8072	SOURCE_LEAN/EW4_Web_Port_v0.61/assets/unit_anim_native/assets/army_artillery__attack_i0_all__2b892e21f0/manifest.json
8071	SOURCE_LEAN/EW4_Web_Port_v0.61/assets/unit_anim_native/assets/army_artillery__attack_i0_all__3434411a57/manifest.json
8076	SOURCE_LEAN/EW4_Web_Port_v0.61/assets/unit_anim_native/assets/army_artillery__attack_i0_all__3ac0736800/manifest.json
8008	SOURCE_LEAN/EW4_Web_Port_v0.61/assets/unit_anim_native/assets/army_artillery__attack_i0_all__4ed1e02d3e/manifest.json
8076	SOURCE_LEAN/EW4_Web_Port_v0.61/assets/unit_anim_native/assets/army_artillery__attack_i0_all__5065c8d0f0/manifest.json
8012	SOURCE_LEAN/EW4_Web_Port_v0.61/assets/unit_anim_native/assets/army_artillery__attack_i0_all__52484a9df3/manifest.json
8075	SOURCE_LEAN/EW4_Web_Port_v0.61/assets/unit_anim_native/assets/army_artillery__attack_i0_all__5320c5da68/manifest.json
8092	SOURCE_LEAN/EW4_Web_Port_v0.61/assets/unit_anim_native/assets/army_artillery__attack_i0_all__5bf41ed5d3/manifest.json
8075	SOURCE_LEAN/EW4_Web_Port_v0.61/assets/unit_anim_native/assets/army_artillery__attack_i0_all__5c5d0f4463/manifest.json
8105	SOURCE_LEAN/EW4_Web_Port_v0.61/assets/unit_anim_native/assets/army_artillery__attack_i0_all__60b42049f8/manifest.json
8083	SOURCE_LEAN/EW4_Web_Port_v0.61/assets/unit_anim_native/assets/army_artillery__attack_i0_all__679bcbf7ae/manifest.json
8068	SOURCE_LEAN/EW4_Web_Port_v0.61/assets/unit_anim_native/assets/army_artillery__attack_i0_all__6c810cf7cb/manifest.json
8087	SOURCE_LEAN/EW4_Web_Port_v0.61/assets/unit_anim_native/assets/army_artillery__attack_i0_all__6ffa6fcbb0/manifest.json
8087	SOURCE_LEAN/EW4_Web_Port_v0.61/assets/unit_anim_native/assets/army_artillery__attack_i0_all__785ac17538/manifest.json
8109	SOURCE_LEAN/EW4_Web_Port_v0.61/assets/unit_anim_native/assets/army_artillery__attack_i0_all__792c27cbb0/manifest.json
8091	SOURCE_LEAN/EW4_Web_Port_v0.61/assets/unit_anim_native/assets/army_artillery__attack_i0_all__867ff54136/manifest.json
8092	SOURCE_LEAN/EW4_Web_Port_v0.61/assets/unit_anim_native/assets/army_artillery__attack_i0_all__97eb9ce774/manifest.json
8075	SOURCE_LEAN/EW4_Web_Port_v0.61/assets/unit_anim_native/assets/army_artillery__attack_i0_all__a2c1d4c661/manifest.json
8072	SOURCE_LEAN/EW4_Web_Port_v0.61/assets/unit_anim_native/assets/army_artillery__attack_i0_all__a3ab440da6/manifest.json
8012	SOURCE_LEAN/EW4_Web_Port_v0.61/assets/unit_anim_native/assets/army_artillery__attack_i0_all__a5a9a097d9/manifest.json
8076	SOURCE_LEAN/EW4_Web_Port_v0.61/assets/unit_anim_native/assets/army_artillery__attack_i0_all__ac605849f7/manifest.json
8079	SOURCE_LEAN/EW4_Web_Port_v0.61/assets/unit_anim_native/assets/army_artillery__attack_i0_all__af59b57934/manifest.json
8068	SOURCE_LEAN/EW4_Web_Port_v0.61/assets/unit_anim_native/assets/army_artillery__attack_i0_all__b1b7782001/manifest.json
8072	SOURCE_LEAN/EW4_Web_Port_v0.61/assets/unit_anim_native/assets/army_artillery__attack_i0_all__b6d5425128/manifest.json
8092	SOURCE_LEAN/EW4_Web_Port_v0.61/assets/unit_anim_native/assets/army_artillery__attack_i0_all__b92ed1887d/manifest.json
8109	SOURCE_LEAN/EW4_Web_Port_v0.61/assets/unit_anim_native/assets/army_artillery__attack_i0_all__bd31a27240/manifest.json
8087	SOURCE_LEAN/EW4_Web_Port_v0.61/assets/unit_anim_native/assets/army_artillery__attack_i0_all__ccfffc98e2/manifest.json
8083	SOURCE_LEAN/EW4_Web_Port_v0.61/assets/unit_anim_native/assets/army_artillery__attack_i0_all__d84f0229d7/manifest.json
8012	SOURCE_LEAN/EW4_Web_Port_v0.61/assets/unit_anim_native/assets/army_artillery__attack_i0_all__e3e3e65544/manifest.json
8109	SOURCE_LEAN/EW4_Web_Port_v0.61/assets/unit_anim_native/assets/army_artillery__attack_i0_all__e80f5a1915/manifest.json
8083	SOURCE_LEAN/EW4_Web_Port_v0.61/assets/unit_anim_native/assets/army_artillery__attack_i0_all__e9f07e3921/manifest.json
8087	SOURCE_LEAN/EW4_Web_Port_v0.61/assets/unit_anim_native/assets/army_artillery__attack_i0_all__ea2fc124fc/manifest.json
8072	SOURCE_LEAN/EW4_Web_Port_v0.61/assets/unit_anim_native/assets/army_artillery__attack_i0_all__ec002e99fa/manifest.json
8083	SOURCE_LEAN/EW4_Web_Port_v0.61/assets/unit_anim_native/assets/army_artillery__attack_i0_all__ee3b1cba38/manifest.json
5188	SOURCE_LEAN/EW4_Web_Port_v0.61/assets/unit_anim_native/assets/army_artillery__finish_i0_all__0145350fa7/manifest.json
5188	SOURCE_LEAN/EW4_Web_Port_v0.61/assets/unit_anim_native/assets/army_artillery__finish_i0_all__04725d14f1/manifest.json
5156	SOURCE_LEAN/EW4_Web_Port_v0.61/assets/unit_anim_native/assets/army_artillery__finish_i0_all__04e56bece9/manifest.json
7433	SOURCE_LEAN/EW4_Web_Port_v0.61/assets/unit_anim_native/assets/army_artillery__finish_i0_all__064eefec69/manifest.json
7434	SOURCE_LEAN/EW4_Web_Port_v0.61/assets/unit_anim_native/assets/army_artillery__finish_i0_all__0d25bce44f/manifest.json
5184	SOURCE_LEAN/EW4_Web_Port_v0.61/assets/unit_anim_native/assets/army_artillery__finish_i0_all__0d33ab0922/manifest.json
5158	SOURCE_LEAN/EW4_Web_Port_v0.61/assets/unit_anim_native/assets/army_artillery__finish_i0_all__1975b4650b/manifest.json
7528	SOURCE_LEAN/EW4_Web_Port_v0.61/assets/unit_anim_native/assets/army_artillery__finish_i0_all__1ca9a00459/manifest.json
7434	SOURCE_LEAN/EW4_Web_Port_v0.61/assets/unit_anim_native/assets/army_artillery__finish_i0_all__1d271c521f/manifest.json
7529	SOURCE_LEAN/EW4_Web_Port_v0.61/assets/unit_anim_native/assets/army_artillery__finish_i0_all__238c379e5e/manifest.json
5154	SOURCE_LEAN/EW4_Web_Port_v0.61/assets/unit_anim_native/assets/army_artillery__finish_i0_all__2850875748/manifest.json
5157	SOURCE_LEAN/EW4_Web_Port_v0.61/assets/unit_anim_native/assets/army_artillery__finish_i0_all__2a9209e2d7/manifest.json
5202	SOURCE_LEAN/EW4_Web_Port_v0.61/assets/unit_anim_native/assets/army_artillery__finish_i0_all__401df769a9/manifest.json
5188	SOURCE_LEAN/EW4_Web_Port_v0.61/assets/unit_anim_native/assets/army_artillery__finish_i0_all__40bd9dc5e0/manifest.json
5161	SOURCE_LEAN/EW4_Web_Port_v0.61/assets/unit_anim_native/assets/army_artillery__finish_i0_all__4b95426415/manifest.json
5202	SOURCE_LEAN/EW4_Web_Port_v0.61/assets/unit_anim_native/assets/army_artillery__finish_i0_all__697148d3a7/manifest.json
5198	SOURCE_LEAN/EW4_Web_Port_v0.61/assets/unit_anim_native/assets/army_artillery__finish_i0_all__6d159dee9e/manifest.json
5202	SOURCE_LEAN/EW4_Web_Port_v0.61/assets/unit_anim_native/assets/army_artillery__finish_i0_all__74cf812ac0/manifest.json
5202	SOURCE_LEAN/EW4_Web_Port_v0.61/assets/unit_anim_native/assets/army_artillery__finish_i0_all__86b7c82c12/manifest.json
5157	SOURCE_LEAN/EW4_Web_Port_v0.61/assets/unit_anim_native/assets/army_artillery__finish_i0_all__89a161d047/manifest.json
5152	SOURCE_LEAN/EW4_Web_Port_v0.61/assets/unit_anim_native/assets/army_artillery__finish_i0_all__89edfb23b2/manifest.json
5158	SOURCE_LEAN/EW4_Web_Port_v0.61/assets/unit_anim_native/assets/army_artillery__finish_i0_all__9c469891b6/manifest.json
7429	SOURCE_LEAN/EW4_Web_Port_v0.61/assets/unit_anim_native/assets/army_artillery__finish_i0_all__9d6019f5ff/manifest.json
5188	SOURCE_LEAN/EW4_Web_Port_v0.61/assets/unit_anim_native/assets/army_artillery__finish_i0_all__a385e1882b/manifest.json
7527	SOURCE_LEAN/EW4_Web_Port_v0.61/assets/unit_anim_native/assets/army_artillery__finish_i0_all__bc14fb0288/manifest.json
5158	SOURCE_LEAN/EW4_Web_Port_v0.61/assets/unit_anim_native/assets/army_artillery__finish_i0_all__be209c13ef/manifest.json
5157	SOURCE_LEAN/EW4_Web_Port_v0.61/assets/unit_anim_native/assets/army_artillery__finish_i0_all__cd55a2fbba/manifest.json
7523	SOURCE_LEAN/EW4_Web_Port_v0.61/assets/unit_anim_native/assets/army_artillery__finish_i0_all__e3aa38a0e2/manifest.json
7433	SOURCE_LEAN/EW4_Web_Port_v0.61/assets/unit_anim_native/assets/army_artillery__finish_i0_all__ea0a4e90d6/manifest.json
7528	SOURCE_LEAN/EW4_Web_Port_v0.61/assets/unit_anim_native/assets/army_artillery__finish_i0_all__f0d43d839f/manifest.json
1866	SOURCE_LEAN/EW4_Web_Port_v0.61/assets/unit_anim_native/assets/army_artillery__ready_i0_all__00996416fb/manifest.json
1867	SOURCE_LEAN/EW4_Web_Port_v0.61/assets/unit_anim_native/assets/army_artillery__ready_i0_all__00ebe9f88e/manifest.json
1851	SOURCE_LEAN/EW4_Web_Port_v0.61/assets/unit_anim_native/assets/army_artillery__ready_i0_all__0416b7a9aa/manifest.json
1867	SOURCE_LEAN/EW4_Web_Port_v0.61/assets/unit_anim_native/assets/army_artillery__ready_i0_all__0a8b4b39e6/manifest.json
1713	SOURCE_LEAN/EW4_Web_Port_v0.61/assets/unit_anim_native/assets/army_artillery__ready_i0_all__1f979a26f3/manifest.json
1709	SOURCE_LEAN/EW4_Web_Port_v0.61/assets/unit_anim_native/assets/army_artillery__ready_i0_all__27e5a549ed/manifest.json
1863	SOURCE_LEAN/EW4_Web_Port_v0.61/assets/unit_anim_native/assets/army_artillery__ready_i0_all__2ab6778c04/manifest.json
1855	SOURCE_LEAN/EW4_Web_Port_v0.61/assets/unit_anim_native/assets/army_artillery__ready_i0_all__2ae5efb233/manifest.json
1855	SOURCE_LEAN/EW4_Web_Port_v0.61/assets/unit_anim_native/assets/army_artillery__ready_i0_all__2d4496e603/manifest.json
1866	SOURCE_LEAN/EW4_Web_Port_v0.61/assets/unit_anim_native/assets/army_artillery__ready_i0_all__35f02becaf/manifest.json
1858	SOURCE_LEAN/EW4_Web_Port_v0.61/assets/unit_anim_native/assets/army_artillery__ready_i0_all__36aec9cd60/manifest.json
1861	SOURCE_LEAN/EW4_Web_Port_v0.61/assets/unit_anim_native/assets/army_artillery__ready_i0_all__3e010422be/manifest.json
1855	SOURCE_LEAN/EW4_Web_Port_v0.61/assets/unit_anim_native/assets/army_artillery__ready_i0_all__40b33d430a/manifest.json
1854	SOURCE_LEAN/EW4_Web_Port_v0.61/assets/unit_anim_native/assets/army_artillery__ready_i0_all__44167445b1/manifest.json
1843	SOURCE_LEAN/EW4_Web_Port_v0.61/assets/unit_anim_native/assets/army_artillery__ready_i0_all__45b8cb162f/manifest.json
1865	SOURCE_LEAN/EW4_Web_Port_v0.61/assets/unit_anim_native/assets/army_artillery__ready_i0_all__49920bd8a0/manifest.json
1858	SOURCE_LEAN/EW4_Web_Port_v0.61/assets/unit_anim_native/assets/army_artillery__ready_i0_all__49f3dfa8de/manifest.json
1864	SOURCE_LEAN/EW4_Web_Port_v0.61/assets/unit_anim_native/assets/army_artillery__ready_i0_all__5225d9222f/manifest.json
1847	SOURCE_LEAN/EW4_Web_Port_v0.61/assets/unit_anim_native/assets/army_artillery__ready_i0_all__535aaf379f/manifest.json
1860	SOURCE_LEAN/EW4_Web_Port_v0.61/assets/unit_anim_native/assets/army_artillery__ready_i0_all__6bd59889c4/manifest.json
1713	SOURCE_LEAN/EW4_Web_Port_v0.61/assets/unit_anim_native/assets/army_artillery__ready_i0_all__7e76f997eb/manifest.json
1855	SOURCE_LEAN/EW4_Web_Port_v0.61/assets/unit_anim_native/assets/army_artillery__ready_i0_all__88d62e1b4b/manifest.json
1858	SOURCE_LEAN/EW4_Web_Port_v0.61/assets/unit_anim_native/assets/army_artillery__ready_i0_all__8b861cc674/manifest.json
1713	SOURCE_LEAN/EW4_Web_Port_v0.61/assets/unit_anim_native/assets/army_artillery__ready_i0_all__9db6047278/manifest.json
1713	SOURCE_LEAN/EW4_Web_Port_v0.61/assets/unit_anim_native/assets/army_artillery__ready_i0_all__a02366c998/manifest.json
1713	SOURCE_LEAN/EW4_Web_Port_v0.61/assets/unit_anim_native/assets/army_artillery__ready_i0_all__a6fdecb1da/manifest.json
1709	SOURCE_LEAN/EW4_Web_Port_v0.61/assets/unit_anim_native/assets/army_artillery__ready_i0_all__a73cf10005/manifest.json
1847	SOURCE_LEAN/EW4_Web_Port_v0.61/assets/unit_anim_native/assets/army_artillery__ready_i0_all__a84fd6702e/manifest.json
1864	SOURCE_LEAN/EW4_Web_Port_v0.61/assets/unit_anim_native/assets/army_artillery__ready_i0_all__ac33d3b852/manifest.json
1713	SOURCE_LEAN/EW4_Web_Port_v0.61/assets/unit_anim_native/assets/army_artillery__ready_i0_all__b73a9500e0/manifest.json
1713	SOURCE_LEAN/EW4_Web_Port_v0.61/assets/unit_anim_native/assets/army_artillery__ready_i0_all__be959175a2/manifest.json
1864	SOURCE_LEAN/EW4_Web_Port_v0.61/assets/unit_anim_native/assets/army_artillery__ready_i0_all__c180caf1e1/manifest.json
1847	SOURCE_LEAN/EW4_Web_Port_v0.61/assets/unit_anim_native/assets/army_artillery__ready_i0_all__d8057fbf0e/manifest.json
1713	SOURCE_LEAN/EW4_Web_Port_v0.61/assets/unit_anim_native/assets/army_artillery__ready_i0_all__d8ac609c73/manifest.json
1847	SOURCE_LEAN/EW4_Web_Port_v0.61/assets/unit_anim_native/assets/army_artillery__ready_i0_all__e181ae362a/manifest.json
1867	SOURCE_LEAN/EW4_Web_Port_v0.61/assets/unit_anim_native/assets/army_artillery__ready_i0_all__e9122e865e/manifest.json
1867	SOURCE_LEAN/EW4_Web_Port_v0.61/assets/unit_anim_native/assets/army_artillery__ready_i0_all__edcd652246/manifest.json
1864	SOURCE_LEAN/EW4_Web_Port_v0.61/assets/unit_anim_native/assets/army_artillery__ready_i0_all__f298cc8273/manifest.json
1858	SOURCE_LEAN/EW4_Web_Port_v0.61/assets/unit_anim_native/assets/army_artillery__ready_i0_all__f45d8160a6/manifest.json
1866	SOURCE_LEAN/EW4_Web_Port_v0.61/assets/unit_anim_native/assets/army_artillery__ready_i0_all__fd7081f900/manifest.json
7553	SOURCE_LEAN/EW4_Web_Port_v0.61/assets/unit_anim_native/assets/army_artillery__reload_i0_all__076afceba3/manifest.json
5717	SOURCE_LEAN/EW4_Web_Port_v0.61/assets/unit_anim_native/assets/army_artillery__reload_i0_all__09b9924b08/manifest.json
8518	SOURCE_LEAN/EW4_Web_Port_v0.61/assets/unit_anim_native/assets/army_artillery__reload_i0_all__2669924930/manifest.json
7525	SOURCE_LEAN/EW4_Web_Port_v0.61/assets/unit_anim_native/assets/army_artillery__reload_i0_all__26a5bf1c1b/manifest.json
5717	SOURCE_LEAN/EW4_Web_Port_v0.61/assets/unit_anim_native/assets/army_artillery__reload_i0_all__36bfe97092/manifest.json
7525	SOURCE_LEAN/EW4_Web_Port_v0.61/assets/unit_anim_native/assets/army_artillery__reload_i0_all__3e097c0c79/manifest.json
8514	SOURCE_LEAN/EW4_Web_Port_v0.61/assets/unit_anim_native/assets/army_artillery__reload_i0_all__48c035ea0e/manifest.json
7536	SOURCE_LEAN/EW4_Web_Port_v0.61/assets/unit_anim_native/assets/army_artillery__reload_i0_all__64271bacd1/manifest.json
7536	SOURCE_LEAN/EW4_Web_Port_v0.61/assets/unit_anim_native/assets/army_artillery__reload_i0_all__6653bfc3ee/manifest.json
7521	SOURCE_LEAN/EW4_Web_Port_v0.61/assets/unit_anim_native/assets/army_artillery__reload_i0_all__69d7765227/manifest.json
7553	SOURCE_LEAN/EW4_Web_Port_v0.61/assets/unit_anim_native/assets/army_artillery__reload_i0_all__7ed724ef72/manifest.json
7542	SOURCE_LEAN/EW4_Web_Port_v0.61/assets/unit_anim_native/assets/army_artillery__reload_i0_all__8599a79a83/manifest.json
8518	SOURCE_LEAN/EW4_Web_Port_v0.61/assets/unit_anim_native/assets/army_artillery__reload_i0_all__87ffee0f70/manifest.json
5713	SOURCE_LEAN/EW4_Web_Port_v0.61/assets/unit_anim_native/assets/army_artillery__reload_i0_all__8c6f85732c/manifest.json
7525	SOURCE_LEAN/EW4_Web_Port_v0.61/assets/unit_anim_native/assets/army_artillery__reload_i0_all__90bd9391bf/manifest.json
7553	SOURCE_LEAN/EW4_Web_Port_v0.61/assets/unit_anim_native/assets/army_artillery__reload_i0_all__93a5f7c5cb/manifest.json
7542	SOURCE_LEAN/EW4_Web_Port_v0.61/assets/unit_anim_native/assets/army_artillery__reload_i0_all__accfb7aadc/manifest.json
8518	SOURCE_LEAN/EW4_Web_Port_v0.61/assets/unit_anim_native/assets/army_artillery__reload_i0_all__ae8df640b2/manifest.json
7542	SOURCE_LEAN/EW4_Web_Port_v0.61/assets/unit_anim_native/assets/army_artillery__reload_i0_all__b4b6c4150b/manifest.json
7552	SOURCE_LEAN/EW4_Web_Port_v0.61/assets/unit_anim_native/assets/army_artillery__reload_i0_all__bb6b505851/manifest.json
7536	SOURCE_LEAN/EW4_Web_Port_v0.61/assets/unit_anim_native/assets/army_artillery__reload_i0_all__bcd4eba51c/manifest.json
5717	SOURCE_LEAN/EW4_Web_Port_v0.61/assets/unit_anim_native/assets/army_artillery__reload_i0_all__c18d4e749b/manifest.json
7525	SOURCE_LEAN/EW4_Web_Port_v0.61/assets/unit_anim_native/assets/army_artillery__reload_i0_all__c2f02a2baa/manifest.json
7538	SOURCE_LEAN/EW4_Web_Port_v0.61/assets/unit_anim_native/assets/army_artillery__reload_i0_all__ca89e841eb/manifest.json
7548	SOURCE_LEAN/EW4_Web_Port_v0.61/assets/unit_anim_native/assets/army_artillery__reload_i0_all__d8f5746a5b/manifest.json
7542	SOURCE_LEAN/EW4_Web_Port_v0.61/assets/unit_anim_native/assets/army_artillery__reload_i0_all__e2d52d8421/manifest.json
7532	SOURCE_LEAN/EW4_Web_Port_v0.61/assets/unit_anim_native/assets/army_artillery__reload_i0_all__f6c7b44ff9/manifest.json
8518	SOURCE_LEAN/EW4_Web_Port_v0.61/assets/unit_anim_native/assets/army_artillery__reload_i0_all__fa4886104b/manifest.json
5717	SOURCE_LEAN/EW4_Web_Port_v0.61/assets/unit_anim_native/assets/army_artillery__reload_i0_all__fb2d554132/manifest.json
7536	SOURCE_LEAN/EW4_Web_Port_v0.61/assets/unit_anim_native/assets/army_artillery__reload_i0_all__fcb1ce3e25/manifest.json
4684	SOURCE_LEAN/EW4_Web_Port_v0.61/assets/unit_anim_native/assets/army_grenadier__attack_i0_all__06026ae9cb/manifest.json
4684	SOURCE_LEAN/EW4_Web_Port_v0.61/assets/unit_anim_native/assets/army_grenadier__attack_i0_all__15eefaba83/manifest.json
4213	SOURCE_LEAN/EW4_Web_Port_v0.61/assets/unit_anim_native/assets/army_grenadier__attack_i0_all__2c74a0b510/manifest.json
4550	SOURCE_LEAN/EW4_Web_Port_v0.61/assets/unit_anim_native/assets/army_grenadier__attack_i0_all__3821ef5520/manifest.json
4210	SOURCE_LEAN/EW4_Web_Port_v0.61/assets/unit_anim_native/assets/army_grenadier__attack_i0_all__3d24384eea/manifest.json
4687	SOURCE_LEAN/EW4_Web_Port_v0.61/assets/unit_anim_native/assets/army_grenadier__attack_i0_all__47a471a70e/manifest.json
4213	SOURCE_LEAN/EW4_Web_Port_v0.61/assets/unit_anim_native/assets/army_grenadier__attack_i0_all__563e25757b/manifest.json
4210	SOURCE_LEAN/EW4_Web_Port_v0.61/assets/unit_anim_native/assets/army_grenadier__attack_i0_all__598c538bb0/manifest.json
4549	SOURCE_LEAN/EW4_Web_Port_v0.61/assets/unit_anim_native/assets/army_grenadier__attack_i0_all__5ea0a1ee69/manifest.json
4213	SOURCE_LEAN/EW4_Web_Port_v0.61/assets/unit_anim_native/assets/army_grenadier__attack_i0_all__6590a5cab0/manifest.json
4543	SOURCE_LEAN/EW4_Web_Port_v0.61/assets/unit_anim_native/assets/army_grenadier__attack_i0_all__6e577b9d64/manifest.json
4210	SOURCE_LEAN/EW4_Web_Port_v0.61/assets/unit_anim_native/assets/army_grenadier__attack_i0_all__6f80e2397c/manifest.json
4684	SOURCE_LEAN/EW4_Web_Port_v0.61/assets/unit_anim_native/assets/army_grenadier__attack_i0_all__72036677c6/manifest.json
4547	SOURCE_LEAN/EW4_Web_Port_v0.61/assets/unit_anim_native/assets/army_grenadier__attack_i0_all__74670a3ec2/manifest.json
4684	SOURCE_LEAN/EW4_Web_Port_v0.61/assets/unit_anim_native/assets/army_grenadier__attack_i0_all__8ea2e528e6/manifest.json
4550	SOURCE_LEAN/EW4_Web_Port_v0.61/assets/unit_anim_native/assets/army_grenadier__attack_i0_all__8fa639491b/manifest.json
4547	SOURCE_LEAN/EW4_Web_Port_v0.61/assets/unit_anim_native/assets/army_grenadier__attack_i0_all__99d11b9a32/manifest.json
4547	SOURCE_LEAN/EW4_Web_Port_v0.61/assets/unit_anim_native/assets/army_grenadier__attack_i0_all__9ec66890c3/manifest.json
4213	SOURCE_LEAN/EW4_Web_Port_v0.61/assets/unit_anim_native/assets/army_grenadier__attack_i0_all__a61a8f33ae/manifest.json
4206	SOURCE_LEAN/EW4_Web_Port_v0.61/assets/unit_anim_native/assets/army_grenadier__attack_i0_all__abfc643d49/manifest.json
4687	SOURCE_LEAN/EW4_Web_Port_v0.61/assets/unit_anim_native/assets/army_grenadier__attack_i0_all__b1b1ca1d61/manifest.json
4687	SOURCE_LEAN/EW4_Web_Port_v0.61/assets/unit_anim_native/assets/army_grenadier__attack_i0_all__b933c57d78/manifest.json
4686	SOURCE_LEAN/EW4_Web_Port_v0.61/assets/unit_anim_native/assets/army_grenadier__attack_i0_all__b9997e958d/manifest.json
4210	SOURCE_LEAN/EW4_Web_Port_v0.61/assets/unit_anim_native/assets/army_grenadier__attack_i0_all__eb852d950d/manifest.json
4547	SOURCE_LEAN/EW4_Web_Port_v0.61/assets/unit_anim_native/assets/army_grenadier__attack_i0_all__f6aa96011d/manifest.json
4550	SOURCE_LEAN/EW4_Web_Port_v0.61/assets/unit_anim_native/assets/army_grenadier__attack_i0_all__f9f637213d/manifest.json
4680	SOURCE_LEAN/EW4_Web_Port_v0.61/assets/unit_anim_native/assets/army_grenadier__attack_i0_all__fec6db76af/manifest.json
5453	SOURCE_LEAN/EW4_Web_Port_v0.61/assets/unit_anim_native/assets/army_grenadier__attack_i1_all__00369ef13f/manifest.json
5453	SOURCE_LEAN/EW4_Web_Port_v0.61/assets/unit_anim_native/assets/army_grenadier__attack_i1_all__01ee7f9835/manifest.json
5481	SOURCE_LEAN/EW4_Web_Port_v0.61/assets/unit_anim_native/assets/army_grenadier__attack_i1_all__0eaa095def/manifest.json
5494	SOURCE_LEAN/EW4_Web_Port_v0.61/assets/unit_anim_native/assets/army_grenadier__attack_i1_all__127af37673/manifest.json
5493	SOURCE_LEAN/EW4_Web_Port_v0.61/assets/unit_anim_native/assets/army_grenadier__attack_i1_all__12b93f13cd/manifest.json
5458	SOURCE_LEAN/EW4_Web_Port_v0.61/assets/unit_anim_native/assets/army_grenadier__attack_i1_all__1438cf50bf/manifest.json
5492	SOURCE_LEAN/EW4_Web_Port_v0.61/assets/unit_anim_native/assets/army_grenadier__attack_i1_all__14c4eb6f47/manifest.json
5472	SOURCE_LEAN/EW4_Web_Port_v0.61/assets/unit_anim_native/assets/army_grenadier__attack_i1_all__1e6974950d/manifest.json
5495	SOURCE_LEAN/EW4_Web_Port_v0.61/assets/unit_anim_native/assets/army_grenadier__attack_i1_all__2da4511ac3/manifest.json
5493	SOURCE_LEAN/EW4_Web_Port_v0.61/assets/unit_anim_native/assets/army_grenadier__attack_i1_all__43199e4615/manifest.json
5480	SOURCE_LEAN/EW4_Web_Port_v0.61/assets/unit_anim_native/assets/army_grenadier__attack_i1_all__5a22fa5d74/manifest.json
5445	SOURCE_LEAN/EW4_Web_Port_v0.61/assets/unit_anim_native/assets/army_grenadier__attack_i1_all__77583b3dc2/manifest.json
5452	SOURCE_LEAN/EW4_Web_Port_v0.61/assets/unit_anim_native/assets/army_grenadier__attack_i1_all__7ddf764907/manifest.json
5484	SOURCE_LEAN/EW4_Web_Port_v0.61/assets/unit_anim_native/assets/army_grenadier__attack_i1_all__83e46b28bb/manifest.json
5481	SOURCE_LEAN/EW4_Web_Port_v0.61/assets/unit_anim_native/assets/army_grenadier__attack_i1_all__8841ff3dca/manifest.json
5469	SOURCE_LEAN/EW4_Web_Port_v0.61/assets/unit_anim_native/assets/army_grenadier__attack_i1_all__8982f66b5c/manifest.json
5486	SOURCE_LEAN/EW4_Web_Port_v0.61/assets/unit_anim_native/assets/army_grenadier__attack_i1_all__9193095f7e/manifest.json
5476	SOURCE_LEAN/EW4_Web_Port_v0.61/assets/unit_anim_native/assets/army_grenadier__attack_i1_all__925849dea1/manifest.json
5451	SOURCE_LEAN/EW4_Web_Port_v0.61/assets/unit_anim_native/assets/army_grenadier__attack_i1_all__aa8d5a8ec1/manifest.json
5481	SOURCE_LEAN/EW4_Web_Port_v0.61/assets/unit_anim_native/assets/army_grenadier__attack_i1_all__b13f74d84d/manifest.json
5453	SOURCE_LEAN/EW4_Web_Port_v0.61/assets/unit_anim_native/assets/army_grenadier__attack_i1_all__be30bd2f82/manifest.json
5452	SOURCE_LEAN/EW4_Web_Port_v0.61/assets/unit_anim_native/assets/army_grenadier__attack_i1_all__c5fd759bc8/manifest.json
5496	SOURCE_LEAN/EW4_Web_Port_v0.61/assets/unit_anim_native/assets/army_grenadier__attack_i1_all__c8d8fd3bc4/manifest.json
5473	SOURCE_LEAN/EW4_Web_Port_v0.61/assets/unit_anim_native/assets/army_grenadier__attack_i1_all__cd7dfc09e6/manifest.json
5479	SOURCE_LEAN/EW4_Web_Port_v0.61/assets/unit_anim_native/assets/army_grenadier__attack_i1_all__d38917f769/manifest.json
5480	SOURCE_LEAN/EW4_Web_Port_v0.61/assets/unit_anim_native/assets/army_grenadier__attack_i1_all__d7914c0cc4/manifest.json
5493	SOURCE_LEAN/EW4_Web_Port_v0.61/assets/unit_anim_native/assets/army_grenadier__attack_i1_all__e5ddd2ca2e/manifest.json
3793	SOURCE_LEAN/EW4_Web_Port_v0.61/assets/unit_anim_native/assets/army_grenadier__finish_i0_all__01439da6bb/manifest.json
3792	SOURCE_LEAN/EW4_Web_Port_v0.61/assets/unit_anim_native/assets/army_grenadier__finish_i0_all__10619bb460/manifest.json
3790	SOURCE_LEAN/EW4_Web_Port_v0.61/assets/unit_anim_native/assets/army_grenadier__finish_i0_all__1700e71a3f/manifest.json
3788	SOURCE_LEAN/EW4_Web_Port_v0.61/assets/unit_anim_native/assets/army_grenadier__finish_i0_all__25feba2695/manifest.json
3793	SOURCE_LEAN/EW4_Web_Port_v0.61/assets/unit_anim_native/assets/army_grenadier__finish_i0_all__31c1a15ebc/manifest.json
3788	SOURCE_LEAN/EW4_Web_Port_v0.61/assets/unit_anim_native/assets/army_grenadier__finish_i0_all__34bc85367a/manifest.json
3817	SOURCE_LEAN/EW4_Web_Port_v0.61/assets/unit_anim_native/assets/army_grenadier__finish_i0_all__39e8e57c9a/manifest.json
3817	SOURCE_LEAN/EW4_Web_Port_v0.61/assets/unit_anim_native/assets/army_grenadier__finish_i0_all__45323a3ec5/manifest.json
3795	SOURCE_LEAN/EW4_Web_Port_v0.61/assets/unit_anim_native/assets/army_grenadier__finish_i0_all__51956fb548/manifest.json
3819	SOURCE_LEAN/EW4_Web_Port_v0.61/assets/unit_anim_native/assets/army_grenadier__finish_i0_all__6302484c80/manifest.json
3792	SOURCE_LEAN/EW4_Web_Port_v0.61/assets/unit_anim_native/assets/army_grenadier__finish_i0_all__642eb0bee6/manifest.json
3795	SOURCE_LEAN/EW4_Web_Port_v0.61/assets/unit_anim_native/assets/army_grenadier__finish_i0_all__6f320fbd0b/manifest.json
3792	SOURCE_LEAN/EW4_Web_Port_v0.61/assets/unit_anim_native/assets/army_grenadier__finish_i0_all__75535be982/manifest.json
3816	SOURCE_LEAN/EW4_Web_Port_v0.61/assets/unit_anim_native/assets/army_grenadier__finish_i0_all__7e72ee83b0/manifest.json
3793	SOURCE_LEAN/EW4_Web_Port_v0.61/assets/unit_anim_native/assets/army_grenadier__finish_i0_all__7e8b575685/manifest.json
3785	SOURCE_LEAN/EW4_Web_Port_v0.61/assets/unit_anim_native/assets/army_grenadier__finish_i0_all__8bd7ee85a7/manifest.json
3790	SOURCE_LEAN/EW4_Web_Port_v0.61/assets/unit_anim_native/assets/army_grenadier__finish_i0_all__99c961c2cb/manifest.json
3793	SOURCE_LEAN/EW4_Web_Port_v0.61/assets/unit_anim_native/assets/army_grenadier__finish_i0_all__99ebad37f1/manifest.json
3819	SOURCE_LEAN/EW4_Web_Port_v0.61/assets/unit_anim_native/assets/army_grenadier__finish_i0_all__ba1d427366/manifest.json
3820	SOURCE_LEAN/EW4_Web_Port_v0.61/assets/unit_anim_native/assets/army_grenadier__finish_i0_all__bf8b020f44/manifest.json
3792	SOURCE_LEAN/EW4_Web_Port_v0.61/assets/unit_anim_native/assets/army_grenadier__finish_i0_all__c53d5b4bc2/manifest.json
3786	SOURCE_LEAN/EW4_Web_Port_v0.61/assets/unit_anim_native/assets/army_grenadier__finish_i0_all__db105e4e90/manifest.json
3790	SOURCE_LEAN/EW4_Web_Port_v0.61/assets/unit_anim_native/assets/army_grenadier__finish_i0_all__dca5044d88/manifest.json
3820	SOURCE_LEAN/EW4_Web_Port_v0.61/assets/unit_anim_native/assets/army_grenadier__finish_i0_all__e7b58ff952/manifest.json
3817	SOURCE_LEAN/EW4_Web_Port_v0.61/assets/unit_anim_native/assets/army_grenadier__finish_i0_all__ebaff3587a/manifest.json
3795	SOURCE_LEAN/EW4_Web_Port_v0.61/assets/unit_anim_native/assets/army_grenadier__finish_i0_all__fd01af5546/manifest.json
3813	SOURCE_LEAN/EW4_Web_Port_v0.61/assets/unit_anim_native/assets/army_grenadier__finish_i0_all__fd95fdb2f6/manifest.json
2355	SOURCE_LEAN/EW4_Web_Port_v0.61/assets/unit_anim_native/assets/army_grenadier__ready_i0_all__17983840b3/manifest.json
2355	SOURCE_LEAN/EW4_Web_Port_v0.61/assets/unit_anim_native/assets/army_grenadier__ready_i0_all__1951288aa4/manifest.json
2354	SOURCE_LEAN/EW4_Web_Port_v0.61/assets/unit_anim_native/assets/army_grenadier__ready_i0_all__1b94c3cd58/manifest.json
2346	SOURCE_LEAN/EW4_Web_Port_v0.61/assets/unit_anim_native/assets/army_grenadier__ready_i0_all__1e020ceb88/manifest.json
2352	SOURCE_LEAN/EW4_Web_Port_v0.61/assets/unit_anim_native/assets/army_grenadier__ready_i0_all__2e40fca7db/manifest.json
2352	SOURCE_LEAN/EW4_Web_Port_v0.61/assets/unit_anim_native/assets/army_grenadier__ready_i0_all__3bdcb376ad/manifest.json
2348	SOURCE_LEAN/EW4_Web_Port_v0.61/assets/unit_anim_native/assets/army_grenadier__ready_i0_all__487d436d7a/manifest.json
2343	SOURCE_LEAN/EW4_Web_Port_v0.61/assets/unit_anim_native/assets/army_grenadier__ready_i0_all__559e34c697/manifest.json
2351	SOURCE_LEAN/EW4_Web_Port_v0.61/assets/unit_anim_native/assets/army_grenadier__ready_i0_all__5a2923586d/manifest.json
2346	SOURCE_LEAN/EW4_Web_Port_v0.61/assets/unit_anim_native/assets/army_grenadier__ready_i0_all__705f520393/manifest.json
2351	SOURCE_LEAN/EW4_Web_Port_v0.61/assets/unit_anim_native/assets/army_grenadier__ready_i0_all__719fc718fd/manifest.json
2355	SOURCE_LEAN/EW4_Web_Port_v0.61/assets/unit_anim_native/assets/army_grenadier__ready_i0_all__77f166c561/manifest.json
2352	SOURCE_LEAN/EW4_Web_Port_v0.61/assets/unit_anim_native/assets/army_grenadier__ready_i0_all__815190caf6/manifest.json
2343	SOURCE_LEAN/EW4_Web_Port_v0.61/assets/unit_anim_native/assets/army_grenadier__ready_i0_all__8fd6300cf3/manifest.json
2354	SOURCE_LEAN/EW4_Web_Port_v0.61/assets/unit_anim_native/assets/army_grenadier__ready_i0_all__913e8e9c38/manifest.json
2351	SOURCE_LEAN/EW4_Web_Port_v0.61/assets/unit_anim_native/assets/army_grenadier__ready_i0_all__9f3ce6d28b/manifest.json
2351	SOURCE_LEAN/EW4_Web_Port_v0.61/assets/unit_anim_native/assets/army_grenadier__ready_i0_all__9ffa81c013/manifest.json
2344	SOURCE_LEAN/EW4_Web_Port_v0.61/assets/unit_anim_native/assets/army_grenadier__ready_i0_all__a7bc13ee75/manifest.json
2344	SOURCE_LEAN/EW4_Web_Port_v0.61/assets/unit_anim_native/assets/army_grenadier__ready_i0_all__b88164b5c1/manifest.json
2354	SOURCE_LEAN/EW4_Web_Port_v0.61/assets/unit_anim_native/assets/army_grenadier__ready_i0_all__bd6b22b8ae/manifest.json
2352	SOURCE_LEAN/EW4_Web_Port_v0.61/assets/unit_anim_native/assets/army_grenadier__ready_i0_all__c4c6604569/manifest.json
2337	SOURCE_LEAN/EW4_Web_Port_v0.61/assets/unit_anim_native/assets/army_grenadier__ready_i0_all__c87599405d/manifest.json
2347	SOURCE_LEAN/EW4_Web_Port_v0.61/assets/unit_anim_native/assets/army_grenadier__ready_i0_all__dc4bf7486f/manifest.json
2354	SOURCE_LEAN/EW4_Web_Port_v0.61/assets/unit_anim_native/assets/army_grenadier__ready_i0_all__ec750b158a/manifest.json
2355	SOURCE_LEAN/EW4_Web_Port_v0.61/assets/unit_anim_native/assets/army_grenadier__ready_i0_all__ec7cf59ac1/manifest.json
2341	SOURCE_LEAN/EW4_Web_Port_v0.61/assets/unit_anim_native/assets/army_grenadier__ready_i0_all__f19c9bd3d9/manifest.json
2341	SOURCE_LEAN/EW4_Web_Port_v0.61/assets/unit_anim_native/assets/army_grenadier__ready_i0_all__fbef9525a3/manifest.json
6493	SOURCE_LEAN/EW4_Web_Port_v0.61/assets/unit_anim_native/assets/army_grenadier__reload_i0_all__0613ffb4a5/manifest.json
6497	SOURCE_LEAN/EW4_Web_Port_v0.61/assets/unit_anim_native/assets/army_grenadier__reload_i0_all__0812071aa8/manifest.json
6831	SOURCE_LEAN/EW4_Web_Port_v0.61/assets/unit_anim_native/assets/army_grenadier__reload_i0_all__0adf4a5c50/manifest.json
6488	SOURCE_LEAN/EW4_Web_Port_v0.61/assets/unit_anim_native/assets/army_grenadier__reload_i0_all__15ec95e3ef/manifest.json
6493	SOURCE_LEAN/EW4_Web_Port_v0.61/assets/unit_anim_native/assets/army_grenadier__reload_i0_all__2d7fb54889/manifest.json
6497	SOURCE_LEAN/EW4_Web_Port_v0.61/assets/unit_anim_native/assets/army_grenadier__reload_i0_all__348eddf715/manifest.json
6817	SOURCE_LEAN/EW4_Web_Port_v0.61/assets/unit_anim_native/assets/army_grenadier__reload_i0_all__4add71c1cc/manifest.json
6834	SOURCE_LEAN/EW4_Web_Port_v0.61/assets/unit_anim_native/assets/army_grenadier__reload_i0_all__55c8fed55b/manifest.json
6497	SOURCE_LEAN/EW4_Web_Port_v0.61/assets/unit_anim_native/assets/army_grenadier__reload_i0_all__5739da48dc/manifest.json
6496	SOURCE_LEAN/EW4_Web_Port_v0.61/assets/unit_anim_native/assets/army_grenadier__reload_i0_all__59af3ebafe/manifest.json
6820	SOURCE_LEAN/EW4_Web_Port_v0.61/assets/unit_anim_native/assets/army_grenadier__reload_i0_all__6269c68a03/manifest.json
6493	SOURCE_LEAN/EW4_Web_Port_v0.61/assets/unit_anim_native/assets/army_grenadier__reload_i0_all__639edc5cc9/manifest.json
6501	SOURCE_LEAN/EW4_Web_Port_v0.61/assets/unit_anim_native/assets/army_grenadier__reload_i0_all__798d8b8499/manifest.json
6812	SOURCE_LEAN/EW4_Web_Port_v0.61/assets/unit_anim_native/assets/army_grenadier__reload_i0_all__7a3aaab269/manifest.json
6492	SOURCE_LEAN/EW4_Web_Port_v0.61/assets/unit_anim_native/assets/army_grenadier__reload_i0_all__7abf30bc4e/manifest.json
6496	SOURCE_LEAN/EW4_Web_Port_v0.61/assets/unit_anim_native/assets/army_grenadier__reload_i0_all__ac0893c225/manifest.json
6493	SOURCE_LEAN/EW4_Web_Port_v0.61/assets/unit_anim_native/assets/army_grenadier__reload_i0_all__b0a1a8dee9/manifest.json
6500	SOURCE_LEAN/EW4_Web_Port_v0.61/assets/unit_anim_native/assets/army_grenadier__reload_i0_all__b48f1e8054/manifest.json
6497	SOURCE_LEAN/EW4_Web_Port_v0.61/assets/unit_anim_native/assets/army_grenadier__reload_i0_all__b71522a46e/manifest.json
6831	SOURCE_LEAN/EW4_Web_Port_v0.61/assets/unit_anim_native/assets/army_grenadier__reload_i0_all__b768542019/manifest.json
6500	SOURCE_LEAN/EW4_Web_Port_v0.61/assets/unit_anim_native/assets/army_grenadier__reload_i0_all__b8ba44f9b8/manifest.json
6494	SOURCE_LEAN/EW4_Web_Port_v0.61/assets/unit_anim_native/assets/army_grenadier__reload_i0_all__b925fe4fe5/manifest.json
6495	SOURCE_LEAN/EW4_Web_Port_v0.61/assets/unit_anim_native/assets/army_grenadier__reload_i0_all__bd5a40dc67/manifest.json
6831	SOURCE_LEAN/EW4_Web_Port_v0.61/assets/unit_anim_native/assets/army_grenadier__reload_i0_all__c8b21d22cd/manifest.json
6819	SOURCE_LEAN/EW4_Web_Port_v0.61/assets/unit_anim_native/assets/army_grenadier__reload_i0_all__ced28d3665/manifest.json
6500	SOURCE_LEAN/EW4_Web_Port_v0.61/assets/unit_anim_native/assets/army_grenadier__reload_i0_all__e1119c1c64/manifest.json
6831	SOURCE_LEAN/EW4_Web_Port_v0.61/assets/unit_anim_native/assets/army_grenadier__reload_i0_all__f5fa125ec7/manifest.json
4161	SOURCE_LEAN/EW4_Web_Port_v0.61/assets/unit_anim_native/assets/army_guards__attack_i0_all__09c2466561/manifest.json
4164	SOURCE_LEAN/EW4_Web_Port_v0.61/assets/unit_anim_native/assets/army_guards__attack_i0_all__0b2314ac9c/manifest.json
4641	SOURCE_LEAN/EW4_Web_Port_v0.61/assets/unit_anim_native/assets/army_guards__attack_i0_all__13439b5eb2/manifest.json
4519	SOURCE_LEAN/EW4_Web_Port_v0.61/assets/unit_anim_native/assets/army_guards__attack_i0_all__165a886c31/manifest.json
4640	SOURCE_LEAN/EW4_Web_Port_v0.61/assets/unit_anim_native/assets/army_guards__attack_i0_all__208e0a90f0/manifest.json
4638	SOURCE_LEAN/EW4_Web_Port_v0.61/assets/unit_anim_native/assets/army_guards__attack_i0_all__3844d0f254/manifest.json
4522	SOURCE_LEAN/EW4_Web_Port_v0.61/assets/unit_anim_native/assets/army_guards__attack_i0_all__3bf43c02a0/manifest.json
4161	SOURCE_LEAN/EW4_Web_Port_v0.61/assets/unit_anim_native/assets/army_guards__attack_i0_all__57bd1fd06a/manifest.json
4163	SOURCE_LEAN/EW4_Web_Port_v0.61/assets/unit_anim_native/assets/army_guards__attack_i0_all__64e660a3d9/manifest.json
4638	SOURCE_LEAN/EW4_Web_Port_v0.61/assets/unit_anim_native/assets/army_guards__attack_i0_all__77bd9bc058/manifest.json
4515	SOURCE_LEAN/EW4_Web_Port_v0.61/assets/unit_anim_native/assets/army_guards__attack_i0_all__7c1ed0f833/manifest.json
4522	SOURCE_LEAN/EW4_Web_Port_v0.61/assets/unit_anim_native/assets/army_guards__attack_i0_all__7c88f5890e/manifest.json
4164	SOURCE_LEAN/EW4_Web_Port_v0.61/assets/unit_anim_native/assets/army_guards__attack_i0_all__8215b490c8/manifest.json
4164	SOURCE_LEAN/EW4_Web_Port_v0.61/assets/unit_anim_native/assets/army_guards__attack_i0_all__8e124d55dd/manifest.json
4166	SOURCE_LEAN/EW4_Web_Port_v0.61/assets/unit_anim_native/assets/army_guards__attack_i0_all__ba013f5e11/manifest.json
4516	SOURCE_LEAN/EW4_Web_Port_v0.61/assets/unit_anim_native/assets/army_guards__attack_i0_all__bbd3cb44c8/manifest.json
4157	SOURCE_LEAN/EW4_Web_Port_v0.61/assets/unit_anim_native/assets/army_guards__attack_i0_all__c285ddb031/manifest.json
4634	SOURCE_LEAN/EW4_Web_Port_v0.61/assets/unit_anim_native/assets/army_guards__attack_i0_all__c7f7014619/manifest.json
4641	SOURCE_LEAN/EW4_Web_Port_v0.61/assets/unit_anim_native/assets/army_guards__attack_i0_all__cbbe2d75d7/manifest.json
4638	SOURCE_LEAN/EW4_Web_Port_v0.61/assets/unit_anim_native/assets/army_guards__attack_i0_all__de3de59369/manifest.json
4161	SOURCE_LEAN/EW4_Web_Port_v0.61/assets/unit_anim_native/assets/army_guards__attack_i0_all__df27c58c2a/manifest.json
4502	SOURCE_LEAN/EW4_Web_Port_v0.61/assets/unit_anim_native/assets/army_guards__attack_i0_all__e68b362d2f/manifest.json
4519	SOURCE_LEAN/EW4_Web_Port_v0.61/assets/unit_anim_native/assets/army_guards__attack_i0_all__ebe820a5fc/manifest.json
4638	SOURCE_LEAN/EW4_Web_Port_v0.61/assets/unit_anim_native/assets/army_guards__attack_i0_all__edce2f6d93/manifest.json
4519	SOURCE_LEAN/EW4_Web_Port_v0.61/assets/unit_anim_native/assets/army_guards__attack_i0_all__ee330e70a2/manifest.json
4522	SOURCE_LEAN/EW4_Web_Port_v0.61/assets/unit_anim_native/assets/army_guards__attack_i0_all__f654b49585/manifest.json
4634	SOURCE_LEAN/EW4_Web_Port_v0.61/assets/unit_anim_native/assets/army_guards__attack_i0_all__fd2c6c2225/manifest.json
5562	SOURCE_LEAN/EW4_Web_Port_v0.61/assets/unit_anim_native/assets/army_guards__attack_i1_all__06daf90c7f/manifest.json
5463	SOURCE_LEAN/EW4_Web_Port_v0.61/assets/unit_anim_native/assets/army_guards__attack_i1_all__0f1ebbfab2/manifest.json
5559	SOURCE_LEAN/EW4_Web_Port_v0.61/assets/unit_anim_native/assets/army_guards__attack_i1_all__165c7ae21c/manifest.json
5549	SOURCE_LEAN/EW4_Web_Port_v0.61/assets/unit_anim_native/assets/army_guards__attack_i1_all__1c2b9dd954/manifest.json
5470	SOURCE_LEAN/EW4_Web_Port_v0.61/assets/unit_anim_native/assets/army_guards__attack_i1_all__1cb862d1ac/manifest.json
5468	SOURCE_LEAN/EW4_Web_Port_v0.61/assets/unit_anim_native/assets/army_guards__attack_i1_all__1febb3d0bc/manifest.json
5558	SOURCE_LEAN/EW4_Web_Port_v0.61/assets/unit_anim_native/assets/army_guards__attack_i1_all__23bec27572/manifest.json
5567	SOURCE_LEAN/EW4_Web_Port_v0.61/assets/unit_anim_native/assets/army_guards__attack_i1_all__25a7ce6874/manifest.json
5555	SOURCE_LEAN/EW4_Web_Port_v0.61/assets/unit_anim_native/assets/army_guards__attack_i1_all__364a5044f8/manifest.json
5473	SOURCE_LEAN/EW4_Web_Port_v0.61/assets/unit_anim_native/assets/army_guards__attack_i1_all__36c9683e63/manifest.json
5459	SOURCE_LEAN/EW4_Web_Port_v0.61/assets/unit_anim_native/assets/army_guards__attack_i1_all__438e0bd6f9/manifest.json
5451	SOURCE_LEAN/EW4_Web_Port_v0.61/assets/unit_anim_native/assets/army_guards__attack_i1_all__68f4b03c13/manifest.json
5561	SOURCE_LEAN/EW4_Web_Port_v0.61/assets/unit_anim_native/assets/army_guards__attack_i1_all__6a6023a55e/manifest.json
5473	SOURCE_LEAN/EW4_Web_Port_v0.61/assets/unit_anim_native/assets/army_guards__attack_i1_all__7de14d102d/manifest.json
5465	SOURCE_LEAN/EW4_Web_Port_v0.61/assets/unit_anim_native/assets/army_guards__attack_i1_all__83d051da9c/manifest.json
5562	SOURCE_LEAN/EW4_Web_Port_v0.61/assets/unit_anim_native/assets/army_guards__attack_i1_all__86d48550fe/manifest.json
5565	SOURCE_LEAN/EW4_Web_Port_v0.61/assets/unit_anim_native/assets/army_guards__attack_i1_all__91db5164ab/manifest.json
5555	SOURCE_LEAN/EW4_Web_Port_v0.61/assets/unit_anim_native/assets/army_guards__attack_i1_all__9473c29094/manifest.json
5556	SOURCE_LEAN/EW4_Web_Port_v0.61/assets/unit_anim_native/assets/army_guards__attack_i1_all__98d55644c9/manifest.json
5564	SOURCE_LEAN/EW4_Web_Port_v0.61/assets/unit_anim_native/assets/army_guards__attack_i1_all__a216dcd225/manifest.json
5559	SOURCE_LEAN/EW4_Web_Port_v0.61/assets/unit_anim_native/assets/army_guards__attack_i1_all__aaa3aa6411/manifest.json
5563	SOURCE_LEAN/EW4_Web_Port_v0.61/assets/unit_anim_native/assets/army_guards__attack_i1_all__b17cb6e598/manifest.json
5553	SOURCE_LEAN/EW4_Web_Port_v0.61/assets/unit_anim_native/assets/army_guards__attack_i1_all__b2bb0d0145/manifest.json
5469	SOURCE_LEAN/EW4_Web_Port_v0.61/assets/unit_anim_native/assets/army_guards__attack_i1_all__b48bc5e13c/manifest.json
5564	SOURCE_LEAN/EW4_Web_Port_v0.61/assets/unit_anim_native/assets/army_guards__attack_i1_all__c986c2e64d/manifest.json
5559	SOURCE_LEAN/EW4_Web_Port_v0.61/assets/unit_anim_native/assets/army_guards__attack_i1_all__e5d5df75ab/manifest.json
5559	SOURCE_LEAN/EW4_Web_Port_v0.61/assets/unit_anim_native/assets/army_guards__attack_i1_all__f709c4906c/manifest.json
3809	SOURCE_LEAN/EW4_Web_Port_v0.61/assets/unit_anim_native/assets/army_guards__finish_i0_all__021583dc1c/manifest.json
3812	SOURCE_LEAN/EW4_Web_Port_v0.61/assets/unit_anim_native/assets/army_guards__finish_i0_all__0b6353a65c/manifest.json
3792	SOURCE_LEAN/EW4_Web_Port_v0.61/assets/unit_anim_native/assets/army_guards__finish_i0_all__1e53dbaab7/manifest.json
3788	SOURCE_LEAN/EW4_Web_Port_v0.61/assets/unit_anim_native/assets/army_guards__finish_i0_all__209598a870/manifest.json
3813	SOURCE_LEAN/EW4_Web_Port_v0.61/assets/unit_anim_native/assets/army_guards__finish_i0_all__231d35b3b8/manifest.json
3813	SOURCE_LEAN/EW4_Web_Port_v0.61/assets/unit_anim_native/assets/army_guards__finish_i0_all__2384452e94/manifest.json
3792	SOURCE_LEAN/EW4_Web_Port_v0.61/assets/unit_anim_native/assets/army_guards__finish_i0_all__2c1ef17fe2/manifest.json
3792	SOURCE_LEAN/EW4_Web_Port_v0.61/assets/unit_anim_native/assets/army_guards__finish_i0_all__4a2d34536a/manifest.json
3813	SOURCE_LEAN/EW4_Web_Port_v0.61/assets/unit_anim_native/assets/army_guards__finish_i0_all__56aaef193e/manifest.json
3810	SOURCE_LEAN/EW4_Web_Port_v0.61/assets/unit_anim_native/assets/army_guards__finish_i0_all__69fb663ecc/manifest.json
3798	SOURCE_LEAN/EW4_Web_Port_v0.61/assets/unit_anim_native/assets/army_guards__finish_i0_all__73c698fd93/manifest.json
3795	SOURCE_LEAN/EW4_Web_Port_v0.61/assets/unit_anim_native/assets/army_guards__finish_i0_all__74c93a3345/manifest.json
3810	SOURCE_LEAN/EW4_Web_Port_v0.61/assets/unit_anim_native/assets/army_guards__finish_i0_all__7ab67fa08b/manifest.json
3794	SOURCE_LEAN/EW4_Web_Port_v0.61/assets/unit_anim_native/assets/army_guards__finish_i0_all__870cc784a8/manifest.json
3809	SOURCE_LEAN/EW4_Web_Port_v0.61/assets/unit_anim_native/assets/army_guards__finish_i0_all__98540343f5/manifest.json
3783	SOURCE_LEAN/EW4_Web_Port_v0.61/assets/unit_anim_native/assets/army_guards__finish_i0_all__a609965318/manifest.json
3812	SOURCE_LEAN/EW4_Web_Port_v0.61/assets/unit_anim_native/assets/army_guards__finish_i0_all__b7931b25e2/manifest.json
3805	SOURCE_LEAN/EW4_Web_Port_v0.61/assets/unit_anim_native/assets/army_guards__finish_i0_all__c0dfca4e8d/manifest.json
3812	SOURCE_LEAN/EW4_Web_Port_v0.61/assets/unit_anim_native/assets/army_guards__finish_i0_all__c76147169c/manifest.json
3809	SOURCE_LEAN/EW4_Web_Port_v0.61/assets/unit_anim_native/assets/army_guards__finish_i0_all__df9e3f889b/manifest.json
3809	SOURCE_LEAN/EW4_Web_Port_v0.61/assets/unit_anim_native/assets/army_guards__finish_i0_all__e487a5480c/manifest.json
3802	SOURCE_LEAN/EW4_Web_Port_v0.61/assets/unit_anim_native/assets/army_guards__finish_i0_all__ea07d464d1/manifest.json
3806	SOURCE_LEAN/EW4_Web_Port_v0.61/assets/unit_anim_native/assets/army_guards__finish_i0_all__f0b4e8f761/manifest.json
3792	SOURCE_LEAN/EW4_Web_Port_v0.61/assets/unit_anim_native/assets/army_guards__finish_i0_all__f3ee7407bd/manifest.json
3795	SOURCE_LEAN/EW4_Web_Port_v0.61/assets/unit_anim_native/assets/army_guards__finish_i0_all__f5acadf242/manifest.json
3810	SOURCE_LEAN/EW4_Web_Port_v0.61/assets/unit_anim_native/assets/army_guards__finish_i0_all__f70c76f847/manifest.json
3795	SOURCE_LEAN/EW4_Web_Port_v0.61/assets/unit_anim_native/assets/army_guards__finish_i0_all__faf4712e77/manifest.json
2343	SOURCE_LEAN/EW4_Web_Port_v0.61/assets/unit_anim_native/assets/army_guards__ready_i0_all__142e224ba7/manifest.json
2348	SOURCE_LEAN/EW4_Web_Port_v0.61/assets/unit_anim_native/assets/army_guards__ready_i0_all__185ca7e5d5/manifest.json
2348	SOURCE_LEAN/EW4_Web_Port_v0.61/assets/unit_anim_native/assets/army_guards__ready_i0_all__1fab078b3a/manifest.json
2341	SOURCE_LEAN/EW4_Web_Port_v0.61/assets/unit_anim_native/assets/army_guards__ready_i0_all__21014beaa6/manifest.json
2349	SOURCE_LEAN/EW4_Web_Port_v0.61/assets/unit_anim_native/assets/army_guards__ready_i0_all__2421c2f67f/manifest.json
2349	SOURCE_LEAN/EW4_Web_Port_v0.61/assets/unit_anim_native/assets/army_guards__ready_i0_all__317470ab09/manifest.json
2346	SOURCE_LEAN/EW4_Web_Port_v0.61/assets/unit_anim_native/assets/army_guards__ready_i0_all__3a26dd45f3/manifest.json
2349	SOURCE_LEAN/EW4_Web_Port_v0.61/assets/unit_anim_native/assets/army_guards__ready_i0_all__3c5a0c44da/manifest.json
2352	SOURCE_LEAN/EW4_Web_Port_v0.61/assets/unit_anim_native/assets/army_guards__ready_i0_all__4964bb454c/manifest.json
2349	SOURCE_LEAN/EW4_Web_Port_v0.61/assets/unit_anim_native/assets/army_guards__ready_i0_all__672dedd6bd/manifest.json
2352	SOURCE_LEAN/EW4_Web_Port_v0.61/assets/unit_anim_native/assets/army_guards__ready_i0_all__782fcda41f/manifest.json
2346	SOURCE_LEAN/EW4_Web_Port_v0.61/assets/unit_anim_native/assets/army_guards__ready_i0_all__7acaf4083a/manifest.json
2347	SOURCE_LEAN/EW4_Web_Port_v0.61/assets/unit_anim_native/assets/army_guards__ready_i0_all__7ad5d0acab/manifest.json
2346	SOURCE_LEAN/EW4_Web_Port_v0.61/assets/unit_anim_native/assets/army_guards__ready_i0_all__82b50c435e/manifest.json
2345	SOURCE_LEAN/EW4_Web_Port_v0.61/assets/unit_anim_native/assets/army_guards__ready_i0_all__8d59034fae/manifest.json
2350	SOURCE_LEAN/EW4_Web_Port_v0.61/assets/unit_anim_native/assets/army_guards__ready_i0_all__a770b8ae29/manifest.json
2347	SOURCE_LEAN/EW4_Web_Port_v0.61/assets/unit_anim_native/assets/army_guards__ready_i0_all__a79b70cdf4/manifest.json
2349	SOURCE_LEAN/EW4_Web_Port_v0.61/assets/unit_anim_native/assets/army_guards__ready_i0_all__ace13999f2/manifest.json
2350	SOURCE_LEAN/EW4_Web_Port_v0.61/assets/unit_anim_native/assets/army_guards__ready_i0_all__af8109d2ea/manifest.json
2353	SOURCE_LEAN/EW4_Web_Port_v0.61/assets/unit_anim_native/assets/army_guards__ready_i0_all__b5c23d5f5b/manifest.json
2342	SOURCE_LEAN/EW4_Web_Port_v0.61/assets/unit_anim_native/assets/army_guards__ready_i0_all__b72538bfc7/manifest.json
2346	SOURCE_LEAN/EW4_Web_Port_v0.61/assets/unit_anim_native/assets/army_guards__ready_i0_all__c42dd68f5e/manifest.json
2350	SOURCE_LEAN/EW4_Web_Port_v0.61/assets/unit_anim_native/assets/army_guards__ready_i0_all__d708e36396/manifest.json
2334	SOURCE_LEAN/EW4_Web_Port_v0.61/assets/unit_anim_native/assets/army_guards__ready_i0_all__e65d07b4ec/manifest.json
2347	SOURCE_LEAN/EW4_Web_Port_v0.61/assets/unit_anim_native/assets/army_guards__ready_i0_all__f1eec5a843/manifest.json
2347	SOURCE_LEAN/EW4_Web_Port_v0.61/assets/unit_anim_native/assets/army_guards__ready_i0_all__f52103c13c/manifest.json
2351	SOURCE_LEAN/EW4_Web_Port_v0.61/assets/unit_anim_native/assets/army_guards__ready_i0_all__fa0440025c/manifest.json
6419	SOURCE_LEAN/EW4_Web_Port_v0.61/assets/unit_anim_native/assets/army_guards__reload_i0_all__107bfb7ac8/manifest.json
6865	SOURCE_LEAN/EW4_Web_Port_v0.61/assets/unit_anim_native/assets/army_guards__reload_i0_all__18407de085/manifest.json
6870	SOURCE_LEAN/EW4_Web_Port_v0.61/assets/unit_anim_native/assets/army_guards__reload_i0_all__256f68e46c/manifest.json
6411	SOURCE_LEAN/EW4_Web_Port_v0.61/assets/unit_anim_native/assets/army_guards__reload_i0_all__2cffe9cb6a/manifest.json
6862	SOURCE_LEAN/EW4_Web_Port_v0.61/assets/unit_anim_native/assets/army_guards__reload_i0_all__3222905567/manifest.json
6433	SOURCE_LEAN/EW4_Web_Port_v0.61/assets/unit_anim_native/assets/army_guards__reload_i0_all__419ba2d527/manifest.json
6420	SOURCE_LEAN/EW4_Web_Port_v0.61/assets/unit_anim_native/assets/army_guards__reload_i0_all__42843de6dc/manifest.json
6439	SOURCE_LEAN/EW4_Web_Port_v0.61/assets/unit_anim_native/assets/army_guards__reload_i0_all__46f54bbb33/manifest.json
6430	SOURCE_LEAN/EW4_Web_Port_v0.61/assets/unit_anim_native/assets/army_guards__reload_i0_all__4717d2147b/manifest.json
6433	SOURCE_LEAN/EW4_Web_Port_v0.61/assets/unit_anim_native/assets/army_guards__reload_i0_all__555be3ace2/manifest.json
6869	SOURCE_LEAN/EW4_Web_Port_v0.61/assets/unit_anim_native/assets/army_guards__reload_i0_all__578f67c957/manifest.json
6441	SOURCE_LEAN/EW4_Web_Port_v0.61/assets/unit_anim_native/assets/army_guards__reload_i0_all__61cc8fe37d/manifest.json
6427	SOURCE_LEAN/EW4_Web_Port_v0.61/assets/unit_anim_native/assets/army_guards__reload_i0_all__6d79696b6a/manifest.json
6415	SOURCE_LEAN/EW4_Web_Port_v0.61/assets/unit_anim_native/assets/army_guards__reload_i0_all__6ddefda3ac/manifest.json
6433	SOURCE_LEAN/EW4_Web_Port_v0.61/assets/unit_anim_native/assets/army_guards__reload_i0_all__78f3988be8/manifest.json
6866	SOURCE_LEAN/EW4_Web_Port_v0.61/assets/unit_anim_native/assets/army_guards__reload_i0_all__7e421c0793/manifest.json
6416	SOURCE_LEAN/EW4_Web_Port_v0.61/assets/unit_anim_native/assets/army_guards__reload_i0_all__7f484b4305/manifest.json
6398	SOURCE_LEAN/EW4_Web_Port_v0.61/assets/unit_anim_native/assets/army_guards__reload_i0_all__8f45c74385/manifest.json
6431	SOURCE_LEAN/EW4_Web_Port_v0.61/assets/unit_anim_native/assets/army_guards__reload_i0_all__abdf19e4e0/manifest.json
6416	SOURCE_LEAN/EW4_Web_Port_v0.61/assets/unit_anim_native/assets/army_guards__reload_i0_all__ac7cfbff76/manifest.json
6869	SOURCE_LEAN/EW4_Web_Port_v0.61/assets/unit_anim_native/assets/army_guards__reload_i0_all__ad361b0d01/manifest.json
6419	SOURCE_LEAN/EW4_Web_Port_v0.61/assets/unit_anim_native/assets/army_guards__reload_i0_all__b648d07107/manifest.json
6417	SOURCE_LEAN/EW4_Web_Port_v0.61/assets/unit_anim_native/assets/army_guards__reload_i0_all__bf63a7e8bc/manifest.json
6867	SOURCE_LEAN/EW4_Web_Port_v0.61/assets/unit_anim_native/assets/army_guards__reload_i0_all__c34a98162a/manifest.json
6869	SOURCE_LEAN/EW4_Web_Port_v0.61/assets/unit_anim_native/assets/army_guards__reload_i0_all__c94ae134a7/manifest.json
6430	SOURCE_LEAN/EW4_Web_Port_v0.61/assets/unit_anim_native/assets/army_guards__reload_i0_all__d1b1da1d65/manifest.json
6867	SOURCE_LEAN/EW4_Web_Port_v0.61/assets/unit_anim_native/assets/army_guards__reload_i0_all__f931fab83d/manifest.json
4198	SOURCE_LEAN/EW4_Web_Port_v0.61/assets/unit_anim_native/assets/army_guardscavalry__attack_i0_all__0991c42036/manifest.json
4875	SOURCE_LEAN/EW4_Web_Port_v0.61/assets/unit_anim_native/assets/army_guardscavalry__attack_i0_all__0ae2e028c0/manifest.json
4870	SOURCE_LEAN/EW4_Web_Port_v0.61/assets/unit_anim_native/assets/army_guardscavalry__attack_i0_all__379b874b4e/manifest.json
4199	SOURCE_LEAN/EW4_Web_Port_v0.61/assets/unit_anim_native/assets/army_guardscavalry__attack_i0_all__3eb980a59e/manifest.json
4873	SOURCE_LEAN/EW4_Web_Port_v0.61/assets/unit_anim_native/assets/army_guardscavalry__attack_i0_all__468145283e/manifest.json
4871	SOURCE_LEAN/EW4_Web_Port_v0.61/assets/unit_anim_native/assets/army_guardscavalry__attack_i0_all__5dd352edc9/manifest.json
4202	SOURCE_LEAN/EW4_Web_Port_v0.61/assets/unit_anim_native/assets/army_guardscavalry__attack_i0_all__67bafed021/manifest.json
4872	SOURCE_LEAN/EW4_Web_Port_v0.61/assets/unit_anim_native/assets/army_guardscavalry__attack_i0_all__70d35f9e92/manifest.json
4867	SOURCE_LEAN/EW4_Web_Port_v0.61/assets/unit_anim_native/assets/army_guardscavalry__attack_i0_all__8c69f52aab/manifest.json
4872	SOURCE_LEAN/EW4_Web_Port_v0.61/assets/unit_anim_native/assets/army_guardscavalry__attack_i0_all__94c7953cb1/manifest.json
4201	SOURCE_LEAN/EW4_Web_Port_v0.61/assets/unit_anim_native/assets/army_guardscavalry__attack_i0_all__99822d7988/manifest.json
4197	SOURCE_LEAN/EW4_Web_Port_v0.61/assets/unit_anim_native/assets/army_guardscavalry__attack_i0_all__b6ab913920/manifest.json
4199	SOURCE_LEAN/EW4_Web_Port_v0.61/assets/unit_anim_native/assets/army_guardscavalry__attack_i0_all__c563fe0f97/manifest.json
4194	SOURCE_LEAN/EW4_Web_Port_v0.61/assets/unit_anim_native/assets/army_guardscavalry__attack_i0_all__d21f26a8ad/manifest.json
4200	SOURCE_LEAN/EW4_Web_Port_v0.61/assets/unit_anim_native/assets/army_guardscavalry__attack_i0_all__f59bd3336a/manifest.json
4875	SOURCE_LEAN/EW4_Web_Port_v0.61/assets/unit_anim_native/assets/army_guardscavalry__attack_i0_all__f62ad3a37d/manifest.json
4874	SOURCE_LEAN/EW4_Web_Port_v0.61/assets/unit_anim_native/assets/army_guardscavalry__attack_i0_all__f7e9ba877c/manifest.json
4199	SOURCE_LEAN/EW4_Web_Port_v0.61/assets/unit_anim_native/assets/army_guardscavalry__attack_i0_all__f900569228/manifest.json
5583	SOURCE_LEAN/EW4_Web_Port_v0.61/assets/unit_anim_native/assets/army_guardscavalry__attack_i1_all__08ed276920/manifest.json
5513	SOURCE_LEAN/EW4_Web_Port_v0.61/assets/unit_anim_native/assets/army_guardscavalry__attack_i1_all__0dcfa6011e/manifest.json
5545	SOURCE_LEAN/EW4_Web_Port_v0.61/assets/unit_anim_native/assets/army_guardscavalry__attack_i1_all__35cde4443b/manifest.json
5570	SOURCE_LEAN/EW4_Web_Port_v0.61/assets/unit_anim_native/assets/army_guardscavalry__attack_i1_all__448355cdb3/manifest.json
5546	SOURCE_LEAN/EW4_Web_Port_v0.61/assets/unit_anim_native/assets/army_guardscavalry__attack_i1_all__654ffca0b7/manifest.json
5570	SOURCE_LEAN/EW4_Web_Port_v0.61/assets/unit_anim_native/assets/army_guardscavalry__attack_i1_all__7394a9e16f/manifest.json
5541	SOURCE_LEAN/EW4_Web_Port_v0.61/assets/unit_anim_native/assets/army_guardscavalry__attack_i1_all__836a30433a/manifest.json
5541	SOURCE_LEAN/EW4_Web_Port_v0.61/assets/unit_anim_native/assets/army_guardscavalry__attack_i1_all__9832749e7f/manifest.json
5545	SOURCE_LEAN/EW4_Web_Port_v0.61/assets/unit_anim_native/assets/army_guardscavalry__attack_i1_all__9874f31ab2/manifest.json
5578	SOURCE_LEAN/EW4_Web_Port_v0.61/assets/unit_anim_native/assets/army_guardscavalry__attack_i1_all__9d3103ff80/manifest.json
5544	SOURCE_LEAN/EW4_Web_Port_v0.61/assets/unit_anim_native/assets/army_guardscavalry__attack_i1_all__bf4ce15b0f/manifest.json
5544	SOURCE_LEAN/EW4_Web_Port_v0.61/assets/unit_anim_native/assets/army_guardscavalry__attack_i1_all__d3fa7dacf5/manifest.json
5568	SOURCE_LEAN/EW4_Web_Port_v0.61/assets/unit_anim_native/assets/army_guardscavalry__attack_i1_all__d5dbb5d7ba/manifest.json
5558	SOURCE_LEAN/EW4_Web_Port_v0.61/assets/unit_anim_native/assets/army_guardscavalry__attack_i1_all__d78e40c950/manifest.json
5568	SOURCE_LEAN/EW4_Web_Port_v0.61/assets/unit_anim_native/assets/army_guardscavalry__attack_i1_all__ef5420d03b/manifest.json
5566	SOURCE_LEAN/EW4_Web_Port_v0.61/assets/unit_anim_native/assets/army_guardscavalry__attack_i1_all__f2f8e43083/manifest.json
5566	SOURCE_LEAN/EW4_Web_Port_v0.61/assets/unit_anim_native/assets/army_guardscavalry__attack_i1_all__f66e7d0c5b/manifest.json
5570	SOURCE_LEAN/EW4_Web_Port_v0.61/assets/unit_anim_native/assets/army_guardscavalry__attack_i1_all__f8ba56ac32/manifest.json
1765	SOURCE_LEAN/EW4_Web_Port_v0.61/assets/unit_anim_native/assets/army_guardscavalry__finish_i0_all__30515005a1/manifest.json
1762	SOURCE_LEAN/EW4_Web_Port_v0.61/assets/unit_anim_native/assets/army_guardscavalry__finish_i0_all__33d1875037/manifest.json
1763	SOURCE_LEAN/EW4_Web_Port_v0.61/assets/unit_anim_native/assets/army_guardscavalry__finish_i0_all__444ae2725a/manifest.json
1764	SOURCE_LEAN/EW4_Web_Port_v0.61/assets/unit_anim_native/assets/army_guardscavalry__finish_i0_all__547a9ec57e/manifest.json
1757	SOURCE_LEAN/EW4_Web_Port_v0.61/assets/unit_anim_native/assets/army_guardscavalry__finish_i0_all__661bac98ca/manifest.json
1761	SOURCE_LEAN/EW4_Web_Port_v0.61/assets/unit_anim_native/assets/army_guardscavalry__finish_i0_all__66eedccd09/manifest.json
1765	SOURCE_LEAN/EW4_Web_Port_v0.61/assets/unit_anim_native/assets/army_guardscavalry__finish_i0_all__6c10b68e05/manifest.json
1768	SOURCE_LEAN/EW4_Web_Port_v0.61/assets/unit_anim_native/assets/army_guardscavalry__finish_i0_all__6e48bd8575/manifest.json
1764	SOURCE_LEAN/EW4_Web_Port_v0.61/assets/unit_anim_native/assets/army_guardscavalry__finish_i0_all__768c31381f/manifest.json
1761	SOURCE_LEAN/EW4_Web_Port_v0.61/assets/unit_anim_native/assets/army_guardscavalry__finish_i0_all__7a2c8b06b0/manifest.json
1761	SOURCE_LEAN/EW4_Web_Port_v0.61/assets/unit_anim_native/assets/army_guardscavalry__finish_i0_all__8df1f7c51e/manifest.json
1768	SOURCE_LEAN/EW4_Web_Port_v0.61/assets/unit_anim_native/assets/army_guardscavalry__finish_i0_all__91e8dc4e39/manifest.json
1763	SOURCE_LEAN/EW4_Web_Port_v0.61/assets/unit_anim_native/assets/army_guardscavalry__finish_i0_all__a30177474b/manifest.json
1761	SOURCE_LEAN/EW4_Web_Port_v0.61/assets/unit_anim_native/assets/army_guardscavalry__finish_i0_all__b798b791d1/manifest.json
1766	SOURCE_LEAN/EW4_Web_Port_v0.61/assets/unit_anim_native/assets/army_guardscavalry__finish_i0_all__bd5b5c6865/manifest.json
1768	SOURCE_LEAN/EW4_Web_Port_v0.61/assets/unit_anim_native/assets/army_guardscavalry__finish_i0_all__d4399ab502/manifest.json
1768	SOURCE_LEAN/EW4_Web_Port_v0.61/assets/unit_anim_native/assets/army_guardscavalry__finish_i0_all__d88ff8c2d6/manifest.json
1761	SOURCE_LEAN/EW4_Web_Port_v0.61/assets/unit_anim_native/assets/army_guardscavalry__finish_i0_all__edfd4986d2/manifest.json
3524	SOURCE_LEAN/EW4_Web_Port_v0.61/assets/unit_anim_native/assets/army_guardscavalry__ready_i0_all__012742d4ea/manifest.json
3287	SOURCE_LEAN/EW4_Web_Port_v0.61/assets/unit_anim_native/assets/army_guardscavalry__ready_i0_all__0c2e43ca28/manifest.json
3516	SOURCE_LEAN/EW4_Web_Port_v0.61/assets/unit_anim_native/assets/army_guardscavalry__ready_i0_all__0d2477a06f/manifest.json
3523	SOURCE_LEAN/EW4_Web_Port_v0.61/assets/unit_anim_native/assets/army_guardscavalry__ready_i0_all__3942178438/manifest.json
3525	SOURCE_LEAN/EW4_Web_Port_v0.61/assets/unit_anim_native/assets/army_guardscavalry__ready_i0_all__3d1ad95aa4/manifest.json
3290	SOURCE_LEAN/EW4_Web_Port_v0.61/assets/unit_anim_native/assets/army_guardscavalry__ready_i0_all__41caaa2929/manifest.json
3289	SOURCE_LEAN/EW4_Web_Port_v0.61/assets/unit_anim_native/assets/army_guardscavalry__ready_i0_all__47b3cacfd9/manifest.json
3286	SOURCE_LEAN/EW4_Web_Port_v0.61/assets/unit_anim_native/assets/army_guardscavalry__ready_i0_all__75047a6f08/manifest.json
3522	SOURCE_LEAN/EW4_Web_Port_v0.61/assets/unit_anim_native/assets/army_guardscavalry__ready_i0_all__7588964fb6/manifest.json
3284	SOURCE_LEAN/EW4_Web_Port_v0.61/assets/unit_anim_native/assets/army_guardscavalry__ready_i0_all__b12ee1d8f1/manifest.json
3290	SOURCE_LEAN/EW4_Web_Port_v0.61/assets/unit_anim_native/assets/army_guardscavalry__ready_i0_all__b312edfe1b/manifest.json
3519	SOURCE_LEAN/EW4_Web_Port_v0.61/assets/unit_anim_native/assets/army_guardscavalry__ready_i0_all__d28875ab60/manifest.json
3522	SOURCE_LEAN/EW4_Web_Port_v0.61/assets/unit_anim_native/assets/army_guardscavalry__ready_i0_all__dad16389d3/manifest.json
3288	SOURCE_LEAN/EW4_Web_Port_v0.61/assets/unit_anim_native/assets/army_guardscavalry__ready_i0_all__ecca7d0f51/manifest.json
3292	SOURCE_LEAN/EW4_Web_Port_v0.61/assets/unit_anim_native/assets/army_guardscavalry__ready_i0_all__edb9776430/manifest.json
3290	SOURCE_LEAN/EW4_Web_Port_v0.61/assets/unit_anim_native/assets/army_guardscavalry__ready_i0_all__efedbac43f/manifest.json
3522	SOURCE_LEAN/EW4_Web_Port_v0.61/assets/unit_anim_native/assets/army_guardscavalry__ready_i0_all__f32c6ad205/manifest.json
3518	SOURCE_LEAN/EW4_Web_Port_v0.61/assets/unit_anim_native/assets/army_guardscavalry__ready_i0_all__fd513c74ea/manifest.json
5945	SOURCE_LEAN/EW4_Web_Port_v0.61/assets/unit_anim_native/assets/army_guardscavalry__reload_i0_all__15613e5d2c/manifest.json
5945	SOURCE_LEAN/EW4_Web_Port_v0.61/assets/unit_anim_native/assets/army_guardscavalry__reload_i0_all__1ce645ed0e/manifest.json
6642	SOURCE_LEAN/EW4_Web_Port_v0.61/assets/unit_anim_native/assets/army_guardscavalry__reload_i0_all__376eff4489/manifest.json
6645	SOURCE_LEAN/EW4_Web_Port_v0.61/assets/unit_anim_native/assets/army_guardscavalry__reload_i0_all__3bece981dd/manifest.json
6648	SOURCE_LEAN/EW4_Web_Port_v0.61/assets/unit_anim_native/assets/army_guardscavalry__reload_i0_all__4dff30a8e5/manifest.json
5947	SOURCE_LEAN/EW4_Web_Port_v0.61/assets/unit_anim_native/assets/army_guardscavalry__reload_i0_all__54a705bad2/manifest.json
5948	SOURCE_LEAN/EW4_Web_Port_v0.61/assets/unit_anim_native/assets/army_guardscavalry__reload_i0_all__554b37bd74/manifest.json
5947	SOURCE_LEAN/EW4_Web_Port_v0.61/assets/unit_anim_native/assets/army_guardscavalry__reload_i0_all__55aedfde33/manifest.json
6646	SOURCE_LEAN/EW4_Web_Port_v0.61/assets/unit_anim_native/assets/army_guardscavalry__reload_i0_all__640192e70d/manifest.json
5945	SOURCE_LEAN/EW4_Web_Port_v0.61/assets/unit_anim_native/assets/army_guardscavalry__reload_i0_all__7849f1eb30/manifest.json
5941	SOURCE_LEAN/EW4_Web_Port_v0.61/assets/unit_anim_native/assets/army_guardscavalry__reload_i0_all__7c8336ba27/manifest.json
6646	SOURCE_LEAN/EW4_Web_Port_v0.61/assets/unit_anim_native/assets/army_guardscavalry__reload_i0_all__c0653db879/manifest.json
6649	SOURCE_LEAN/EW4_Web_Port_v0.61/assets/unit_anim_native/assets/army_guardscavalry__reload_i0_all__d6dc34c2ec/manifest.json
6649	SOURCE_LEAN/EW4_Web_Port_v0.61/assets/unit_anim_native/assets/army_guardscavalry__reload_i0_all__d76bc5612d/manifest.json
6648	SOURCE_LEAN/EW4_Web_Port_v0.61/assets/unit_anim_native/assets/army_guardscavalry__reload_i0_all__e49eccb883/manifest.json
5945	SOURCE_LEAN/EW4_Web_Port_v0.61/assets/unit_anim_native/assets/army_guardscavalry__reload_i0_all__e7833c8e68/manifest.json
5948	SOURCE_LEAN/EW4_Web_Port_v0.61/assets/unit_anim_native/assets/army_guardscavalry__reload_i0_all__e843b6b039/manifest.json
6647	SOURCE_LEAN/EW4_Web_Port_v0.61/assets/unit_anim_native/assets/army_guardscavalry__reload_i0_all__f7cbf33bc6/manifest.json
2008	SOURCE_LEAN/EW4_Web_Port_v0.61/assets/unit_anim_native/assets/army_guardscavalry__undoready_i0_all__039441d1a7/manifest.json
2000	SOURCE_LEAN/EW4_Web_Port_v0.61/assets/unit_anim_native/assets/army_guardscavalry__undoready_i0_all__0859d23404/manifest.json
2000	SOURCE_LEAN/EW4_Web_Port_v0.61/assets/unit_anim_native/assets/army_guardscavalry__undoready_i0_all__6e5ef36b81/manifest.json
2003	SOURCE_LEAN/EW4_Web_Port_v0.61/assets/unit_anim_native/assets/army_guardscavalry__undoready_i0_all__80356c52bc/manifest.json
2008	SOURCE_LEAN/EW4_Web_Port_v0.61/assets/unit_anim_native/assets/army_guardscavalry__undoready_i0_all__94a3ee585a/manifest.json
2003	SOURCE_LEAN/EW4_Web_Port_v0.61/assets/unit_anim_native/assets/army_guardscavalry__undoready_i0_all__a047469a9b/manifest.json
1996	SOURCE_LEAN/EW4_Web_Port_v0.61/assets/unit_anim_native/assets/army_guardscavalry__undoready_i0_all__a1c3a0b3f4/manifest.json
2008	SOURCE_LEAN/EW4_Web_Port_v0.61/assets/unit_anim_native/assets/army_guardscavalry__undoready_i0_all__a9ea9b354b/manifest.json
2001	SOURCE_LEAN/EW4_Web_Port_v0.61/assets/unit_anim_native/assets/army_guardscavalry__undoready_i0_all__b0f1e3eeb9/manifest.json
2006	SOURCE_LEAN/EW4_Web_Port_v0.61/assets/unit_anim_native/assets/army_guardscavalry__undoready_i0_all__bf3fc7503a/manifest.json
2005	SOURCE_LEAN/EW4_Web_Port_v0.61/assets/unit_anim_native/assets/army_guardscavalry__undoready_i0_all__c3ec3f5de6/manifest.json
2005	SOURCE_LEAN/EW4_Web_Port_v0.61/assets/unit_anim_native/assets/army_guardscavalry__undoready_i0_all__d00df11a2f/manifest.json
2001	SOURCE_LEAN/EW4_Web_Port_v0.61/assets/unit_anim_native/assets/army_guardscavalry__undoready_i0_all__d25a1b168c/manifest.json
2005	SOURCE_LEAN/EW4_Web_Port_v0.61/assets/unit_anim_native/assets/army_guardscavalry__undoready_i0_all__e95bd2c599/manifest.json
2004	SOURCE_LEAN/EW4_Web_Port_v0.61/assets/unit_anim_native/assets/army_guardscavalry__undoready_i0_all__edb74c7836/manifest.json
2004	SOURCE_LEAN/EW4_Web_Port_v0.61/assets/unit_anim_native/assets/army_guardscavalry__undoready_i0_all__f2a58e0b2c/manifest.json
2008	SOURCE_LEAN/EW4_Web_Port_v0.61/assets/unit_anim_native/assets/army_guardscavalry__undoready_i0_all__f2d34a6739/manifest.json
1999	SOURCE_LEAN/EW4_Web_Port_v0.61/assets/unit_anim_native/assets/army_guardscavalry__undoready_i0_all__f8a92d07b9/manifest.json
4403	SOURCE_LEAN/EW4_Web_Port_v0.61/assets/unit_anim_native/assets/army_heavycavalry__attack_i0_all__00de6a0397/manifest.json
4530	SOURCE_LEAN/EW4_Web_Port_v0.61/assets/unit_anim_native/assets/army_heavycavalry__attack_i0_all__075dadf0be/manifest.json
4403	SOURCE_LEAN/EW4_Web_Port_v0.61/assets/unit_anim_native/assets/army_heavycavalry__attack_i0_all__07634cdfb0/manifest.json
4418	SOURCE_LEAN/EW4_Web_Port_v0.61/assets/unit_anim_native/assets/army_heavycavalry__attack_i0_all__0ded654dc2/manifest.json
4313	SOURCE_LEAN/EW4_Web_Port_v0.61/assets/unit_anim_native/assets/army_heavycavalry__attack_i0_all__1c3d189837/manifest.json
4658	SOURCE_LEAN/EW4_Web_Port_v0.61/assets/unit_anim_native/assets/army_heavycavalry__attack_i0_all__1ff74b7644/manifest.json
4537	SOURCE_LEAN/EW4_Web_Port_v0.61/assets/unit_anim_native/assets/army_heavycavalry__attack_i0_all__2cd9696064/manifest.json
4662	SOURCE_LEAN/EW4_Web_Port_v0.61/assets/unit_anim_native/assets/army_heavycavalry__attack_i0_all__3f42c3fecf/manifest.json
4662	SOURCE_LEAN/EW4_Web_Port_v0.61/assets/unit_anim_native/assets/army_heavycavalry__attack_i0_all__4078bfa23c/manifest.json
4651	SOURCE_LEAN/EW4_Web_Port_v0.61/assets/unit_anim_native/assets/army_heavycavalry__attack_i0_all__69c31a8173/manifest.json
4662	SOURCE_LEAN/EW4_Web_Port_v0.61/assets/unit_anim_native/assets/army_heavycavalry__attack_i0_all__794489dd32/manifest.json
4651	SOURCE_LEAN/EW4_Web_Port_v0.61/assets/unit_anim_native/assets/army_heavycavalry__attack_i0_all__795b3571a8/manifest.json
4417	SOURCE_LEAN/EW4_Web_Port_v0.61/assets/unit_anim_native/assets/army_heavycavalry__attack_i0_all__7dfcae98ed/manifest.json
4418	SOURCE_LEAN/EW4_Web_Port_v0.61/assets/unit_anim_native/assets/army_heavycavalry__attack_i0_all__81be02e48a/manifest.json
4662	SOURCE_LEAN/EW4_Web_Port_v0.61/assets/unit_anim_native/assets/army_heavycavalry__attack_i0_all__8e8f6fe843/manifest.json
4421	SOURCE_LEAN/EW4_Web_Port_v0.61/assets/unit_anim_native/assets/army_heavycavalry__attack_i0_all__94bbdf444b/manifest.json
4418	SOURCE_LEAN/EW4_Web_Port_v0.61/assets/unit_anim_native/assets/army_heavycavalry__attack_i0_all__e4136fb23c/manifest.json
4665	SOURCE_LEAN/EW4_Web_Port_v0.61/assets/unit_anim_native/assets/army_heavycavalry__attack_i0_all__e8c8261f2e/manifest.json
1765	SOURCE_LEAN/EW4_Web_Port_v0.61/assets/unit_anim_native/assets/army_heavycavalry__finish_i0_all__06c0d61a1b/manifest.json
1772	SOURCE_LEAN/EW4_Web_Port_v0.61/assets/unit_anim_native/assets/army_heavycavalry__finish_i0_all__0e61ae8446/manifest.json
1765	SOURCE_LEAN/EW4_Web_Port_v0.61/assets/unit_anim_native/assets/army_heavycavalry__finish_i0_all__146c6613ed/manifest.json
1762	SOURCE_LEAN/EW4_Web_Port_v0.61/assets/unit_anim_native/assets/army_heavycavalry__finish_i0_all__1b681d3619/manifest.json
1762	SOURCE_LEAN/EW4_Web_Port_v0.61/assets/unit_anim_native/assets/army_heavycavalry__finish_i0_all__2ac5b01edd/manifest.json
1775	SOURCE_LEAN/EW4_Web_Port_v0.61/assets/unit_anim_native/assets/army_heavycavalry__finish_i0_all__2ec595e6f7/manifest.json
1775	SOURCE_LEAN/EW4_Web_Port_v0.61/assets/unit_anim_native/assets/army_heavycavalry__finish_i0_all__2f61e0d4b6/manifest.json
1765	SOURCE_LEAN/EW4_Web_Port_v0.61/assets/unit_anim_native/assets/army_heavycavalry__finish_i0_all__3daaceb08e/manifest.json
1765	SOURCE_LEAN/EW4_Web_Port_v0.61/assets/unit_anim_native/assets/army_heavycavalry__finish_i0_all__3e5ccbb02e/manifest.json
1762	SOURCE_LEAN/EW4_Web_Port_v0.61/assets/unit_anim_native/assets/army_heavycavalry__finish_i0_all__42b37465a7/manifest.json
1758	SOURCE_LEAN/EW4_Web_Port_v0.61/assets/unit_anim_native/assets/army_heavycavalry__finish_i0_all__42ef3ea955/manifest.json
1774	SOURCE_LEAN/EW4_Web_Port_v0.61/assets/unit_anim_native/assets/army_heavycavalry__finish_i0_all__67e34621bc/manifest.json
1771	SOURCE_LEAN/EW4_Web_Port_v0.61/assets/unit_anim_native/assets/army_heavycavalry__finish_i0_all__822516c76b/manifest.json
1768	SOURCE_LEAN/EW4_Web_Port_v0.61/assets/unit_anim_native/assets/army_heavycavalry__finish_i0_all__d62d90dce1/manifest.json
1772	SOURCE_LEAN/EW4_Web_Port_v0.61/assets/unit_anim_native/assets/army_heavycavalry__finish_i0_all__e4c5e178b5/manifest.json
1762	SOURCE_LEAN/EW4_Web_Port_v0.61/assets/unit_anim_native/assets/army_heavycavalry__finish_i0_all__edefd2d279/manifest.json
1774	SOURCE_LEAN/EW4_Web_Port_v0.61/assets/unit_anim_native/assets/army_heavycavalry__finish_i0_all__f3f541e079/manifest.json
1772	SOURCE_LEAN/EW4_Web_Port_v0.61/assets/unit_anim_native/assets/army_heavycavalry__finish_i0_all__f69794ac33/manifest.json
3415	SOURCE_LEAN/EW4_Web_Port_v0.61/assets/unit_anim_native/assets/army_heavycavalry__ready_i0_all__03b3ea2304/manifest.json
3787	SOURCE_LEAN/EW4_Web_Port_v0.61/assets/unit_anim_native/assets/army_heavycavalry__ready_i0_all__0cfe73e107/manifest.json
3338	SOURCE_LEAN/EW4_Web_Port_v0.61/assets/unit_anim_native/assets/army_heavycavalry__ready_i0_all__0e66c73686/manifest.json
3794	SOURCE_LEAN/EW4_Web_Port_v0.61/assets/unit_anim_native/assets/army_heavycavalry__ready_i0_all__2223ad0541/manifest.json
3345	SOURCE_LEAN/EW4_Web_Port_v0.61/assets/unit_anim_native/assets/army_heavycavalry__ready_i0_all__234ceb4ada/manifest.json
3342	SOURCE_LEAN/EW4_Web_Port_v0.61/assets/unit_anim_native/assets/army_heavycavalry__ready_i0_all__25130f4c0e/manifest.json
3791	SOURCE_LEAN/EW4_Web_Port_v0.61/assets/unit_anim_native/assets/army_heavycavalry__ready_i0_all__2874cd658c/manifest.json
3779	SOURCE_LEAN/EW4_Web_Port_v0.61/assets/unit_anim_native/assets/army_heavycavalry__ready_i0_all__3f4c995af2/manifest.json
3889	SOURCE_LEAN/EW4_Web_Port_v0.61/assets/unit_anim_native/assets/army_heavycavalry__ready_i0_all__4540a4de26/manifest.json
3888	SOURCE_LEAN/EW4_Web_Port_v0.61/assets/unit_anim_native/assets/army_heavycavalry__ready_i0_all__590a63d52a/manifest.json
3782	SOURCE_LEAN/EW4_Web_Port_v0.61/assets/unit_anim_native/assets/army_heavycavalry__ready_i0_all__6ecef4a1ac/manifest.json
3342	SOURCE_LEAN/EW4_Web_Port_v0.61/assets/unit_anim_native/assets/army_heavycavalry__ready_i0_all__8157f4ad4f/manifest.json
3339	SOURCE_LEAN/EW4_Web_Port_v0.61/assets/unit_anim_native/assets/army_heavycavalry__ready_i0_all__9527173485/manifest.json
3342	SOURCE_LEAN/EW4_Web_Port_v0.61/assets/unit_anim_native/assets/army_heavycavalry__ready_i0_all__9aa572ac95/manifest.json
3415	SOURCE_LEAN/EW4_Web_Port_v0.61/assets/unit_anim_native/assets/army_heavycavalry__ready_i0_all__acfa04e84b/manifest.json
3779	SOURCE_LEAN/EW4_Web_Port_v0.61/assets/unit_anim_native/assets/army_heavycavalry__ready_i0_all__d332feaafe/manifest.json
3802	SOURCE_LEAN/EW4_Web_Port_v0.61/assets/unit_anim_native/assets/army_heavycavalry__ready_i0_all__d5cd78a85d/manifest.json
3345	SOURCE_LEAN/EW4_Web_Port_v0.61/assets/unit_anim_native/assets/army_heavycavalry__ready_i0_all__e2b9393053/manifest.json
2035	SOURCE_LEAN/EW4_Web_Port_v0.61/assets/unit_anim_native/assets/army_heavycavalry__undoready_i0_all__319ffa644b/manifest.json
2034	SOURCE_LEAN/EW4_Web_Port_v0.61/assets/unit_anim_native/assets/army_heavycavalry__undoready_i0_all__339ce21d6f/manifest.json
2035	SOURCE_LEAN/EW4_Web_Port_v0.61/assets/unit_anim_native/assets/army_heavycavalry__undoready_i0_all__3b3c1b2f64/manifest.json
2028	SOURCE_LEAN/EW4_Web_Port_v0.61/assets/unit_anim_native/assets/army_heavycavalry__undoready_i0_all__3cbc0af614/manifest.json
2035	SOURCE_LEAN/EW4_Web_Port_v0.61/assets/unit_anim_native/assets/army_heavycavalry__undoready_i0_all__4604aebeae/manifest.json
2035	SOURCE_LEAN/EW4_Web_Port_v0.61/assets/unit_anim_native/assets/army_heavycavalry__undoready_i0_all__505fba968d/manifest.json
2034	SOURCE_LEAN/EW4_Web_Port_v0.61/assets/unit_anim_native/assets/army_heavycavalry__undoready_i0_all__5420d11017/manifest.json
2028	SOURCE_LEAN/EW4_Web_Port_v0.61/assets/unit_anim_native/assets/army_heavycavalry__undoready_i0_all__5e1841b5ec/manifest.json
2032	SOURCE_LEAN/EW4_Web_Port_v0.61/assets/unit_anim_native/assets/army_heavycavalry__undoready_i0_all__68d1b5bc6d/manifest.json
2032	SOURCE_LEAN/EW4_Web_Port_v0.61/assets/unit_anim_native/assets/army_heavycavalry__undoready_i0_all__766d6d886b/manifest.json
2032	SOURCE_LEAN/EW4_Web_Port_v0.61/assets/unit_anim_native/assets/army_heavycavalry__undoready_i0_all__7b2f223f34/manifest.json
2032	SOURCE_LEAN/EW4_Web_Port_v0.61/assets/unit_anim_native/assets/army_heavycavalry__undoready_i0_all__95ad59ccad/manifest.json
2032	SOURCE_LEAN/EW4_Web_Port_v0.61/assets/unit_anim_native/assets/army_heavycavalry__undoready_i0_all__b8cb79ac4c/manifest.json
2035	SOURCE_LEAN/EW4_Web_Port_v0.61/assets/unit_anim_native/assets/army_heavycavalry__undoready_i0_all__bb297c72ba/manifest.json
2032	SOURCE_LEAN/EW4_Web_Port_v0.61/assets/unit_anim_native/assets/army_heavycavalry__undoready_i0_all__d9fb50d4f1/manifest.json
2035	SOURCE_LEAN/EW4_Web_Port_v0.61/assets/unit_anim_native/assets/army_heavycavalry__undoready_i0_all__ed9b114de1/manifest.json
2032	SOURCE_LEAN/EW4_Web_Port_v0.61/assets/unit_anim_native/assets/army_heavycavalry__undoready_i0_all__f08d03dc96/manifest.json
2032	SOURCE_LEAN/EW4_Web_Port_v0.61/assets/unit_anim_native/assets/army_heavycavalry__undoready_i0_all__f83fb3f2ed/manifest.json
4064	SOURCE_LEAN/EW4_Web_Port_v0.61/assets/unit_anim_native/assets/army_lightcavalry__attack_i0_all__092e5f5a03/manifest.json
4062	SOURCE_LEAN/EW4_Web_Port_v0.61/assets/unit_anim_native/assets/army_lightcavalry__attack_i0_all__0c18b68350/manifest.json
4452	SOURCE_LEAN/EW4_Web_Port_v0.61/assets/unit_anim_native/assets/army_lightcavalry__attack_i0_all__0ed2e00674/manifest.json
4064	SOURCE_LEAN/EW4_Web_Port_v0.61/assets/unit_anim_native/assets/army_lightcavalry__attack_i0_all__17c3bdc7bd/manifest.json
4436	SOURCE_LEAN/EW4_Web_Port_v0.61/assets/unit_anim_native/assets/army_lightcavalry__attack_i0_all__2d01bab3e5/manifest.json
4071	SOURCE_LEAN/EW4_Web_Port_v0.61/assets/unit_anim_native/assets/army_lightcavalry__attack_i0_all__3dade804c2/manifest.json
4455	SOURCE_LEAN/EW4_Web_Port_v0.61/assets/unit_anim_native/assets/army_lightcavalry__attack_i0_all__5e914687ab/manifest.json
4067	SOURCE_LEAN/EW4_Web_Port_v0.61/assets/unit_anim_native/assets/army_lightcavalry__attack_i0_all__6048c9c820/manifest.json
4069	SOURCE_LEAN/EW4_Web_Port_v0.61/assets/unit_anim_native/assets/army_lightcavalry__attack_i0_all__6b2dfc00c6/manifest.json
4062	SOURCE_LEAN/EW4_Web_Port_v0.61/assets/unit_anim_native/assets/army_lightcavalry__attack_i0_all__6c11a7fa99/manifest.json
4460	SOURCE_LEAN/EW4_Web_Port_v0.61/assets/unit_anim_native/assets/army_lightcavalry__attack_i0_all__77df43dc92/manifest.json
4456	SOURCE_LEAN/EW4_Web_Port_v0.61/assets/unit_anim_native/assets/army_lightcavalry__attack_i0_all__7c36a5ac85/manifest.json
4065	SOURCE_LEAN/EW4_Web_Port_v0.61/assets/unit_anim_native/assets/army_lightcavalry__attack_i0_all__943cd5075f/manifest.json
4448	SOURCE_LEAN/EW4_Web_Port_v0.61/assets/unit_anim_native/assets/army_lightcavalry__attack_i0_all__9b3d95644d/manifest.json
4459	SOURCE_LEAN/EW4_Web_Port_v0.61/assets/unit_anim_native/assets/army_lightcavalry__attack_i0_all__9d1e2d5d0a/manifest.json
4459	SOURCE_LEAN/EW4_Web_Port_v0.61/assets/unit_anim_native/assets/army_lightcavalry__attack_i0_all__ae037379d1/manifest.json
4069	SOURCE_LEAN/EW4_Web_Port_v0.61/assets/unit_anim_native/assets/army_lightcavalry__attack_i0_all__aed66d8f91/manifest.json
4459	SOURCE_LEAN/EW4_Web_Port_v0.61/assets/unit_anim_native/assets/army_lightcavalry__attack_i0_all__e1990e4482/manifest.json
1726	SOURCE_LEAN/EW4_Web_Port_v0.61/assets/unit_anim_native/assets/army_lightcavalry__finish_i0_all__09e9cbbd27/manifest.json
1723	SOURCE_LEAN/EW4_Web_Port_v0.61/assets/unit_anim_native/assets/army_lightcavalry__finish_i0_all__309c6ce878/manifest.json
1723	SOURCE_LEAN/EW4_Web_Port_v0.61/assets/unit_anim_native/assets/army_lightcavalry__finish_i0_all__337f4f367b/manifest.json
1777	SOURCE_LEAN/EW4_Web_Port_v0.61/assets/unit_anim_native/assets/army_lightcavalry__finish_i0_all__4b57b9ecb9/manifest.json
1722	SOURCE_LEAN/EW4_Web_Port_v0.61/assets/unit_anim_native/assets/army_lightcavalry__finish_i0_all__4d9dfee178/manifest.json
1719	SOURCE_LEAN/EW4_Web_Port_v0.61/assets/unit_anim_native/assets/army_lightcavalry__finish_i0_all__5fb4bdf890/manifest.json
1725	SOURCE_LEAN/EW4_Web_Port_v0.61/assets/unit_anim_native/assets/army_lightcavalry__finish_i0_all__6cfa482b01/manifest.json
1726	SOURCE_LEAN/EW4_Web_Port_v0.61/assets/unit_anim_native/assets/army_lightcavalry__finish_i0_all__6e2465cfcb/manifest.json
1774	SOURCE_LEAN/EW4_Web_Port_v0.61/assets/unit_anim_native/assets/army_lightcavalry__finish_i0_all__a036ad6582/manifest.json
1723	SOURCE_LEAN/EW4_Web_Port_v0.61/assets/unit_anim_native/assets/army_lightcavalry__finish_i0_all__a51360d46d/manifest.json
1774	SOURCE_LEAN/EW4_Web_Port_v0.61/assets/unit_anim_native/assets/army_lightcavalry__finish_i0_all__a56acf0e1c/manifest.json
1774	SOURCE_LEAN/EW4_Web_Port_v0.61/assets/unit_anim_native/assets/army_lightcavalry__finish_i0_all__bc8582711e/manifest.json
1774	SOURCE_LEAN/EW4_Web_Port_v0.61/assets/unit_anim_native/assets/army_lightcavalry__finish_i0_all__c920acda6f/manifest.json
1770	SOURCE_LEAN/EW4_Web_Port_v0.61/assets/unit_anim_native/assets/army_lightcavalry__finish_i0_all__c9b268420a/manifest.json
1777	SOURCE_LEAN/EW4_Web_Port_v0.61/assets/unit_anim_native/assets/army_lightcavalry__finish_i0_all__db94065ac7/manifest.json
1777	SOURCE_LEAN/EW4_Web_Port_v0.61/assets/unit_anim_native/assets/army_lightcavalry__finish_i0_all__e4aa16cd96/manifest.json
1777	SOURCE_LEAN/EW4_Web_Port_v0.61/assets/unit_anim_native/assets/army_lightcavalry__finish_i0_all__f0f83fa091/manifest.json
1725	SOURCE_LEAN/EW4_Web_Port_v0.61/assets/unit_anim_native/assets/army_lightcavalry__finish_i0_all__ff0e5a9f22/manifest.json
3617	SOURCE_LEAN/EW4_Web_Port_v0.61/assets/unit_anim_native/assets/army_lightcavalry__ready_i0_all__0991d7daac/manifest.json
3625	SOURCE_LEAN/EW4_Web_Port_v0.61/assets/unit_anim_native/assets/army_lightcavalry__ready_i0_all__0c140da3f2/manifest.json
3391	SOURCE_LEAN/EW4_Web_Port_v0.61/assets/unit_anim_native/assets/army_lightcavalry__ready_i0_all__0c6dd9c7e5/manifest.json
3621	SOURCE_LEAN/EW4_Web_Port_v0.61/assets/unit_anim_native/assets/army_lightcavalry__ready_i0_all__14bd544093/manifest.json
3388	SOURCE_LEAN/EW4_Web_Port_v0.61/assets/unit_anim_native/assets/army_lightcavalry__ready_i0_all__1cbc1b4906/manifest.json
3622	SOURCE_LEAN/EW4_Web_Port_v0.61/assets/unit_anim_native/assets/army_lightcavalry__ready_i0_all__1e7506d526/manifest.json
3620	SOURCE_LEAN/EW4_Web_Port_v0.61/assets/unit_anim_native/assets/army_lightcavalry__ready_i0_all__29d9eb70db/manifest.json
3390	SOURCE_LEAN/EW4_Web_Port_v0.61/assets/unit_anim_native/assets/army_lightcavalry__ready_i0_all__3538a5caad/manifest.json
3385	SOURCE_LEAN/EW4_Web_Port_v0.61/assets/unit_anim_native/assets/army_lightcavalry__ready_i0_all__35c8082545/manifest.json
3381	SOURCE_LEAN/EW4_Web_Port_v0.61/assets/unit_anim_native/assets/army_lightcavalry__ready_i0_all__3627dcea32/manifest.json
3613	SOURCE_LEAN/EW4_Web_Port_v0.61/assets/unit_anim_native/assets/army_lightcavalry__ready_i0_all__555f3ce438/manifest.json
3388	SOURCE_LEAN/EW4_Web_Port_v0.61/assets/unit_anim_native/assets/army_lightcavalry__ready_i0_all__56243f7816/manifest.json
3391	SOURCE_LEAN/EW4_Web_Port_v0.61/assets/unit_anim_native/assets/army_lightcavalry__ready_i0_all__7240af2d3e/manifest.json
3624	SOURCE_LEAN/EW4_Web_Port_v0.61/assets/unit_anim_native/assets/army_lightcavalry__ready_i0_all__9249bde6b3/manifest.json
3393	SOURCE_LEAN/EW4_Web_Port_v0.61/assets/unit_anim_native/assets/army_lightcavalry__ready_i0_all__b16dccb4c3/manifest.json
3624	SOURCE_LEAN/EW4_Web_Port_v0.61/assets/unit_anim_native/assets/army_lightcavalry__ready_i0_all__b64aa66804/manifest.json
3620	SOURCE_LEAN/EW4_Web_Port_v0.61/assets/unit_anim_native/assets/army_lightcavalry__ready_i0_all__bda15c4518/manifest.json
3389	SOURCE_LEAN/EW4_Web_Port_v0.61/assets/unit_anim_native/assets/army_lightcavalry__ready_i0_all__e95c6189e0/manifest.json
2027	SOURCE_LEAN/EW4_Web_Port_v0.61/assets/unit_anim_native/assets/army_lightcavalry__undoready_i0_all__1049420eb1/manifest.json
2028	SOURCE_LEAN/EW4_Web_Port_v0.61/assets/unit_anim_native/assets/army_lightcavalry__undoready_i0_all__2bbe67f802/manifest.json
2028	SOURCE_LEAN/EW4_Web_Port_v0.61/assets/unit_anim_native/assets/army_lightcavalry__undoready_i0_all__55fba158fa/manifest.json
2028	SOURCE_LEAN/EW4_Web_Port_v0.61/assets/unit_anim_native/assets/army_lightcavalry__undoready_i0_all__654c6f7e86/manifest.json
2026	SOURCE_LEAN/EW4_Web_Port_v0.61/assets/unit_anim_native/assets/army_lightcavalry__undoready_i0_all__662a938d91/manifest.json
2025	SOURCE_LEAN/EW4_Web_Port_v0.61/assets/unit_anim_native/assets/army_lightcavalry__undoready_i0_all__6800cfd1ce/manifest.json
2026	SOURCE_LEAN/EW4_Web_Port_v0.61/assets/unit_anim_native/assets/army_lightcavalry__undoready_i0_all__7aa54f8596/manifest.json
2025	SOURCE_LEAN/EW4_Web_Port_v0.61/assets/unit_anim_native/assets/army_lightcavalry__undoready_i0_all__9ebb6a6dc0/manifest.json
2025	SOURCE_LEAN/EW4_Web_Port_v0.61/assets/unit_anim_native/assets/army_lightcavalry__undoready_i0_all__a576bf1b92/manifest.json
2021	SOURCE_LEAN/EW4_Web_Port_v0.61/assets/unit_anim_native/assets/army_lightcavalry__undoready_i0_all__c1fc2e4523/manifest.json
2025	SOURCE_LEAN/EW4_Web_Port_v0.61/assets/unit_anim_native/assets/army_lightcavalry__undoready_i0_all__cab688cc57/manifest.json
2028	SOURCE_LEAN/EW4_Web_Port_v0.61/assets/unit_anim_native/assets/army_lightcavalry__undoready_i0_all__ccf77d8a55/manifest.json
2025	SOURCE_LEAN/EW4_Web_Port_v0.61/assets/unit_anim_native/assets/army_lightcavalry__undoready_i0_all__cea08a965c/manifest.json
2028	SOURCE_LEAN/EW4_Web_Port_v0.61/assets/unit_anim_native/assets/army_lightcavalry__undoready_i0_all__dd8ffbd80c/manifest.json
2021	SOURCE_LEAN/EW4_Web_Port_v0.61/assets/unit_anim_native/assets/army_lightcavalry__undoready_i0_all__e0367cec30/manifest.json
2025	SOURCE_LEAN/EW4_Web_Port_v0.61/assets/unit_anim_native/assets/army_lightcavalry__undoready_i0_all__e5c3a25da6/manifest.json
2027	SOURCE_LEAN/EW4_Web_Port_v0.61/assets/unit_anim_native/assets/army_lightcavalry__undoready_i0_all__e8f3cdfcf6/manifest.json
2028	SOURCE_LEAN/EW4_Web_Port_v0.61/assets/unit_anim_native/assets/army_lightcavalry__undoready_i0_all__fb216d79eb/manifest.json
4773	SOURCE_LEAN/EW4_Web_Port_v0.61/assets/unit_anim_native/assets/army_lightinfantry__attack_i0_all__0a3bd3d52f/manifest.json
4318	SOURCE_LEAN/EW4_Web_Port_v0.61/assets/unit_anim_native/assets/army_lightinfantry__attack_i0_all__19b0d77e37/manifest.json
4324	SOURCE_LEAN/EW4_Web_Port_v0.61/assets/unit_anim_native/assets/army_lightinfantry__attack_i0_all__1d7ad47ee5/manifest.json
4318	SOURCE_LEAN/EW4_Web_Port_v0.61/assets/unit_anim_native/assets/army_lightinfantry__attack_i0_all__25a1b61121/manifest.json
4325	SOURCE_LEAN/EW4_Web_Port_v0.61/assets/unit_anim_native/assets/army_lightinfantry__attack_i0_all__469632d970/manifest.json
4781	SOURCE_LEAN/EW4_Web_Port_v0.61/assets/unit_anim_native/assets/army_lightinfantry__attack_i0_all__498b4841ed/manifest.json
4776	SOURCE_LEAN/EW4_Web_Port_v0.61/assets/unit_anim_native/assets/army_lightinfantry__attack_i0_all__5311340b85/manifest.json
4320	SOURCE_LEAN/EW4_Web_Port_v0.61/assets/unit_anim_native/assets/army_lightinfantry__attack_i0_all__5962a81081/manifest.json
4548	SOURCE_LEAN/EW4_Web_Port_v0.61/assets/unit_anim_native/assets/army_lightinfantry__attack_i0_all__59b25182a3/manifest.json
4322	SOURCE_LEAN/EW4_Web_Port_v0.61/assets/unit_anim_native/assets/army_lightinfantry__attack_i0_all__656ed538a3/manifest.json
4325	SOURCE_LEAN/EW4_Web_Port_v0.61/assets/unit_anim_native/assets/army_lightinfantry__attack_i0_all__6c504e6140/manifest.json
4551	SOURCE_LEAN/EW4_Web_Port_v0.61/assets/unit_anim_native/assets/army_lightinfantry__attack_i0_all__700928849d/manifest.json
4546	SOURCE_LEAN/EW4_Web_Port_v0.61/assets/unit_anim_native/assets/army_lightinfantry__attack_i0_all__72e9e2a689/manifest.json
4550	SOURCE_LEAN/EW4_Web_Port_v0.61/assets/unit_anim_native/assets/army_lightinfantry__attack_i0_all__79e151d31e/manifest.json
4779	SOURCE_LEAN/EW4_Web_Port_v0.61/assets/unit_anim_native/assets/army_lightinfantry__attack_i0_all__7a29617cc1/manifest.json
4544	SOURCE_LEAN/EW4_Web_Port_v0.61/assets/unit_anim_native/assets/army_lightinfantry__attack_i0_all__8615bb843d/manifest.json
4774	SOURCE_LEAN/EW4_Web_Port_v0.61/assets/unit_anim_native/assets/army_lightinfantry__attack_i0_all__88b32c79d6/manifest.json
4782	SOURCE_LEAN/EW4_Web_Port_v0.61/assets/unit_anim_native/assets/army_lightinfantry__attack_i0_all__8d9b5b22f3/manifest.json
4322	SOURCE_LEAN/EW4_Web_Port_v0.61/assets/unit_anim_native/assets/army_lightinfantry__attack_i0_all__b23e4afcdb/manifest.json
4548	SOURCE_LEAN/EW4_Web_Port_v0.61/assets/unit_anim_native/assets/army_lightinfantry__attack_i0_all__bc971380c6/manifest.json
4778	SOURCE_LEAN/EW4_Web_Port_v0.61/assets/unit_anim_native/assets/army_lightinfantry__attack_i0_all__d873820b5d/manifest.json
4774	SOURCE_LEAN/EW4_Web_Port_v0.61/assets/unit_anim_native/assets/army_lightinfantry__attack_i0_all__dcf5a4609f/manifest.json
4545	SOURCE_LEAN/EW4_Web_Port_v0.61/assets/unit_anim_native/assets/army_lightinfantry__attack_i0_all__e0af391b59/manifest.json
4550	SOURCE_LEAN/EW4_Web_Port_v0.61/assets/unit_anim_native/assets/army_lightinfantry__attack_i0_all__ec677de3a6/manifest.json
4316	SOURCE_LEAN/EW4_Web_Port_v0.61/assets/unit_anim_native/assets/army_lightinfantry__attack_i0_all__ed243a1502/manifest.json
4781	SOURCE_LEAN/EW4_Web_Port_v0.61/assets/unit_anim_native/assets/army_lightinfantry__attack_i0_all__f1724a1a07/manifest.json
4541	SOURCE_LEAN/EW4_Web_Port_v0.61/assets/unit_anim_native/assets/army_lightinfantry__attack_i0_all__fe514e3944/manifest.json
3621	SOURCE_LEAN/EW4_Web_Port_v0.61/assets/unit_anim_native/assets/army_lightinfantry__finish_i0_all__0359433d0d/manifest.json
3637	SOURCE_LEAN/EW4_Web_Port_v0.61/assets/unit_anim_native/assets/army_lightinfantry__finish_i0_all__047e9dbab9/manifest.json
3641	SOURCE_LEAN/EW4_Web_Port_v0.61/assets/unit_anim_native/assets/army_lightinfantry__finish_i0_all__19d3938702/manifest.json
3627	SOURCE_LEAN/EW4_Web_Port_v0.61/assets/unit_anim_native/assets/army_lightinfantry__finish_i0_all__2a1bfe2bb7/manifest.json
3646	SOURCE_LEAN/EW4_Web_Port_v0.61/assets/unit_anim_native/assets/army_lightinfantry__finish_i0_all__2c0f4c92d9/manifest.json
3630	SOURCE_LEAN/EW4_Web_Port_v0.61/assets/unit_anim_native/assets/army_lightinfantry__finish_i0_all__31f3733291/manifest.json
3647	SOURCE_LEAN/EW4_Web_Port_v0.61/assets/unit_anim_native/assets/army_lightinfantry__finish_i0_all__360a5eba68/manifest.json
3624	SOURCE_LEAN/EW4_Web_Port_v0.61/assets/unit_anim_native/assets/army_lightinfantry__finish_i0_all__46d2a191a0/manifest.json
3618	SOURCE_LEAN/EW4_Web_Port_v0.61/assets/unit_anim_native/assets/army_lightinfantry__finish_i0_all__494e7790e3/manifest.json
3630	SOURCE_LEAN/EW4_Web_Port_v0.61/assets/unit_anim_native/assets/army_lightinfantry__finish_i0_all__6bf0b04b22/manifest.json
3627	SOURCE_LEAN/EW4_Web_Port_v0.61/assets/unit_anim_native/assets/army_lightinfantry__finish_i0_all__6c3d8376e8/manifest.json
3633	SOURCE_LEAN/EW4_Web_Port_v0.61/assets/unit_anim_native/assets/army_lightinfantry__finish_i0_all__6f2cfbab6f/manifest.json
3638	SOURCE_LEAN/EW4_Web_Port_v0.61/assets/unit_anim_native/assets/army_lightinfantry__finish_i0_all__7079e994c6/manifest.json
3641	SOURCE_LEAN/EW4_Web_Port_v0.61/assets/unit_anim_native/assets/army_lightinfantry__finish_i0_all__81f195899d/manifest.json
3616	SOURCE_LEAN/EW4_Web_Port_v0.61/assets/unit_anim_native/assets/army_lightinfantry__finish_i0_all__a333836cb0/manifest.json
3617	SOURCE_LEAN/EW4_Web_Port_v0.61/assets/unit_anim_native/assets/army_lightinfantry__finish_i0_all__a9a891b537/manifest.json
3616	SOURCE_LEAN/EW4_Web_Port_v0.61/assets/unit_anim_native/assets/army_lightinfantry__finish_i0_all__b01fba1205/manifest.json
3618	SOURCE_LEAN/EW4_Web_Port_v0.61/assets/unit_anim_native/assets/army_lightinfantry__finish_i0_all__b30b140625/manifest.json
3640	SOURCE_LEAN/EW4_Web_Port_v0.61/assets/unit_anim_native/assets/army_lightinfantry__finish_i0_all__b56d00ac0c/manifest.json
3626	SOURCE_LEAN/EW4_Web_Port_v0.61/assets/unit_anim_native/assets/army_lightinfantry__finish_i0_all__ba62eb1664/manifest.json
3619	SOURCE_LEAN/EW4_Web_Port_v0.61/assets/unit_anim_native/assets/army_lightinfantry__finish_i0_all__c191e5f9d5/manifest.json
3641	SOURCE_LEAN/EW4_Web_Port_v0.61/assets/unit_anim_native/assets/army_lightinfantry__finish_i0_all__cc4d251f4e/manifest.json
3625	SOURCE_LEAN/EW4_Web_Port_v0.61/assets/unit_anim_native/assets/army_lightinfantry__finish_i0_all__e4a143682f/manifest.json
3639	SOURCE_LEAN/EW4_Web_Port_v0.61/assets/unit_anim_native/assets/army_lightinfantry__finish_i0_all__f42795d290/manifest.json
3618	SOURCE_LEAN/EW4_Web_Port_v0.61/assets/unit_anim_native/assets/army_lightinfantry__finish_i0_all__fe21abf86a/manifest.json
3630	SOURCE_LEAN/EW4_Web_Port_v0.61/assets/unit_anim_native/assets/army_lightinfantry__finish_i0_all__fe5d14a48f/manifest.json
3629	SOURCE_LEAN/EW4_Web_Port_v0.61/assets/unit_anim_native/assets/army_lightinfantry__finish_i0_all__ff021fc365/manifest.json
2135	SOURCE_LEAN/EW4_Web_Port_v0.61/assets/unit_anim_native/assets/army_lightinfantry__ready_i0_all__0550fa54ff/manifest.json
2127	SOURCE_LEAN/EW4_Web_Port_v0.61/assets/unit_anim_native/assets/army_lightinfantry__ready_i0_all__0ab298de73/manifest.json
2128	SOURCE_LEAN/EW4_Web_Port_v0.61/assets/unit_anim_native/assets/army_lightinfantry__ready_i0_all__10dede22c2/manifest.json
2128	SOURCE_LEAN/EW4_Web_Port_v0.61/assets/unit_anim_native/assets/army_lightinfantry__ready_i0_all__183a447159/manifest.json
2128	SOURCE_LEAN/EW4_Web_Port_v0.61/assets/unit_anim_native/assets/army_lightinfantry__ready_i0_all__1a53f62bdf/manifest.json
2134	SOURCE_LEAN/EW4_Web_Port_v0.61/assets/unit_anim_native/assets/army_lightinfantry__ready_i0_all__21fd50bb03/manifest.json
2132	SOURCE_LEAN/EW4_Web_Port_v0.61/assets/unit_anim_native/assets/army_lightinfantry__ready_i0_all__3438ea14e0/manifest.json
2127	SOURCE_LEAN/EW4_Web_Port_v0.61/assets/unit_anim_native/assets/army_lightinfantry__ready_i0_all__4c22553ecd/manifest.json
2123	SOURCE_LEAN/EW4_Web_Port_v0.61/assets/unit_anim_native/assets/army_lightinfantry__ready_i0_all__5d4411cbc7/manifest.json
2129	SOURCE_LEAN/EW4_Web_Port_v0.61/assets/unit_anim_native/assets/army_lightinfantry__ready_i0_all__5e01e4e678/manifest.json
2132	SOURCE_LEAN/EW4_Web_Port_v0.61/assets/unit_anim_native/assets/army_lightinfantry__ready_i0_all__619df21d5c/manifest.json
2132	SOURCE_LEAN/EW4_Web_Port_v0.61/assets/unit_anim_native/assets/army_lightinfantry__ready_i0_all__66e4c0b8cc/manifest.json
2134	SOURCE_LEAN/EW4_Web_Port_v0.61/assets/unit_anim_native/assets/army_lightinfantry__ready_i0_all__7610782103/manifest.json
2135	SOURCE_LEAN/EW4_Web_Port_v0.61/assets/unit_anim_native/assets/army_lightinfantry__ready_i0_all__a6dadaffb3/manifest.json
2129	SOURCE_LEAN/EW4_Web_Port_v0.61/assets/unit_anim_native/assets/army_lightinfantry__ready_i0_all__bfe6eff59a/manifest.json
2130	SOURCE_LEAN/EW4_Web_Port_v0.61/assets/unit_anim_native/assets/army_lightinfantry__ready_i0_all__c6c3e881af/manifest.json
2128	SOURCE_LEAN/EW4_Web_Port_v0.61/assets/unit_anim_native/assets/army_lightinfantry__ready_i0_all__ce7262622e/manifest.json
2126	SOURCE_LEAN/EW4_Web_Port_v0.61/assets/unit_anim_native/assets/army_lightinfantry__ready_i0_all__cf8f1762d3/manifest.json
2130	SOURCE_LEAN/EW4_Web_Port_v0.61/assets/unit_anim_native/assets/army_lightinfantry__ready_i0_all__de3e0e16be/manifest.json
2127	SOURCE_LEAN/EW4_Web_Port_v0.61/assets/unit_anim_native/assets/army_lightinfantry__ready_i0_all__df99c25a81/manifest.json
2131	SOURCE_LEAN/EW4_Web_Port_v0.61/assets/unit_anim_native/assets/army_lightinfantry__ready_i0_all__e436ca1a25/manifest.json
2123	SOURCE_LEAN/EW4_Web_Port_v0.61/assets/unit_anim_native/assets/army_lightinfantry__ready_i0_all__ead926775f/manifest.json
2127	SOURCE_LEAN/EW4_Web_Port_v0.61/assets/unit_anim_native/assets/army_lightinfantry__ready_i0_all__eb463729e5/manifest.json
2125	SOURCE_LEAN/EW4_Web_Port_v0.61/assets/unit_anim_native/assets/army_lightinfantry__ready_i0_all__eca7dd60ec/manifest.json
2125	SOURCE_LEAN/EW4_Web_Port_v0.61/assets/unit_anim_native/assets/army_lightinfantry__ready_i0_all__f053f0666a/manifest.json
2130	SOURCE_LEAN/EW4_Web_Port_v0.61/assets/unit_anim_native/assets/army_lightinfantry__ready_i0_all__f16c2f82c7/manifest.json
2130	SOURCE_LEAN/EW4_Web_Port_v0.61/assets/unit_anim_native/assets/army_lightinfantry__ready_i0_all__fe3d775c4c/manifest.json
6404	SOURCE_LEAN/EW4_Web_Port_v0.61/assets/unit_anim_native/assets/army_lightinfantry__reload_i0_all__01adf79893/manifest.json
6403	SOURCE_LEAN/EW4_Web_Port_v0.61/assets/unit_anim_native/assets/army_lightinfantry__reload_i0_all__060856c551/manifest.json
6376	SOURCE_LEAN/EW4_Web_Port_v0.61/assets/unit_anim_native/assets/army_lightinfantry__reload_i0_all__1129b126bf/manifest.json
6875	SOURCE_LEAN/EW4_Web_Port_v0.61/assets/unit_anim_native/assets/army_lightinfantry__reload_i0_all__246eb5cc2b/manifest.json
6361	SOURCE_LEAN/EW4_Web_Port_v0.61/assets/unit_anim_native/assets/army_lightinfantry__reload_i0_all__360a115817/manifest.json
6400	SOURCE_LEAN/EW4_Web_Port_v0.61/assets/unit_anim_native/assets/army_lightinfantry__reload_i0_all__3fb2383c5f/manifest.json
6392	SOURCE_LEAN/EW4_Web_Port_v0.61/assets/unit_anim_native/assets/army_lightinfantry__reload_i0_all__4e168dddd8/manifest.json
6403	SOURCE_LEAN/EW4_Web_Port_v0.61/assets/unit_anim_native/assets/army_lightinfantry__reload_i0_all__5465496f85/manifest.json
6413	SOURCE_LEAN/EW4_Web_Port_v0.61/assets/unit_anim_native/assets/army_lightinfantry__reload_i0_all__5c93e565b6/manifest.json
6392	SOURCE_LEAN/EW4_Web_Port_v0.61/assets/unit_anim_native/assets/army_lightinfantry__reload_i0_all__6263ada630/manifest.json
6873	SOURCE_LEAN/EW4_Web_Port_v0.61/assets/unit_anim_native/assets/army_lightinfantry__reload_i0_all__740b368f52/manifest.json
6796	SOURCE_LEAN/EW4_Web_Port_v0.61/assets/unit_anim_native/assets/army_lightinfantry__reload_i0_all__7ba0f2535c/manifest.json
6877	SOURCE_LEAN/EW4_Web_Port_v0.61/assets/unit_anim_native/assets/army_lightinfantry__reload_i0_all__81a73bfe72/manifest.json
6877	SOURCE_LEAN/EW4_Web_Port_v0.61/assets/unit_anim_native/assets/army_lightinfantry__reload_i0_all__97413987cf/manifest.json
6440	SOURCE_LEAN/EW4_Web_Port_v0.61/assets/unit_anim_native/assets/army_lightinfantry__reload_i0_all__97a990c7fe/manifest.json
6403	SOURCE_LEAN/EW4_Web_Port_v0.61/assets/unit_anim_native/assets/army_lightinfantry__reload_i0_all__9ee8bfd92f/manifest.json
6374	SOURCE_LEAN/EW4_Web_Port_v0.61/assets/unit_anim_native/assets/army_lightinfantry__reload_i0_all__a45a00a5a0/manifest.json
6874	SOURCE_LEAN/EW4_Web_Port_v0.61/assets/unit_anim_native/assets/army_lightinfantry__reload_i0_all__a50464371c/manifest.json
6403	SOURCE_LEAN/EW4_Web_Port_v0.61/assets/unit_anim_native/assets/army_lightinfantry__reload_i0_all__ab553885b4/manifest.json
6389	SOURCE_LEAN/EW4_Web_Port_v0.61/assets/unit_anim_native/assets/army_lightinfantry__reload_i0_all__b2a37a9294/manifest.json
6871	SOURCE_LEAN/EW4_Web_Port_v0.61/assets/unit_anim_native/assets/army_lightinfantry__reload_i0_all__bfcd0944d0/manifest.json
6400	SOURCE_LEAN/EW4_Web_Port_v0.61/assets/unit_anim_native/assets/army_lightinfantry__reload_i0_all__c46401f92c/manifest.json
6394	SOURCE_LEAN/EW4_Web_Port_v0.61/assets/unit_anim_native/assets/army_lightinfantry__reload_i0_all__c63cf6d5bf/manifest.json
6878	SOURCE_LEAN/EW4_Web_Port_v0.61/assets/unit_anim_native/assets/army_lightinfantry__reload_i0_all__d024de254c/manifest.json
6876	SOURCE_LEAN/EW4_Web_Port_v0.61/assets/unit_anim_native/assets/army_lightinfantry__reload_i0_all__ea3c13260e/manifest.json
6399	SOURCE_LEAN/EW4_Web_Port_v0.61/assets/unit_anim_native/assets/army_lightinfantry__reload_i0_all__f235629e9d/manifest.json
6390	SOURCE_LEAN/EW4_Web_Port_v0.61/assets/unit_anim_native/assets/army_lightinfantry__reload_i0_all__f9b5d56669/manifest.json
5018	SOURCE_LEAN/EW4_Web_Port_v0.61/assets/unit_anim_native/assets/army_lineinfantry__attack_i0_all__0d15af1c95/manifest.json
5012	SOURCE_LEAN/EW4_Web_Port_v0.61/assets/unit_anim_native/assets/army_lineinfantry__attack_i0_all__0ef7b7973d/manifest.json
4660	SOURCE_LEAN/EW4_Web_Port_v0.61/assets/unit_anim_native/assets/army_lineinfantry__attack_i0_all__1853d296d9/manifest.json
5014	SOURCE_LEAN/EW4_Web_Port_v0.61/assets/unit_anim_native/assets/army_lineinfantry__attack_i0_all__18c95f2496/manifest.json
4659	SOURCE_LEAN/EW4_Web_Port_v0.61/assets/unit_anim_native/assets/army_lineinfantry__attack_i0_all__23820850a3/manifest.json
5014	SOURCE_LEAN/EW4_Web_Port_v0.61/assets/unit_anim_native/assets/army_lineinfantry__attack_i0_all__29e2947358/manifest.json
5018	SOURCE_LEAN/EW4_Web_Port_v0.61/assets/unit_anim_native/assets/army_lineinfantry__attack_i0_all__2bebad46fb/manifest.json
4657	SOURCE_LEAN/EW4_Web_Port_v0.61/assets/unit_anim_native/assets/army_lineinfantry__attack_i0_all__2c5698420d/manifest.json
5015	SOURCE_LEAN/EW4_Web_Port_v0.61/assets/unit_anim_native/assets/army_lineinfantry__attack_i0_all__31222c5fcd/manifest.json
5011	SOURCE_LEAN/EW4_Web_Port_v0.61/assets/unit_anim_native/assets/army_lineinfantry__attack_i0_all__3bc2726e42/manifest.json
4657	SOURCE_LEAN/EW4_Web_Port_v0.61/assets/unit_anim_native/assets/army_lineinfantry__attack_i0_all__431a8b58e5/manifest.json
4660	SOURCE_LEAN/EW4_Web_Port_v0.61/assets/unit_anim_native/assets/army_lineinfantry__attack_i0_all__45cbaf7ba9/manifest.json
5014	SOURCE_LEAN/EW4_Web_Port_v0.61/assets/unit_anim_native/assets/army_lineinfantry__attack_i0_all__46b372f18d/manifest.json
4657	SOURCE_LEAN/EW4_Web_Port_v0.61/assets/unit_anim_native/assets/army_lineinfantry__attack_i0_all__5327cb1c5a/manifest.json
4653	SOURCE_LEAN/EW4_Web_Port_v0.61/assets/unit_anim_native/assets/army_lineinfantry__attack_i0_all__580af8390e/manifest.json
5018	SOURCE_LEAN/EW4_Web_Port_v0.61/assets/unit_anim_native/assets/army_lineinfantry__attack_i0_all__61a2afb322/manifest.json
4659	SOURCE_LEAN/EW4_Web_Port_v0.61/assets/unit_anim_native/assets/army_lineinfantry__attack_i0_all__68da2b6fca/manifest.json
5011	SOURCE_LEAN/EW4_Web_Port_v0.61/assets/unit_anim_native/assets/army_lineinfantry__attack_i0_all__741b271e21/manifest.json
5011	SOURCE_LEAN/EW4_Web_Port_v0.61/assets/unit_anim_native/assets/army_lineinfantry__attack_i0_all__b9f902b38b/manifest.json
5015	SOURCE_LEAN/EW4_Web_Port_v0.61/assets/unit_anim_native/assets/army_lineinfantry__attack_i0_all__c38c78b474/manifest.json
5011	SOURCE_LEAN/EW4_Web_Port_v0.61/assets/unit_anim_native/assets/army_lineinfantry__attack_i0_all__d197fd7d53/manifest.json
5007	SOURCE_LEAN/EW4_Web_Port_v0.61/assets/unit_anim_native/assets/army_lineinfantry__attack_i0_all__d5010a67a2/manifest.json
5015	SOURCE_LEAN/EW4_Web_Port_v0.61/assets/unit_anim_native/assets/army_lineinfantry__attack_i0_all__dd262d3201/manifest.json
5015	SOURCE_LEAN/EW4_Web_Port_v0.61/assets/unit_anim_native/assets/army_lineinfantry__attack_i0_all__e0fdaf0508/manifest.json
5015	SOURCE_LEAN/EW4_Web_Port_v0.61/assets/unit_anim_native/assets/army_lineinfantry__attack_i0_all__e496952fc9/manifest.json
4657	SOURCE_LEAN/EW4_Web_Port_v0.61/assets/unit_anim_native/assets/army_lineinfantry__attack_i0_all__e87e1be3cf/manifest.json
5018	SOURCE_LEAN/EW4_Web_Port_v0.61/assets/unit_anim_native/assets/army_lineinfantry__attack_i0_all__ff0b6c9498/manifest.json
3829	SOURCE_LEAN/EW4_Web_Port_v0.61/assets/unit_anim_native/assets/army_lineinfantry__finish_i0_all__09912f6a7f/manifest.json
3843	SOURCE_LEAN/EW4_Web_Port_v0.61/assets/unit_anim_native/assets/army_lineinfantry__finish_i0_all__1078fab85e/manifest.json
3843	SOURCE_LEAN/EW4_Web_Port_v0.61/assets/unit_anim_native/assets/army_lineinfantry__finish_i0_all__152ab5a5bd/manifest.json
3847	SOURCE_LEAN/EW4_Web_Port_v0.61/assets/unit_anim_native/assets/army_lineinfantry__finish_i0_all__209a5cc8c5/manifest.json
3834	SOURCE_LEAN/EW4_Web_Port_v0.61/assets/unit_anim_native/assets/army_lineinfantry__finish_i0_all__262f341c3e/manifest.json
3847	SOURCE_LEAN/EW4_Web_Port_v0.61/assets/unit_anim_native/assets/army_lineinfantry__finish_i0_all__29c47e0644/manifest.json
3848	SOURCE_LEAN/EW4_Web_Port_v0.61/assets/unit_anim_native/assets/army_lineinfantry__finish_i0_all__301103082c/manifest.json
3830	SOURCE_LEAN/EW4_Web_Port_v0.61/assets/unit_anim_native/assets/army_lineinfantry__finish_i0_all__33a0d07396/manifest.json
3850	SOURCE_LEAN/EW4_Web_Port_v0.61/assets/unit_anim_native/assets/army_lineinfantry__finish_i0_all__38cd7d8a25/manifest.json
3829	SOURCE_LEAN/EW4_Web_Port_v0.61/assets/unit_anim_native/assets/army_lineinfantry__finish_i0_all__3c1ac7fafa/manifest.json
3828	SOURCE_LEAN/EW4_Web_Port_v0.61/assets/unit_anim_native/assets/army_lineinfantry__finish_i0_all__4a2c4d8c72/manifest.json
3827	SOURCE_LEAN/EW4_Web_Port_v0.61/assets/unit_anim_native/assets/army_lineinfantry__finish_i0_all__4f879ec2b3/manifest.json
3835	SOURCE_LEAN/EW4_Web_Port_v0.61/assets/unit_anim_native/assets/army_lineinfantry__finish_i0_all__513b9b4da1/manifest.json
3831	SOURCE_LEAN/EW4_Web_Port_v0.61/assets/unit_anim_native/assets/army_lineinfantry__finish_i0_all__574e6444bc/manifest.json
3831	SOURCE_LEAN/EW4_Web_Port_v0.61/assets/unit_anim_native/assets/army_lineinfantry__finish_i0_all__5d5b43cc23/manifest.json
3826	SOURCE_LEAN/EW4_Web_Port_v0.61/assets/unit_anim_native/assets/army_lineinfantry__finish_i0_all__69bdf52c7d/manifest.json
3828	SOURCE_LEAN/EW4_Web_Port_v0.61/assets/unit_anim_native/assets/army_lineinfantry__finish_i0_all__72cc500b17/manifest.json
3824	SOURCE_LEAN/EW4_Web_Port_v0.61/assets/unit_anim_native/assets/army_lineinfantry__finish_i0_all__75907df633/manifest.json
3847	SOURCE_LEAN/EW4_Web_Port_v0.61/assets/unit_anim_native/assets/army_lineinfantry__finish_i0_all__768d320a60/manifest.json
3829	SOURCE_LEAN/EW4_Web_Port_v0.61/assets/unit_anim_native/assets/army_lineinfantry__finish_i0_all__8e8d579769/manifest.json
3836	SOURCE_LEAN/EW4_Web_Port_v0.61/assets/unit_anim_native/assets/army_lineinfantry__finish_i0_all__93c568e3dc/manifest.json
3829	SOURCE_LEAN/EW4_Web_Port_v0.61/assets/unit_anim_native/assets/army_lineinfantry__finish_i0_all__941017ff17/manifest.json
3828	SOURCE_LEAN/EW4_Web_Port_v0.61/assets/unit_anim_native/assets/army_lineinfantry__finish_i0_all__94b621a741/manifest.json
3847	SOURCE_LEAN/EW4_Web_Port_v0.61/assets/unit_anim_native/assets/army_lineinfantry__finish_i0_all__a0ad3342f4/manifest.json
3824	SOURCE_LEAN/EW4_Web_Port_v0.61/assets/unit_anim_native/assets/army_lineinfantry__finish_i0_all__b234b69540/manifest.json
3831	SOURCE_LEAN/EW4_Web_Port_v0.61/assets/unit_anim_native/assets/army_lineinfantry__finish_i0_all__c700376e68/manifest.json
3850	SOURCE_LEAN/EW4_Web_Port_v0.61/assets/unit_anim_native/assets/army_lineinfantry__finish_i0_all__eb989579a2/manifest.json
2315	SOURCE_LEAN/EW4_Web_Port_v0.61/assets/unit_anim_native/assets/army_lineinfantry__ready_i0_all__163778c383/manifest.json
2319	SOURCE_LEAN/EW4_Web_Port_v0.61/assets/unit_anim_native/assets/army_lineinfantry__ready_i0_all__16ae3d9ad9/manifest.json
2336	SOURCE_LEAN/EW4_Web_Port_v0.61/assets/unit_anim_native/assets/army_lineinfantry__ready_i0_all__20ac990fa2/manifest.json
2319	SOURCE_LEAN/EW4_Web_Port_v0.61/assets/unit_anim_native/assets/army_lineinfantry__ready_i0_all__32b75d4bfa/manifest.json
2332	SOURCE_LEAN/EW4_Web_Port_v0.61/assets/unit_anim_native/assets/army_lineinfantry__ready_i0_all__36a2feaf4c/manifest.json
2330	SOURCE_LEAN/EW4_Web_Port_v0.61/assets/unit_anim_native/assets/army_lineinfantry__ready_i0_all__3ddb31437b/manifest.json
2332	SOURCE_LEAN/EW4_Web_Port_v0.61/assets/unit_anim_native/assets/army_lineinfantry__ready_i0_all__42a91a150c/manifest.json
2319	SOURCE_LEAN/EW4_Web_Port_v0.61/assets/unit_anim_native/assets/army_lineinfantry__ready_i0_all__4847a46869/manifest.json
2339	SOURCE_LEAN/EW4_Web_Port_v0.61/assets/unit_anim_native/assets/army_lineinfantry__ready_i0_all__51fb07ab16/manifest.json
2321	SOURCE_LEAN/EW4_Web_Port_v0.61/assets/unit_anim_native/assets/army_lineinfantry__ready_i0_all__67e9af54a6/manifest.json
2330	SOURCE_LEAN/EW4_Web_Port_v0.61/assets/unit_anim_native/assets/army_lineinfantry__ready_i0_all__6abdc923db/manifest.json
2339	SOURCE_LEAN/EW4_Web_Port_v0.61/assets/unit_anim_native/assets/army_lineinfantry__ready_i0_all__76a9973fa3/manifest.json
2339	SOURCE_LEAN/EW4_Web_Port_v0.61/assets/unit_anim_native/assets/army_lineinfantry__ready_i0_all__88ce51e945/manifest.json
2329	SOURCE_LEAN/EW4_Web_Port_v0.61/assets/unit_anim_native/assets/army_lineinfantry__ready_i0_all__8a3488e83c/manifest.json
2339	SOURCE_LEAN/EW4_Web_Port_v0.61/assets/unit_anim_native/assets/army_lineinfantry__ready_i0_all__8f539913c9/manifest.json
2326	SOURCE_LEAN/EW4_Web_Port_v0.61/assets/unit_anim_native/assets/army_lineinfantry__ready_i0_all__968d741d3b/manifest.json
2322	SOURCE_LEAN/EW4_Web_Port_v0.61/assets/unit_anim_native/assets/army_lineinfantry__ready_i0_all__98445517da/manifest.json
2322	SOURCE_LEAN/EW4_Web_Port_v0.61/assets/unit_anim_native/assets/army_lineinfantry__ready_i0_all__9f8925a241/manifest.json
2333	SOURCE_LEAN/EW4_Web_Port_v0.61/assets/unit_anim_native/assets/army_lineinfantry__ready_i0_all__a922ae1214/manifest.json
2319	SOURCE_LEAN/EW4_Web_Port_v0.61/assets/unit_anim_native/assets/army_lineinfantry__ready_i0_all__a9fe5400a9/manifest.json
2336	SOURCE_LEAN/EW4_Web_Port_v0.61/assets/unit_anim_native/assets/army_lineinfantry__ready_i0_all__abcf4ff961/manifest.json
2332	SOURCE_LEAN/EW4_Web_Port_v0.61/assets/unit_anim_native/assets/army_lineinfantry__ready_i0_all__bb44db750a/manifest.json
2332	SOURCE_LEAN/EW4_Web_Port_v0.61/assets/unit_anim_native/assets/army_lineinfantry__ready_i0_all__c3f3ba8bff/manifest.json
2337	SOURCE_LEAN/EW4_Web_Port_v0.61/assets/unit_anim_native/assets/army_lineinfantry__ready_i0_all__d014517f82/manifest.json
2329	SOURCE_LEAN/EW4_Web_Port_v0.61/assets/unit_anim_native/assets/army_lineinfantry__ready_i0_all__e965347473/manifest.json
2336	SOURCE_LEAN/EW4_Web_Port_v0.61/assets/unit_anim_native/assets/army_lineinfantry__ready_i0_all__f40b862fb2/manifest.json
2321	SOURCE_LEAN/EW4_Web_Port_v0.61/assets/unit_anim_native/assets/army_lineinfantry__ready_i0_all__f688dcc8f4/manifest.json
6602	SOURCE_LEAN/EW4_Web_Port_v0.61/assets/unit_anim_native/assets/army_lineinfantry__reload_i0_all__0428988846/manifest.json
6599	SOURCE_LEAN/EW4_Web_Port_v0.61/assets/unit_anim_native/assets/army_lineinfantry__reload_i0_all__06ae74913e/manifest.json
6481	SOURCE_LEAN/EW4_Web_Port_v0.61/assets/unit_anim_native/assets/army_lineinfantry__reload_i0_all__22288a5712/manifest.json
6476	SOURCE_LEAN/EW4_Web_Port_v0.61/assets/unit_anim_native/assets/army_lineinfantry__reload_i0_all__29611cd30d/manifest.json
6464	SOURCE_LEAN/EW4_Web_Port_v0.61/assets/unit_anim_native/assets/army_lineinfantry__reload_i0_all__2a49b9a6a1/manifest.json
6469	SOURCE_LEAN/EW4_Web_Port_v0.61/assets/unit_anim_native/assets/army_lineinfantry__reload_i0_all__2eeaba74b0/manifest.json
6474	SOURCE_LEAN/EW4_Web_Port_v0.61/assets/unit_anim_native/assets/army_lineinfantry__reload_i0_all__301324c129/manifest.json
6601	SOURCE_LEAN/EW4_Web_Port_v0.61/assets/unit_anim_native/assets/army_lineinfantry__reload_i0_all__326e42d706/manifest.json
6476	SOURCE_LEAN/EW4_Web_Port_v0.61/assets/unit_anim_native/assets/army_lineinfantry__reload_i0_all__33fe450d5a/manifest.json
6599	SOURCE_LEAN/EW4_Web_Port_v0.61/assets/unit_anim_native/assets/army_lineinfantry__reload_i0_all__35c2dfcd0b/manifest.json
6486	SOURCE_LEAN/EW4_Web_Port_v0.61/assets/unit_anim_native/assets/army_lineinfantry__reload_i0_all__3a5826a96f/manifest.json
6611	SOURCE_LEAN/EW4_Web_Port_v0.61/assets/unit_anim_native/assets/army_lineinfantry__reload_i0_all__43f4675211/manifest.json
6471	SOURCE_LEAN/EW4_Web_Port_v0.61/assets/unit_anim_native/assets/army_lineinfantry__reload_i0_all__584fa2267f/manifest.json
6595	SOURCE_LEAN/EW4_Web_Port_v0.61/assets/unit_anim_native/assets/army_lineinfantry__reload_i0_all__7bc07d88d3/manifest.json
6468	SOURCE_LEAN/EW4_Web_Port_v0.61/assets/unit_anim_native/assets/army_lineinfantry__reload_i0_all__8558bbee5f/manifest.json
6471	SOURCE_LEAN/EW4_Web_Port_v0.61/assets/unit_anim_native/assets/army_lineinfantry__reload_i0_all__8b16dc0dd8/manifest.json
6482	SOURCE_LEAN/EW4_Web_Port_v0.61/assets/unit_anim_native/assets/army_lineinfantry__reload_i0_all__96b6a901b9/manifest.json
6480	SOURCE_LEAN/EW4_Web_Port_v0.61/assets/unit_anim_native/assets/army_lineinfantry__reload_i0_all__99555e3175/manifest.json
6479	SOURCE_LEAN/EW4_Web_Port_v0.61/assets/unit_anim_native/assets/army_lineinfantry__reload_i0_all__9a6cc81da2/manifest.json
6486	SOURCE_LEAN/EW4_Web_Port_v0.61/assets/unit_anim_native/assets/army_lineinfantry__reload_i0_all__b3378ad4b8/manifest.json
6605	SOURCE_LEAN/EW4_Web_Port_v0.61/assets/unit_anim_native/assets/army_lineinfantry__reload_i0_all__b6329ea6cc/manifest.json
6469	SOURCE_LEAN/EW4_Web_Port_v0.61/assets/unit_anim_native/assets/army_lineinfantry__reload_i0_all__b66eb5508f/manifest.json
6473	SOURCE_LEAN/EW4_Web_Port_v0.61/assets/unit_anim_native/assets/army_lineinfantry__reload_i0_all__b92799effe/manifest.json
6473	SOURCE_LEAN/EW4_Web_Port_v0.61/assets/unit_anim_native/assets/army_lineinfantry__reload_i0_all__bb7799f481/manifest.json
6606	SOURCE_LEAN/EW4_Web_Port_v0.61/assets/unit_anim_native/assets/army_lineinfantry__reload_i0_all__dd26a6f0da/manifest.json
6476	SOURCE_LEAN/EW4_Web_Port_v0.61/assets/unit_anim_native/assets/army_lineinfantry__reload_i0_all__e774a4956f/manifest.json
6612	SOURCE_LEAN/EW4_Web_Port_v0.61/assets/unit_anim_native/assets/army_lineinfantry__reload_i0_all__ff09f5cfe5/manifest.json
4431	SOURCE_LEAN/EW4_Web_Port_v0.61/assets/unit_anim_native/assets/army_militia__attack_i0_all__0a7f933af6/manifest.json
4552	SOURCE_LEAN/EW4_Web_Port_v0.61/assets/unit_anim_native/assets/army_militia__attack_i0_all__119e47adb3/manifest.json
4529	SOURCE_LEAN/EW4_Web_Port_v0.61/assets/unit_anim_native/assets/army_militia__attack_i0_all__1eb72c6fe5/manifest.json
4424	SOURCE_LEAN/EW4_Web_Port_v0.61/assets/unit_anim_native/assets/army_militia__attack_i0_all__264ede015d/manifest.json
4428	SOURCE_LEAN/EW4_Web_Port_v0.61/assets/unit_anim_native/assets/army_militia__attack_i0_all__2d1ecbedd1/manifest.json
4555	SOURCE_LEAN/EW4_Web_Port_v0.61/assets/unit_anim_native/assets/army_militia__attack_i0_all__32a90c031d/manifest.json
4527	SOURCE_LEAN/EW4_Web_Port_v0.61/assets/unit_anim_native/assets/army_militia__attack_i0_all__442e6c206f/manifest.json
4514	SOURCE_LEAN/EW4_Web_Port_v0.61/assets/unit_anim_native/assets/army_militia__attack_i0_all__4dd707d388/manifest.json
4386	SOURCE_LEAN/EW4_Web_Port_v0.61/assets/unit_anim_native/assets/army_militia__attack_i0_all__65d52ae156/manifest.json
4508	SOURCE_LEAN/EW4_Web_Port_v0.61/assets/unit_anim_native/assets/army_militia__attack_i0_all__67d2e43e79/manifest.json
4510	SOURCE_LEAN/EW4_Web_Port_v0.61/assets/unit_anim_native/assets/army_militia__attack_i0_all__6b8bdeed9a/manifest.json
4523	SOURCE_LEAN/EW4_Web_Port_v0.61/assets/unit_anim_native/assets/army_militia__attack_i0_all__74d99b1c97/manifest.json
4555	SOURCE_LEAN/EW4_Web_Port_v0.61/assets/unit_anim_native/assets/army_militia__attack_i0_all__7c1712b6d6/manifest.json
4527	SOURCE_LEAN/EW4_Web_Port_v0.61/assets/unit_anim_native/assets/army_militia__attack_i0_all__7d4220854a/manifest.json
4530	SOURCE_LEAN/EW4_Web_Port_v0.61/assets/unit_anim_native/assets/army_militia__attack_i0_all__7e99671598/manifest.json
4523	SOURCE_LEAN/EW4_Web_Port_v0.61/assets/unit_anim_native/assets/army_militia__attack_i0_all__94c4de82fb/manifest.json
4401	SOURCE_LEAN/EW4_Web_Port_v0.61/assets/unit_anim_native/assets/army_militia__attack_i0_all__a0ffb7252a/manifest.json
4552	SOURCE_LEAN/EW4_Web_Port_v0.61/assets/unit_anim_native/assets/army_militia__attack_i0_all__a59696134d/manifest.json
4428	SOURCE_LEAN/EW4_Web_Port_v0.61/assets/unit_anim_native/assets/army_militia__attack_i0_all__a7773e1029/manifest.json
4383	SOURCE_LEAN/EW4_Web_Port_v0.61/assets/unit_anim_native/assets/army_militia__attack_i0_all__ab8a6aa9b0/manifest.json
4510	SOURCE_LEAN/EW4_Web_Port_v0.61/assets/unit_anim_native/assets/army_militia__attack_i0_all__ac299dd812/manifest.json
4513	SOURCE_LEAN/EW4_Web_Port_v0.61/assets/unit_anim_native/assets/army_militia__attack_i0_all__b9ac0dcec2/manifest.json
4431	SOURCE_LEAN/EW4_Web_Port_v0.61/assets/unit_anim_native/assets/army_militia__attack_i0_all__b9c74192bd/manifest.json
4548	SOURCE_LEAN/EW4_Web_Port_v0.61/assets/unit_anim_native/assets/army_militia__attack_i0_all__bc7444f25e/manifest.json
4552	SOURCE_LEAN/EW4_Web_Port_v0.61/assets/unit_anim_native/assets/army_militia__attack_i0_all__cba11ab9dd/manifest.json
4428	SOURCE_LEAN/EW4_Web_Port_v0.61/assets/unit_anim_native/assets/army_militia__attack_i0_all__e167c2d6c0/manifest.json
4527	SOURCE_LEAN/EW4_Web_Port_v0.61/assets/unit_anim_native/assets/army_militia__attack_i0_all__ef3056da61/manifest.json
3803	SOURCE_LEAN/EW4_Web_Port_v0.61/assets/unit_anim_native/assets/army_militia__finish_i0_all__0c5ed13605/manifest.json
3830	SOURCE_LEAN/EW4_Web_Port_v0.61/assets/unit_anim_native/assets/army_militia__finish_i0_all__34299c3d88/manifest.json
3808	SOURCE_LEAN/EW4_Web_Port_v0.61/assets/unit_anim_native/assets/army_militia__finish_i0_all__518e6e9ffa/manifest.json
3821	SOURCE_LEAN/EW4_Web_Port_v0.61/assets/unit_anim_native/assets/army_militia__finish_i0_all__575f1be234/manifest.json
3810	SOURCE_LEAN/EW4_Web_Port_v0.61/assets/unit_anim_native/assets/army_militia__finish_i0_all__57feff7331/manifest.json
3807	SOURCE_LEAN/EW4_Web_Port_v0.61/assets/unit_anim_native/assets/army_militia__finish_i0_all__600db7c1c2/manifest.json
3812	SOURCE_LEAN/EW4_Web_Port_v0.61/assets/unit_anim_native/assets/army_militia__finish_i0_all__6ca6f21254/manifest.json
3832	SOURCE_LEAN/EW4_Web_Port_v0.61/assets/unit_anim_native/assets/army_militia__finish_i0_all__6e6c05e99b/manifest.json
3830	SOURCE_LEAN/EW4_Web_Port_v0.61/assets/unit_anim_native/assets/army_militia__finish_i0_all__7d371c7758/manifest.json
3810	SOURCE_LEAN/EW4_Web_Port_v0.61/assets/unit_anim_native/assets/army_militia__finish_i0_all__7f83a5a12d/manifest.json
3807	SOURCE_LEAN/EW4_Web_Port_v0.61/assets/unit_anim_native/assets/army_militia__finish_i0_all__90b4b4ada5/manifest.json
3815	SOURCE_LEAN/EW4_Web_Port_v0.61/assets/unit_anim_native/assets/army_militia__finish_i0_all__98f32f4597/manifest.json
3817	SOURCE_LEAN/EW4_Web_Port_v0.61/assets/unit_anim_native/assets/army_militia__finish_i0_all__a08d2a04d4/manifest.json
3807	SOURCE_LEAN/EW4_Web_Port_v0.61/assets/unit_anim_native/assets/army_militia__finish_i0_all__a25694c042/manifest.json
3813	SOURCE_LEAN/EW4_Web_Port_v0.61/assets/unit_anim_native/assets/army_militia__finish_i0_all__a544da522a/manifest.json
3815	SOURCE_LEAN/EW4_Web_Port_v0.61/assets/unit_anim_native/assets/army_militia__finish_i0_all__a802072644/manifest.json
3833	SOURCE_LEAN/EW4_Web_Port_v0.61/assets/unit_anim_native/assets/army_militia__finish_i0_all__a895a60303/manifest.json
3812	SOURCE_LEAN/EW4_Web_Port_v0.61/assets/unit_anim_native/assets/army_militia__finish_i0_all__b0b6193119/manifest.json
3826	SOURCE_LEAN/EW4_Web_Port_v0.61/assets/unit_anim_native/assets/army_militia__finish_i0_all__c23c77f92b/manifest.json
3820	SOURCE_LEAN/EW4_Web_Port_v0.61/assets/unit_anim_native/assets/army_militia__finish_i0_all__c7225d7fbd/manifest.json
3815	SOURCE_LEAN/EW4_Web_Port_v0.61/assets/unit_anim_native/assets/army_militia__finish_i0_all__d3a76580f8/manifest.json
3817	SOURCE_LEAN/EW4_Web_Port_v0.61/assets/unit_anim_native/assets/army_militia__finish_i0_all__dc776458cd/manifest.json
3830	SOURCE_LEAN/EW4_Web_Port_v0.61/assets/unit_anim_native/assets/army_militia__finish_i0_all__e0c1294c85/manifest.json
3814	SOURCE_LEAN/EW4_Web_Port_v0.61/assets/unit_anim_native/assets/army_militia__finish_i0_all__f18d4ab985/manifest.json
3812	SOURCE_LEAN/EW4_Web_Port_v0.61/assets/unit_anim_native/assets/army_militia__finish_i0_all__f68ae9f143/manifest.json
3815	SOURCE_LEAN/EW4_Web_Port_v0.61/assets/unit_anim_native/assets/army_militia__finish_i0_all__f8cbf2437e/manifest.json
3812	SOURCE_LEAN/EW4_Web_Port_v0.61/assets/unit_anim_native/assets/army_militia__finish_i0_all__ff308b95fa/manifest.json
2313	SOURCE_LEAN/EW4_Web_Port_v0.61/assets/unit_anim_native/assets/army_militia__ready_i0_all__07db7530aa/manifest.json
2322	SOURCE_LEAN/EW4_Web_Port_v0.61/assets/unit_anim_native/assets/army_militia__ready_i0_all__15a7c35438/manifest.json
2319	SOURCE_LEAN/EW4_Web_Port_v0.61/assets/unit_anim_native/assets/army_militia__ready_i0_all__196a725851/manifest.json
2341	SOURCE_LEAN/EW4_Web_Port_v0.61/assets/unit_anim_native/assets/army_militia__ready_i0_all__1c4572eafa/manifest.json
2426	SOURCE_LEAN/EW4_Web_Port_v0.61/assets/unit_anim_native/assets/army_militia__ready_i0_all__1e2de6dba2/manifest.json
2422	SOURCE_LEAN/EW4_Web_Port_v0.61/assets/unit_anim_native/assets/army_militia__ready_i0_all__201d0008be/manifest.json
2320	SOURCE_LEAN/EW4_Web_Port_v0.61/assets/unit_anim_native/assets/army_militia__ready_i0_all__31290fb1bb/manifest.json
2341	SOURCE_LEAN/EW4_Web_Port_v0.61/assets/unit_anim_native/assets/army_militia__ready_i0_all__31d9f2dc9f/manifest.json
2338	SOURCE_LEAN/EW4_Web_Port_v0.61/assets/unit_anim_native/assets/army_militia__ready_i0_all__4199af2bf5/manifest.json
2427	SOURCE_LEAN/EW4_Web_Port_v0.61/assets/unit_anim_native/assets/army_militia__ready_i0_all__420f8a20e4/manifest.json
2338	SOURCE_LEAN/EW4_Web_Port_v0.61/assets/unit_anim_native/assets/army_militia__ready_i0_all__579709ed22/manifest.json
2418	SOURCE_LEAN/EW4_Web_Port_v0.61/assets/unit_anim_native/assets/army_militia__ready_i0_all__5dde3de5ec/manifest.json
2338	SOURCE_LEAN/EW4_Web_Port_v0.61/assets/unit_anim_native/assets/army_militia__ready_i0_all__6ed7bb4a63/manifest.json
2424	SOURCE_LEAN/EW4_Web_Port_v0.61/assets/unit_anim_native/assets/army_militia__ready_i0_all__709c33a5a4/manifest.json
2316	SOURCE_LEAN/EW4_Web_Port_v0.61/assets/unit_anim_native/assets/army_militia__ready_i0_all__b659eff9ba/manifest.json
2422	SOURCE_LEAN/EW4_Web_Port_v0.61/assets/unit_anim_native/assets/army_militia__ready_i0_all__b77803d667/manifest.json
2328	SOURCE_LEAN/EW4_Web_Port_v0.61/assets/unit_anim_native/assets/army_militia__ready_i0_all__bbff70e02b/manifest.json
2315	SOURCE_LEAN/EW4_Web_Port_v0.61/assets/unit_anim_native/assets/army_militia__ready_i0_all__bcd3f4e2a1/manifest.json
2425	SOURCE_LEAN/EW4_Web_Port_v0.61/assets/unit_anim_native/assets/army_militia__ready_i0_all__bd65e9a5c2/manifest.json
2429	SOURCE_LEAN/EW4_Web_Port_v0.61/assets/unit_anim_native/assets/army_militia__ready_i0_all__be938d1cfd/manifest.json
2323	SOURCE_LEAN/EW4_Web_Port_v0.61/assets/unit_anim_native/assets/army_militia__ready_i0_all__c154bf86c8/manifest.json
2322	SOURCE_LEAN/EW4_Web_Port_v0.61/assets/unit_anim_native/assets/army_militia__ready_i0_all__c2862facfd/manifest.json
2319	SOURCE_LEAN/EW4_Web_Port_v0.61/assets/unit_anim_native/assets/army_militia__ready_i0_all__c313892045/manifest.json
2334	SOURCE_LEAN/EW4_Web_Port_v0.61/assets/unit_anim_native/assets/army_militia__ready_i0_all__c738b93d90/manifest.json
2320	SOURCE_LEAN/EW4_Web_Port_v0.61/assets/unit_anim_native/assets/army_militia__ready_i0_all__e2a3371aa7/manifest.json
2320	SOURCE_LEAN/EW4_Web_Port_v0.61/assets/unit_anim_native/assets/army_militia__ready_i0_all__ed5c8c2138/manifest.json
2430	SOURCE_LEAN/EW4_Web_Port_v0.61/assets/unit_anim_native/assets/army_militia__ready_i0_all__f478cdc474/manifest.json
7128	SOURCE_LEAN/EW4_Web_Port_v0.61/assets/unit_anim_native/assets/army_militia__reload_i0_all__03556d9b56/manifest.json
7130	SOURCE_LEAN/EW4_Web_Port_v0.61/assets/unit_anim_native/assets/army_militia__reload_i0_all__10dbce0308/manifest.json
7089	SOURCE_LEAN/EW4_Web_Port_v0.61/assets/unit_anim_native/assets/army_militia__reload_i0_all__3339e5bf78/manifest.json
7145	SOURCE_LEAN/EW4_Web_Port_v0.61/assets/unit_anim_native/assets/army_militia__reload_i0_all__49b779c160/manifest.json
7092	SOURCE_LEAN/EW4_Web_Port_v0.61/assets/unit_anim_native/assets/army_militia__reload_i0_all__4dd87f7c67/manifest.json
7143	SOURCE_LEAN/EW4_Web_Port_v0.61/assets/unit_anim_native/assets/army_militia__reload_i0_all__5a04c51f30/manifest.json
7142	SOURCE_LEAN/EW4_Web_Port_v0.61/assets/unit_anim_native/assets/army_militia__reload_i0_all__71106eba12/manifest.json
6652	SOURCE_LEAN/EW4_Web_Port_v0.61/assets/unit_anim_native/assets/army_militia__reload_i0_all__769d67aa85/manifest.json
6655	SOURCE_LEAN/EW4_Web_Port_v0.61/assets/unit_anim_native/assets/army_militia__reload_i0_all__77f63bb91b/manifest.json
7090	SOURCE_LEAN/EW4_Web_Port_v0.61/assets/unit_anim_native/assets/army_militia__reload_i0_all__8461b077a2/manifest.json
7152	SOURCE_LEAN/EW4_Web_Port_v0.61/assets/unit_anim_native/assets/army_militia__reload_i0_all__86985fa9f7/manifest.json
6657	SOURCE_LEAN/EW4_Web_Port_v0.61/assets/unit_anim_native/assets/army_militia__reload_i0_all__87c5b4414d/manifest.json
6660	SOURCE_LEAN/EW4_Web_Port_v0.61/assets/unit_anim_native/assets/army_militia__reload_i0_all__89bb7544d6/manifest.json
7149	SOURCE_LEAN/EW4_Web_Port_v0.61/assets/unit_anim_native/assets/army_militia__reload_i0_all__8b57ed1b14/manifest.json
6652	SOURCE_LEAN/EW4_Web_Port_v0.61/assets/unit_anim_native/assets/army_militia__reload_i0_all__90903dd16a/manifest.json
6660	SOURCE_LEAN/EW4_Web_Port_v0.61/assets/unit_anim_native/assets/army_militia__reload_i0_all__ad86e3fd53/manifest.json
7147	SOURCE_LEAN/EW4_Web_Port_v0.61/assets/unit_anim_native/assets/army_militia__reload_i0_all__bbc8ebde7f/manifest.json
7124	SOURCE_LEAN/EW4_Web_Port_v0.61/assets/unit_anim_native/assets/army_militia__reload_i0_all__bbdabbe678/manifest.json
7132	SOURCE_LEAN/EW4_Web_Port_v0.61/assets/unit_anim_native/assets/army_militia__reload_i0_all__bc98b98479/manifest.json
7123	SOURCE_LEAN/EW4_Web_Port_v0.61/assets/unit_anim_native/assets/army_militia__reload_i0_all__c6392d3653/manifest.json
7137	SOURCE_LEAN/EW4_Web_Port_v0.61/assets/unit_anim_native/assets/army_militia__reload_i0_all__d011d82689/manifest.json
7085	SOURCE_LEAN/EW4_Web_Port_v0.61/assets/unit_anim_native/assets/army_militia__reload_i0_all__d9c4790b26/manifest.json
6648	SOURCE_LEAN/EW4_Web_Port_v0.61/assets/unit_anim_native/assets/army_militia__reload_i0_all__db12221c2d/manifest.json
6646	SOURCE_LEAN/EW4_Web_Port_v0.61/assets/unit_anim_native/assets/army_militia__reload_i0_all__e267b55f7b/manifest.json
7134	SOURCE_LEAN/EW4_Web_Port_v0.61/assets/unit_anim_native/assets/army_militia__reload_i0_all__e40d9c8aed/manifest.json
6652	SOURCE_LEAN/EW4_Web_Port_v0.61/assets/unit_anim_native/assets/army_militia__reload_i0_all__e4f3c60fc7/manifest.json
7123	SOURCE_LEAN/EW4_Web_Port_v0.61/assets/unit_anim_native/assets/army_militia__reload_i0_all__f1b8918382/manifest.json
4112	SOURCE_LEAN/EW4_Web_Port_v0.61/assets/unit_attack/army_armoredcar_03bdb0c6f949.webp
2856	SOURCE_LEAN/EW4_Web_Port_v0.61/assets/unit_attack/army_armoredcar_03e0f731a803.webp
3830	SOURCE_LEAN/EW4_Web_Port_v0.61/assets/unit_attack/army_armoredcar_0423993795e5.webp
4146	SOURCE_LEAN/EW4_Web_Port_v0.61/assets/unit_attack/army_armoredcar_05db54987c13.webp
2856	SOURCE_LEAN/EW4_Web_Port_v0.61/assets/unit_attack/army_armoredcar_0bf27e9a96a2.webp
3830	SOURCE_LEAN/EW4_Web_Port_v0.61/assets/unit_attack/army_armoredcar_110c65a74892.webp
4170	SOURCE_LEAN/EW4_Web_Port_v0.61/assets/unit_attack/army_armoredcar_11dedf93a564.webp
5784	SOURCE_LEAN/EW4_Web_Port_v0.61/assets/unit_attack/army_armoredcar_146a40b984d8.webp
5420	SOURCE_LEAN/EW4_Web_Port_v0.61/assets/unit_attack/army_armoredcar_1c95eb3cd9d7.webp
5420	SOURCE_LEAN/EW4_Web_Port_v0.61/assets/unit_attack/army_armoredcar_1dcc61fe50a5.webp
4164	SOURCE_LEAN/EW4_Web_Port_v0.61/assets/unit_attack/army_armoredcar_1dcfde990dfe.webp
5420	SOURCE_LEAN/EW4_Web_Port_v0.61/assets/unit_attack/army_armoredcar_1dee1da16df9.webp
5784	SOURCE_LEAN/EW4_Web_Port_v0.61/assets/unit_attack/army_armoredcar_1f5634d5d2e8.webp
5784	SOURCE_LEAN/EW4_Web_Port_v0.61/assets/unit_attack/army_armoredcar_2092a6fbe7a0.webp
4162	SOURCE_LEAN/EW4_Web_Port_v0.61/assets/unit_attack/army_armoredcar_21dca8af9460.webp
2886	SOURCE_LEAN/EW4_Web_Port_v0.61/assets/unit_attack/army_armoredcar_28491c03ef4f.webp
4170	SOURCE_LEAN/EW4_Web_Port_v0.61/assets/unit_attack/army_armoredcar_28fbc24327f1.webp
3862	SOURCE_LEAN/EW4_Web_Port_v0.61/assets/unit_attack/army_armoredcar_2c75166d130b.webp
4244	SOURCE_LEAN/EW4_Web_Port_v0.61/assets/unit_attack/army_armoredcar_32f0d6985dae.webp
5878	SOURCE_LEAN/EW4_Web_Port_v0.61/assets/unit_attack/army_armoredcar_338236661790.webp
5420	SOURCE_LEAN/EW4_Web_Port_v0.61/assets/unit_attack/army_armoredcar_355755b7b3e5.webp
2796	SOURCE_LEAN/EW4_Web_Port_v0.61/assets/unit_attack/army_armoredcar_378c640c987d.webp
2860	SOURCE_LEAN/EW4_Web_Port_v0.61/assets/unit_attack/army_armoredcar_40225a7c895b.webp
3830	SOURCE_LEAN/EW4_Web_Port_v0.61/assets/unit_attack/army_armoredcar_4060a3ee5836.webp
4112	SOURCE_LEAN/EW4_Web_Port_v0.61/assets/unit_attack/army_armoredcar_413bebcc7fc0.webp
4170	SOURCE_LEAN/EW4_Web_Port_v0.61/assets/unit_attack/army_armoredcar_43f25db6b01c.webp
5420	SOURCE_LEAN/EW4_Web_Port_v0.61/assets/unit_attack/army_armoredcar_447c253a5edc.webp
2860	SOURCE_LEAN/EW4_Web_Port_v0.61/assets/unit_attack/army_armoredcar_44be9255f9e4.webp
3830	SOURCE_LEAN/EW4_Web_Port_v0.61/assets/unit_attack/army_armoredcar_44c16f165852.webp
4184	SOURCE_LEAN/EW4_Web_Port_v0.61/assets/unit_attack/army_armoredcar_47665f15254d.webp
4244	SOURCE_LEAN/EW4_Web_Port_v0.61/assets/unit_attack/army_armoredcar_476b0707b723.webp
5878	SOURCE_LEAN/EW4_Web_Port_v0.61/assets/unit_attack/army_armoredcar_48fab2c37e82.webp
4138	SOURCE_LEAN/EW4_Web_Port_v0.61/assets/unit_attack/army_armoredcar_49d33955f74c.webp
3862	SOURCE_LEAN/EW4_Web_Port_v0.61/assets/unit_attack/army_armoredcar_4abd73a649c5.webp
4162	SOURCE_LEAN/EW4_Web_Port_v0.61/assets/unit_attack/army_armoredcar_4d4bc9a675d6.webp
5420	SOURCE_LEAN/EW4_Web_Port_v0.61/assets/unit_attack/army_armoredcar_4e9f4d92fc33.webp
4162	SOURCE_LEAN/EW4_Web_Port_v0.61/assets/unit_attack/army_armoredcar_4ec94da35e33.webp
4244	SOURCE_LEAN/EW4_Web_Port_v0.61/assets/unit_attack/army_armoredcar_51449f80ec85.webp
3830	SOURCE_LEAN/EW4_Web_Port_v0.61/assets/unit_attack/army_armoredcar_56d5fdd85016.webp
5878	SOURCE_LEAN/EW4_Web_Port_v0.61/assets/unit_attack/army_armoredcar_5855048609a8.webp
3862	SOURCE_LEAN/EW4_Web_Port_v0.61/assets/unit_attack/army_armoredcar_5a4811a925da.webp
2856	SOURCE_LEAN/EW4_Web_Port_v0.61/assets/unit_attack/army_armoredcar_60f5893b11f6.webp
3836	SOURCE_LEAN/EW4_Web_Port_v0.61/assets/unit_attack/army_armoredcar_61919218ca28.webp
2796	SOURCE_LEAN/EW4_Web_Port_v0.61/assets/unit_attack/army_armoredcar_644954273f58.webp
4244	SOURCE_LEAN/EW4_Web_Port_v0.61/assets/unit_attack/army_armoredcar_68b16166b355.webp
5878	SOURCE_LEAN/EW4_Web_Port_v0.61/assets/unit_attack/army_armoredcar_6bc0bd29a64d.webp
2856	SOURCE_LEAN/EW4_Web_Port_v0.61/assets/unit_attack/army_armoredcar_70a7a13843a3.webp
4170	SOURCE_LEAN/EW4_Web_Port_v0.61/assets/unit_attack/army_armoredcar_71281dc5972e.webp
4170	SOURCE_LEAN/EW4_Web_Port_v0.61/assets/unit_attack/army_armoredcar_71694bfe25d2.webp
4170	SOURCE_LEAN/EW4_Web_Port_v0.61/assets/unit_attack/army_armoredcar_74ccc3f06437.webp
2860	SOURCE_LEAN/EW4_Web_Port_v0.61/assets/unit_attack/army_armoredcar_76154d84965f.webp
3862	SOURCE_LEAN/EW4_Web_Port_v0.61/assets/unit_attack/army_armoredcar_76ec986a079a.webp
4244	SOURCE_LEAN/EW4_Web_Port_v0.61/assets/unit_attack/army_armoredcar_7aab1d0831ee.webp
2796	SOURCE_LEAN/EW4_Web_Port_v0.61/assets/unit_attack/army_armoredcar_7f4f7a52b23e.webp
3926	SOURCE_LEAN/EW4_Web_Port_v0.61/assets/unit_attack/army_armoredcar_82eacc65c546.webp
2840	SOURCE_LEAN/EW4_Web_Port_v0.61/assets/unit_attack/army_armoredcar_87690ffd13fd.webp
5446	SOURCE_LEAN/EW4_Web_Port_v0.61/assets/unit_attack/army_armoredcar_88f851c45c3c.webp
5878	SOURCE_LEAN/EW4_Web_Port_v0.61/assets/unit_attack/army_armoredcar_898b621b1c0f.webp
3830	SOURCE_LEAN/EW4_Web_Port_v0.61/assets/unit_attack/army_armoredcar_8b5198ebe63f.webp
2796	SOURCE_LEAN/EW4_Web_Port_v0.61/assets/unit_attack/army_armoredcar_9297ed3973c1.webp
3862	SOURCE_LEAN/EW4_Web_Port_v0.61/assets/unit_attack/army_armoredcar_93b1cd485f81.webp
4162	SOURCE_LEAN/EW4_Web_Port_v0.61/assets/unit_attack/army_armoredcar_9736a49918c8.webp
4162	SOURCE_LEAN/EW4_Web_Port_v0.61/assets/unit_attack/army_armoredcar_99a916d3b5f4.webp
2860	SOURCE_LEAN/EW4_Web_Port_v0.61/assets/unit_attack/army_armoredcar_9b9b393d3dce.webp
4112	SOURCE_LEAN/EW4_Web_Port_v0.61/assets/unit_attack/army_armoredcar_9dbebef0a124.webp
5784	SOURCE_LEAN/EW4_Web_Port_v0.61/assets/unit_attack/army_armoredcar_a1f127c09f3b.webp
2860	SOURCE_LEAN/EW4_Web_Port_v0.61/assets/unit_attack/army_armoredcar_a2c1fc7e58ae.webp
4112	SOURCE_LEAN/EW4_Web_Port_v0.61/assets/unit_attack/army_armoredcar_a77ff5097821.webp
2796	SOURCE_LEAN/EW4_Web_Port_v0.61/assets/unit_attack/army_armoredcar_a7d56b6c5e9a.webp
5420	SOURCE_LEAN/EW4_Web_Port_v0.61/assets/unit_attack/army_armoredcar_a959c6240cb2.webp
5470	SOURCE_LEAN/EW4_Web_Port_v0.61/assets/unit_attack/army_armoredcar_aacb19b69cc4.webp
2796	SOURCE_LEAN/EW4_Web_Port_v0.61/assets/unit_attack/army_armoredcar_aca098df98be.webp
5440	SOURCE_LEAN/EW4_Web_Port_v0.61/assets/unit_attack/army_armoredcar_ace049099f6f.webp
5482	SOURCE_LEAN/EW4_Web_Port_v0.61/assets/unit_attack/army_armoredcar_ad4f152cb594.webp
2850	SOURCE_LEAN/EW4_Web_Port_v0.61/assets/unit_attack/army_armoredcar_b22ab4fcf4a7.webp
4244	SOURCE_LEAN/EW4_Web_Port_v0.61/assets/unit_attack/army_armoredcar_b3c1eaa4f977.webp
4148	SOURCE_LEAN/EW4_Web_Port_v0.61/assets/unit_attack/army_armoredcar_b4c6adc6f032.webp
5518	SOURCE_LEAN/EW4_Web_Port_v0.61/assets/unit_attack/army_armoredcar_c67a3333fa39.webp
4112	SOURCE_LEAN/EW4_Web_Port_v0.61/assets/unit_attack/army_armoredcar_c78036f62de3.webp
5812	SOURCE_LEAN/EW4_Web_Port_v0.61/assets/unit_attack/army_armoredcar_c8956fb165ef.webp
3874	SOURCE_LEAN/EW4_Web_Port_v0.61/assets/unit_attack/army_armoredcar_c91d2b589250.webp
2860	SOURCE_LEAN/EW4_Web_Port_v0.61/assets/unit_attack/army_armoredcar_c97d659c306f.webp
4146	SOURCE_LEAN/EW4_Web_Port_v0.61/assets/unit_attack/army_armoredcar_c9bb2494c82f.webp
4112	SOURCE_LEAN/EW4_Web_Port_v0.61/assets/unit_attack/army_armoredcar_c9ecb01c0673.webp
5784	SOURCE_LEAN/EW4_Web_Port_v0.61/assets/unit_attack/army_armoredcar_d18d08d06e63.webp
5784	SOURCE_LEAN/EW4_Web_Port_v0.61/assets/unit_attack/army_armoredcar_d346e52fe55a.webp
4170	SOURCE_LEAN/EW4_Web_Port_v0.61/assets/unit_attack/army_armoredcar_d8b42cd3a57b.webp
5784	SOURCE_LEAN/EW4_Web_Port_v0.61/assets/unit_attack/army_armoredcar_d8bf78b8afc7.webp
4162	SOURCE_LEAN/EW4_Web_Port_v0.61/assets/unit_attack/army_armoredcar_d90e2c4bb060.webp
4112	SOURCE_LEAN/EW4_Web_Port_v0.61/assets/unit_attack/army_armoredcar_dc5383bedfd1.webp
3862	SOURCE_LEAN/EW4_Web_Port_v0.61/assets/unit_attack/army_armoredcar_dec41a5200fa.webp
2886	SOURCE_LEAN/EW4_Web_Port_v0.61/assets/unit_attack/army_armoredcar_e87083f5d988.webp
3862	SOURCE_LEAN/EW4_Web_Port_v0.61/assets/unit_attack/army_armoredcar_ea05a38bdfdf.webp
4182	SOURCE_LEAN/EW4_Web_Port_v0.61/assets/unit_attack/army_armoredcar_ec8a08d9db73.webp
3830	SOURCE_LEAN/EW4_Web_Port_v0.61/assets/unit_attack/army_armoredcar_edb13bee8111.webp
2866	SOURCE_LEAN/EW4_Web_Port_v0.61/assets/unit_attack/army_armoredcar_eec72477fa0b.webp
2856	SOURCE_LEAN/EW4_Web_Port_v0.61/assets/unit_attack/army_armoredcar_f1a9e3062530.webp
5878	SOURCE_LEAN/EW4_Web_Port_v0.61/assets/unit_attack/army_armoredcar_f1cc6b968bd6.webp
2860	SOURCE_LEAN/EW4_Web_Port_v0.61/assets/unit_attack/army_armoredcar_f250f9040a4f.webp
3856	SOURCE_LEAN/EW4_Web_Port_v0.61/assets/unit_attack/army_armoredcar_f2873bcb6083.webp
3914	SOURCE_LEAN/EW4_Web_Port_v0.61/assets/unit_attack/army_armoredcar_f5c40a8c27be.webp
2856	SOURCE_LEAN/EW4_Web_Port_v0.61/assets/unit_attack/army_armoredcar_f683cce1980d.webp
2856	SOURCE_LEAN/EW4_Web_Port_v0.61/assets/unit_attack/army_armoredcar_fbba6060f185.webp
2796	SOURCE_LEAN/EW4_Web_Port_v0.61/assets/unit_attack/army_armoredcar_ffb1d85a9f18.webp
4578	SOURCE_LEAN/EW4_Web_Port_v0.61/assets/unit_attack/army_artillery_01bb4ac3a28b.webp
3390	SOURCE_LEAN/EW4_Web_Port_v0.61/assets/unit_attack/army_artillery_0259a6e198c6.webp
4814	SOURCE_LEAN/EW4_Web_Port_v0.61/assets/unit_attack/army_artillery_02db4306bc5a.webp
3450	SOURCE_LEAN/EW4_Web_Port_v0.61/assets/unit_attack/army_artillery_0359cc0c2e58.webp
5376	SOURCE_LEAN/EW4_Web_Port_v0.61/assets/unit_attack/army_artillery_049e22c361e0.webp
2616	SOURCE_LEAN/EW4_Web_Port_v0.61/assets/unit_attack/army_artillery_05351a6109ad.webp
4934	SOURCE_LEAN/EW4_Web_Port_v0.61/assets/unit_attack/army_artillery_05fc0ba747aa.webp
5376	SOURCE_LEAN/EW4_Web_Port_v0.61/assets/unit_attack/army_artillery_067e015c58e0.webp
2632	SOURCE_LEAN/EW4_Web_Port_v0.61/assets/unit_attack/army_artillery_079cb651c09f.webp
5238	SOURCE_LEAN/EW4_Web_Port_v0.61/assets/unit_attack/army_artillery_0c053d33d396.webp
2616	SOURCE_LEAN/EW4_Web_Port_v0.61/assets/unit_attack/army_artillery_0e4fb4bf2e33.webp
4814	SOURCE_LEAN/EW4_Web_Port_v0.61/assets/unit_attack/army_artillery_0f3430c43d73.webp
5214	SOURCE_LEAN/EW4_Web_Port_v0.61/assets/unit_attack/army_artillery_0f871c1fd2c3.webp
3636	SOURCE_LEAN/EW4_Web_Port_v0.61/assets/unit_attack/army_artillery_11148b928a29.webp
3636	SOURCE_LEAN/EW4_Web_Port_v0.61/assets/unit_attack/army_artillery_116d12cd4ca9.webp
3636	SOURCE_LEAN/EW4_Web_Port_v0.61/assets/unit_attack/army_artillery_11d4e2bc3550.webp
5312	SOURCE_LEAN/EW4_Web_Port_v0.61/assets/unit_attack/army_artillery_12b643fc9ba2.webp
2686	SOURCE_LEAN/EW4_Web_Port_v0.61/assets/unit_attack/army_artillery_134f25a7f906.webp
4872	SOURCE_LEAN/EW4_Web_Port_v0.61/assets/unit_attack/army_artillery_14a6c8994720.webp
5002	SOURCE_LEAN/EW4_Web_Port_v0.61/assets/unit_attack/army_artillery_16b8d7fd4aea.webp
5002	SOURCE_LEAN/EW4_Web_Port_v0.61/assets/unit_attack/army_artillery_1972678e1b78.webp
3388	SOURCE_LEAN/EW4_Web_Port_v0.61/assets/unit_attack/army_artillery_1be1859a4320.webp
5014	SOURCE_LEAN/EW4_Web_Port_v0.61/assets/unit_attack/army_artillery_1c7a257496c3.webp
4624	SOURCE_LEAN/EW4_Web_Port_v0.61/assets/unit_attack/army_artillery_1d9db86910e2.webp
4948	SOURCE_LEAN/EW4_Web_Port_v0.61/assets/unit_attack/army_artillery_1e0f5f417bca.webp
3370	SOURCE_LEAN/EW4_Web_Port_v0.61/assets/unit_attack/army_artillery_22b28c0ddec7.webp
4876	SOURCE_LEAN/EW4_Web_Port_v0.61/assets/unit_attack/army_artillery_2498d298ac6f.webp
4872	SOURCE_LEAN/EW4_Web_Port_v0.61/assets/unit_attack/army_artillery_264f5eeb021f.webp
3526	SOURCE_LEAN/EW4_Web_Port_v0.61/assets/unit_attack/army_artillery_26d49623727b.webp
5270	SOURCE_LEAN/EW4_Web_Port_v0.61/assets/unit_attack/army_artillery_2737aa60d059.webp
4658	SOURCE_LEAN/EW4_Web_Port_v0.61/assets/unit_attack/army_artillery_27d8e0d9dca4.webp
3812	SOURCE_LEAN/EW4_Web_Port_v0.61/assets/unit_attack/army_artillery_29871649694c.webp
3738	SOURCE_LEAN/EW4_Web_Port_v0.61/assets/unit_attack/army_artillery_2bcd043dadf4.webp
4876	SOURCE_LEAN/EW4_Web_Port_v0.61/assets/unit_attack/army_artillery_2cb5e4988579.webp
3436	SOURCE_LEAN/EW4_Web_Port_v0.61/assets/unit_attack/army_artillery_2dda1d9a5f9d.webp
5270	SOURCE_LEAN/EW4_Web_Port_v0.61/assets/unit_attack/army_artillery_2deb0b48a029.webp
4814	SOURCE_LEAN/EW4_Web_Port_v0.61/assets/unit_attack/army_artillery_2f3d3f4b6a7e.webp
4762	SOURCE_LEAN/EW4_Web_Port_v0.61/assets/unit_attack/army_artillery_2ff0bc5c84c3.webp
5002	SOURCE_LEAN/EW4_Web_Port_v0.61/assets/unit_attack/army_artillery_31e62f258435.webp
5212	SOURCE_LEAN/EW4_Web_Port_v0.61/assets/unit_attack/army_artillery_328cd1ae8d9c.webp
4658	SOURCE_LEAN/EW4_Web_Port_v0.61/assets/unit_attack/army_artillery_32c22066743b.webp
5376	SOURCE_LEAN/EW4_Web_Port_v0.61/assets/unit_attack/army_artillery_35e077bc16cb.webp
5234	SOURCE_LEAN/EW4_Web_Port_v0.61/assets/unit_attack/army_artillery_38905e59b378.webp
5180	SOURCE_LEAN/EW4_Web_Port_v0.61/assets/unit_attack/army_artillery_393927ca4f0b.webp
4872	SOURCE_LEAN/EW4_Web_Port_v0.61/assets/unit_attack/army_artillery_39a30008b019.webp
5238	SOURCE_LEAN/EW4_Web_Port_v0.61/assets/unit_attack/army_artillery_3af09a60f17a.webp
3436	SOURCE_LEAN/EW4_Web_Port_v0.61/assets/unit_attack/army_artillery_3ca13f99c60b.webp
3636	SOURCE_LEAN/EW4_Web_Port_v0.61/assets/unit_attack/army_artillery_3fb9ee75602e.webp
4814	SOURCE_LEAN/EW4_Web_Port_v0.61/assets/unit_attack/army_artillery_3fe553d4e568.webp
5376	SOURCE_LEAN/EW4_Web_Port_v0.61/assets/unit_attack/army_artillery_40949ac9ef78.webp
4624	SOURCE_LEAN/EW4_Web_Port_v0.61/assets/unit_attack/army_artillery_40ab0d0fafc4.webp
4944	SOURCE_LEAN/EW4_Web_Port_v0.61/assets/unit_attack/army_artillery_4332133b0be2.webp
4948	SOURCE_LEAN/EW4_Web_Port_v0.61/assets/unit_attack/army_artillery_433af4e89cc2.webp
5070	SOURCE_LEAN/EW4_Web_Port_v0.61/assets/unit_attack/army_artillery_442986831998.webp
3436	SOURCE_LEAN/EW4_Web_Port_v0.61/assets/unit_attack/army_artillery_4752372c6bba.webp
5180	SOURCE_LEAN/EW4_Web_Port_v0.61/assets/unit_attack/army_artillery_478e6c89ce07.webp
4934	SOURCE_LEAN/EW4_Web_Port_v0.61/assets/unit_attack/army_artillery_479e61f99e1e.webp
5376	SOURCE_LEAN/EW4_Web_Port_v0.61/assets/unit_attack/army_artillery_4aa52f6fcf45.webp
2678	SOURCE_LEAN/EW4_Web_Port_v0.61/assets/unit_attack/army_artillery_4b640768828e.webp
2642	SOURCE_LEAN/EW4_Web_Port_v0.61/assets/unit_attack/army_artillery_4dc98afc4554.webp
5012	SOURCE_LEAN/EW4_Web_Port_v0.61/assets/unit_attack/army_artillery_4dcb64687bda.webp
3526	SOURCE_LEAN/EW4_Web_Port_v0.61/assets/unit_attack/army_artillery_4fb415a7daf7.webp
3482	SOURCE_LEAN/EW4_Web_Port_v0.61/assets/unit_attack/army_artillery_50257eae7727.webp
5376	SOURCE_LEAN/EW4_Web_Port_v0.61/assets/unit_attack/army_artillery_518c94c20cd8.webp
3436	SOURCE_LEAN/EW4_Web_Port_v0.61/assets/unit_attack/army_artillery_51a8dd3dee21.webp
5270	SOURCE_LEAN/EW4_Web_Port_v0.61/assets/unit_attack/army_artillery_527163cc735e.webp
4918	SOURCE_LEAN/EW4_Web_Port_v0.61/assets/unit_attack/army_artillery_53f7600a65e2.webp
4934	SOURCE_LEAN/EW4_Web_Port_v0.61/assets/unit_attack/army_artillery_56440c59ffda.webp
5180	SOURCE_LEAN/EW4_Web_Port_v0.61/assets/unit_attack/army_artillery_5667b77457a0.webp
5180	SOURCE_LEAN/EW4_Web_Port_v0.61/assets/unit_attack/army_artillery_57ece7eb9a2d.webp
5234	SOURCE_LEAN/EW4_Web_Port_v0.61/assets/unit_attack/army_artillery_5cce067d27e7.webp
4872	SOURCE_LEAN/EW4_Web_Port_v0.61/assets/unit_attack/army_artillery_5d86c7cb89fe.webp
4874	SOURCE_LEAN/EW4_Web_Port_v0.61/assets/unit_attack/army_artillery_5ded63e63c67.webp
3636	SOURCE_LEAN/EW4_Web_Port_v0.61/assets/unit_attack/army_artillery_5e7b60e617ed.webp
2616	SOURCE_LEAN/EW4_Web_Port_v0.61/assets/unit_attack/army_artillery_5ea762347048.webp
3388	SOURCE_LEAN/EW4_Web_Port_v0.61/assets/unit_attack/army_artillery_5f358b22115c.webp
2616	SOURCE_LEAN/EW4_Web_Port_v0.61/assets/unit_attack/army_artillery_60ca2d537ff2.webp
5238	SOURCE_LEAN/EW4_Web_Port_v0.61/assets/unit_attack/army_artillery_617e1325d3e3.webp
4948	SOURCE_LEAN/EW4_Web_Port_v0.61/assets/unit_attack/army_artillery_628af1bec1b4.webp
2616	SOURCE_LEAN/EW4_Web_Port_v0.61/assets/unit_attack/army_artillery_6396e907b30a.webp
4918	SOURCE_LEAN/EW4_Web_Port_v0.61/assets/unit_attack/army_artillery_63c9a31e3955.webp
5180	SOURCE_LEAN/EW4_Web_Port_v0.61/assets/unit_attack/army_artillery_64001bf1ab86.webp
5270	SOURCE_LEAN/EW4_Web_Port_v0.61/assets/unit_attack/army_artillery_647318200893.webp
4658	SOURCE_LEAN/EW4_Web_Port_v0.61/assets/unit_attack/army_artillery_64914e6a051e.webp
4994	SOURCE_LEAN/EW4_Web_Port_v0.61/assets/unit_attack/army_artillery_6520a7636d4a.webp
5066	SOURCE_LEAN/EW4_Web_Port_v0.61/assets/unit_attack/army_artillery_65f4710bea07.webp
3388	SOURCE_LEAN/EW4_Web_Port_v0.61/assets/unit_attack/army_artillery_65f7620bd50e.webp
4890	SOURCE_LEAN/EW4_Web_Port_v0.61/assets/unit_attack/army_artillery_6692ae082cce.webp
4660	SOURCE_LEAN/EW4_Web_Port_v0.61/assets/unit_attack/army_artillery_66fac52a1de9.webp
4918	SOURCE_LEAN/EW4_Web_Port_v0.61/assets/unit_attack/army_artillery_68857cde2f5a.webp
2678	SOURCE_LEAN/EW4_Web_Port_v0.61/assets/unit_attack/army_artillery_68ec6a4d0fbe.webp
4982	SOURCE_LEAN/EW4_Web_Port_v0.61/assets/unit_attack/army_artillery_6a5061e9a67c.webp
2678	SOURCE_LEAN/EW4_Web_Port_v0.61/assets/unit_attack/army_artillery_6c78a6504454.webp
4814	SOURCE_LEAN/EW4_Web_Port_v0.61/assets/unit_attack/army_artillery_6df252f4a245.webp
5002	SOURCE_LEAN/EW4_Web_Port_v0.61/assets/unit_attack/army_artillery_70345d5c8afd.webp
3482	SOURCE_LEAN/EW4_Web_Port_v0.61/assets/unit_attack/army_artillery_70b8d6ca128f.webp
5208	SOURCE_LEAN/EW4_Web_Port_v0.61/assets/unit_attack/army_artillery_748447cfe143.webp
3812	SOURCE_LEAN/EW4_Web_Port_v0.61/assets/unit_attack/army_artillery_76903607b7bc.webp
4934	SOURCE_LEAN/EW4_Web_Port_v0.61/assets/unit_attack/army_artillery_77e76b9b76af.webp
3482	SOURCE_LEAN/EW4_Web_Port_v0.61/assets/unit_attack/army_artillery_7a270b3d2d30.webp
5230	SOURCE_LEAN/EW4_Web_Port_v0.61/assets/unit_attack/army_artillery_7c0b5d965ba1.webp
5234	SOURCE_LEAN/EW4_Web_Port_v0.61/assets/unit_attack/army_artillery_7ee2b7546381.webp
2584	SOURCE_LEAN/EW4_Web_Port_v0.61/assets/unit_attack/army_artillery_802858d1f9ae.webp
4814	SOURCE_LEAN/EW4_Web_Port_v0.61/assets/unit_attack/army_artillery_802d521a8ab1.webp
4658	SOURCE_LEAN/EW4_Web_Port_v0.61/assets/unit_attack/army_artillery_825c6da7f7cb.webp
5238	SOURCE_LEAN/EW4_Web_Port_v0.61/assets/unit_attack/army_artillery_847d4fb704d1.webp
5180	SOURCE_LEAN/EW4_Web_Port_v0.61/assets/unit_attack/army_artillery_858a9b9f8980.webp
5242	SOURCE_LEAN/EW4_Web_Port_v0.61/assets/unit_attack/army_artillery_8617ea7e491b.webp
2686	SOURCE_LEAN/EW4_Web_Port_v0.61/assets/unit_attack/army_artillery_89ad6279384d.webp
3388	SOURCE_LEAN/EW4_Web_Port_v0.61/assets/unit_attack/army_artillery_8a77bb4c9bd1.webp
3436	SOURCE_LEAN/EW4_Web_Port_v0.61/assets/unit_attack/army_artillery_8e8bd9abb683.webp
4876	SOURCE_LEAN/EW4_Web_Port_v0.61/assets/unit_attack/army_artillery_8ec7e3ebd407.webp
4844	SOURCE_LEAN/EW4_Web_Port_v0.61/assets/unit_attack/army_artillery_8f3db6990fb4.webp
4904	SOURCE_LEAN/EW4_Web_Port_v0.61/assets/unit_attack/army_artillery_8f9762e78dc6.webp
2686	SOURCE_LEAN/EW4_Web_Port_v0.61/assets/unit_attack/army_artillery_8fce0187e3a9.webp
3482	SOURCE_LEAN/EW4_Web_Port_v0.61/assets/unit_attack/army_artillery_905d3cd5b186.webp
3812	SOURCE_LEAN/EW4_Web_Port_v0.61/assets/unit_attack/army_artillery_908e5e3d5e89.webp
4934	SOURCE_LEAN/EW4_Web_Port_v0.61/assets/unit_attack/army_artillery_90f213c22267.webp
4948	SOURCE_LEAN/EW4_Web_Port_v0.61/assets/unit_attack/army_artillery_91348df3551d.webp
4872	SOURCE_LEAN/EW4_Web_Port_v0.61/assets/unit_attack/army_artillery_91b6cc8659f4.webp
4624	SOURCE_LEAN/EW4_Web_Port_v0.61/assets/unit_attack/army_artillery_91e34e9adbf8.webp
5332	SOURCE_LEAN/EW4_Web_Port_v0.61/assets/unit_attack/army_artillery_91ead29e81f4.webp
4918	SOURCE_LEAN/EW4_Web_Port_v0.61/assets/unit_attack/army_artillery_922cfbb3dc5e.webp
3436	SOURCE_LEAN/EW4_Web_Port_v0.61/assets/unit_attack/army_artillery_92455ca05597.webp
4624	SOURCE_LEAN/EW4_Web_Port_v0.61/assets/unit_attack/army_artillery_9445794b769e.webp
3436	SOURCE_LEAN/EW4_Web_Port_v0.61/assets/unit_attack/army_artillery_960c68201a71.webp
3526	SOURCE_LEAN/EW4_Web_Port_v0.61/assets/unit_attack/army_artillery_975721d7b472.webp
3482	SOURCE_LEAN/EW4_Web_Port_v0.61/assets/unit_attack/army_artillery_9807410e5dee.webp
5002	SOURCE_LEAN/EW4_Web_Port_v0.61/assets/unit_attack/army_artillery_993029f80d40.webp
4872	SOURCE_LEAN/EW4_Web_Port_v0.61/assets/unit_attack/army_artillery_9a0ab17929b2.webp
3328	SOURCE_LEAN/EW4_Web_Port_v0.61/assets/unit_attack/army_artillery_9ab383a20b3d.webp
3526	SOURCE_LEAN/EW4_Web_Port_v0.61/assets/unit_attack/army_artillery_9ac0c9bffc85.webp
4944	SOURCE_LEAN/EW4_Web_Port_v0.61/assets/unit_attack/army_artillery_9ad9aee9780d.webp
5238	SOURCE_LEAN/EW4_Web_Port_v0.61/assets/unit_attack/army_artillery_9b48ca8bcb02.webp
4944	SOURCE_LEAN/EW4_Web_Port_v0.61/assets/unit_attack/army_artillery_9b78ba5b14a3.webp
4876	SOURCE_LEAN/EW4_Web_Port_v0.61/assets/unit_attack/army_artillery_9b97811f95e8.webp
3812	SOURCE_LEAN/EW4_Web_Port_v0.61/assets/unit_attack/army_artillery_9c320c31388e.webp
4880	SOURCE_LEAN/EW4_Web_Port_v0.61/assets/unit_attack/army_artillery_a0bf7bc3a581.webp
4944	SOURCE_LEAN/EW4_Web_Port_v0.61/assets/unit_attack/army_artillery_a0fc315b6bce.webp
4810	SOURCE_LEAN/EW4_Web_Port_v0.61/assets/unit_attack/army_artillery_a1433cee6701.webp
4624	SOURCE_LEAN/EW4_Web_Port_v0.61/assets/unit_attack/army_artillery_a26a41578248.webp
4934	SOURCE_LEAN/EW4_Web_Port_v0.61/assets/unit_attack/army_artillery_a3245e3a98cb.webp
3812	SOURCE_LEAN/EW4_Web_Port_v0.61/assets/unit_attack/army_artillery_a3b4a2862b14.webp
5180	SOURCE_LEAN/EW4_Web_Port_v0.61/assets/unit_attack/army_artillery_a3b6c39e09d9.webp
4944	SOURCE_LEAN/EW4_Web_Port_v0.61/assets/unit_attack/army_artillery_a6b34339922b.webp
5206	SOURCE_LEAN/EW4_Web_Port_v0.61/assets/unit_attack/army_artillery_a85b653d3ce6.webp
5270	SOURCE_LEAN/EW4_Web_Port_v0.61/assets/unit_attack/army_artillery_a877e401d0d4.webp
3388	SOURCE_LEAN/EW4_Web_Port_v0.61/assets/unit_attack/army_artillery_a8de8980dee1.webp
4624	SOURCE_LEAN/EW4_Web_Port_v0.61/assets/unit_attack/army_artillery_ac1c8e8ceac3.webp
4658	SOURCE_LEAN/EW4_Web_Port_v0.61/assets/unit_attack/army_artillery_ade797176568.webp
3526	SOURCE_LEAN/EW4_Web_Port_v0.61/assets/unit_attack/army_artillery_afa295e1257c.webp
2686	SOURCE_LEAN/EW4_Web_Port_v0.61/assets/unit_attack/army_artillery_b19535f3a060.webp
3634	SOURCE_LEAN/EW4_Web_Port_v0.61/assets/unit_attack/army_artillery_b3dd1c41dcb5.webp
5234	SOURCE_LEAN/EW4_Web_Port_v0.61/assets/unit_attack/army_artillery_b3eb3087a08b.webp
4944	SOURCE_LEAN/EW4_Web_Port_v0.61/assets/unit_attack/army_artillery_b4525d261335.webp
4624	SOURCE_LEAN/EW4_Web_Port_v0.61/assets/unit_attack/army_artillery_b4b78f4dcc2a.webp
4876	SOURCE_LEAN/EW4_Web_Port_v0.61/assets/unit_attack/army_artillery_b4cefba6fb89.webp
3438	SOURCE_LEAN/EW4_Web_Port_v0.61/assets/unit_attack/army_artillery_b582eb7ecbd4.webp
5234	SOURCE_LEAN/EW4_Web_Port_v0.61/assets/unit_attack/army_artillery_b740ae3437a5.webp
2660	SOURCE_LEAN/EW4_Web_Port_v0.61/assets/unit_attack/army_artillery_b91379129103.webp
5006	SOURCE_LEAN/EW4_Web_Port_v0.61/assets/unit_attack/army_artillery_bb4b15dfe6f7.webp
4934	SOURCE_LEAN/EW4_Web_Port_v0.61/assets/unit_attack/army_artillery_bce64f4161ef.webp
5270	SOURCE_LEAN/EW4_Web_Port_v0.61/assets/unit_attack/army_artillery_be0225d3288d.webp
4948	SOURCE_LEAN/EW4_Web_Port_v0.61/assets/unit_attack/army_artillery_bfcd9c072344.webp
3526	SOURCE_LEAN/EW4_Web_Port_v0.61/assets/unit_attack/army_artillery_c04b4ac5588a.webp
2686	SOURCE_LEAN/EW4_Web_Port_v0.61/assets/unit_attack/army_artillery_c3499a62f0d3.webp
3526	SOURCE_LEAN/EW4_Web_Port_v0.61/assets/unit_attack/army_artillery_c48778480b75.webp
5234	SOURCE_LEAN/EW4_Web_Port_v0.61/assets/unit_attack/army_artillery_c548af77d4dc.webp
3388	SOURCE_LEAN/EW4_Web_Port_v0.61/assets/unit_attack/army_artillery_c5f66c2dcd26.webp
5278	SOURCE_LEAN/EW4_Web_Port_v0.61/assets/unit_attack/army_artillery_c8b51d4ab3f6.webp
4876	SOURCE_LEAN/EW4_Web_Port_v0.61/assets/unit_attack/army_artillery_c9d650b7d3b3.webp
4658	SOURCE_LEAN/EW4_Web_Port_v0.61/assets/unit_attack/army_artillery_cc63c34294e5.webp
3434	SOURCE_LEAN/EW4_Web_Port_v0.61/assets/unit_attack/army_artillery_cdd8488f15b2.webp
2616	SOURCE_LEAN/EW4_Web_Port_v0.61/assets/unit_attack/army_artillery_d012e995bbdc.webp
4814	SOURCE_LEAN/EW4_Web_Port_v0.61/assets/unit_attack/army_artillery_d03186e8663e.webp
5238	SOURCE_LEAN/EW4_Web_Port_v0.61/assets/unit_attack/army_artillery_d2956f0327a3.webp
4918	SOURCE_LEAN/EW4_Web_Port_v0.61/assets/unit_attack/army_artillery_d2a07f7998c6.webp
3482	SOURCE_LEAN/EW4_Web_Port_v0.61/assets/unit_attack/army_artillery_d45d5349f2b0.webp
4872	SOURCE_LEAN/EW4_Web_Port_v0.61/assets/unit_attack/army_artillery_d67fdba2132f.webp
2616	SOURCE_LEAN/EW4_Web_Port_v0.61/assets/unit_attack/army_artillery_dcbaaf78ca35.webp
4808	SOURCE_LEAN/EW4_Web_Port_v0.61/assets/unit_attack/army_artillery_de3b7db4a4f1.webp
2626	SOURCE_LEAN/EW4_Web_Port_v0.61/assets/unit_attack/army_artillery_de623c1a5fa3.webp
2678	SOURCE_LEAN/EW4_Web_Port_v0.61/assets/unit_attack/army_artillery_de914f72ea42.webp
4944	SOURCE_LEAN/EW4_Web_Port_v0.61/assets/unit_attack/army_artillery_e0a51774f73d.webp
3388	SOURCE_LEAN/EW4_Web_Port_v0.61/assets/unit_attack/army_artillery_e14d6df236fe.webp
4948	SOURCE_LEAN/EW4_Web_Port_v0.61/assets/unit_attack/army_artillery_e20ca4856bba.webp
2686	SOURCE_LEAN/EW4_Web_Port_v0.61/assets/unit_attack/army_artillery_e27dc5fc07a9.webp
3452	SOURCE_LEAN/EW4_Web_Port_v0.61/assets/unit_attack/army_artillery_e4b63d8586fe.webp
3812	SOURCE_LEAN/EW4_Web_Port_v0.61/assets/unit_attack/army_artillery_e536c028ae1f.webp
3636	SOURCE_LEAN/EW4_Web_Port_v0.61/assets/unit_attack/army_artillery_e7aa3c5cd42f.webp
3330	SOURCE_LEAN/EW4_Web_Port_v0.61/assets/unit_attack/army_artillery_e893c81d5533.webp
3592	SOURCE_LEAN/EW4_Web_Port_v0.61/assets/unit_attack/army_artillery_e95ecfc7faac.webp
3508	SOURCE_LEAN/EW4_Web_Port_v0.61/assets/unit_attack/army_artillery_ea73a48a1493.webp
5296	SOURCE_LEAN/EW4_Web_Port_v0.61/assets/unit_attack/army_artillery_ea8a3517c197.webp
3812	SOURCE_LEAN/EW4_Web_Port_v0.61/assets/unit_attack/army_artillery_ecf4e031f7e1.webp
2678	SOURCE_LEAN/EW4_Web_Port_v0.61/assets/unit_attack/army_artillery_ee3e055458b5.webp
4504	SOURCE_LEAN/EW4_Web_Port_v0.61/assets/unit_attack/army_artillery_f065c914372c.webp
5238	SOURCE_LEAN/EW4_Web_Port_v0.61/assets/unit_attack/army_artillery_f25009e8e3f7.webp
5234	SOURCE_LEAN/EW4_Web_Port_v0.61/assets/unit_attack/army_artillery_f2caf4862ad9.webp
5002	SOURCE_LEAN/EW4_Web_Port_v0.61/assets/unit_attack/army_artillery_f2e7c868ede4.webp
2678	SOURCE_LEAN/EW4_Web_Port_v0.61/assets/unit_attack/army_artillery_f31fbd7bf51a.webp
4918	SOURCE_LEAN/EW4_Web_Port_v0.61/assets/unit_attack/army_artillery_f6308e47c21b.webp
2686	SOURCE_LEAN/EW4_Web_Port_v0.61/assets/unit_attack/army_artillery_f6680dedc38f.webp
4944	SOURCE_LEAN/EW4_Web_Port_v0.61/assets/unit_attack/army_artillery_f6a7f5c58ca3.webp
5002	SOURCE_LEAN/EW4_Web_Port_v0.61/assets/unit_attack/army_artillery_f8de8229d39a.webp
4658	SOURCE_LEAN/EW4_Web_Port_v0.61/assets/unit_attack/army_artillery_fd13e17fed49.webp
2678	SOURCE_LEAN/EW4_Web_Port_v0.61/assets/unit_attack/army_artillery_fe7bff124df1.webp
4760	SOURCE_LEAN/EW4_Web_Port_v0.61/assets/unit_attack/army_artillery_fef0ea2bb879.webp
1344	SOURCE_LEAN/EW4_Web_Port_v0.61/assets/unit_attack/army_fort_35eab3eace44.webp
3800	SOURCE_LEAN/EW4_Web_Port_v0.61/assets/unit_attack/army_fort_575c03479bb4.webp
3454	SOURCE_LEAN/EW4_Web_Port_v0.61/assets/unit_attack/army_fort_a904e72a0b50.webp
2942	SOURCE_LEAN/EW4_Web_Port_v0.61/assets/unit_attack/army_fort_c2b7ac202529.webp
5746	SOURCE_LEAN/EW4_Web_Port_v0.61/assets/unit_attack/army_grenadier_03b674ca5b93.webp
3660	SOURCE_LEAN/EW4_Web_Port_v0.61/assets/unit_attack/army_grenadier_059eb7e80087.webp
5140	SOURCE_LEAN/EW4_Web_Port_v0.61/assets/unit_attack/army_grenadier_07820b14d7a3.webp
5302	SOURCE_LEAN/EW4_Web_Port_v0.61/assets/unit_attack/army_grenadier_0ad7de4e3dd0.webp
3734	SOURCE_LEAN/EW4_Web_Port_v0.61/assets/unit_attack/army_grenadier_0fede17f1d46.webp
5262	SOURCE_LEAN/EW4_Web_Port_v0.61/assets/unit_attack/army_grenadier_14ed3ca206c9.webp
5262	SOURCE_LEAN/EW4_Web_Port_v0.61/assets/unit_attack/army_grenadier_1997edd774e7.webp
5746	SOURCE_LEAN/EW4_Web_Port_v0.61/assets/unit_attack/army_grenadier_1aa343b2f018.webp
5052	SOURCE_LEAN/EW4_Web_Port_v0.61/assets/unit_attack/army_grenadier_1dd53df20fe6.webp
5262	SOURCE_LEAN/EW4_Web_Port_v0.61/assets/unit_attack/army_grenadier_21481f3a48ed.webp
3812	SOURCE_LEAN/EW4_Web_Port_v0.61/assets/unit_attack/army_grenadier_23b83809e555.webp
4998	SOURCE_LEAN/EW4_Web_Port_v0.61/assets/unit_attack/army_grenadier_2744242c5d2b.webp
3874	SOURCE_LEAN/EW4_Web_Port_v0.61/assets/unit_attack/army_grenadier_27fc4d2afe9f.webp
3812	SOURCE_LEAN/EW4_Web_Port_v0.61/assets/unit_attack/army_grenadier_2d1695af099b.webp
5274	SOURCE_LEAN/EW4_Web_Port_v0.61/assets/unit_attack/army_grenadier_2fc0b32f5668.webp
3806	SOURCE_LEAN/EW4_Web_Port_v0.61/assets/unit_attack/army_grenadier_2fe0938b6e88.webp
5302	SOURCE_LEAN/EW4_Web_Port_v0.61/assets/unit_attack/army_grenadier_3239fabf3d9f.webp
3874	SOURCE_LEAN/EW4_Web_Port_v0.61/assets/unit_attack/army_grenadier_35d30d26cfca.webp
5274	SOURCE_LEAN/EW4_Web_Port_v0.61/assets/unit_attack/army_grenadier_39b1d8cb233c.webp
5040	SOURCE_LEAN/EW4_Web_Port_v0.61/assets/unit_attack/army_grenadier_39ba4a46b1bc.webp
3874	SOURCE_LEAN/EW4_Web_Port_v0.61/assets/unit_attack/army_grenadier_3bc4b753db22.webp
5302	SOURCE_LEAN/EW4_Web_Port_v0.61/assets/unit_attack/army_grenadier_3e3530890d2c.webp
5262	SOURCE_LEAN/EW4_Web_Port_v0.61/assets/unit_attack/army_grenadier_4198f19d6324.webp
5302	SOURCE_LEAN/EW4_Web_Port_v0.61/assets/unit_attack/army_grenadier_4625808f6559.webp
3660	SOURCE_LEAN/EW4_Web_Port_v0.61/assets/unit_attack/army_grenadier_4a55e4a206da.webp
3812	SOURCE_LEAN/EW4_Web_Port_v0.61/assets/unit_attack/army_grenadier_4ceb4cb100ee.webp
5604	SOURCE_LEAN/EW4_Web_Port_v0.61/assets/unit_attack/army_grenadier_4dd40c40de7d.webp
3844	SOURCE_LEAN/EW4_Web_Port_v0.61/assets/unit_attack/army_grenadier_4e0a5840ddb8.webp
5302	SOURCE_LEAN/EW4_Web_Port_v0.61/assets/unit_attack/army_grenadier_4fe11c8a717a.webp
5140	SOURCE_LEAN/EW4_Web_Port_v0.61/assets/unit_attack/army_grenadier_51d9b65f4aa0.webp
3812	SOURCE_LEAN/EW4_Web_Port_v0.61/assets/unit_attack/army_grenadier_5b1537f824b9.webp
5604	SOURCE_LEAN/EW4_Web_Port_v0.61/assets/unit_attack/army_grenadier_5d3e1a10a5b4.webp
3812	SOURCE_LEAN/EW4_Web_Port_v0.61/assets/unit_attack/army_grenadier_65c22a71e02b.webp
5396	SOURCE_LEAN/EW4_Web_Port_v0.61/assets/unit_attack/army_grenadier_66bfcf2ffd0b.webp
5274	SOURCE_LEAN/EW4_Web_Port_v0.61/assets/unit_attack/army_grenadier_743ab5dccbd6.webp
3514	SOURCE_LEAN/EW4_Web_Port_v0.61/assets/unit_attack/army_grenadier_7e57c6f9bf48.webp
3812	SOURCE_LEAN/EW4_Web_Port_v0.61/assets/unit_attack/army_grenadier_7f7b5c6db75c.webp
5604	SOURCE_LEAN/EW4_Web_Port_v0.61/assets/unit_attack/army_grenadier_81122fd0ad77.webp
3660	SOURCE_LEAN/EW4_Web_Port_v0.61/assets/unit_attack/army_grenadier_812eecd8c77e.webp
5452	SOURCE_LEAN/EW4_Web_Port_v0.61/assets/unit_attack/army_grenadier_88e1be9b9f43.webp
5746	SOURCE_LEAN/EW4_Web_Port_v0.61/assets/unit_attack/army_grenadier_8ced400c6014.webp
3660	SOURCE_LEAN/EW4_Web_Port_v0.61/assets/unit_attack/army_grenadier_8d9faa45fa6c.webp
5274	SOURCE_LEAN/EW4_Web_Port_v0.61/assets/unit_attack/army_grenadier_8f932de58069.webp
5604	SOURCE_LEAN/EW4_Web_Port_v0.61/assets/unit_attack/army_grenadier_8fd2ff5e872b.webp
5494	SOURCE_LEAN/EW4_Web_Port_v0.61/assets/unit_attack/army_grenadier_90a5a8330e99.webp
5274	SOURCE_LEAN/EW4_Web_Port_v0.61/assets/unit_attack/army_grenadier_9266d2006fd4.webp
5274	SOURCE_LEAN/EW4_Web_Port_v0.61/assets/unit_attack/army_grenadier_93fb7d97613e.webp
5040	SOURCE_LEAN/EW4_Web_Port_v0.61/assets/unit_attack/army_grenadier_98b2607bfdd1.webp
5140	SOURCE_LEAN/EW4_Web_Port_v0.61/assets/unit_attack/army_grenadier_99a236cd7c77.webp
3874	SOURCE_LEAN/EW4_Web_Port_v0.61/assets/unit_attack/army_grenadier_9f9edafb5581.webp
5528	SOURCE_LEAN/EW4_Web_Port_v0.61/assets/unit_attack/army_grenadier_a06abdc03730.webp
3898	SOURCE_LEAN/EW4_Web_Port_v0.61/assets/unit_attack/army_grenadier_a28f18d60b2c.webp
5628	SOURCE_LEAN/EW4_Web_Port_v0.61/assets/unit_attack/army_grenadier_aaaf59cf6ec3.webp
5262	SOURCE_LEAN/EW4_Web_Port_v0.61/assets/unit_attack/army_grenadier_ab650010baec.webp
3874	SOURCE_LEAN/EW4_Web_Port_v0.61/assets/unit_attack/army_grenadier_ab9b1e01702a.webp
5490	SOURCE_LEAN/EW4_Web_Port_v0.61/assets/unit_attack/army_grenadier_ae20b0e79ef8.webp
3874	SOURCE_LEAN/EW4_Web_Port_v0.61/assets/unit_attack/army_grenadier_b868a4801cd9.webp
3660	SOURCE_LEAN/EW4_Web_Port_v0.61/assets/unit_attack/army_grenadier_be78d4a26adb.webp
5302	SOURCE_LEAN/EW4_Web_Port_v0.61/assets/unit_attack/army_grenadier_c1551f6fe2cf.webp
5302	SOURCE_LEAN/EW4_Web_Port_v0.61/assets/unit_attack/army_grenadier_c5635e42b16c.webp
3542	SOURCE_LEAN/EW4_Web_Port_v0.61/assets/unit_attack/army_grenadier_c95437ffaf49.webp
5604	SOURCE_LEAN/EW4_Web_Port_v0.61/assets/unit_attack/army_grenadier_caa79c9bfac2.webp
5746	SOURCE_LEAN/EW4_Web_Port_v0.61/assets/unit_attack/army_grenadier_cc3eec964ca1.webp
5262	SOURCE_LEAN/EW4_Web_Port_v0.61/assets/unit_attack/army_grenadier_d2df9a9a1434.webp
5746	SOURCE_LEAN/EW4_Web_Port_v0.61/assets/unit_attack/army_grenadier_d45ba59ce659.webp
4994	SOURCE_LEAN/EW4_Web_Port_v0.61/assets/unit_attack/army_grenadier_d508e0790c6b.webp
3812	SOURCE_LEAN/EW4_Web_Port_v0.61/assets/unit_attack/army_grenadier_dc821609a808.webp
5746	SOURCE_LEAN/EW4_Web_Port_v0.61/assets/unit_attack/army_grenadier_dd5dcd992cf7.webp
3660	SOURCE_LEAN/EW4_Web_Port_v0.61/assets/unit_attack/army_grenadier_df88585e9361.webp
5604	SOURCE_LEAN/EW4_Web_Port_v0.61/assets/unit_attack/army_grenadier_e16c94d558bc.webp
5140	SOURCE_LEAN/EW4_Web_Port_v0.61/assets/unit_attack/army_grenadier_e23966a4786b.webp
5746	SOURCE_LEAN/EW4_Web_Port_v0.61/assets/unit_attack/army_grenadier_eae8d961f446.webp
5262	SOURCE_LEAN/EW4_Web_Port_v0.61/assets/unit_attack/army_grenadier_f260fae66c4f.webp
5274	SOURCE_LEAN/EW4_Web_Port_v0.61/assets/unit_attack/army_grenadier_f35c283eb162.webp
5140	SOURCE_LEAN/EW4_Web_Port_v0.61/assets/unit_attack/army_grenadier_fc8647482b1a.webp
5140	SOURCE_LEAN/EW4_Web_Port_v0.61/assets/unit_attack/army_grenadier_fcc8e270c5d9.webp
5096	SOURCE_LEAN/EW4_Web_Port_v0.61/assets/unit_attack/army_grenadier_fcdc29da03cb.webp
3874	SOURCE_LEAN/EW4_Web_Port_v0.61/assets/unit_attack/army_grenadier_fefda5ae4784.webp
4178	SOURCE_LEAN/EW4_Web_Port_v0.61/assets/unit_attack/army_guards_077e466112c0.webp
5736	SOURCE_LEAN/EW4_Web_Port_v0.61/assets/unit_attack/army_guards_07b5978a8cba.webp
5344	SOURCE_LEAN/EW4_Web_Port_v0.61/assets/unit_attack/army_guards_0923e4339f74.webp
3782	SOURCE_LEAN/EW4_Web_Port_v0.61/assets/unit_attack/army_guards_0bea6f956961.webp
4850	SOURCE_LEAN/EW4_Web_Port_v0.61/assets/unit_attack/army_guards_122e1ae86fd3.webp
4850	SOURCE_LEAN/EW4_Web_Port_v0.61/assets/unit_attack/army_guards_151f62dbad23.webp
3988	SOURCE_LEAN/EW4_Web_Port_v0.61/assets/unit_attack/army_guards_15b777aebe1f.webp
4092	SOURCE_LEAN/EW4_Web_Port_v0.61/assets/unit_attack/army_guards_1bbbecebdcf5.webp
4850	SOURCE_LEAN/EW4_Web_Port_v0.61/assets/unit_attack/army_guards_241991f42a45.webp
4574	SOURCE_LEAN/EW4_Web_Port_v0.61/assets/unit_attack/army_guards_24afba58bdf1.webp
3988	SOURCE_LEAN/EW4_Web_Port_v0.61/assets/unit_attack/army_guards_29a69058ca41.webp
5858	SOURCE_LEAN/EW4_Web_Port_v0.61/assets/unit_attack/army_guards_2ae2df034613.webp
3988	SOURCE_LEAN/EW4_Web_Port_v0.61/assets/unit_attack/army_guards_2c7432d14651.webp
4574	SOURCE_LEAN/EW4_Web_Port_v0.61/assets/unit_attack/army_guards_3109fd7f6181.webp
5736	SOURCE_LEAN/EW4_Web_Port_v0.61/assets/unit_attack/army_guards_35283a9fde6a.webp
5786	SOURCE_LEAN/EW4_Web_Port_v0.61/assets/unit_attack/army_guards_3652339c1874.webp
5786	SOURCE_LEAN/EW4_Web_Port_v0.61/assets/unit_attack/army_guards_3682a9dc253a.webp
3800	SOURCE_LEAN/EW4_Web_Port_v0.61/assets/unit_attack/army_guards_3a39292edbaf.webp
5786	SOURCE_LEAN/EW4_Web_Port_v0.61/assets/unit_attack/army_guards_3b04098fcc2e.webp
5358	SOURCE_LEAN/EW4_Web_Port_v0.61/assets/unit_attack/army_guards_416a2a7c137d.webp
5786	SOURCE_LEAN/EW4_Web_Port_v0.61/assets/unit_attack/army_guards_41a0354d2cc7.webp
4010	SOURCE_LEAN/EW4_Web_Port_v0.61/assets/unit_attack/army_guards_495119ff97e8.webp
5786	SOURCE_LEAN/EW4_Web_Port_v0.61/assets/unit_attack/army_guards_4b9aa5ac98e3.webp
5340	SOURCE_LEAN/EW4_Web_Port_v0.61/assets/unit_attack/army_guards_4bf022b2d54b.webp
5786	SOURCE_LEAN/EW4_Web_Port_v0.61/assets/unit_attack/army_guards_5226aae759da.webp
4978	SOURCE_LEAN/EW4_Web_Port_v0.61/assets/unit_attack/army_guards_5c1b192f2ce7.webp
5062	SOURCE_LEAN/EW4_Web_Port_v0.61/assets/unit_attack/army_guards_5c9bdf4b6fa5.webp
5736	SOURCE_LEAN/EW4_Web_Port_v0.61/assets/unit_attack/army_guards_5dadee74179c.webp
3782	SOURCE_LEAN/EW4_Web_Port_v0.61/assets/unit_attack/army_guards_5e26f7d1d647.webp
4092	SOURCE_LEAN/EW4_Web_Port_v0.61/assets/unit_attack/army_guards_605d5168abb2.webp
5786	SOURCE_LEAN/EW4_Web_Port_v0.61/assets/unit_attack/army_guards_642605cdb972.webp
4858	SOURCE_LEAN/EW4_Web_Port_v0.61/assets/unit_attack/army_guards_6514a8bece8b.webp
4574	SOURCE_LEAN/EW4_Web_Port_v0.61/assets/unit_attack/army_guards_6692c1a11e8b.webp
3782	SOURCE_LEAN/EW4_Web_Port_v0.61/assets/unit_attack/army_guards_66933ebd1fa1.webp
5170	SOURCE_LEAN/EW4_Web_Port_v0.61/assets/unit_attack/army_guards_6a6bbf6aa93c.webp
5340	SOURCE_LEAN/EW4_Web_Port_v0.61/assets/unit_attack/army_guards_6b250d034c26.webp
5242	SOURCE_LEAN/EW4_Web_Port_v0.61/assets/unit_attack/army_guards_7562ad6399ec.webp
4204	SOURCE_LEAN/EW4_Web_Port_v0.61/assets/unit_attack/army_guards_7597d0b69585.webp
3794	SOURCE_LEAN/EW4_Web_Port_v0.61/assets/unit_attack/army_guards_75fcab92819b.webp
4092	SOURCE_LEAN/EW4_Web_Port_v0.61/assets/unit_attack/army_guards_81356b17b9b0.webp
5736	SOURCE_LEAN/EW4_Web_Port_v0.61/assets/unit_attack/army_guards_83c330d5f2ea.webp
4092	SOURCE_LEAN/EW4_Web_Port_v0.61/assets/unit_attack/army_guards_88782167bfda.webp
5736	SOURCE_LEAN/EW4_Web_Port_v0.61/assets/unit_attack/army_guards_8a08ccbe726e.webp
4850	SOURCE_LEAN/EW4_Web_Port_v0.61/assets/unit_attack/army_guards_8b45e973bc61.webp
4574	SOURCE_LEAN/EW4_Web_Port_v0.61/assets/unit_attack/army_guards_8cca8d23206e.webp
3988	SOURCE_LEAN/EW4_Web_Port_v0.61/assets/unit_attack/army_guards_9096ee30a8a2.webp
4850	SOURCE_LEAN/EW4_Web_Port_v0.61/assets/unit_attack/army_guards_90c36fb4f31f.webp
4858	SOURCE_LEAN/EW4_Web_Port_v0.61/assets/unit_attack/army_guards_94c5e77f686c.webp
3782	SOURCE_LEAN/EW4_Web_Port_v0.61/assets/unit_attack/army_guards_9ad606caed69.webp
4574	SOURCE_LEAN/EW4_Web_Port_v0.61/assets/unit_attack/army_guards_9b537e7dac19.webp
4092	SOURCE_LEAN/EW4_Web_Port_v0.61/assets/unit_attack/army_guards_a0ea5c0fd096.webp
3782	SOURCE_LEAN/EW4_Web_Port_v0.61/assets/unit_attack/army_guards_a9656d89cb44.webp
4760	SOURCE_LEAN/EW4_Web_Port_v0.61/assets/unit_attack/army_guards_ab229784db65.webp
4850	SOURCE_LEAN/EW4_Web_Port_v0.61/assets/unit_attack/army_guards_ab5604c60a5d.webp
4858	SOURCE_LEAN/EW4_Web_Port_v0.61/assets/unit_attack/army_guards_ac405e905e61.webp
3782	SOURCE_LEAN/EW4_Web_Port_v0.61/assets/unit_attack/army_guards_b2cd2f7f8ec5.webp
5786	SOURCE_LEAN/EW4_Web_Port_v0.61/assets/unit_attack/army_guards_b562a90ab056.webp
3988	SOURCE_LEAN/EW4_Web_Port_v0.61/assets/unit_attack/army_guards_b5715ba17b96.webp
4858	SOURCE_LEAN/EW4_Web_Port_v0.61/assets/unit_attack/army_guards_b691960b9536.webp
4092	SOURCE_LEAN/EW4_Web_Port_v0.61/assets/unit_attack/army_guards_b75ecdde094e.webp
5524	SOURCE_LEAN/EW4_Web_Port_v0.61/assets/unit_attack/army_guards_b80492699e7f.webp
4574	SOURCE_LEAN/EW4_Web_Port_v0.61/assets/unit_attack/army_guards_b988927504f1.webp
4858	SOURCE_LEAN/EW4_Web_Port_v0.61/assets/unit_attack/army_guards_c0efd3af1f89.webp
4028	SOURCE_LEAN/EW4_Web_Port_v0.61/assets/unit_attack/army_guards_c4a47058553e.webp
4858	SOURCE_LEAN/EW4_Web_Port_v0.61/assets/unit_attack/army_guards_c96edfd9bf12.webp
5340	SOURCE_LEAN/EW4_Web_Port_v0.61/assets/unit_attack/army_guards_cbf90f14ffe9.webp
5774	SOURCE_LEAN/EW4_Web_Port_v0.61/assets/unit_attack/army_guards_d3d7a66b4877.webp
5340	SOURCE_LEAN/EW4_Web_Port_v0.61/assets/unit_attack/army_guards_d473862f9f6c.webp
5964	SOURCE_LEAN/EW4_Web_Port_v0.61/assets/unit_attack/army_guards_d8100c89a77e.webp
5232	SOURCE_LEAN/EW4_Web_Port_v0.61/assets/unit_attack/army_guards_db0b43689bc0.webp
5340	SOURCE_LEAN/EW4_Web_Port_v0.61/assets/unit_attack/army_guards_e337137c1260.webp
3782	SOURCE_LEAN/EW4_Web_Port_v0.61/assets/unit_attack/army_guards_e6994ffa8b93.webp
4060	SOURCE_LEAN/EW4_Web_Port_v0.61/assets/unit_attack/army_guards_ec4dd5ef7e68.webp
5340	SOURCE_LEAN/EW4_Web_Port_v0.61/assets/unit_attack/army_guards_f0be086d8965.webp
5736	SOURCE_LEAN/EW4_Web_Port_v0.61/assets/unit_attack/army_guards_f2fa85f944b4.webp
3988	SOURCE_LEAN/EW4_Web_Port_v0.61/assets/unit_attack/army_guards_f3932e3b1029.webp
4092	SOURCE_LEAN/EW4_Web_Port_v0.61/assets/unit_attack/army_guards_f52d8407ea8b.webp
4850	SOURCE_LEAN/EW4_Web_Port_v0.61/assets/unit_attack/army_guards_f55c2f0485a7.webp
4574	SOURCE_LEAN/EW4_Web_Port_v0.61/assets/unit_attack/army_guards_f6433a4e159b.webp
5684	SOURCE_LEAN/EW4_Web_Port_v0.61/assets/unit_attack/army_guards_f66d10777dc9.webp
5340	SOURCE_LEAN/EW4_Web_Port_v0.61/assets/unit_attack/army_guards_fe86c30812d7.webp
3534	SOURCE_LEAN/EW4_Web_Port_v0.61/assets/unit_attack/army_guardscavalry_00d5f4cdc74c.webp
3554	SOURCE_LEAN/EW4_Web_Port_v0.61/assets/unit_attack/army_guardscavalry_0297269fd675.webp
3480	SOURCE_LEAN/EW4_Web_Port_v0.61/assets/unit_attack/army_guardscavalry_032ed3c20257.webp
4352	SOURCE_LEAN/EW4_Web_Port_v0.61/assets/unit_attack/army_guardscavalry_03a304fc2c39.webp
4384	SOURCE_LEAN/EW4_Web_Port_v0.61/assets/unit_attack/army_guardscavalry_088dcbbad556.webp
3514	SOURCE_LEAN/EW4_Web_Port_v0.61/assets/unit_attack/army_guardscavalry_0a831e5241ba.webp
3554	SOURCE_LEAN/EW4_Web_Port_v0.61/assets/unit_attack/army_guardscavalry_1d5490bfbc24.webp
4384	SOURCE_LEAN/EW4_Web_Port_v0.61/assets/unit_attack/army_guardscavalry_1eb89905e291.webp
3554	SOURCE_LEAN/EW4_Web_Port_v0.61/assets/unit_attack/army_guardscavalry_2083c352f32f.webp
3534	SOURCE_LEAN/EW4_Web_Port_v0.61/assets/unit_attack/army_guardscavalry_23d29b7198c8.webp
4394	SOURCE_LEAN/EW4_Web_Port_v0.61/assets/unit_attack/army_guardscavalry_24c91ed45e08.webp
3582	SOURCE_LEAN/EW4_Web_Port_v0.61/assets/unit_attack/army_guardscavalry_24cbdbca7bcc.webp
4362	SOURCE_LEAN/EW4_Web_Port_v0.61/assets/unit_attack/army_guardscavalry_2d2c3cc790eb.webp
4384	SOURCE_LEAN/EW4_Web_Port_v0.61/assets/unit_attack/army_guardscavalry_2dc95ec14201.webp
3480	SOURCE_LEAN/EW4_Web_Port_v0.61/assets/unit_attack/army_guardscavalry_2eb2bb9bbaaf.webp
4542	SOURCE_LEAN/EW4_Web_Port_v0.61/assets/unit_attack/army_guardscavalry_3ac88a2d27e0.webp
4352	SOURCE_LEAN/EW4_Web_Port_v0.61/assets/unit_attack/army_guardscavalry_3c2837428232.webp
3480	SOURCE_LEAN/EW4_Web_Port_v0.61/assets/unit_attack/army_guardscavalry_4debacd62ed8.webp
4352	SOURCE_LEAN/EW4_Web_Port_v0.61/assets/unit_attack/army_guardscavalry_4eb887dbd993.webp
4370	SOURCE_LEAN/EW4_Web_Port_v0.61/assets/unit_attack/army_guardscavalry_501e24f0b034.webp
4410	SOURCE_LEAN/EW4_Web_Port_v0.61/assets/unit_attack/army_guardscavalry_525189cdf781.webp
4384	SOURCE_LEAN/EW4_Web_Port_v0.61/assets/unit_attack/army_guardscavalry_6095675ac7da.webp
4308	SOURCE_LEAN/EW4_Web_Port_v0.61/assets/unit_attack/army_guardscavalry_64070966f738.webp
3554	SOURCE_LEAN/EW4_Web_Port_v0.61/assets/unit_attack/army_guardscavalry_6aa49b0c8548.webp
4352	SOURCE_LEAN/EW4_Web_Port_v0.61/assets/unit_attack/army_guardscavalry_7223b6e7e17e.webp
3534	SOURCE_LEAN/EW4_Web_Port_v0.61/assets/unit_attack/army_guardscavalry_7c21ed934218.webp
4308	SOURCE_LEAN/EW4_Web_Port_v0.61/assets/unit_attack/army_guardscavalry_80c6cdbc8388.webp
4384	SOURCE_LEAN/EW4_Web_Port_v0.61/assets/unit_attack/army_guardscavalry_80fab5e4f98d.webp
3554	SOURCE_LEAN/EW4_Web_Port_v0.61/assets/unit_attack/army_guardscavalry_813bf71f97af.webp
3578	SOURCE_LEAN/EW4_Web_Port_v0.61/assets/unit_attack/army_guardscavalry_8d07531ddcd2.webp
3534	SOURCE_LEAN/EW4_Web_Port_v0.61/assets/unit_attack/army_guardscavalry_8d0b8b9f4e40.webp
4308	SOURCE_LEAN/EW4_Web_Port_v0.61/assets/unit_attack/army_guardscavalry_8fb4129eb98c.webp
3560	SOURCE_LEAN/EW4_Web_Port_v0.61/assets/unit_attack/army_guardscavalry_987834d42c66.webp
4308	SOURCE_LEAN/EW4_Web_Port_v0.61/assets/unit_attack/army_guardscavalry_9cdb294a5130.webp
4308	SOURCE_LEAN/EW4_Web_Port_v0.61/assets/unit_attack/army_guardscavalry_9f9406e4d643.webp
3554	SOURCE_LEAN/EW4_Web_Port_v0.61/assets/unit_attack/army_guardscavalry_ac544adb6071.webp
4352	SOURCE_LEAN/EW4_Web_Port_v0.61/assets/unit_attack/army_guardscavalry_af3165400aa4.webp
4352	SOURCE_LEAN/EW4_Web_Port_v0.61/assets/unit_attack/army_guardscavalry_b27dca7d37d4.webp
3534	SOURCE_LEAN/EW4_Web_Port_v0.61/assets/unit_attack/army_guardscavalry_b2ea57674a0b.webp
4308	SOURCE_LEAN/EW4_Web_Port_v0.61/assets/unit_attack/army_guardscavalry_c06c95a1557a.webp
3480	SOURCE_LEAN/EW4_Web_Port_v0.61/assets/unit_attack/army_guardscavalry_d8437aee031c.webp
4308	SOURCE_LEAN/EW4_Web_Port_v0.61/assets/unit_attack/army_guardscavalry_da66e86227f2.webp
3562	SOURCE_LEAN/EW4_Web_Port_v0.61/assets/unit_attack/army_guardscavalry_da97a3045f0b.webp
3480	SOURCE_LEAN/EW4_Web_Port_v0.61/assets/unit_attack/army_guardscavalry_e31b51cf580f.webp
3480	SOURCE_LEAN/EW4_Web_Port_v0.61/assets/unit_attack/army_guardscavalry_eb7ed6a0d5f5.webp
3564	SOURCE_LEAN/EW4_Web_Port_v0.61/assets/unit_attack/army_guardscavalry_ed07b167dc41.webp
4404	SOURCE_LEAN/EW4_Web_Port_v0.61/assets/unit_attack/army_guardscavalry_ed58b0e7c862.webp
3534	SOURCE_LEAN/EW4_Web_Port_v0.61/assets/unit_attack/army_guardscavalry_f6f07adb4460.webp
3534	SOURCE_LEAN/EW4_Web_Port_v0.61/assets/unit_attack/army_guardscavalry_fba1fb647b41.webp
4384	SOURCE_LEAN/EW4_Web_Port_v0.61/assets/unit_attack/army_guardscavalry_fc595df3ac60.webp
4352	SOURCE_LEAN/EW4_Web_Port_v0.61/assets/unit_attack/army_guardscavalry_fef0998a12fd.webp
3480	SOURCE_LEAN/EW4_Web_Port_v0.61/assets/unit_attack/army_guardscavalry_ff8042bd4792.webp
4858	SOURCE_LEAN/EW4_Web_Port_v0.61/assets/unit_attack/army_heavycavalry_0e03e12acbbf.webp
4170	SOURCE_LEAN/EW4_Web_Port_v0.61/assets/unit_attack/army_heavycavalry_0e3668fc4ead.webp
4172	SOURCE_LEAN/EW4_Web_Port_v0.61/assets/unit_attack/army_heavycavalry_27d1369f4048.webp
4170	SOURCE_LEAN/EW4_Web_Port_v0.61/assets/unit_attack/army_heavycavalry_2b8aa2792995.webp
4136	SOURCE_LEAN/EW4_Web_Port_v0.61/assets/unit_attack/army_heavycavalry_329cfb89e679.webp
4908	SOURCE_LEAN/EW4_Web_Port_v0.61/assets/unit_attack/army_heavycavalry_376c34d22cc7.webp
4120	SOURCE_LEAN/EW4_Web_Port_v0.61/assets/unit_attack/army_heavycavalry_394f5dabd9ed.webp
4908	SOURCE_LEAN/EW4_Web_Port_v0.61/assets/unit_attack/army_heavycavalry_3e789a5dd4e5.webp
4908	SOURCE_LEAN/EW4_Web_Port_v0.61/assets/unit_attack/army_heavycavalry_3fd7438a7963.webp
5702	SOURCE_LEAN/EW4_Web_Port_v0.61/assets/unit_attack/army_heavycavalry_4332ec726ed2.webp
4172	SOURCE_LEAN/EW4_Web_Port_v0.61/assets/unit_attack/army_heavycavalry_45426138a676.webp
5702	SOURCE_LEAN/EW4_Web_Port_v0.61/assets/unit_attack/army_heavycavalry_474456a133a1.webp
4908	SOURCE_LEAN/EW4_Web_Port_v0.61/assets/unit_attack/army_heavycavalry_55a55e77792a.webp
4180	SOURCE_LEAN/EW4_Web_Port_v0.61/assets/unit_attack/army_heavycavalry_57f56bda45ad.webp
4172	SOURCE_LEAN/EW4_Web_Port_v0.61/assets/unit_attack/army_heavycavalry_5dfc2a1dd5e2.webp
4908	SOURCE_LEAN/EW4_Web_Port_v0.61/assets/unit_attack/army_heavycavalry_601ec47e0215.webp
4172	SOURCE_LEAN/EW4_Web_Port_v0.61/assets/unit_attack/army_heavycavalry_6212e82b465c.webp
4896	SOURCE_LEAN/EW4_Web_Port_v0.61/assets/unit_attack/army_heavycavalry_665e2da86f09.webp
5702	SOURCE_LEAN/EW4_Web_Port_v0.61/assets/unit_attack/army_heavycavalry_782e06ca7140.webp
4858	SOURCE_LEAN/EW4_Web_Port_v0.61/assets/unit_attack/army_heavycavalry_7c8f51073608.webp
4902	SOURCE_LEAN/EW4_Web_Port_v0.61/assets/unit_attack/army_heavycavalry_7e2bb4478eaa.webp
3364	SOURCE_LEAN/EW4_Web_Port_v0.61/assets/unit_attack/army_heavycavalry_81abac2d15a9.webp
5702	SOURCE_LEAN/EW4_Web_Port_v0.61/assets/unit_attack/army_heavycavalry_846f9f3a4b46.webp
4908	SOURCE_LEAN/EW4_Web_Port_v0.61/assets/unit_attack/army_heavycavalry_84ae4d30ca56.webp
4120	SOURCE_LEAN/EW4_Web_Port_v0.61/assets/unit_attack/army_heavycavalry_8ab8d5a77233.webp
4858	SOURCE_LEAN/EW4_Web_Port_v0.61/assets/unit_attack/army_heavycavalry_8c7779687e3f.webp
3366	SOURCE_LEAN/EW4_Web_Port_v0.61/assets/unit_attack/army_heavycavalry_8c8738332d87.webp
4858	SOURCE_LEAN/EW4_Web_Port_v0.61/assets/unit_attack/army_heavycavalry_8cfaf1b53ccf.webp
4172	SOURCE_LEAN/EW4_Web_Port_v0.61/assets/unit_attack/army_heavycavalry_8e7717ef8e64.webp
4858	SOURCE_LEAN/EW4_Web_Port_v0.61/assets/unit_attack/army_heavycavalry_92e7b5930992.webp
4170	SOURCE_LEAN/EW4_Web_Port_v0.61/assets/unit_attack/army_heavycavalry_962627192c4c.webp
5702	SOURCE_LEAN/EW4_Web_Port_v0.61/assets/unit_attack/army_heavycavalry_9713f35e489a.webp
5702	SOURCE_LEAN/EW4_Web_Port_v0.61/assets/unit_attack/army_heavycavalry_99b936218337.webp
4172	SOURCE_LEAN/EW4_Web_Port_v0.61/assets/unit_attack/army_heavycavalry_9a4075d70754.webp
4858	SOURCE_LEAN/EW4_Web_Port_v0.61/assets/unit_attack/army_heavycavalry_9ba47ae6d908.webp
4908	SOURCE_LEAN/EW4_Web_Port_v0.61/assets/unit_attack/army_heavycavalry_9d747fb50b5e.webp
4120	SOURCE_LEAN/EW4_Web_Port_v0.61/assets/unit_attack/army_heavycavalry_a176d91bab47.webp
4170	SOURCE_LEAN/EW4_Web_Port_v0.61/assets/unit_attack/army_heavycavalry_a88c55d06717.webp
4898	SOURCE_LEAN/EW4_Web_Port_v0.61/assets/unit_attack/army_heavycavalry_ac3092ade5e9.webp
4200	SOURCE_LEAN/EW4_Web_Port_v0.61/assets/unit_attack/army_heavycavalry_bdf33af68c56.webp
4120	SOURCE_LEAN/EW4_Web_Port_v0.61/assets/unit_attack/army_heavycavalry_bec4aa5e1d12.webp
4120	SOURCE_LEAN/EW4_Web_Port_v0.61/assets/unit_attack/army_heavycavalry_bf536fac3204.webp
4918	SOURCE_LEAN/EW4_Web_Port_v0.61/assets/unit_attack/army_heavycavalry_bfa638ca7771.webp
4858	SOURCE_LEAN/EW4_Web_Port_v0.61/assets/unit_attack/army_heavycavalry_cfb80ba604b3.webp
4170	SOURCE_LEAN/EW4_Web_Port_v0.61/assets/unit_attack/army_heavycavalry_df615176f47b.webp
4120	SOURCE_LEAN/EW4_Web_Port_v0.61/assets/unit_attack/army_heavycavalry_e288723996c6.webp
4154	SOURCE_LEAN/EW4_Web_Port_v0.61/assets/unit_attack/army_heavycavalry_e68be2f2ce65.webp
4868	SOURCE_LEAN/EW4_Web_Port_v0.61/assets/unit_attack/army_heavycavalry_eb9a14e18a9a.webp
4172	SOURCE_LEAN/EW4_Web_Port_v0.61/assets/unit_attack/army_heavycavalry_ede9b0de3f97.webp
5702	SOURCE_LEAN/EW4_Web_Port_v0.61/assets/unit_attack/army_heavycavalry_f3d8843d7224.webp
4120	SOURCE_LEAN/EW4_Web_Port_v0.61/assets/unit_attack/army_heavycavalry_f43975a90353.webp
4170	SOURCE_LEAN/EW4_Web_Port_v0.61/assets/unit_attack/army_heavycavalry_f645a27d1b9f.webp
4926	SOURCE_LEAN/EW4_Web_Port_v0.61/assets/unit_attack/army_lightcavalry_0064c23f326b.webp
5268	SOURCE_LEAN/EW4_Web_Port_v0.61/assets/unit_attack/army_lightcavalry_00ede999a9cc.webp
4914	SOURCE_LEAN/EW4_Web_Port_v0.61/assets/unit_attack/army_lightcavalry_00fef2256a09.webp
4926	SOURCE_LEAN/EW4_Web_Port_v0.61/assets/unit_attack/army_lightcavalry_14ddd61db3ca.webp
3854	SOURCE_LEAN/EW4_Web_Port_v0.61/assets/unit_attack/army_lightcavalry_1fb622edea24.webp
3828	SOURCE_LEAN/EW4_Web_Port_v0.61/assets/unit_attack/army_lightcavalry_20462469e8ab.webp
3828	SOURCE_LEAN/EW4_Web_Port_v0.61/assets/unit_attack/army_lightcavalry_21f4e8e741b9.webp
3824	SOURCE_LEAN/EW4_Web_Port_v0.61/assets/unit_attack/army_lightcavalry_22e82ad2ae5c.webp
4918	SOURCE_LEAN/EW4_Web_Port_v0.61/assets/unit_attack/army_lightcavalry_2afbf5e56081.webp
5268	SOURCE_LEAN/EW4_Web_Port_v0.61/assets/unit_attack/army_lightcavalry_318847da0b4b.webp
4926	SOURCE_LEAN/EW4_Web_Port_v0.61/assets/unit_attack/army_lightcavalry_3449fb9b9da3.webp
3408	SOURCE_LEAN/EW4_Web_Port_v0.61/assets/unit_attack/army_lightcavalry_34c905d3e14f.webp
3874	SOURCE_LEAN/EW4_Web_Port_v0.61/assets/unit_attack/army_lightcavalry_3caa8fe8d483.webp
3828	SOURCE_LEAN/EW4_Web_Port_v0.61/assets/unit_attack/army_lightcavalry_4032d4da3481.webp
3828	SOURCE_LEAN/EW4_Web_Port_v0.61/assets/unit_attack/army_lightcavalry_415f6f18895a.webp
4926	SOURCE_LEAN/EW4_Web_Port_v0.61/assets/unit_attack/army_lightcavalry_4f1e77a295a6.webp
4904	SOURCE_LEAN/EW4_Web_Port_v0.61/assets/unit_attack/army_lightcavalry_54f73971d65f.webp
5268	SOURCE_LEAN/EW4_Web_Port_v0.61/assets/unit_attack/army_lightcavalry_584fb9ddd39d.webp
3874	SOURCE_LEAN/EW4_Web_Port_v0.61/assets/unit_attack/army_lightcavalry_5b1ff28671ea.webp
3828	SOURCE_LEAN/EW4_Web_Port_v0.61/assets/unit_attack/army_lightcavalry_5b60ab0907e6.webp
3874	SOURCE_LEAN/EW4_Web_Port_v0.61/assets/unit_attack/army_lightcavalry_62878aa9e454.webp
3874	SOURCE_LEAN/EW4_Web_Port_v0.61/assets/unit_attack/army_lightcavalry_638b2d3530d4.webp
3854	SOURCE_LEAN/EW4_Web_Port_v0.61/assets/unit_attack/army_lightcavalry_6416225635bb.webp
3874	SOURCE_LEAN/EW4_Web_Port_v0.61/assets/unit_attack/army_lightcavalry_67dd9dadda03.webp
3874	SOURCE_LEAN/EW4_Web_Port_v0.61/assets/unit_attack/army_lightcavalry_6f8ab26c35fb.webp
5268	SOURCE_LEAN/EW4_Web_Port_v0.61/assets/unit_attack/army_lightcavalry_71dfae19bd92.webp
3828	SOURCE_LEAN/EW4_Web_Port_v0.61/assets/unit_attack/army_lightcavalry_76626415ff14.webp
4914	SOURCE_LEAN/EW4_Web_Port_v0.61/assets/unit_attack/army_lightcavalry_769ea1738a31.webp
5296	SOURCE_LEAN/EW4_Web_Port_v0.61/assets/unit_attack/army_lightcavalry_782eb202ffee.webp
3804	SOURCE_LEAN/EW4_Web_Port_v0.61/assets/unit_attack/army_lightcavalry_79a48b53982b.webp
3828	SOURCE_LEAN/EW4_Web_Port_v0.61/assets/unit_attack/army_lightcavalry_7a6417c58c75.webp
4926	SOURCE_LEAN/EW4_Web_Port_v0.61/assets/unit_attack/army_lightcavalry_832c52d5c3cd.webp
4914	SOURCE_LEAN/EW4_Web_Port_v0.61/assets/unit_attack/army_lightcavalry_8bb7dc6861a1.webp
4914	SOURCE_LEAN/EW4_Web_Port_v0.61/assets/unit_attack/army_lightcavalry_8dfbcc3f03d3.webp
4246	SOURCE_LEAN/EW4_Web_Port_v0.61/assets/unit_attack/army_lightcavalry_95e7132fb201.webp
3854	SOURCE_LEAN/EW4_Web_Port_v0.61/assets/unit_attack/army_lightcavalry_998b32067e77.webp
4914	SOURCE_LEAN/EW4_Web_Port_v0.61/assets/unit_attack/army_lightcavalry_9cc76c73f7a7.webp
5268	SOURCE_LEAN/EW4_Web_Port_v0.61/assets/unit_attack/army_lightcavalry_a23e36f36296.webp
3854	SOURCE_LEAN/EW4_Web_Port_v0.61/assets/unit_attack/army_lightcavalry_a424f3e5bf23.webp
3828	SOURCE_LEAN/EW4_Web_Port_v0.61/assets/unit_attack/army_lightcavalry_a4e973380c12.webp
3812	SOURCE_LEAN/EW4_Web_Port_v0.61/assets/unit_attack/army_lightcavalry_afc08aa97d60.webp
5268	SOURCE_LEAN/EW4_Web_Port_v0.61/assets/unit_attack/army_lightcavalry_c3c6b0e83cf5.webp
4880	SOURCE_LEAN/EW4_Web_Port_v0.61/assets/unit_attack/army_lightcavalry_c5b9198547f6.webp
3814	SOURCE_LEAN/EW4_Web_Port_v0.61/assets/unit_attack/army_lightcavalry_c6e49e293852.webp
3828	SOURCE_LEAN/EW4_Web_Port_v0.61/assets/unit_attack/army_lightcavalry_cae7e7ce84af.webp
3874	SOURCE_LEAN/EW4_Web_Port_v0.61/assets/unit_attack/army_lightcavalry_ce1288039124.webp
4904	SOURCE_LEAN/EW4_Web_Port_v0.61/assets/unit_attack/army_lightcavalry_cec536ef8811.webp
5268	SOURCE_LEAN/EW4_Web_Port_v0.61/assets/unit_attack/army_lightcavalry_d05bcb660906.webp
4914	SOURCE_LEAN/EW4_Web_Port_v0.61/assets/unit_attack/army_lightcavalry_dcee73ef6233.webp
3854	SOURCE_LEAN/EW4_Web_Port_v0.61/assets/unit_attack/army_lightcavalry_e13a0a346f66.webp
4914	SOURCE_LEAN/EW4_Web_Port_v0.61/assets/unit_attack/army_lightcavalry_e3680c0a887e.webp
4926	SOURCE_LEAN/EW4_Web_Port_v0.61/assets/unit_attack/army_lightcavalry_e89041ebed37.webp
4922	SOURCE_LEAN/EW4_Web_Port_v0.61/assets/unit_attack/army_lightcavalry_ee4a7d77644d.webp
3854	SOURCE_LEAN/EW4_Web_Port_v0.61/assets/unit_attack/army_lightcavalry_fb51bff97d38.webp
5700	SOURCE_LEAN/EW4_Web_Port_v0.61/assets/unit_attack/army_lightinfantry_0435e306739a.webp
4810	SOURCE_LEAN/EW4_Web_Port_v0.61/assets/unit_attack/army_lightinfantry_0cf422d1d61f.webp
3540	SOURCE_LEAN/EW4_Web_Port_v0.61/assets/unit_attack/army_lightinfantry_0f8f06cfa1d7.webp
4400	SOURCE_LEAN/EW4_Web_Port_v0.61/assets/unit_attack/army_lightinfantry_1069df8d5687.webp
5274	SOURCE_LEAN/EW4_Web_Port_v0.61/assets/unit_attack/army_lightinfantry_15c14420ded1.webp
3462	SOURCE_LEAN/EW4_Web_Port_v0.61/assets/unit_attack/army_lightinfantry_192af96b495e.webp
4872	SOURCE_LEAN/EW4_Web_Port_v0.61/assets/unit_attack/army_lightinfantry_1c8fa9c57635.webp
4400	SOURCE_LEAN/EW4_Web_Port_v0.61/assets/unit_attack/army_lightinfantry_26d62e67ffc3.webp
4542	SOURCE_LEAN/EW4_Web_Port_v0.61/assets/unit_attack/army_lightinfantry_2a0a85b0c9be.webp
5250	SOURCE_LEAN/EW4_Web_Port_v0.61/assets/unit_attack/army_lightinfantry_2dc83a3d74b2.webp
3462	SOURCE_LEAN/EW4_Web_Port_v0.61/assets/unit_attack/army_lightinfantry_2e18347218c8.webp
5700	SOURCE_LEAN/EW4_Web_Port_v0.61/assets/unit_attack/army_lightinfantry_2f482d6571be.webp
5274	SOURCE_LEAN/EW4_Web_Port_v0.61/assets/unit_attack/army_lightinfantry_312c838e8e7b.webp
3836	SOURCE_LEAN/EW4_Web_Port_v0.61/assets/unit_attack/army_lightinfantry_3391910b1d3a.webp
3836	SOURCE_LEAN/EW4_Web_Port_v0.61/assets/unit_attack/army_lightinfantry_35a9366775f0.webp
4486	SOURCE_LEAN/EW4_Web_Port_v0.61/assets/unit_attack/army_lightinfantry_3665f68e4f4d.webp
4872	SOURCE_LEAN/EW4_Web_Port_v0.61/assets/unit_attack/army_lightinfantry_38d0482446e8.webp
4872	SOURCE_LEAN/EW4_Web_Port_v0.61/assets/unit_attack/army_lightinfantry_3e9f4e008e3f.webp
4486	SOURCE_LEAN/EW4_Web_Port_v0.61/assets/unit_attack/army_lightinfantry_409b4e76230b.webp
5234	SOURCE_LEAN/EW4_Web_Port_v0.61/assets/unit_attack/army_lightinfantry_4139dd564b2b.webp
3836	SOURCE_LEAN/EW4_Web_Port_v0.61/assets/unit_attack/army_lightinfantry_4a97c136bc91.webp
4872	SOURCE_LEAN/EW4_Web_Port_v0.61/assets/unit_attack/army_lightinfantry_4da629bc23df.webp
5274	SOURCE_LEAN/EW4_Web_Port_v0.61/assets/unit_attack/army_lightinfantry_5832ebcf28a4.webp
5274	SOURCE_LEAN/EW4_Web_Port_v0.61/assets/unit_attack/army_lightinfantry_5bb7d541a13a.webp
3366	SOURCE_LEAN/EW4_Web_Port_v0.61/assets/unit_attack/army_lightinfantry_5d6a946d8b17.webp
4526	SOURCE_LEAN/EW4_Web_Port_v0.61/assets/unit_attack/army_lightinfantry_642972be2693.webp
4872	SOURCE_LEAN/EW4_Web_Port_v0.61/assets/unit_attack/army_lightinfantry_64906c2d613a.webp
3366	SOURCE_LEAN/EW4_Web_Port_v0.61/assets/unit_attack/army_lightinfantry_71a5d4e50a99.webp
5700	SOURCE_LEAN/EW4_Web_Port_v0.61/assets/unit_attack/army_lightinfantry_784d5ebb3643.webp
3366	SOURCE_LEAN/EW4_Web_Port_v0.61/assets/unit_attack/army_lightinfantry_784f7f64549d.webp
3366	SOURCE_LEAN/EW4_Web_Port_v0.61/assets/unit_attack/army_lightinfantry_7c2b0e3e3ca7.webp
3322	SOURCE_LEAN/EW4_Web_Port_v0.61/assets/unit_attack/army_lightinfantry_809d3f37a466.webp
4944	SOURCE_LEAN/EW4_Web_Port_v0.61/assets/unit_attack/army_lightinfantry_8196645890c0.webp
4734	SOURCE_LEAN/EW4_Web_Port_v0.61/assets/unit_attack/army_lightinfantry_82acf5e98db5.webp
3462	SOURCE_LEAN/EW4_Web_Port_v0.61/assets/unit_attack/army_lightinfantry_84fa633bd284.webp
4872	SOURCE_LEAN/EW4_Web_Port_v0.61/assets/unit_attack/army_lightinfantry_8651a47c3598.webp
3836	SOURCE_LEAN/EW4_Web_Port_v0.61/assets/unit_attack/army_lightinfantry_88d16e2e9e6d.webp
5700	SOURCE_LEAN/EW4_Web_Port_v0.61/assets/unit_attack/army_lightinfantry_89d5bd22fb69.webp
3462	SOURCE_LEAN/EW4_Web_Port_v0.61/assets/unit_attack/army_lightinfantry_8ba2a49a6361.webp
4872	SOURCE_LEAN/EW4_Web_Port_v0.61/assets/unit_attack/army_lightinfantry_919264806d05.webp
3220	SOURCE_LEAN/EW4_Web_Port_v0.61/assets/unit_attack/army_lightinfantry_922bb8e72e81.webp
3462	SOURCE_LEAN/EW4_Web_Port_v0.61/assets/unit_attack/army_lightinfantry_99445cf2a1c5.webp
5274	SOURCE_LEAN/EW4_Web_Port_v0.61/assets/unit_attack/army_lightinfantry_9b40c676cd9d.webp
4574	SOURCE_LEAN/EW4_Web_Port_v0.61/assets/unit_attack/army_lightinfantry_9f635c4a801d.webp
3462	SOURCE_LEAN/EW4_Web_Port_v0.61/assets/unit_attack/army_lightinfantry_9f8deb64ae8e.webp
3836	SOURCE_LEAN/EW4_Web_Port_v0.61/assets/unit_attack/army_lightinfantry_a3df6ef88497.webp
4400	SOURCE_LEAN/EW4_Web_Port_v0.61/assets/unit_attack/army_lightinfantry_a79df2d1ebb5.webp
4834	SOURCE_LEAN/EW4_Web_Port_v0.61/assets/unit_attack/army_lightinfantry_a90eec2e4de2.webp
4834	SOURCE_LEAN/EW4_Web_Port_v0.61/assets/unit_attack/army_lightinfantry_b6508c004a97.webp
3462	SOURCE_LEAN/EW4_Web_Port_v0.61/assets/unit_attack/army_lightinfantry_b7e7729d0edb.webp
5700	SOURCE_LEAN/EW4_Web_Port_v0.61/assets/unit_attack/army_lightinfantry_b8983b21df85.webp
4486	SOURCE_LEAN/EW4_Web_Port_v0.61/assets/unit_attack/army_lightinfantry_b8e298484162.webp
4678	SOURCE_LEAN/EW4_Web_Port_v0.61/assets/unit_attack/army_lightinfantry_bb9febbf01e4.webp
4322	SOURCE_LEAN/EW4_Web_Port_v0.61/assets/unit_attack/army_lightinfantry_bbf60d03b4f9.webp
3396	SOURCE_LEAN/EW4_Web_Port_v0.61/assets/unit_attack/army_lightinfantry_bd577d627aa7.webp
5110	SOURCE_LEAN/EW4_Web_Port_v0.61/assets/unit_attack/army_lightinfantry_c00a40ab2576.webp
4486	SOURCE_LEAN/EW4_Web_Port_v0.61/assets/unit_attack/army_lightinfantry_c4d7468364ce.webp
4834	SOURCE_LEAN/EW4_Web_Port_v0.61/assets/unit_attack/army_lightinfantry_c5b7a4cebe62.webp
4400	SOURCE_LEAN/EW4_Web_Port_v0.61/assets/unit_attack/army_lightinfantry_c6d6eaaa7612.webp
3546	SOURCE_LEAN/EW4_Web_Port_v0.61/assets/unit_attack/army_lightinfantry_c8c52857a1ff.webp
3366	SOURCE_LEAN/EW4_Web_Port_v0.61/assets/unit_attack/army_lightinfantry_c942bd881125.webp
3420	SOURCE_LEAN/EW4_Web_Port_v0.61/assets/unit_attack/army_lightinfantry_d09c4d66e38a.webp
3366	SOURCE_LEAN/EW4_Web_Port_v0.61/assets/unit_attack/army_lightinfantry_d6c8ba2fcc22.webp
3836	SOURCE_LEAN/EW4_Web_Port_v0.61/assets/unit_attack/army_lightinfantry_da298f4bb565.webp
5274	SOURCE_LEAN/EW4_Web_Port_v0.61/assets/unit_attack/army_lightinfantry_da36afca0cb8.webp
4834	SOURCE_LEAN/EW4_Web_Port_v0.61/assets/unit_attack/army_lightinfantry_dc553558e099.webp
3472	SOURCE_LEAN/EW4_Web_Port_v0.61/assets/unit_attack/army_lightinfantry_e0297c686b16.webp
4486	SOURCE_LEAN/EW4_Web_Port_v0.61/assets/unit_attack/army_lightinfantry_e084101b8ecc.webp
4470	SOURCE_LEAN/EW4_Web_Port_v0.61/assets/unit_attack/army_lightinfantry_e0aee394e73c.webp
5700	SOURCE_LEAN/EW4_Web_Port_v0.61/assets/unit_attack/army_lightinfantry_e1d97d675ae8.webp
4486	SOURCE_LEAN/EW4_Web_Port_v0.61/assets/unit_attack/army_lightinfantry_e6bad39a24de.webp
4172	SOURCE_LEAN/EW4_Web_Port_v0.61/assets/unit_attack/army_lightinfantry_e85518e8a5b9.webp
4486	SOURCE_LEAN/EW4_Web_Port_v0.61/assets/unit_attack/army_lightinfantry_e873b9b0c051.webp
4834	SOURCE_LEAN/EW4_Web_Port_v0.61/assets/unit_attack/army_lightinfantry_e8e227471e3d.webp
5274	SOURCE_LEAN/EW4_Web_Port_v0.61/assets/unit_attack/army_lightinfantry_ea5af8843986.webp
4834	SOURCE_LEAN/EW4_Web_Port_v0.61/assets/unit_attack/army_lightinfantry_ed17624cdf5a.webp
4400	SOURCE_LEAN/EW4_Web_Port_v0.61/assets/unit_attack/army_lightinfantry_f0f3b8f6b952.webp
3836	SOURCE_LEAN/EW4_Web_Port_v0.61/assets/unit_attack/army_lightinfantry_f650e0242d29.webp
4400	SOURCE_LEAN/EW4_Web_Port_v0.61/assets/unit_attack/army_lightinfantry_f87d67705580.webp
5316	SOURCE_LEAN/EW4_Web_Port_v0.61/assets/unit_attack/army_lightinfantry_fcbbbc127180.webp
5700	SOURCE_LEAN/EW4_Web_Port_v0.61/assets/unit_attack/army_lightinfantry_fef9d9f3fd4f.webp
4564	SOURCE_LEAN/EW4_Web_Port_v0.61/assets/unit_attack/army_lineinfantry_097fa4abc1e2.webp
3408	SOURCE_LEAN/EW4_Web_Port_v0.61/assets/unit_attack/army_lineinfantry_0a84e047c8a3.webp
5070	SOURCE_LEAN/EW4_Web_Port_v0.61/assets/unit_attack/army_lineinfantry_13d39a0b9ee9.webp
4954	SOURCE_LEAN/EW4_Web_Port_v0.61/assets/unit_attack/army_lineinfantry_147b1e42f967.webp
4568	SOURCE_LEAN/EW4_Web_Port_v0.61/assets/unit_attack/army_lineinfantry_15b319ebf7e3.webp
4502	SOURCE_LEAN/EW4_Web_Port_v0.61/assets/unit_attack/army_lineinfantry_195371874973.webp
5070	SOURCE_LEAN/EW4_Web_Port_v0.61/assets/unit_attack/army_lineinfantry_1c45a9b84288.webp
4918	SOURCE_LEAN/EW4_Web_Port_v0.61/assets/unit_attack/army_lineinfantry_20987abeffec.webp
3552	SOURCE_LEAN/EW4_Web_Port_v0.61/assets/unit_attack/army_lineinfantry_28cacb4f423b.webp
3618	SOURCE_LEAN/EW4_Web_Port_v0.61/assets/unit_attack/army_lineinfantry_2af149975d53.webp
4502	SOURCE_LEAN/EW4_Web_Port_v0.61/assets/unit_attack/army_lineinfantry_2b64dace455f.webp
5216	SOURCE_LEAN/EW4_Web_Port_v0.61/assets/unit_attack/army_lineinfantry_30c63c8f1c88.webp
4568	SOURCE_LEAN/EW4_Web_Port_v0.61/assets/unit_attack/army_lineinfantry_3115e68d2048.webp
4410	SOURCE_LEAN/EW4_Web_Port_v0.61/assets/unit_attack/army_lineinfantry_31d48e882a18.webp
4544	SOURCE_LEAN/EW4_Web_Port_v0.61/assets/unit_attack/army_lineinfantry_325dd505fcdc.webp
3408	SOURCE_LEAN/EW4_Web_Port_v0.61/assets/unit_attack/army_lineinfantry_35032abfb381.webp
3552	SOURCE_LEAN/EW4_Web_Port_v0.61/assets/unit_attack/army_lineinfantry_3531c308736c.webp
5088	SOURCE_LEAN/EW4_Web_Port_v0.61/assets/unit_attack/army_lineinfantry_3a290185aaa7.webp
5216	SOURCE_LEAN/EW4_Web_Port_v0.61/assets/unit_attack/army_lineinfantry_3acbc8af5b73.webp
5484	SOURCE_LEAN/EW4_Web_Port_v0.61/assets/unit_attack/army_lineinfantry_426d000b5023.webp
5070	SOURCE_LEAN/EW4_Web_Port_v0.61/assets/unit_attack/army_lineinfantry_433d7608bc82.webp
4568	SOURCE_LEAN/EW4_Web_Port_v0.61/assets/unit_attack/army_lineinfantry_437987d50d74.webp
5094	SOURCE_LEAN/EW4_Web_Port_v0.61/assets/unit_attack/army_lineinfantry_4624121e3419.webp
4410	SOURCE_LEAN/EW4_Web_Port_v0.61/assets/unit_attack/army_lineinfantry_49eec8e73105.webp
3618	SOURCE_LEAN/EW4_Web_Port_v0.61/assets/unit_attack/army_lineinfantry_4a691e215785.webp
4502	SOURCE_LEAN/EW4_Web_Port_v0.61/assets/unit_attack/army_lineinfantry_4da6c4e84803.webp
3524	SOURCE_LEAN/EW4_Web_Port_v0.61/assets/unit_attack/army_lineinfantry_515844415369.webp
3674	SOURCE_LEAN/EW4_Web_Port_v0.61/assets/unit_attack/army_lineinfantry_554e83aa1c1e.webp
4502	SOURCE_LEAN/EW4_Web_Port_v0.61/assets/unit_attack/army_lineinfantry_59c84f1e16fd.webp
3618	SOURCE_LEAN/EW4_Web_Port_v0.61/assets/unit_attack/army_lineinfantry_5ae8517f01ad.webp
3552	SOURCE_LEAN/EW4_Web_Port_v0.61/assets/unit_attack/army_lineinfantry_5b9e4a8fb8b3.webp
4918	SOURCE_LEAN/EW4_Web_Port_v0.61/assets/unit_attack/army_lineinfantry_658973c50934.webp
5070	SOURCE_LEAN/EW4_Web_Port_v0.61/assets/unit_attack/army_lineinfantry_681c983f13a8.webp
3556	SOURCE_LEAN/EW4_Web_Port_v0.61/assets/unit_attack/army_lineinfantry_6cde44bf5380.webp
3408	SOURCE_LEAN/EW4_Web_Port_v0.61/assets/unit_attack/army_lineinfantry_6f435002b706.webp
3548	SOURCE_LEAN/EW4_Web_Port_v0.61/assets/unit_attack/army_lineinfantry_72d79e958d46.webp
4622	SOURCE_LEAN/EW4_Web_Port_v0.61/assets/unit_attack/army_lineinfantry_731a49c57466.webp
4654	SOURCE_LEAN/EW4_Web_Port_v0.61/assets/unit_attack/army_lineinfantry_7d031d475808.webp
4502	SOURCE_LEAN/EW4_Web_Port_v0.61/assets/unit_attack/army_lineinfantry_804642c7a773.webp
4410	SOURCE_LEAN/EW4_Web_Port_v0.61/assets/unit_attack/army_lineinfantry_814d19b6a375.webp
4918	SOURCE_LEAN/EW4_Web_Port_v0.61/assets/unit_attack/army_lineinfantry_8313ca6152ec.webp
4410	SOURCE_LEAN/EW4_Web_Port_v0.61/assets/unit_attack/army_lineinfantry_878f6f5c7b03.webp
3618	SOURCE_LEAN/EW4_Web_Port_v0.61/assets/unit_attack/army_lineinfantry_8b8553528a7b.webp
4918	SOURCE_LEAN/EW4_Web_Port_v0.61/assets/unit_attack/army_lineinfantry_924f42a8d28d.webp
4410	SOURCE_LEAN/EW4_Web_Port_v0.61/assets/unit_attack/army_lineinfantry_95f0ce55e74c.webp
3552	SOURCE_LEAN/EW4_Web_Port_v0.61/assets/unit_attack/army_lineinfantry_9615ad9ef916.webp
3618	SOURCE_LEAN/EW4_Web_Port_v0.61/assets/unit_attack/army_lineinfantry_973d02f3f15e.webp
3408	SOURCE_LEAN/EW4_Web_Port_v0.61/assets/unit_attack/army_lineinfantry_9e089afc4bf6.webp
4918	SOURCE_LEAN/EW4_Web_Port_v0.61/assets/unit_attack/army_lineinfantry_9f1902ad1394.webp
5418	SOURCE_LEAN/EW4_Web_Port_v0.61/assets/unit_attack/army_lineinfantry_a61f0b40a8cf.webp
5070	SOURCE_LEAN/EW4_Web_Port_v0.61/assets/unit_attack/army_lineinfantry_ac494f30421a.webp
5216	SOURCE_LEAN/EW4_Web_Port_v0.61/assets/unit_attack/army_lineinfantry_b395d1b46669.webp
3408	SOURCE_LEAN/EW4_Web_Port_v0.61/assets/unit_attack/army_lineinfantry_b8e990cbca2e.webp
4410	SOURCE_LEAN/EW4_Web_Port_v0.61/assets/unit_attack/army_lineinfantry_ba71a5f9b154.webp
3552	SOURCE_LEAN/EW4_Web_Port_v0.61/assets/unit_attack/army_lineinfantry_c535776a7647.webp
4502	SOURCE_LEAN/EW4_Web_Port_v0.61/assets/unit_attack/army_lineinfantry_c84261e47f79.webp
4918	SOURCE_LEAN/EW4_Web_Port_v0.61/assets/unit_attack/army_lineinfantry_c8a32ce9bcce.webp
5216	SOURCE_LEAN/EW4_Web_Port_v0.61/assets/unit_attack/army_lineinfantry_c92ccf4dc0c1.webp
3552	SOURCE_LEAN/EW4_Web_Port_v0.61/assets/unit_attack/army_lineinfantry_ccb43dc60bc4.webp
4558	SOURCE_LEAN/EW4_Web_Port_v0.61/assets/unit_attack/army_lineinfantry_ccd1fd7162a7.webp
4410	SOURCE_LEAN/EW4_Web_Port_v0.61/assets/unit_attack/army_lineinfantry_d0648b875c0a.webp
4568	SOURCE_LEAN/EW4_Web_Port_v0.61/assets/unit_attack/army_lineinfantry_d268433c4ee1.webp
4608	SOURCE_LEAN/EW4_Web_Port_v0.61/assets/unit_attack/army_lineinfantry_d715a5f629a3.webp
5216	SOURCE_LEAN/EW4_Web_Port_v0.61/assets/unit_attack/army_lineinfantry_d8201c91ac2b.webp
5070	SOURCE_LEAN/EW4_Web_Port_v0.61/assets/unit_attack/army_lineinfantry_d94f7b86949b.webp
3408	SOURCE_LEAN/EW4_Web_Port_v0.61/assets/unit_attack/army_lineinfantry_d96f62a0d6e5.webp
4568	SOURCE_LEAN/EW4_Web_Port_v0.61/assets/unit_attack/army_lineinfantry_dee18ef7a196.webp
3584	SOURCE_LEAN/EW4_Web_Port_v0.61/assets/unit_attack/army_lineinfantry_dfb019af7373.webp
3642	SOURCE_LEAN/EW4_Web_Port_v0.61/assets/unit_attack/army_lineinfantry_e0c85f3fa9a8.webp
5028	SOURCE_LEAN/EW4_Web_Port_v0.61/assets/unit_attack/army_lineinfantry_e19c6ed8c9d1.webp
3408	SOURCE_LEAN/EW4_Web_Port_v0.61/assets/unit_attack/army_lineinfantry_e4d682ffc00f.webp
5216	SOURCE_LEAN/EW4_Web_Port_v0.61/assets/unit_attack/army_lineinfantry_e54c462cfdf0.webp
3618	SOURCE_LEAN/EW4_Web_Port_v0.61/assets/unit_attack/army_lineinfantry_e72e514803a9.webp
4502	SOURCE_LEAN/EW4_Web_Port_v0.61/assets/unit_attack/army_lineinfantry_e983671c37b5.webp
5216	SOURCE_LEAN/EW4_Web_Port_v0.61/assets/unit_attack/army_lineinfantry_f061383b81f3.webp
4918	SOURCE_LEAN/EW4_Web_Port_v0.61/assets/unit_attack/army_lineinfantry_f57f45d6bc93.webp
4568	SOURCE_LEAN/EW4_Web_Port_v0.61/assets/unit_attack/army_lineinfantry_f8bf304e33a5.webp
3552	SOURCE_LEAN/EW4_Web_Port_v0.61/assets/unit_attack/army_lineinfantry_fe7fe6f3b641.webp
4660	SOURCE_LEAN/EW4_Web_Port_v0.61/assets/unit_attack/army_militia_00f09a5de305.webp
5652	SOURCE_LEAN/EW4_Web_Port_v0.61/assets/unit_attack/army_militia_017dbac10146.webp
4530	SOURCE_LEAN/EW4_Web_Port_v0.61/assets/unit_attack/army_militia_02482dff4c41.webp
3398	SOURCE_LEAN/EW4_Web_Port_v0.61/assets/unit_attack/army_militia_02bd11edfc45.webp
3464	SOURCE_LEAN/EW4_Web_Port_v0.61/assets/unit_attack/army_militia_0698634b42d4.webp
3464	SOURCE_LEAN/EW4_Web_Port_v0.61/assets/unit_attack/army_militia_0968be04e5ce.webp
3610	SOURCE_LEAN/EW4_Web_Port_v0.61/assets/unit_attack/army_militia_0bb723812841.webp
5170	SOURCE_LEAN/EW4_Web_Port_v0.61/assets/unit_attack/army_militia_0bee3bf9e4db.webp
5438	SOURCE_LEAN/EW4_Web_Port_v0.61/assets/unit_attack/army_militia_0c89d3fe6b73.webp
5170	SOURCE_LEAN/EW4_Web_Port_v0.61/assets/unit_attack/army_militia_0c9a74b4408b.webp
3380	SOURCE_LEAN/EW4_Web_Port_v0.61/assets/unit_attack/army_militia_0f9da9bcd12f.webp
5170	SOURCE_LEAN/EW4_Web_Port_v0.61/assets/unit_attack/army_militia_171e433e8bca.webp
3464	SOURCE_LEAN/EW4_Web_Port_v0.61/assets/unit_attack/army_militia_1b6a34855a5e.webp
5170	SOURCE_LEAN/EW4_Web_Port_v0.61/assets/unit_attack/army_militia_25b4b495cb78.webp
3514	SOURCE_LEAN/EW4_Web_Port_v0.61/assets/unit_attack/army_militia_26fe0a9d47b1.webp
3736	SOURCE_LEAN/EW4_Web_Port_v0.61/assets/unit_attack/army_militia_2cb63c42b3d8.webp
4948	SOURCE_LEAN/EW4_Web_Port_v0.61/assets/unit_attack/army_militia_3c1523b8a8d0.webp
4940	SOURCE_LEAN/EW4_Web_Port_v0.61/assets/unit_attack/army_militia_3d7b077603dc.webp
4940	SOURCE_LEAN/EW4_Web_Port_v0.61/assets/unit_attack/army_militia_41307dc46a14.webp
5170	SOURCE_LEAN/EW4_Web_Port_v0.61/assets/unit_attack/army_militia_4841ca0e6d41.webp
3736	SOURCE_LEAN/EW4_Web_Port_v0.61/assets/unit_attack/army_militia_484301ee405b.webp
5652	SOURCE_LEAN/EW4_Web_Port_v0.61/assets/unit_attack/army_militia_4caa312a475b.webp
5652	SOURCE_LEAN/EW4_Web_Port_v0.61/assets/unit_attack/army_militia_4d3fa391d0c9.webp
3464	SOURCE_LEAN/EW4_Web_Port_v0.61/assets/unit_attack/army_militia_4fd5111b45e6.webp
5170	SOURCE_LEAN/EW4_Web_Port_v0.61/assets/unit_attack/army_militia_59fbdfa08fe0.webp
5652	SOURCE_LEAN/EW4_Web_Port_v0.61/assets/unit_attack/army_militia_5ccf804df888.webp
4530	SOURCE_LEAN/EW4_Web_Port_v0.61/assets/unit_attack/army_militia_5f1ac2f85da5.webp
4940	SOURCE_LEAN/EW4_Web_Port_v0.61/assets/unit_attack/army_militia_6341fe40d56a.webp
4288	SOURCE_LEAN/EW4_Web_Port_v0.61/assets/unit_attack/army_militia_6f618ee23109.webp
3464	SOURCE_LEAN/EW4_Web_Port_v0.61/assets/unit_attack/army_militia_6fb417c9f147.webp
3398	SOURCE_LEAN/EW4_Web_Port_v0.61/assets/unit_attack/army_militia_714842edec79.webp
4660	SOURCE_LEAN/EW4_Web_Port_v0.61/assets/unit_attack/army_militia_7228204b6780.webp
4530	SOURCE_LEAN/EW4_Web_Port_v0.61/assets/unit_attack/army_militia_7d078ed65ac9.webp
3398	SOURCE_LEAN/EW4_Web_Port_v0.61/assets/unit_attack/army_militia_7f6bc25210e6.webp
5652	SOURCE_LEAN/EW4_Web_Port_v0.61/assets/unit_attack/army_militia_8417d1e62175.webp
4660	SOURCE_LEAN/EW4_Web_Port_v0.61/assets/unit_attack/army_militia_890f1ea9bf0b.webp
3736	SOURCE_LEAN/EW4_Web_Port_v0.61/assets/unit_attack/army_militia_8c235c5d0fa0.webp
3226	SOURCE_LEAN/EW4_Web_Port_v0.61/assets/unit_attack/army_militia_8cd6661f3140.webp
5118	SOURCE_LEAN/EW4_Web_Port_v0.61/assets/unit_attack/army_militia_8ce252374ced.webp
4530	SOURCE_LEAN/EW4_Web_Port_v0.61/assets/unit_attack/army_militia_926796b02d30.webp
4940	SOURCE_LEAN/EW4_Web_Port_v0.61/assets/unit_attack/army_militia_928945fd30c7.webp
3736	SOURCE_LEAN/EW4_Web_Port_v0.61/assets/unit_attack/army_militia_9322951211bc.webp
4940	SOURCE_LEAN/EW4_Web_Port_v0.61/assets/unit_attack/army_militia_93a4d5c5d7fc.webp
4530	SOURCE_LEAN/EW4_Web_Port_v0.61/assets/unit_attack/army_militia_95156ee2a484.webp
5170	SOURCE_LEAN/EW4_Web_Port_v0.61/assets/unit_attack/army_militia_9a9cd4e57738.webp
3398	SOURCE_LEAN/EW4_Web_Port_v0.61/assets/unit_attack/army_militia_9cb4dab2c7e9.webp
4530	SOURCE_LEAN/EW4_Web_Port_v0.61/assets/unit_attack/army_militia_9e353286ee88.webp
5652	SOURCE_LEAN/EW4_Web_Port_v0.61/assets/unit_attack/army_militia_a04c1f7be412.webp
4908	SOURCE_LEAN/EW4_Web_Port_v0.61/assets/unit_attack/army_militia_a193c9acdeaa.webp
3398	SOURCE_LEAN/EW4_Web_Port_v0.61/assets/unit_attack/army_militia_a28da390feba.webp
4908	SOURCE_LEAN/EW4_Web_Port_v0.61/assets/unit_attack/army_militia_a8fe51cc6eff.webp
5652	SOURCE_LEAN/EW4_Web_Port_v0.61/assets/unit_attack/army_militia_ab31bbb6a8af.webp
3398	SOURCE_LEAN/EW4_Web_Port_v0.61/assets/unit_attack/army_militia_ac25bfe70a2f.webp
4908	SOURCE_LEAN/EW4_Web_Port_v0.61/assets/unit_attack/army_militia_ac8e08bd35d8.webp
4660	SOURCE_LEAN/EW4_Web_Port_v0.61/assets/unit_attack/army_militia_ad01ca0859f8.webp
5490	SOURCE_LEAN/EW4_Web_Port_v0.61/assets/unit_attack/army_militia_b49e9f6da766.webp
4592	SOURCE_LEAN/EW4_Web_Port_v0.61/assets/unit_attack/army_militia_b5d1fa325827.webp
3568	SOURCE_LEAN/EW4_Web_Port_v0.61/assets/unit_attack/army_militia_b693c6b7f69e.webp
3624	SOURCE_LEAN/EW4_Web_Port_v0.61/assets/unit_attack/army_militia_b7a7168f0a71.webp
5396	SOURCE_LEAN/EW4_Web_Port_v0.61/assets/unit_attack/army_militia_c2f68ca6da9f.webp
3464	SOURCE_LEAN/EW4_Web_Port_v0.61/assets/unit_attack/army_militia_c89d92f5c38a.webp
4940	SOURCE_LEAN/EW4_Web_Port_v0.61/assets/unit_attack/army_militia_cba4bddfbc7e.webp
4774	SOURCE_LEAN/EW4_Web_Port_v0.61/assets/unit_attack/army_militia_cee60148a5f3.webp
4908	SOURCE_LEAN/EW4_Web_Port_v0.61/assets/unit_attack/army_militia_d17f245c348b.webp
4940	SOURCE_LEAN/EW4_Web_Port_v0.61/assets/unit_attack/army_militia_d3d92ab83d6f.webp
4660	SOURCE_LEAN/EW4_Web_Port_v0.61/assets/unit_attack/army_militia_d3ed311b86a9.webp
4336	SOURCE_LEAN/EW4_Web_Port_v0.61/assets/unit_attack/army_militia_d41f8533835b.webp
3736	SOURCE_LEAN/EW4_Web_Port_v0.61/assets/unit_attack/army_militia_d45cc8e84b98.webp
4706	SOURCE_LEAN/EW4_Web_Port_v0.61/assets/unit_attack/army_militia_d5a668206804.webp
3310	SOURCE_LEAN/EW4_Web_Port_v0.61/assets/unit_attack/army_militia_d61e4604bf7a.webp
4908	SOURCE_LEAN/EW4_Web_Port_v0.61/assets/unit_attack/army_militia_db7b04cd79b9.webp
4636	SOURCE_LEAN/EW4_Web_Port_v0.61/assets/unit_attack/army_militia_def345995093.webp
4660	SOURCE_LEAN/EW4_Web_Port_v0.61/assets/unit_attack/army_militia_df8e56ea1664.webp
5210	SOURCE_LEAN/EW4_Web_Port_v0.61/assets/unit_attack/army_militia_e3730433a153.webp
3398	SOURCE_LEAN/EW4_Web_Port_v0.61/assets/unit_attack/army_militia_e515b528db87.webp
3736	SOURCE_LEAN/EW4_Web_Port_v0.61/assets/unit_attack/army_militia_e82d2435d170.webp
4160	SOURCE_LEAN/EW4_Web_Port_v0.61/assets/unit_attack/army_militia_f12ab76315db.webp
4660	SOURCE_LEAN/EW4_Web_Port_v0.61/assets/unit_attack/army_militia_f803f12731b3.webp
4908	SOURCE_LEAN/EW4_Web_Port_v0.61/assets/unit_attack/army_militia_fc35cc087814.webp
4718	SOURCE_LEAN/EW4_Web_Port_v0.61/assets/unit_attack/army_militia_fc5c064d2892.webp
3736	SOURCE_LEAN/EW4_Web_Port_v0.61/assets/unit_attack/army_militia_fcb9bdbb2566.webp
2966	SOURCE_LEAN/EW4_Web_Port_v0.61/assets/unit_attack/army_ship_39dd52f1f8b5.webp
3444	SOURCE_LEAN/EW4_Web_Port_v0.61/assets/unit_attack/army_ship_7e71746a31ed.webp
4682	SOURCE_LEAN/EW4_Web_Port_v0.61/assets/unit_attack/army_ship_a7a8ef2bfd98.webp
5000	SOURCE_LEAN/EW4_Web_Port_v0.61/assets/unit_attack/army_ship_bf3238796ad9.webp
4020	SOURCE_LEAN/EW4_Web_Port_v0.61/assets/unit_finish/army_armoredcar_0423993795e5.webp
4020	SOURCE_LEAN/EW4_Web_Port_v0.61/assets/unit_finish/army_armoredcar_110c65a74892.webp
6188	SOURCE_LEAN/EW4_Web_Port_v0.61/assets/unit_finish/army_armoredcar_146a40b984d8.webp
6158	SOURCE_LEAN/EW4_Web_Port_v0.61/assets/unit_finish/army_armoredcar_1c95eb3cd9d7.webp
6158	SOURCE_LEAN/EW4_Web_Port_v0.61/assets/unit_finish/army_armoredcar_1dcc61fe50a5.webp
6158	SOURCE_LEAN/EW4_Web_Port_v0.61/assets/unit_finish/army_armoredcar_1dee1da16df9.webp
6188	SOURCE_LEAN/EW4_Web_Port_v0.61/assets/unit_finish/army_armoredcar_1f5634d5d2e8.webp
6188	SOURCE_LEAN/EW4_Web_Port_v0.61/assets/unit_finish/army_armoredcar_2092a6fbe7a0.webp
4092	SOURCE_LEAN/EW4_Web_Port_v0.61/assets/unit_finish/army_armoredcar_2c75166d130b.webp
4170	SOURCE_LEAN/EW4_Web_Port_v0.61/assets/unit_finish/army_armoredcar_32f0d6985dae.webp
6268	SOURCE_LEAN/EW4_Web_Port_v0.61/assets/unit_finish/army_armoredcar_338236661790.webp
6158	SOURCE_LEAN/EW4_Web_Port_v0.61/assets/unit_finish/army_armoredcar_355755b7b3e5.webp
4020	SOURCE_LEAN/EW4_Web_Port_v0.61/assets/unit_finish/army_armoredcar_4060a3ee5836.webp
6158	SOURCE_LEAN/EW4_Web_Port_v0.61/assets/unit_finish/army_armoredcar_447c253a5edc.webp
4020	SOURCE_LEAN/EW4_Web_Port_v0.61/assets/unit_finish/army_armoredcar_44c16f165852.webp
4170	SOURCE_LEAN/EW4_Web_Port_v0.61/assets/unit_finish/army_armoredcar_476b0707b723.webp
6268	SOURCE_LEAN/EW4_Web_Port_v0.61/assets/unit_finish/army_armoredcar_48fab2c37e82.webp
4092	SOURCE_LEAN/EW4_Web_Port_v0.61/assets/unit_finish/army_armoredcar_4abd73a649c5.webp
6158	SOURCE_LEAN/EW4_Web_Port_v0.61/assets/unit_finish/army_armoredcar_4e9f4d92fc33.webp
4170	SOURCE_LEAN/EW4_Web_Port_v0.61/assets/unit_finish/army_armoredcar_51449f80ec85.webp
4020	SOURCE_LEAN/EW4_Web_Port_v0.61/assets/unit_finish/army_armoredcar_56d5fdd85016.webp
6268	SOURCE_LEAN/EW4_Web_Port_v0.61/assets/unit_finish/army_armoredcar_5855048609a8.webp
4092	SOURCE_LEAN/EW4_Web_Port_v0.61/assets/unit_finish/army_armoredcar_5a4811a925da.webp
4018	SOURCE_LEAN/EW4_Web_Port_v0.61/assets/unit_finish/army_armoredcar_61919218ca28.webp
4170	SOURCE_LEAN/EW4_Web_Port_v0.61/assets/unit_finish/army_armoredcar_68b16166b355.webp
6268	SOURCE_LEAN/EW4_Web_Port_v0.61/assets/unit_finish/army_armoredcar_6bc0bd29a64d.webp
4092	SOURCE_LEAN/EW4_Web_Port_v0.61/assets/unit_finish/army_armoredcar_76ec986a079a.webp
4170	SOURCE_LEAN/EW4_Web_Port_v0.61/assets/unit_finish/army_armoredcar_7aab1d0831ee.webp
4082	SOURCE_LEAN/EW4_Web_Port_v0.61/assets/unit_finish/army_armoredcar_82eacc65c546.webp
6064	SOURCE_LEAN/EW4_Web_Port_v0.61/assets/unit_finish/army_armoredcar_88f851c45c3c.webp
6268	SOURCE_LEAN/EW4_Web_Port_v0.61/assets/unit_finish/army_armoredcar_898b621b1c0f.webp
4020	SOURCE_LEAN/EW4_Web_Port_v0.61/assets/unit_finish/army_armoredcar_8b5198ebe63f.webp
4092	SOURCE_LEAN/EW4_Web_Port_v0.61/assets/unit_finish/army_armoredcar_93b1cd485f81.webp
6188	SOURCE_LEAN/EW4_Web_Port_v0.61/assets/unit_finish/army_armoredcar_a1f127c09f3b.webp
6158	SOURCE_LEAN/EW4_Web_Port_v0.61/assets/unit_finish/army_armoredcar_a959c6240cb2.webp
6252	SOURCE_LEAN/EW4_Web_Port_v0.61/assets/unit_finish/army_armoredcar_aacb19b69cc4.webp
6158	SOURCE_LEAN/EW4_Web_Port_v0.61/assets/unit_finish/army_armoredcar_ace049099f6f.webp
6248	SOURCE_LEAN/EW4_Web_Port_v0.61/assets/unit_finish/army_armoredcar_ad4f152cb594.webp
4170	SOURCE_LEAN/EW4_Web_Port_v0.61/assets/unit_finish/army_armoredcar_b3c1eaa4f977.webp
4380	SOURCE_LEAN/EW4_Web_Port_v0.61/assets/unit_finish/army_armoredcar_b4c6adc6f032.webp
6212	SOURCE_LEAN/EW4_Web_Port_v0.61/assets/unit_finish/army_armoredcar_c67a3333fa39.webp
6266	SOURCE_LEAN/EW4_Web_Port_v0.61/assets/unit_finish/army_armoredcar_c8956fb165ef.webp
4152	SOURCE_LEAN/EW4_Web_Port_v0.61/assets/unit_finish/army_armoredcar_c91d2b589250.webp
6188	SOURCE_LEAN/EW4_Web_Port_v0.61/assets/unit_finish/army_armoredcar_d18d08d06e63.webp
6188	SOURCE_LEAN/EW4_Web_Port_v0.61/assets/unit_finish/army_armoredcar_d346e52fe55a.webp
6188	SOURCE_LEAN/EW4_Web_Port_v0.61/assets/unit_finish/army_armoredcar_d8bf78b8afc7.webp
4092	SOURCE_LEAN/EW4_Web_Port_v0.61/assets/unit_finish/army_armoredcar_dec41a5200fa.webp
4092	SOURCE_LEAN/EW4_Web_Port_v0.61/assets/unit_finish/army_armoredcar_ea05a38bdfdf.webp
4020	SOURCE_LEAN/EW4_Web_Port_v0.61/assets/unit_finish/army_armoredcar_edb13bee8111.webp
6268	SOURCE_LEAN/EW4_Web_Port_v0.61/assets/unit_finish/army_armoredcar_f1cc6b968bd6.webp
4064	SOURCE_LEAN/EW4_Web_Port_v0.61/assets/unit_finish/army_armoredcar_f2873bcb6083.webp
4160	SOURCE_LEAN/EW4_Web_Port_v0.61/assets/unit_finish/army_armoredcar_f5c40a8c27be.webp
4826	SOURCE_LEAN/EW4_Web_Port_v0.61/assets/unit_finish/army_artillery_01bb4ac3a28b.webp
4798	SOURCE_LEAN/EW4_Web_Port_v0.61/assets/unit_finish/army_artillery_02db4306bc5a.webp
5640	SOURCE_LEAN/EW4_Web_Port_v0.61/assets/unit_finish/army_artillery_049e22c361e0.webp
5540	SOURCE_LEAN/EW4_Web_Port_v0.61/assets/unit_finish/army_artillery_05fc0ba747aa.webp
5640	SOURCE_LEAN/EW4_Web_Port_v0.61/assets/unit_finish/army_artillery_067e015c58e0.webp
4980	SOURCE_LEAN/EW4_Web_Port_v0.61/assets/unit_finish/army_artillery_0c053d33d396.webp
4798	SOURCE_LEAN/EW4_Web_Port_v0.61/assets/unit_finish/army_artillery_0f3430c43d73.webp
5406	SOURCE_LEAN/EW4_Web_Port_v0.61/assets/unit_finish/army_artillery_0f871c1fd2c3.webp
4006	SOURCE_LEAN/EW4_Web_Port_v0.61/assets/unit_finish/army_artillery_11148b928a29.webp
4006	SOURCE_LEAN/EW4_Web_Port_v0.61/assets/unit_finish/army_artillery_116d12cd4ca9.webp
4006	SOURCE_LEAN/EW4_Web_Port_v0.61/assets/unit_finish/army_artillery_11d4e2bc3550.webp
5560	SOURCE_LEAN/EW4_Web_Port_v0.61/assets/unit_finish/army_artillery_12b643fc9ba2.webp
4948	SOURCE_LEAN/EW4_Web_Port_v0.61/assets/unit_finish/army_artillery_14a6c8994720.webp
4188	SOURCE_LEAN/EW4_Web_Port_v0.61/assets/unit_finish/army_artillery_16b8d7fd4aea.webp
4188	SOURCE_LEAN/EW4_Web_Port_v0.61/assets/unit_finish/army_artillery_1972678e1b78.webp
4988	SOURCE_LEAN/EW4_Web_Port_v0.61/assets/unit_finish/army_artillery_1c7a257496c3.webp
4844	SOURCE_LEAN/EW4_Web_Port_v0.61/assets/unit_finish/army_artillery_1d9db86910e2.webp
4246	SOURCE_LEAN/EW4_Web_Port_v0.61/assets/unit_finish/army_artillery_1e0f5f417bca.webp
3866	SOURCE_LEAN/EW4_Web_Port_v0.61/assets/unit_finish/army_artillery_22b28c0ddec7.webp
5088	SOURCE_LEAN/EW4_Web_Port_v0.61/assets/unit_finish/army_artillery_2498d298ac6f.webp
4948	SOURCE_LEAN/EW4_Web_Port_v0.61/assets/unit_finish/army_artillery_264f5eeb021f.webp
3796	SOURCE_LEAN/EW4_Web_Port_v0.61/assets/unit_finish/army_artillery_26d49623727b.webp
5084	SOURCE_LEAN/EW4_Web_Port_v0.61/assets/unit_finish/army_artillery_2737aa60d059.webp
4920	SOURCE_LEAN/EW4_Web_Port_v0.61/assets/unit_finish/army_artillery_27d8e0d9dca4.webp
3916	SOURCE_LEAN/EW4_Web_Port_v0.61/assets/unit_finish/army_artillery_29871649694c.webp
3928	SOURCE_LEAN/EW4_Web_Port_v0.61/assets/unit_finish/army_artillery_2bcd043dadf4.webp
5088	SOURCE_LEAN/EW4_Web_Port_v0.61/assets/unit_finish/army_artillery_2cb5e4988579.webp
5084	SOURCE_LEAN/EW4_Web_Port_v0.61/assets/unit_finish/army_artillery_2deb0b48a029.webp
4798	SOURCE_LEAN/EW4_Web_Port_v0.61/assets/unit_finish/army_artillery_2f3d3f4b6a7e.webp
5084	SOURCE_LEAN/EW4_Web_Port_v0.61/assets/unit_finish/army_artillery_2ff0bc5c84c3.webp
4188	SOURCE_LEAN/EW4_Web_Port_v0.61/assets/unit_finish/army_artillery_31e62f258435.webp
5432	SOURCE_LEAN/EW4_Web_Port_v0.61/assets/unit_finish/army_artillery_328cd1ae8d9c.webp
4920	SOURCE_LEAN/EW4_Web_Port_v0.61/assets/unit_finish/army_artillery_32c22066743b.webp
5640	SOURCE_LEAN/EW4_Web_Port_v0.61/assets/unit_finish/army_artillery_35e077bc16cb.webp
5442	SOURCE_LEAN/EW4_Web_Port_v0.61/assets/unit_finish/army_artillery_38905e59b378.webp
4918	SOURCE_LEAN/EW4_Web_Port_v0.61/assets/unit_finish/army_artillery_393927ca4f0b.webp
4948	SOURCE_LEAN/EW4_Web_Port_v0.61/assets/unit_finish/army_artillery_39a30008b019.webp
4980	SOURCE_LEAN/EW4_Web_Port_v0.61/assets/unit_finish/army_artillery_3af09a60f17a.webp
4006	SOURCE_LEAN/EW4_Web_Port_v0.61/assets/unit_finish/army_artillery_3fb9ee75602e.webp
4798	SOURCE_LEAN/EW4_Web_Port_v0.61/assets/unit_finish/army_artillery_3fe553d4e568.webp
5640	SOURCE_LEAN/EW4_Web_Port_v0.61/assets/unit_finish/army_artillery_40949ac9ef78.webp
4844	SOURCE_LEAN/EW4_Web_Port_v0.61/assets/unit_finish/army_artillery_40ab0d0fafc4.webp
4176	SOURCE_LEAN/EW4_Web_Port_v0.61/assets/unit_finish/army_artillery_4332133b0be2.webp
4246	SOURCE_LEAN/EW4_Web_Port_v0.61/assets/unit_finish/army_artillery_433af4e89cc2.webp
4912	SOURCE_LEAN/EW4_Web_Port_v0.61/assets/unit_finish/army_artillery_442986831998.webp
4918	SOURCE_LEAN/EW4_Web_Port_v0.61/assets/unit_finish/army_artillery_478e6c89ce07.webp
5540	SOURCE_LEAN/EW4_Web_Port_v0.61/assets/unit_finish/army_artillery_479e61f99e1e.webp
5640	SOURCE_LEAN/EW4_Web_Port_v0.61/assets/unit_finish/army_artillery_4aa52f6fcf45.webp
4986	SOURCE_LEAN/EW4_Web_Port_v0.61/assets/unit_finish/army_artillery_4dcb64687bda.webp
3796	SOURCE_LEAN/EW4_Web_Port_v0.61/assets/unit_finish/army_artillery_4fb415a7daf7.webp
5640	SOURCE_LEAN/EW4_Web_Port_v0.61/assets/unit_finish/army_artillery_518c94c20cd8.webp
5084	SOURCE_LEAN/EW4_Web_Port_v0.61/assets/unit_finish/army_artillery_527163cc735e.webp
4954	SOURCE_LEAN/EW4_Web_Port_v0.61/assets/unit_finish/army_artillery_53f7600a65e2.webp
5540	SOURCE_LEAN/EW4_Web_Port_v0.61/assets/unit_finish/army_artillery_56440c59ffda.webp
4918	SOURCE_LEAN/EW4_Web_Port_v0.61/assets/unit_finish/army_artillery_5667b77457a0.webp
4918	SOURCE_LEAN/EW4_Web_Port_v0.61/assets/unit_finish/army_artillery_57ece7eb9a2d.webp
5442	SOURCE_LEAN/EW4_Web_Port_v0.61/assets/unit_finish/army_artillery_5cce067d27e7.webp
4948	SOURCE_LEAN/EW4_Web_Port_v0.61/assets/unit_finish/army_artillery_5d86c7cb89fe.webp
4144	SOURCE_LEAN/EW4_Web_Port_v0.61/assets/unit_finish/army_artillery_5ded63e63c67.webp
4006	SOURCE_LEAN/EW4_Web_Port_v0.61/assets/unit_finish/army_artillery_5e7b60e617ed.webp
4980	SOURCE_LEAN/EW4_Web_Port_v0.61/assets/unit_finish/army_artillery_617e1325d3e3.webp
4246	SOURCE_LEAN/EW4_Web_Port_v0.61/assets/unit_finish/army_artillery_628af1bec1b4.webp
4954	SOURCE_LEAN/EW4_Web_Port_v0.61/assets/unit_finish/army_artillery_63c9a31e3955.webp
4918	SOURCE_LEAN/EW4_Web_Port_v0.61/assets/unit_finish/army_artillery_64001bf1ab86.webp
5084	SOURCE_LEAN/EW4_Web_Port_v0.61/assets/unit_finish/army_artillery_647318200893.webp
4920	SOURCE_LEAN/EW4_Web_Port_v0.61/assets/unit_finish/army_artillery_64914e6a051e.webp
4216	SOURCE_LEAN/EW4_Web_Port_v0.61/assets/unit_finish/army_artillery_6520a7636d4a.webp
4866	SOURCE_LEAN/EW4_Web_Port_v0.61/assets/unit_finish/army_artillery_65f4710bea07.webp
4872	SOURCE_LEAN/EW4_Web_Port_v0.61/assets/unit_finish/army_artillery_6692ae082cce.webp
4936	SOURCE_LEAN/EW4_Web_Port_v0.61/assets/unit_finish/army_artillery_66fac52a1de9.webp
4954	SOURCE_LEAN/EW4_Web_Port_v0.61/assets/unit_finish/army_artillery_68857cde2f5a.webp
4198	SOURCE_LEAN/EW4_Web_Port_v0.61/assets/unit_finish/army_artillery_6a5061e9a67c.webp
4798	SOURCE_LEAN/EW4_Web_Port_v0.61/assets/unit_finish/army_artillery_6df252f4a245.webp
4188	SOURCE_LEAN/EW4_Web_Port_v0.61/assets/unit_finish/army_artillery_70345d5c8afd.webp
4980	SOURCE_LEAN/EW4_Web_Port_v0.61/assets/unit_finish/army_artillery_748447cfe143.webp
3916	SOURCE_LEAN/EW4_Web_Port_v0.61/assets/unit_finish/army_artillery_76903607b7bc.webp
5540	SOURCE_LEAN/EW4_Web_Port_v0.61/assets/unit_finish/army_artillery_77e76b9b76af.webp
5022	SOURCE_LEAN/EW4_Web_Port_v0.61/assets/unit_finish/army_artillery_7c0b5d965ba1.webp
5442	SOURCE_LEAN/EW4_Web_Port_v0.61/assets/unit_finish/army_artillery_7ee2b7546381.webp
4798	SOURCE_LEAN/EW4_Web_Port_v0.61/assets/unit_finish/army_artillery_802d521a8ab1.webp
4920	SOURCE_LEAN/EW4_Web_Port_v0.61/assets/unit_finish/army_artillery_825c6da7f7cb.webp
4980	SOURCE_LEAN/EW4_Web_Port_v0.61/assets/unit_finish/army_artillery_847d4fb704d1.webp
4918	SOURCE_LEAN/EW4_Web_Port_v0.61/assets/unit_finish/army_artillery_858a9b9f8980.webp
5014	SOURCE_LEAN/EW4_Web_Port_v0.61/assets/unit_finish/army_artillery_8617ea7e491b.webp
5088	SOURCE_LEAN/EW4_Web_Port_v0.61/assets/unit_finish/army_artillery_8ec7e3ebd407.webp
4856	SOURCE_LEAN/EW4_Web_Port_v0.61/assets/unit_finish/army_artillery_8f3db6990fb4.webp
4220	SOURCE_LEAN/EW4_Web_Port_v0.61/assets/unit_finish/army_artillery_8f9762e78dc6.webp
3916	SOURCE_LEAN/EW4_Web_Port_v0.61/assets/unit_finish/army_artillery_908e5e3d5e89.webp
5540	SOURCE_LEAN/EW4_Web_Port_v0.61/assets/unit_finish/army_artillery_90f213c22267.webp
4246	SOURCE_LEAN/EW4_Web_Port_v0.61/assets/unit_finish/army_artillery_91348df3551d.webp
4948	SOURCE_LEAN/EW4_Web_Port_v0.61/assets/unit_finish/army_artillery_91b6cc8659f4.webp
4844	SOURCE_LEAN/EW4_Web_Port_v0.61/assets/unit_finish/army_artillery_91e34e9adbf8.webp
5550	SOURCE_LEAN/EW4_Web_Port_v0.61/assets/unit_finish/army_artillery_91ead29e81f4.webp
4954	SOURCE_LEAN/EW4_Web_Port_v0.61/assets/unit_finish/army_artillery_922cfbb3dc5e.webp
4844	SOURCE_LEAN/EW4_Web_Port_v0.61/assets/unit_finish/army_artillery_9445794b769e.webp
3796	SOURCE_LEAN/EW4_Web_Port_v0.61/assets/unit_finish/army_artillery_975721d7b472.webp
4188	SOURCE_LEAN/EW4_Web_Port_v0.61/assets/unit_finish/army_artillery_993029f80d40.webp
4948	SOURCE_LEAN/EW4_Web_Port_v0.61/assets/unit_finish/army_artillery_9a0ab17929b2.webp
3796	SOURCE_LEAN/EW4_Web_Port_v0.61/assets/unit_finish/army_artillery_9ac0c9bffc85.webp
4176	SOURCE_LEAN/EW4_Web_Port_v0.61/assets/unit_finish/army_artillery_9ad9aee9780d.webp
4980	SOURCE_LEAN/EW4_Web_Port_v0.61/assets/unit_finish/army_artillery_9b48ca8bcb02.webp
4176	SOURCE_LEAN/EW4_Web_Port_v0.61/assets/unit_finish/army_artillery_9b78ba5b14a3.webp
5088	SOURCE_LEAN/EW4_Web_Port_v0.61/assets/unit_finish/army_artillery_9b97811f95e8.webp
3916	SOURCE_LEAN/EW4_Web_Port_v0.61/assets/unit_finish/army_artillery_9c320c31388e.webp
4136	SOURCE_LEAN/EW4_Web_Port_v0.61/assets/unit_finish/army_artillery_a0bf7bc3a581.webp
4958	SOURCE_LEAN/EW4_Web_Port_v0.61/assets/unit_finish/army_artillery_a0fc315b6bce.webp
4874	SOURCE_LEAN/EW4_Web_Port_v0.61/assets/unit_finish/army_artillery_a1433cee6701.webp
4844	SOURCE_LEAN/EW4_Web_Port_v0.61/assets/unit_finish/army_artillery_a26a41578248.webp
5540	SOURCE_LEAN/EW4_Web_Port_v0.61/assets/unit_finish/army_artillery_a3245e3a98cb.webp
3916	SOURCE_LEAN/EW4_Web_Port_v0.61/assets/unit_finish/army_artillery_a3b4a2862b14.webp
4918	SOURCE_LEAN/EW4_Web_Port_v0.61/assets/unit_finish/army_artillery_a3b6c39e09d9.webp
4176	SOURCE_LEAN/EW4_Web_Port_v0.61/assets/unit_finish/army_artillery_a6b34339922b.webp
4998	SOURCE_LEAN/EW4_Web_Port_v0.61/assets/unit_finish/army_artillery_a85b653d3ce6.webp
5084	SOURCE_LEAN/EW4_Web_Port_v0.61/assets/unit_finish/army_artillery_a877e401d0d4.webp
4844	SOURCE_LEAN/EW4_Web_Port_v0.61/assets/unit_finish/army_artillery_ac1c8e8ceac3.webp
4920	SOURCE_LEAN/EW4_Web_Port_v0.61/assets/unit_finish/army_artillery_ade797176568.webp
3796	SOURCE_LEAN/EW4_Web_Port_v0.61/assets/unit_finish/army_artillery_afa295e1257c.webp
3804	SOURCE_LEAN/EW4_Web_Port_v0.61/assets/unit_finish/army_artillery_b3dd1c41dcb5.webp
5442	SOURCE_LEAN/EW4_Web_Port_v0.61/assets/unit_finish/army_artillery_b3eb3087a08b.webp
4176	SOURCE_LEAN/EW4_Web_Port_v0.61/assets/unit_finish/army_artillery_b4525d261335.webp
4844	SOURCE_LEAN/EW4_Web_Port_v0.61/assets/unit_finish/army_artillery_b4b78f4dcc2a.webp
5088	SOURCE_LEAN/EW4_Web_Port_v0.61/assets/unit_finish/army_artillery_b4cefba6fb89.webp
5442	SOURCE_LEAN/EW4_Web_Port_v0.61/assets/unit_finish/army_artillery_b740ae3437a5.webp
4258	SOURCE_LEAN/EW4_Web_Port_v0.61/assets/unit_finish/army_artillery_bb4b15dfe6f7.webp
5540	SOURCE_LEAN/EW4_Web_Port_v0.61/assets/unit_finish/army_artillery_bce64f4161ef.webp
5084	SOURCE_LEAN/EW4_Web_Port_v0.61/assets/unit_finish/army_artillery_be0225d3288d.webp
4246	SOURCE_LEAN/EW4_Web_Port_v0.61/assets/unit_finish/army_artillery_bfcd9c072344.webp
3796	SOURCE_LEAN/EW4_Web_Port_v0.61/assets/unit_finish/army_artillery_c04b4ac5588a.webp
3796	SOURCE_LEAN/EW4_Web_Port_v0.61/assets/unit_finish/army_artillery_c48778480b75.webp
5442	SOURCE_LEAN/EW4_Web_Port_v0.61/assets/unit_finish/army_artillery_c548af77d4dc.webp
5476	SOURCE_LEAN/EW4_Web_Port_v0.61/assets/unit_finish/army_artillery_c8b51d4ab3f6.webp
5088	SOURCE_LEAN/EW4_Web_Port_v0.61/assets/unit_finish/army_artillery_c9d650b7d3b3.webp
4920	SOURCE_LEAN/EW4_Web_Port_v0.61/assets/unit_finish/army_artillery_cc63c34294e5.webp
4798	SOURCE_LEAN/EW4_Web_Port_v0.61/assets/unit_finish/army_artillery_d03186e8663e.webp
4980	SOURCE_LEAN/EW4_Web_Port_v0.61/assets/unit_finish/army_artillery_d2956f0327a3.webp
4954	SOURCE_LEAN/EW4_Web_Port_v0.61/assets/unit_finish/army_artillery_d2a07f7998c6.webp
4948	SOURCE_LEAN/EW4_Web_Port_v0.61/assets/unit_finish/army_artillery_d67fdba2132f.webp
4804	SOURCE_LEAN/EW4_Web_Port_v0.61/assets/unit_finish/army_artillery_de3b7db4a4f1.webp
4176	SOURCE_LEAN/EW4_Web_Port_v0.61/assets/unit_finish/army_artillery_e0a51774f73d.webp
4246	SOURCE_LEAN/EW4_Web_Port_v0.61/assets/unit_finish/army_artillery_e20ca4856bba.webp
3910	SOURCE_LEAN/EW4_Web_Port_v0.61/assets/unit_finish/army_artillery_e4b63d8586fe.webp
3916	SOURCE_LEAN/EW4_Web_Port_v0.61/assets/unit_finish/army_artillery_e536c028ae1f.webp
4006	SOURCE_LEAN/EW4_Web_Port_v0.61/assets/unit_finish/army_artillery_e7aa3c5cd42f.webp
3830	SOURCE_LEAN/EW4_Web_Port_v0.61/assets/unit_finish/army_artillery_e893c81d5533.webp
3902	SOURCE_LEAN/EW4_Web_Port_v0.61/assets/unit_finish/army_artillery_e95ecfc7faac.webp
5544	SOURCE_LEAN/EW4_Web_Port_v0.61/assets/unit_finish/army_artillery_ea8a3517c197.webp
3916	SOURCE_LEAN/EW4_Web_Port_v0.61/assets/unit_finish/army_artillery_ecf4e031f7e1.webp
4824	SOURCE_LEAN/EW4_Web_Port_v0.61/assets/unit_finish/army_artillery_f065c914372c.webp
4980	SOURCE_LEAN/EW4_Web_Port_v0.61/assets/unit_finish/army_artillery_f25009e8e3f7.webp
5442	SOURCE_LEAN/EW4_Web_Port_v0.61/assets/unit_finish/army_artillery_f2caf4862ad9.webp
4188	SOURCE_LEAN/EW4_Web_Port_v0.61/assets/unit_finish/army_artillery_f2e7c868ede4.webp
4954	SOURCE_LEAN/EW4_Web_Port_v0.61/assets/unit_finish/army_artillery_f6308e47c21b.webp
4176	SOURCE_LEAN/EW4_Web_Port_v0.61/assets/unit_finish/army_artillery_f6a7f5c58ca3.webp
4188	SOURCE_LEAN/EW4_Web_Port_v0.61/assets/unit_finish/army_artillery_f8de8229d39a.webp
4920	SOURCE_LEAN/EW4_Web_Port_v0.61/assets/unit_finish/army_artillery_fd13e17fed49.webp
4750	SOURCE_LEAN/EW4_Web_Port_v0.61/assets/unit_finish/army_artillery_fef0ea2bb879.webp
4984	SOURCE_LEAN/EW4_Web_Port_v0.61/assets/unit_finish/army_grenadier_03b674ca5b93.webp
3372	SOURCE_LEAN/EW4_Web_Port_v0.61/assets/unit_finish/army_grenadier_059eb7e80087.webp
4050	SOURCE_LEAN/EW4_Web_Port_v0.61/assets/unit_finish/army_grenadier_07820b14d7a3.webp
4466	SOURCE_LEAN/EW4_Web_Port_v0.61/assets/unit_finish/army_grenadier_0ad7de4e3dd0.webp
3602	SOURCE_LEAN/EW4_Web_Port_v0.61/assets/unit_finish/army_grenadier_0fede17f1d46.webp
3918	SOURCE_LEAN/EW4_Web_Port_v0.61/assets/unit_finish/army_grenadier_14ed3ca206c9.webp
3918	SOURCE_LEAN/EW4_Web_Port_v0.61/assets/unit_finish/army_grenadier_1997edd774e7.webp
4984	SOURCE_LEAN/EW4_Web_Port_v0.61/assets/unit_finish/army_grenadier_1aa343b2f018.webp
3864	SOURCE_LEAN/EW4_Web_Port_v0.61/assets/unit_finish/army_grenadier_1dd53df20fe6.webp
3918	SOURCE_LEAN/EW4_Web_Port_v0.61/assets/unit_finish/army_grenadier_21481f3a48ed.webp
3476	SOURCE_LEAN/EW4_Web_Port_v0.61/assets/unit_finish/army_grenadier_23b83809e555.webp
4142	SOURCE_LEAN/EW4_Web_Port_v0.61/assets/unit_finish/army_grenadier_2744242c5d2b.webp
3488	SOURCE_LEAN/EW4_Web_Port_v0.61/assets/unit_finish/army_grenadier_27fc4d2afe9f.webp
3476	SOURCE_LEAN/EW4_Web_Port_v0.61/assets/unit_finish/army_grenadier_2d1695af099b.webp
4148	SOURCE_LEAN/EW4_Web_Port_v0.61/assets/unit_finish/army_grenadier_2fc0b32f5668.webp
3242	SOURCE_LEAN/EW4_Web_Port_v0.61/assets/unit_finish/army_grenadier_2fe0938b6e88.webp
4466	SOURCE_LEAN/EW4_Web_Port_v0.61/assets/unit_finish/army_grenadier_3239fabf3d9f.webp
3488	SOURCE_LEAN/EW4_Web_Port_v0.61/assets/unit_finish/army_grenadier_35d30d26cfca.webp
4148	SOURCE_LEAN/EW4_Web_Port_v0.61/assets/unit_finish/army_grenadier_39b1d8cb233c.webp
3980	SOURCE_LEAN/EW4_Web_Port_v0.61/assets/unit_finish/army_grenadier_39ba4a46b1bc.webp
3488	SOURCE_LEAN/EW4_Web_Port_v0.61/assets/unit_finish/army_grenadier_3bc4b753db22.webp
4466	SOURCE_LEAN/EW4_Web_Port_v0.61/assets/unit_finish/army_grenadier_3e3530890d2c.webp
3918	SOURCE_LEAN/EW4_Web_Port_v0.61/assets/unit_finish/army_grenadier_4198f19d6324.webp
4466	SOURCE_LEAN/EW4_Web_Port_v0.61/assets/unit_finish/army_grenadier_4625808f6559.webp
3372	SOURCE_LEAN/EW4_Web_Port_v0.61/assets/unit_finish/army_grenadier_4a55e4a206da.webp
3476	SOURCE_LEAN/EW4_Web_Port_v0.61/assets/unit_finish/army_grenadier_4ceb4cb100ee.webp
4678	SOURCE_LEAN/EW4_Web_Port_v0.61/assets/unit_finish/army_grenadier_4dd40c40de7d.webp
3202	SOURCE_LEAN/EW4_Web_Port_v0.61/assets/unit_finish/army_grenadier_4e0a5840ddb8.webp
4466	SOURCE_LEAN/EW4_Web_Port_v0.61/assets/unit_finish/army_grenadier_4fe11c8a717a.webp
4050	SOURCE_LEAN/EW4_Web_Port_v0.61/assets/unit_finish/army_grenadier_51d9b65f4aa0.webp
3476	SOURCE_LEAN/EW4_Web_Port_v0.61/assets/unit_finish/army_grenadier_5b1537f824b9.webp
4678	SOURCE_LEAN/EW4_Web_Port_v0.61/assets/unit_finish/army_grenadier_5d3e1a10a5b4.webp
3476	SOURCE_LEAN/EW4_Web_Port_v0.61/assets/unit_finish/army_grenadier_65c22a71e02b.webp
4644	SOURCE_LEAN/EW4_Web_Port_v0.61/assets/unit_finish/army_grenadier_66bfcf2ffd0b.webp
4148	SOURCE_LEAN/EW4_Web_Port_v0.61/assets/unit_finish/army_grenadier_743ab5dccbd6.webp
3152	SOURCE_LEAN/EW4_Web_Port_v0.61/assets/unit_finish/army_grenadier_7e57c6f9bf48.webp
3476	SOURCE_LEAN/EW4_Web_Port_v0.61/assets/unit_finish/army_grenadier_7f7b5c6db75c.webp
4678	SOURCE_LEAN/EW4_Web_Port_v0.61/assets/unit_finish/army_grenadier_81122fd0ad77.webp
3372	SOURCE_LEAN/EW4_Web_Port_v0.61/assets/unit_finish/army_grenadier_812eecd8c77e.webp
4636	SOURCE_LEAN/EW4_Web_Port_v0.61/assets/unit_finish/army_grenadier_88e1be9b9f43.webp
4984	SOURCE_LEAN/EW4_Web_Port_v0.61/assets/unit_finish/army_grenadier_8ced400c6014.webp
3372	SOURCE_LEAN/EW4_Web_Port_v0.61/assets/unit_finish/army_grenadier_8d9faa45fa6c.webp
4148	SOURCE_LEAN/EW4_Web_Port_v0.61/assets/unit_finish/army_grenadier_8f932de58069.webp
4678	SOURCE_LEAN/EW4_Web_Port_v0.61/assets/unit_finish/army_grenadier_8fd2ff5e872b.webp
4620	SOURCE_LEAN/EW4_Web_Port_v0.61/assets/unit_finish/army_grenadier_90a5a8330e99.webp
4148	SOURCE_LEAN/EW4_Web_Port_v0.61/assets/unit_finish/army_grenadier_9266d2006fd4.webp
4148	SOURCE_LEAN/EW4_Web_Port_v0.61/assets/unit_finish/army_grenadier_93fb7d97613e.webp
4372	SOURCE_LEAN/EW4_Web_Port_v0.61/assets/unit_finish/army_grenadier_98b2607bfdd1.webp
4050	SOURCE_LEAN/EW4_Web_Port_v0.61/assets/unit_finish/army_grenadier_99a236cd7c77.webp
3488	SOURCE_LEAN/EW4_Web_Port_v0.61/assets/unit_finish/army_grenadier_9f9edafb5581.webp
4692	SOURCE_LEAN/EW4_Web_Port_v0.61/assets/unit_finish/army_grenadier_a06abdc03730.webp
3260	SOURCE_LEAN/EW4_Web_Port_v0.61/assets/unit_finish/army_grenadier_a28f18d60b2c.webp
4868	SOURCE_LEAN/EW4_Web_Port_v0.61/assets/unit_finish/army_grenadier_aaaf59cf6ec3.webp
3918	SOURCE_LEAN/EW4_Web_Port_v0.61/assets/unit_finish/army_grenadier_ab650010baec.webp
3488	SOURCE_LEAN/EW4_Web_Port_v0.61/assets/unit_finish/army_grenadier_ab9b1e01702a.webp
4668	SOURCE_LEAN/EW4_Web_Port_v0.61/assets/unit_finish/army_grenadier_ae20b0e79ef8.webp
3488	SOURCE_LEAN/EW4_Web_Port_v0.61/assets/unit_finish/army_grenadier_b868a4801cd9.webp
3372	SOURCE_LEAN/EW4_Web_Port_v0.61/assets/unit_finish/army_grenadier_be78d4a26adb.webp
4466	SOURCE_LEAN/EW4_Web_Port_v0.61/assets/unit_finish/army_grenadier_c1551f6fe2cf.webp
4466	SOURCE_LEAN/EW4_Web_Port_v0.61/assets/unit_finish/army_grenadier_c5635e42b16c.webp
3236	SOURCE_LEAN/EW4_Web_Port_v0.61/assets/unit_finish/army_grenadier_c95437ffaf49.webp
4678	SOURCE_LEAN/EW4_Web_Port_v0.61/assets/unit_finish/army_grenadier_caa79c9bfac2.webp
4984	SOURCE_LEAN/EW4_Web_Port_v0.61/assets/unit_finish/army_grenadier_cc3eec964ca1.webp
3918	SOURCE_LEAN/EW4_Web_Port_v0.61/assets/unit_finish/army_grenadier_d2df9a9a1434.webp
4984	SOURCE_LEAN/EW4_Web_Port_v0.61/assets/unit_finish/army_grenadier_d45ba59ce659.webp
3846	SOURCE_LEAN/EW4_Web_Port_v0.61/assets/unit_finish/army_grenadier_d508e0790c6b.webp
3476	SOURCE_LEAN/EW4_Web_Port_v0.61/assets/unit_finish/army_grenadier_dc821609a808.webp
4984	SOURCE_LEAN/EW4_Web_Port_v0.61/assets/unit_finish/army_grenadier_dd5dcd992cf7.webp
3372	SOURCE_LEAN/EW4_Web_Port_v0.61/assets/unit_finish/army_grenadier_df88585e9361.webp
4678	SOURCE_LEAN/EW4_Web_Port_v0.61/assets/unit_finish/army_grenadier_e16c94d558bc.webp
4050	SOURCE_LEAN/EW4_Web_Port_v0.61/assets/unit_finish/army_grenadier_e23966a4786b.webp
4984	SOURCE_LEAN/EW4_Web_Port_v0.61/assets/unit_finish/army_grenadier_eae8d961f446.webp
3918	SOURCE_LEAN/EW4_Web_Port_v0.61/assets/unit_finish/army_grenadier_f260fae66c4f.webp
4148	SOURCE_LEAN/EW4_Web_Port_v0.61/assets/unit_finish/army_grenadier_f35c283eb162.webp
4050	SOURCE_LEAN/EW4_Web_Port_v0.61/assets/unit_finish/army_grenadier_fc8647482b1a.webp
4050	SOURCE_LEAN/EW4_Web_Port_v0.61/assets/unit_finish/army_grenadier_fcc8e270c5d9.webp
4200	SOURCE_LEAN/EW4_Web_Port_v0.61/assets/unit_finish/army_grenadier_fcdc29da03cb.webp
3488	SOURCE_LEAN/EW4_Web_Port_v0.61/assets/unit_finish/army_grenadier_fefda5ae4784.webp
3970	SOURCE_LEAN/EW4_Web_Port_v0.61/assets/unit_finish/army_guards_077e466112c0.webp
4988	SOURCE_LEAN/EW4_Web_Port_v0.61/assets/unit_finish/army_guards_07b5978a8cba.webp
4566	SOURCE_LEAN/EW4_Web_Port_v0.61/assets/unit_finish/army_guards_0923e4339f74.webp
3278	SOURCE_LEAN/EW4_Web_Port_v0.61/assets/unit_finish/army_guards_0bea6f956961.webp
4566	SOURCE_LEAN/EW4_Web_Port_v0.61/assets/unit_finish/army_guards_122e1ae86fd3.webp
4566	SOURCE_LEAN/EW4_Web_Port_v0.61/assets/unit_finish/army_guards_151f62dbad23.webp
3486	SOURCE_LEAN/EW4_Web_Port_v0.61/assets/unit_finish/army_guards_15b777aebe1f.webp
3518	SOURCE_LEAN/EW4_Web_Port_v0.61/assets/unit_finish/army_guards_1bbbecebdcf5.webp
4566	SOURCE_LEAN/EW4_Web_Port_v0.61/assets/unit_finish/army_guards_241991f42a45.webp
3818	SOURCE_LEAN/EW4_Web_Port_v0.61/assets/unit_finish/army_guards_24afba58bdf1.webp
3486	SOURCE_LEAN/EW4_Web_Port_v0.61/assets/unit_finish/army_guards_29a69058ca41.webp
5344	SOURCE_LEAN/EW4_Web_Port_v0.61/assets/unit_finish/army_guards_2ae2df034613.webp
3486	SOURCE_LEAN/EW4_Web_Port_v0.61/assets/unit_finish/army_guards_2c7432d14651.webp
3818	SOURCE_LEAN/EW4_Web_Port_v0.61/assets/unit_finish/army_guards_3109fd7f6181.webp
4988	SOURCE_LEAN/EW4_Web_Port_v0.61/assets/unit_finish/army_guards_35283a9fde6a.webp
5158	SOURCE_LEAN/EW4_Web_Port_v0.61/assets/unit_finish/army_guards_3652339c1874.webp
5102	SOURCE_LEAN/EW4_Web_Port_v0.61/assets/unit_finish/army_guards_3682a9dc253a.webp
3242	SOURCE_LEAN/EW4_Web_Port_v0.61/assets/unit_finish/army_guards_3a39292edbaf.webp
5102	SOURCE_LEAN/EW4_Web_Port_v0.61/assets/unit_finish/army_guards_3b04098fcc2e.webp
4486	SOURCE_LEAN/EW4_Web_Port_v0.61/assets/unit_finish/army_guards_416a2a7c137d.webp
5102	SOURCE_LEAN/EW4_Web_Port_v0.61/assets/unit_finish/army_guards_41a0354d2cc7.webp
3420	SOURCE_LEAN/EW4_Web_Port_v0.61/assets/unit_finish/army_guards_495119ff97e8.webp
5102	SOURCE_LEAN/EW4_Web_Port_v0.61/assets/unit_finish/army_guards_4b9aa5ac98e3.webp
4534	SOURCE_LEAN/EW4_Web_Port_v0.61/assets/unit_finish/army_guards_4bf022b2d54b.webp
5102	SOURCE_LEAN/EW4_Web_Port_v0.61/assets/unit_finish/army_guards_5226aae759da.webp
4678	SOURCE_LEAN/EW4_Web_Port_v0.61/assets/unit_finish/army_guards_5c1b192f2ce7.webp
4566	SOURCE_LEAN/EW4_Web_Port_v0.61/assets/unit_finish/army_guards_5c9bdf4b6fa5.webp
4988	SOURCE_LEAN/EW4_Web_Port_v0.61/assets/unit_finish/army_guards_5dadee74179c.webp
3278	SOURCE_LEAN/EW4_Web_Port_v0.61/assets/unit_finish/army_guards_5e26f7d1d647.webp
3518	SOURCE_LEAN/EW4_Web_Port_v0.61/assets/unit_finish/army_guards_605d5168abb2.webp
5102	SOURCE_LEAN/EW4_Web_Port_v0.61/assets/unit_finish/army_guards_642605cdb972.webp
4458	SOURCE_LEAN/EW4_Web_Port_v0.61/assets/unit_finish/army_guards_6514a8bece8b.webp
3818	SOURCE_LEAN/EW4_Web_Port_v0.61/assets/unit_finish/army_guards_6692c1a11e8b.webp
3278	SOURCE_LEAN/EW4_Web_Port_v0.61/assets/unit_finish/army_guards_66933ebd1fa1.webp
4674	SOURCE_LEAN/EW4_Web_Port_v0.61/assets/unit_finish/army_guards_6a6bbf6aa93c.webp
4534	SOURCE_LEAN/EW4_Web_Port_v0.61/assets/unit_finish/army_guards_6b250d034c26.webp
4244	SOURCE_LEAN/EW4_Web_Port_v0.61/assets/unit_finish/army_guards_7562ad6399ec.webp
3632	SOURCE_LEAN/EW4_Web_Port_v0.61/assets/unit_finish/army_guards_7597d0b69585.webp
3310	SOURCE_LEAN/EW4_Web_Port_v0.61/assets/unit_finish/army_guards_75fcab92819b.webp
3518	SOURCE_LEAN/EW4_Web_Port_v0.61/assets/unit_finish/army_guards_81356b17b9b0.webp
4988	SOURCE_LEAN/EW4_Web_Port_v0.61/assets/unit_finish/army_guards_83c330d5f2ea.webp
3518	SOURCE_LEAN/EW4_Web_Port_v0.61/assets/unit_finish/army_guards_88782167bfda.webp
4988	SOURCE_LEAN/EW4_Web_Port_v0.61/assets/unit_finish/army_guards_8a08ccbe726e.webp
4566	SOURCE_LEAN/EW4_Web_Port_v0.61/assets/unit_finish/army_guards_8b45e973bc61.webp
3818	SOURCE_LEAN/EW4_Web_Port_v0.61/assets/unit_finish/army_guards_8cca8d23206e.webp
3486	SOURCE_LEAN/EW4_Web_Port_v0.61/assets/unit_finish/army_guards_9096ee30a8a2.webp
4566	SOURCE_LEAN/EW4_Web_Port_v0.61/assets/unit_finish/army_guards_90c36fb4f31f.webp
4458	SOURCE_LEAN/EW4_Web_Port_v0.61/assets/unit_finish/army_guards_94c5e77f686c.webp
3278	SOURCE_LEAN/EW4_Web_Port_v0.61/assets/unit_finish/army_guards_9ad606caed69.webp
3818	SOURCE_LEAN/EW4_Web_Port_v0.61/assets/unit_finish/army_guards_9b537e7dac19.webp
3518	SOURCE_LEAN/EW4_Web_Port_v0.61/assets/unit_finish/army_guards_a0ea5c0fd096.webp
3278	SOURCE_LEAN/EW4_Web_Port_v0.61/assets/unit_finish/army_guards_a9656d89cb44.webp
4338	SOURCE_LEAN/EW4_Web_Port_v0.61/assets/unit_finish/army_guards_ab229784db65.webp
4566	SOURCE_LEAN/EW4_Web_Port_v0.61/assets/unit_finish/army_guards_ab5604c60a5d.webp
4458	SOURCE_LEAN/EW4_Web_Port_v0.61/assets/unit_finish/army_guards_ac405e905e61.webp
3278	SOURCE_LEAN/EW4_Web_Port_v0.61/assets/unit_finish/army_guards_b2cd2f7f8ec5.webp
5102	SOURCE_LEAN/EW4_Web_Port_v0.61/assets/unit_finish/army_guards_b562a90ab056.webp
3486	SOURCE_LEAN/EW4_Web_Port_v0.61/assets/unit_finish/army_guards_b5715ba17b96.webp
4458	SOURCE_LEAN/EW4_Web_Port_v0.61/assets/unit_finish/army_guards_b691960b9536.webp
3518	SOURCE_LEAN/EW4_Web_Port_v0.61/assets/unit_finish/army_guards_b75ecdde094e.webp
4788	SOURCE_LEAN/EW4_Web_Port_v0.61/assets/unit_finish/army_guards_b80492699e7f.webp
3818	SOURCE_LEAN/EW4_Web_Port_v0.61/assets/unit_finish/army_guards_b988927504f1.webp
4458	SOURCE_LEAN/EW4_Web_Port_v0.61/assets/unit_finish/army_guards_c0efd3af1f89.webp
3616	SOURCE_LEAN/EW4_Web_Port_v0.61/assets/unit_finish/army_guards_c4a47058553e.webp
4458	SOURCE_LEAN/EW4_Web_Port_v0.61/assets/unit_finish/army_guards_c96edfd9bf12.webp
4534	SOURCE_LEAN/EW4_Web_Port_v0.61/assets/unit_finish/army_guards_cbf90f14ffe9.webp
5168	SOURCE_LEAN/EW4_Web_Port_v0.61/assets/unit_finish/army_guards_d3d7a66b4877.webp
4534	SOURCE_LEAN/EW4_Web_Port_v0.61/assets/unit_finish/army_guards_d473862f9f6c.webp
5382	SOURCE_LEAN/EW4_Web_Port_v0.61/assets/unit_finish/army_guards_d8100c89a77e.webp
4226	SOURCE_LEAN/EW4_Web_Port_v0.61/assets/unit_finish/army_guards_db0b43689bc0.webp
4534	SOURCE_LEAN/EW4_Web_Port_v0.61/assets/unit_finish/army_guards_e337137c1260.webp
3278	SOURCE_LEAN/EW4_Web_Port_v0.61/assets/unit_finish/army_guards_e6994ffa8b93.webp
3636	SOURCE_LEAN/EW4_Web_Port_v0.61/assets/unit_finish/army_guards_ec4dd5ef7e68.webp
4534	SOURCE_LEAN/EW4_Web_Port_v0.61/assets/unit_finish/army_guards_f0be086d8965.webp
4988	SOURCE_LEAN/EW4_Web_Port_v0.61/assets/unit_finish/army_guards_f2fa85f944b4.webp
3486	SOURCE_LEAN/EW4_Web_Port_v0.61/assets/unit_finish/army_guards_f3932e3b1029.webp
3518	SOURCE_LEAN/EW4_Web_Port_v0.61/assets/unit_finish/army_guards_f52d8407ea8b.webp
4566	SOURCE_LEAN/EW4_Web_Port_v0.61/assets/unit_finish/army_guards_f55c2f0485a7.webp
3818	SOURCE_LEAN/EW4_Web_Port_v0.61/assets/unit_finish/army_guards_f6433a4e159b.webp
5070	SOURCE_LEAN/EW4_Web_Port_v0.61/assets/unit_finish/army_guards_f66d10777dc9.webp
4534	SOURCE_LEAN/EW4_Web_Port_v0.61/assets/unit_finish/army_guards_fe86c30812d7.webp
3514	SOURCE_LEAN/EW4_Web_Port_v0.61/assets/unit_finish/army_guardscavalry_00d5f4cdc74c.webp
3520	SOURCE_LEAN/EW4_Web_Port_v0.61/assets/unit_finish/army_guardscavalry_0297269fd675.webp
3466	SOURCE_LEAN/EW4_Web_Port_v0.61/assets/unit_finish/army_guardscavalry_032ed3c20257.webp
4328	SOURCE_LEAN/EW4_Web_Port_v0.61/assets/unit_finish/army_guardscavalry_03a304fc2c39.webp
4334	SOURCE_LEAN/EW4_Web_Port_v0.61/assets/unit_finish/army_guardscavalry_088dcbbad556.webp
3510	SOURCE_LEAN/EW4_Web_Port_v0.61/assets/unit_finish/army_guardscavalry_0a831e5241ba.webp
3520	SOURCE_LEAN/EW4_Web_Port_v0.61/assets/unit_finish/army_guardscavalry_1d5490bfbc24.webp
4334	SOURCE_LEAN/EW4_Web_Port_v0.61/assets/unit_finish/army_guardscavalry_1eb89905e291.webp
3520	SOURCE_LEAN/EW4_Web_Port_v0.61/assets/unit_finish/army_guardscavalry_2083c352f32f.webp
3514	SOURCE_LEAN/EW4_Web_Port_v0.61/assets/unit_finish/army_guardscavalry_23d29b7198c8.webp
4314	SOURCE_LEAN/EW4_Web_Port_v0.61/assets/unit_finish/army_guardscavalry_24c91ed45e08.webp
3540	SOURCE_LEAN/EW4_Web_Port_v0.61/assets/unit_finish/army_guardscavalry_24cbdbca7bcc.webp
4718	SOURCE_LEAN/EW4_Web_Port_v0.61/assets/unit_finish/army_guardscavalry_2d2c3cc790eb.webp
4334	SOURCE_LEAN/EW4_Web_Port_v0.61/assets/unit_finish/army_guardscavalry_2dc95ec14201.webp
3466	SOURCE_LEAN/EW4_Web_Port_v0.61/assets/unit_finish/army_guardscavalry_2eb2bb9bbaaf.webp
4300	SOURCE_LEAN/EW4_Web_Port_v0.61/assets/unit_finish/army_guardscavalry_3ac88a2d27e0.webp
4328	SOURCE_LEAN/EW4_Web_Port_v0.61/assets/unit_finish/army_guardscavalry_3c2837428232.webp
3466	SOURCE_LEAN/EW4_Web_Port_v0.61/assets/unit_finish/army_guardscavalry_4debacd62ed8.webp
4328	SOURCE_LEAN/EW4_Web_Port_v0.61/assets/unit_finish/army_guardscavalry_4eb887dbd993.webp
4374	SOURCE_LEAN/EW4_Web_Port_v0.61/assets/unit_finish/army_guardscavalry_501e24f0b034.webp
4368	SOURCE_LEAN/EW4_Web_Port_v0.61/assets/unit_finish/army_guardscavalry_525189cdf781.webp
4334	SOURCE_LEAN/EW4_Web_Port_v0.61/assets/unit_finish/army_guardscavalry_6095675ac7da.webp
4276	SOURCE_LEAN/EW4_Web_Port_v0.61/assets/unit_finish/army_guardscavalry_64070966f738.webp
3520	SOURCE_LEAN/EW4_Web_Port_v0.61/assets/unit_finish/army_guardscavalry_6aa49b0c8548.webp
4328	SOURCE_LEAN/EW4_Web_Port_v0.61/assets/unit_finish/army_guardscavalry_7223b6e7e17e.webp
3514	SOURCE_LEAN/EW4_Web_Port_v0.61/assets/unit_finish/army_guardscavalry_7c21ed934218.webp
4276	SOURCE_LEAN/EW4_Web_Port_v0.61/assets/unit_finish/army_guardscavalry_80c6cdbc8388.webp
4334	SOURCE_LEAN/EW4_Web_Port_v0.61/assets/unit_finish/army_guardscavalry_80fab5e4f98d.webp
3520	SOURCE_LEAN/EW4_Web_Port_v0.61/assets/unit_finish/army_guardscavalry_813bf71f97af.webp
3550	SOURCE_LEAN/EW4_Web_Port_v0.61/assets/unit_finish/army_guardscavalry_8d07531ddcd2.webp
3514	SOURCE_LEAN/EW4_Web_Port_v0.61/assets/unit_finish/army_guardscavalry_8d0b8b9f4e40.webp
4276	SOURCE_LEAN/EW4_Web_Port_v0.61/assets/unit_finish/army_guardscavalry_8fb4129eb98c.webp
3540	SOURCE_LEAN/EW4_Web_Port_v0.61/assets/unit_finish/army_guardscavalry_987834d42c66.webp
4276	SOURCE_LEAN/EW4_Web_Port_v0.61/assets/unit_finish/army_guardscavalry_9cdb294a5130.webp
4276	SOURCE_LEAN/EW4_Web_Port_v0.61/assets/unit_finish/army_guardscavalry_9f9406e4d643.webp
3520	SOURCE_LEAN/EW4_Web_Port_v0.61/assets/unit_finish/army_guardscavalry_ac544adb6071.webp
4328	SOURCE_LEAN/EW4_Web_Port_v0.61/assets/unit_finish/army_guardscavalry_af3165400aa4.webp
4328	SOURCE_LEAN/EW4_Web_Port_v0.61/assets/unit_finish/army_guardscavalry_b27dca7d37d4.webp
3514	SOURCE_LEAN/EW4_Web_Port_v0.61/assets/unit_finish/army_guardscavalry_b2ea57674a0b.webp
4276	SOURCE_LEAN/EW4_Web_Port_v0.61/assets/unit_finish/army_guardscavalry_c06c95a1557a.webp
3466	SOURCE_LEAN/EW4_Web_Port_v0.61/assets/unit_finish/army_guardscavalry_d8437aee031c.webp
4276	SOURCE_LEAN/EW4_Web_Port_v0.61/assets/unit_finish/army_guardscavalry_da66e86227f2.webp
3544	SOURCE_LEAN/EW4_Web_Port_v0.61/assets/unit_finish/army_guardscavalry_da97a3045f0b.webp
3466	SOURCE_LEAN/EW4_Web_Port_v0.61/assets/unit_finish/army_guardscavalry_e31b51cf580f.webp
3466	SOURCE_LEAN/EW4_Web_Port_v0.61/assets/unit_finish/army_guardscavalry_eb7ed6a0d5f5.webp
3530	SOURCE_LEAN/EW4_Web_Port_v0.61/assets/unit_finish/army_guardscavalry_ed07b167dc41.webp
4388	SOURCE_LEAN/EW4_Web_Port_v0.61/assets/unit_finish/army_guardscavalry_ed58b0e7c862.webp
3514	SOURCE_LEAN/EW4_Web_Port_v0.61/assets/unit_finish/army_guardscavalry_f6f07adb4460.webp
3514	SOURCE_LEAN/EW4_Web_Port_v0.61/assets/unit_finish/army_guardscavalry_fba1fb647b41.webp
4334	SOURCE_LEAN/EW4_Web_Port_v0.61/assets/unit_finish/army_guardscavalry_fc595df3ac60.webp
4328	SOURCE_LEAN/EW4_Web_Port_v0.61/assets/unit_finish/army_guardscavalry_fef0998a12fd.webp
3466	SOURCE_LEAN/EW4_Web_Port_v0.61/assets/unit_finish/army_guardscavalry_ff8042bd4792.webp
3888	SOURCE_LEAN/EW4_Web_Port_v0.61/assets/unit_finish/army_heavycavalry_0e03e12acbbf.webp
3146	SOURCE_LEAN/EW4_Web_Port_v0.61/assets/unit_finish/army_heavycavalry_0e3668fc4ead.webp
3112	SOURCE_LEAN/EW4_Web_Port_v0.61/assets/unit_finish/army_heavycavalry_27d1369f4048.webp
3146	SOURCE_LEAN/EW4_Web_Port_v0.61/assets/unit_finish/army_heavycavalry_2b8aa2792995.webp
3094	SOURCE_LEAN/EW4_Web_Port_v0.61/assets/unit_finish/army_heavycavalry_329cfb89e679.webp
3936	SOURCE_LEAN/EW4_Web_Port_v0.61/assets/unit_finish/army_heavycavalry_376c34d22cc7.webp
3236	SOURCE_LEAN/EW4_Web_Port_v0.61/assets/unit_finish/army_heavycavalry_394f5dabd9ed.webp
3936	SOURCE_LEAN/EW4_Web_Port_v0.61/assets/unit_finish/army_heavycavalry_3e789a5dd4e5.webp
3936	SOURCE_LEAN/EW4_Web_Port_v0.61/assets/unit_finish/army_heavycavalry_3fd7438a7963.webp
3926	SOURCE_LEAN/EW4_Web_Port_v0.61/assets/unit_finish/army_heavycavalry_4332ec726ed2.webp
3112	SOURCE_LEAN/EW4_Web_Port_v0.61/assets/unit_finish/army_heavycavalry_45426138a676.webp
3926	SOURCE_LEAN/EW4_Web_Port_v0.61/assets/unit_finish/army_heavycavalry_474456a133a1.webp
3936	SOURCE_LEAN/EW4_Web_Port_v0.61/assets/unit_finish/army_heavycavalry_55a55e77792a.webp
3292	SOURCE_LEAN/EW4_Web_Port_v0.61/assets/unit_finish/army_heavycavalry_57f56bda45ad.webp
3112	SOURCE_LEAN/EW4_Web_Port_v0.61/assets/unit_finish/army_heavycavalry_5dfc2a1dd5e2.webp
3956	SOURCE_LEAN/EW4_Web_Port_v0.61/assets/unit_finish/army_heavycavalry_601ec47e0215.webp
3112	SOURCE_LEAN/EW4_Web_Port_v0.61/assets/unit_finish/army_heavycavalry_6212e82b465c.webp
3982	SOURCE_LEAN/EW4_Web_Port_v0.61/assets/unit_finish/army_heavycavalry_665e2da86f09.webp
3926	SOURCE_LEAN/EW4_Web_Port_v0.61/assets/unit_finish/army_heavycavalry_782e06ca7140.webp
3888	SOURCE_LEAN/EW4_Web_Port_v0.61/assets/unit_finish/army_heavycavalry_7c8f51073608.webp
3908	SOURCE_LEAN/EW4_Web_Port_v0.61/assets/unit_finish/army_heavycavalry_7e2bb4478eaa.webp
3134	SOURCE_LEAN/EW4_Web_Port_v0.61/assets/unit_finish/army_heavycavalry_81abac2d15a9.webp
3926	SOURCE_LEAN/EW4_Web_Port_v0.61/assets/unit_finish/army_heavycavalry_846f9f3a4b46.webp
3936	SOURCE_LEAN/EW4_Web_Port_v0.61/assets/unit_finish/army_heavycavalry_84ae4d30ca56.webp
3236	SOURCE_LEAN/EW4_Web_Port_v0.61/assets/unit_finish/army_heavycavalry_8ab8d5a77233.webp
3888	SOURCE_LEAN/EW4_Web_Port_v0.61/assets/unit_finish/army_heavycavalry_8c7779687e3f.webp
3236	SOURCE_LEAN/EW4_Web_Port_v0.61/assets/unit_finish/army_heavycavalry_8c8738332d87.webp
3888	SOURCE_LEAN/EW4_Web_Port_v0.61/assets/unit_finish/army_heavycavalry_8cfaf1b53ccf.webp
3112	SOURCE_LEAN/EW4_Web_Port_v0.61/assets/unit_finish/army_heavycavalry_8e7717ef8e64.webp
3888	SOURCE_LEAN/EW4_Web_Port_v0.61/assets/unit_finish/army_heavycavalry_92e7b5930992.webp
3146	SOURCE_LEAN/EW4_Web_Port_v0.61/assets/unit_finish/army_heavycavalry_962627192c4c.webp
3926	SOURCE_LEAN/EW4_Web_Port_v0.61/assets/unit_finish/army_heavycavalry_9713f35e489a.webp
3926	SOURCE_LEAN/EW4_Web_Port_v0.61/assets/unit_finish/army_heavycavalry_99b936218337.webp
3112	SOURCE_LEAN/EW4_Web_Port_v0.61/assets/unit_finish/army_heavycavalry_9a4075d70754.webp
3888	SOURCE_LEAN/EW4_Web_Port_v0.61/assets/unit_finish/army_heavycavalry_9ba47ae6d908.webp
3936	SOURCE_LEAN/EW4_Web_Port_v0.61/assets/unit_finish/army_heavycavalry_9d747fb50b5e.webp
3236	SOURCE_LEAN/EW4_Web_Port_v0.61/assets/unit_finish/army_heavycavalry_a176d91bab47.webp
3146	SOURCE_LEAN/EW4_Web_Port_v0.61/assets/unit_finish/army_heavycavalry_a88c55d06717.webp
3926	SOURCE_LEAN/EW4_Web_Port_v0.61/assets/unit_finish/army_heavycavalry_ac3092ade5e9.webp
3160	SOURCE_LEAN/EW4_Web_Port_v0.61/assets/unit_finish/army_heavycavalry_bdf33af68c56.webp
3236	SOURCE_LEAN/EW4_Web_Port_v0.61/assets/unit_finish/army_heavycavalry_bec4aa5e1d12.webp
3236	SOURCE_LEAN/EW4_Web_Port_v0.61/assets/unit_finish/army_heavycavalry_bf536fac3204.webp
3938	SOURCE_LEAN/EW4_Web_Port_v0.61/assets/unit_finish/army_heavycavalry_bfa638ca7771.webp
3888	SOURCE_LEAN/EW4_Web_Port_v0.61/assets/unit_finish/army_heavycavalry_cfb80ba604b3.webp
3146	SOURCE_LEAN/EW4_Web_Port_v0.61/assets/unit_finish/army_heavycavalry_df615176f47b.webp
3236	SOURCE_LEAN/EW4_Web_Port_v0.61/assets/unit_finish/army_heavycavalry_e288723996c6.webp
3106	SOURCE_LEAN/EW4_Web_Port_v0.61/assets/unit_finish/army_heavycavalry_e68be2f2ce65.webp
3896	SOURCE_LEAN/EW4_Web_Port_v0.61/assets/unit_finish/army_heavycavalry_eb9a14e18a9a.webp
3112	SOURCE_LEAN/EW4_Web_Port_v0.61/assets/unit_finish/army_heavycavalry_ede9b0de3f97.webp
3926	SOURCE_LEAN/EW4_Web_Port_v0.61/assets/unit_finish/army_heavycavalry_f3d8843d7224.webp
3236	SOURCE_LEAN/EW4_Web_Port_v0.61/assets/unit_finish/army_heavycavalry_f43975a90353.webp
3146	SOURCE_LEAN/EW4_Web_Port_v0.61/assets/unit_finish/army_heavycavalry_f645a27d1b9f.webp
4108	SOURCE_LEAN/EW4_Web_Port_v0.61/assets/unit_finish/army_lightcavalry_0064c23f326b.webp
4060	SOURCE_LEAN/EW4_Web_Port_v0.61/assets/unit_finish/army_lightcavalry_00ede999a9cc.webp
3990	SOURCE_LEAN/EW4_Web_Port_v0.61/assets/unit_finish/army_lightcavalry_00fef2256a09.webp
4108	SOURCE_LEAN/EW4_Web_Port_v0.61/assets/unit_finish/army_lightcavalry_14ddd61db3ca.webp
3332	SOURCE_LEAN/EW4_Web_Port_v0.61/assets/unit_finish/army_lightcavalry_1fb622edea24.webp
3262	SOURCE_LEAN/EW4_Web_Port_v0.61/assets/unit_finish/army_lightcavalry_20462469e8ab.webp
3262	SOURCE_LEAN/EW4_Web_Port_v0.61/assets/unit_finish/army_lightcavalry_21f4e8e741b9.webp
3284	SOURCE_LEAN/EW4_Web_Port_v0.61/assets/unit_finish/army_lightcavalry_22e82ad2ae5c.webp
4344	SOURCE_LEAN/EW4_Web_Port_v0.61/assets/unit_finish/army_lightcavalry_2afbf5e56081.webp
4060	SOURCE_LEAN/EW4_Web_Port_v0.61/assets/unit_finish/army_lightcavalry_318847da0b4b.webp
4108	SOURCE_LEAN/EW4_Web_Port_v0.61/assets/unit_finish/army_lightcavalry_3449fb9b9da3.webp
3402	SOURCE_LEAN/EW4_Web_Port_v0.61/assets/unit_finish/army_lightcavalry_34c905d3e14f.webp
3290	SOURCE_LEAN/EW4_Web_Port_v0.61/assets/unit_finish/army_lightcavalry_3caa8fe8d483.webp
3262	SOURCE_LEAN/EW4_Web_Port_v0.61/assets/unit_finish/army_lightcavalry_4032d4da3481.webp
3262	SOURCE_LEAN/EW4_Web_Port_v0.61/assets/unit_finish/army_lightcavalry_415f6f18895a.webp
4108	SOURCE_LEAN/EW4_Web_Port_v0.61/assets/unit_finish/army_lightcavalry_4f1e77a295a6.webp
3978	SOURCE_LEAN/EW4_Web_Port_v0.61/assets/unit_finish/army_lightcavalry_54f73971d65f.webp
4060	SOURCE_LEAN/EW4_Web_Port_v0.61/assets/unit_finish/army_lightcavalry_584fb9ddd39d.webp
3290	SOURCE_LEAN/EW4_Web_Port_v0.61/assets/unit_finish/army_lightcavalry_5b1ff28671ea.webp
3262	SOURCE_LEAN/EW4_Web_Port_v0.61/assets/unit_finish/army_lightcavalry_5b60ab0907e6.webp
3290	SOURCE_LEAN/EW4_Web_Port_v0.61/assets/unit_finish/army_lightcavalry_62878aa9e454.webp
3290	SOURCE_LEAN/EW4_Web_Port_v0.61/assets/unit_finish/army_lightcavalry_638b2d3530d4.webp
3332	SOURCE_LEAN/EW4_Web_Port_v0.61/assets/unit_finish/army_lightcavalry_6416225635bb.webp
3290	SOURCE_LEAN/EW4_Web_Port_v0.61/assets/unit_finish/army_lightcavalry_67dd9dadda03.webp
3290	SOURCE_LEAN/EW4_Web_Port_v0.61/assets/unit_finish/army_lightcavalry_6f8ab26c35fb.webp
4060	SOURCE_LEAN/EW4_Web_Port_v0.61/assets/unit_finish/army_lightcavalry_71dfae19bd92.webp
3262	SOURCE_LEAN/EW4_Web_Port_v0.61/assets/unit_finish/army_lightcavalry_76626415ff14.webp
3990	SOURCE_LEAN/EW4_Web_Port_v0.61/assets/unit_finish/army_lightcavalry_769ea1738a31.webp
4084	SOURCE_LEAN/EW4_Web_Port_v0.61/assets/unit_finish/army_lightcavalry_782eb202ffee.webp
3256	SOURCE_LEAN/EW4_Web_Port_v0.61/assets/unit_finish/army_lightcavalry_79a48b53982b.webp
3262	SOURCE_LEAN/EW4_Web_Port_v0.61/assets/unit_finish/army_lightcavalry_7a6417c58c75.webp
4108	SOURCE_LEAN/EW4_Web_Port_v0.61/assets/unit_finish/army_lightcavalry_832c52d5c3cd.webp
3990	SOURCE_LEAN/EW4_Web_Port_v0.61/assets/unit_finish/army_lightcavalry_8bb7dc6861a1.webp
3990	SOURCE_LEAN/EW4_Web_Port_v0.61/assets/unit_finish/army_lightcavalry_8dfbcc3f03d3.webp
4180	SOURCE_LEAN/EW4_Web_Port_v0.61/assets/unit_finish/army_lightcavalry_95e7132fb201.webp
3332	SOURCE_LEAN/EW4_Web_Port_v0.61/assets/unit_finish/army_lightcavalry_998b32067e77.webp
3990	SOURCE_LEAN/EW4_Web_Port_v0.61/assets/unit_finish/army_lightcavalry_9cc76c73f7a7.webp
4060	SOURCE_LEAN/EW4_Web_Port_v0.61/assets/unit_finish/army_lightcavalry_a23e36f36296.webp
3332	SOURCE_LEAN/EW4_Web_Port_v0.61/assets/unit_finish/army_lightcavalry_a424f3e5bf23.webp
3262	SOURCE_LEAN/EW4_Web_Port_v0.61/assets/unit_finish/army_lightcavalry_a4e973380c12.webp
3230	SOURCE_LEAN/EW4_Web_Port_v0.61/assets/unit_finish/army_lightcavalry_afc08aa97d60.webp
4060	SOURCE_LEAN/EW4_Web_Port_v0.61/assets/unit_finish/army_lightcavalry_c3c6b0e83cf5.webp
3970	SOURCE_LEAN/EW4_Web_Port_v0.61/assets/unit_finish/army_lightcavalry_c5b9198547f6.webp
3226	SOURCE_LEAN/EW4_Web_Port_v0.61/assets/unit_finish/army_lightcavalry_c6e49e293852.webp
3230	SOURCE_LEAN/EW4_Web_Port_v0.61/assets/unit_finish/army_lightcavalry_cae7e7ce84af.webp
3290	SOURCE_LEAN/EW4_Web_Port_v0.61/assets/unit_finish/army_lightcavalry_ce1288039124.webp
4322	SOURCE_LEAN/EW4_Web_Port_v0.61/assets/unit_finish/army_lightcavalry_cec536ef8811.webp
4060	SOURCE_LEAN/EW4_Web_Port_v0.61/assets/unit_finish/army_lightcavalry_d05bcb660906.webp
3990	SOURCE_LEAN/EW4_Web_Port_v0.61/assets/unit_finish/army_lightcavalry_dcee73ef6233.webp
3332	SOURCE_LEAN/EW4_Web_Port_v0.61/assets/unit_finish/army_lightcavalry_e13a0a346f66.webp
3990	SOURCE_LEAN/EW4_Web_Port_v0.61/assets/unit_finish/army_lightcavalry_e3680c0a887e.webp
4108	SOURCE_LEAN/EW4_Web_Port_v0.61/assets/unit_finish/army_lightcavalry_e89041ebed37.webp
4000	SOURCE_LEAN/EW4_Web_Port_v0.61/assets/unit_finish/army_lightcavalry_ee4a7d77644d.webp
3332	SOURCE_LEAN/EW4_Web_Port_v0.61/assets/unit_finish/army_lightcavalry_fb51bff97d38.webp
4512	SOURCE_LEAN/EW4_Web_Port_v0.61/assets/unit_finish/army_lightinfantry_0435e306739a.webp
4132	SOURCE_LEAN/EW4_Web_Port_v0.61/assets/unit_finish/army_lightinfantry_0cf422d1d61f.webp
3136	SOURCE_LEAN/EW4_Web_Port_v0.61/assets/unit_finish/army_lightinfantry_0f8f06cfa1d7.webp
3676	SOURCE_LEAN/EW4_Web_Port_v0.61/assets/unit_finish/army_lightinfantry_1069df8d5687.webp
4000	SOURCE_LEAN/EW4_Web_Port_v0.61/assets/unit_finish/army_lightinfantry_15c14420ded1.webp
3028	SOURCE_LEAN/EW4_Web_Port_v0.61/assets/unit_finish/army_lightinfantry_192af96b495e.webp
4182	SOURCE_LEAN/EW4_Web_Port_v0.61/assets/unit_finish/army_lightinfantry_1c8fa9c57635.webp
3676	SOURCE_LEAN/EW4_Web_Port_v0.61/assets/unit_finish/army_lightinfantry_26d62e67ffc3.webp
3874	SOURCE_LEAN/EW4_Web_Port_v0.61/assets/unit_finish/army_lightinfantry_2a0a85b0c9be.webp
4232	SOURCE_LEAN/EW4_Web_Port_v0.61/assets/unit_finish/army_lightinfantry_2dc83a3d74b2.webp
3028	SOURCE_LEAN/EW4_Web_Port_v0.61/assets/unit_finish/army_lightinfantry_2e18347218c8.webp
4512	SOURCE_LEAN/EW4_Web_Port_v0.61/assets/unit_finish/army_lightinfantry_2f482d6571be.webp
4000	SOURCE_LEAN/EW4_Web_Port_v0.61/assets/unit_finish/army_lightinfantry_312c838e8e7b.webp
3322	SOURCE_LEAN/EW4_Web_Port_v0.61/assets/unit_finish/army_lightinfantry_3391910b1d3a.webp
3322	SOURCE_LEAN/EW4_Web_Port_v0.61/assets/unit_finish/army_lightinfantry_35a9366775f0.webp
3758	SOURCE_LEAN/EW4_Web_Port_v0.61/assets/unit_finish/army_lightinfantry_3665f68e4f4d.webp
4182	SOURCE_LEAN/EW4_Web_Port_v0.61/assets/unit_finish/army_lightinfantry_38d0482446e8.webp
4182	SOURCE_LEAN/EW4_Web_Port_v0.61/assets/unit_finish/army_lightinfantry_3e9f4e008e3f.webp
3758	SOURCE_LEAN/EW4_Web_Port_v0.61/assets/unit_finish/army_lightinfantry_409b4e76230b.webp
4266	SOURCE_LEAN/EW4_Web_Port_v0.61/assets/unit_finish/army_lightinfantry_4139dd564b2b.webp
3322	SOURCE_LEAN/EW4_Web_Port_v0.61/assets/unit_finish/army_lightinfantry_4a97c136bc91.webp
4182	SOURCE_LEAN/EW4_Web_Port_v0.61/assets/unit_finish/army_lightinfantry_4da629bc23df.webp
4000	SOURCE_LEAN/EW4_Web_Port_v0.61/assets/unit_finish/army_lightinfantry_5832ebcf28a4.webp
4000	SOURCE_LEAN/EW4_Web_Port_v0.61/assets/unit_finish/army_lightinfantry_5bb7d541a13a.webp
2948	SOURCE_LEAN/EW4_Web_Port_v0.61/assets/unit_finish/army_lightinfantry_5d6a946d8b17.webp
3738	SOURCE_LEAN/EW4_Web_Port_v0.61/assets/unit_finish/army_lightinfantry_642972be2693.webp
4182	SOURCE_LEAN/EW4_Web_Port_v0.61/assets/unit_finish/army_lightinfantry_64906c2d613a.webp
2948	SOURCE_LEAN/EW4_Web_Port_v0.61/assets/unit_finish/army_lightinfantry_71a5d4e50a99.webp
4512	SOURCE_LEAN/EW4_Web_Port_v0.61/assets/unit_finish/army_lightinfantry_784d5ebb3643.webp
2948	SOURCE_LEAN/EW4_Web_Port_v0.61/assets/unit_finish/army_lightinfantry_784f7f64549d.webp
2948	SOURCE_LEAN/EW4_Web_Port_v0.61/assets/unit_finish/army_lightinfantry_7c2b0e3e3ca7.webp
3126	SOURCE_LEAN/EW4_Web_Port_v0.61/assets/unit_finish/army_lightinfantry_809d3f37a466.webp
4288	SOURCE_LEAN/EW4_Web_Port_v0.61/assets/unit_finish/army_lightinfantry_8196645890c0.webp
3810	SOURCE_LEAN/EW4_Web_Port_v0.61/assets/unit_finish/army_lightinfantry_82acf5e98db5.webp
3028	SOURCE_LEAN/EW4_Web_Port_v0.61/assets/unit_finish/army_lightinfantry_84fa633bd284.webp
4182	SOURCE_LEAN/EW4_Web_Port_v0.61/assets/unit_finish/army_lightinfantry_8651a47c3598.webp
3322	SOURCE_LEAN/EW4_Web_Port_v0.61/assets/unit_finish/army_lightinfantry_88d16e2e9e6d.webp
4512	SOURCE_LEAN/EW4_Web_Port_v0.61/assets/unit_finish/army_lightinfantry_89d5bd22fb69.webp
3028	SOURCE_LEAN/EW4_Web_Port_v0.61/assets/unit_finish/army_lightinfantry_8ba2a49a6361.webp
4182	SOURCE_LEAN/EW4_Web_Port_v0.61/assets/unit_finish/army_lightinfantry_919264806d05.webp
2920	SOURCE_LEAN/EW4_Web_Port_v0.61/assets/unit_finish/army_lightinfantry_922bb8e72e81.webp
3028	SOURCE_LEAN/EW4_Web_Port_v0.61/assets/unit_finish/army_lightinfantry_99445cf2a1c5.webp
4000	SOURCE_LEAN/EW4_Web_Port_v0.61/assets/unit_finish/army_lightinfantry_9b40c676cd9d.webp
3798	SOURCE_LEAN/EW4_Web_Port_v0.61/assets/unit_finish/army_lightinfantry_9f635c4a801d.webp
3028	SOURCE_LEAN/EW4_Web_Port_v0.61/assets/unit_finish/army_lightinfantry_9f8deb64ae8e.webp
3322	SOURCE_LEAN/EW4_Web_Port_v0.61/assets/unit_finish/army_lightinfantry_a3df6ef88497.webp
3676	SOURCE_LEAN/EW4_Web_Port_v0.61/assets/unit_finish/army_lightinfantry_a79df2d1ebb5.webp
4144	SOURCE_LEAN/EW4_Web_Port_v0.61/assets/unit_finish/army_lightinfantry_a90eec2e4de2.webp
4144	SOURCE_LEAN/EW4_Web_Port_v0.61/assets/unit_finish/army_lightinfantry_b6508c004a97.webp
3028	SOURCE_LEAN/EW4_Web_Port_v0.61/assets/unit_finish/army_lightinfantry_b7e7729d0edb.webp
4512	SOURCE_LEAN/EW4_Web_Port_v0.61/assets/unit_finish/army_lightinfantry_b8983b21df85.webp
3758	SOURCE_LEAN/EW4_Web_Port_v0.61/assets/unit_finish/army_lightinfantry_b8e298484162.webp
4014	SOURCE_LEAN/EW4_Web_Port_v0.61/assets/unit_finish/army_lightinfantry_bb9febbf01e4.webp
3732	SOURCE_LEAN/EW4_Web_Port_v0.61/assets/unit_finish/army_lightinfantry_bbf60d03b4f9.webp
3070	SOURCE_LEAN/EW4_Web_Port_v0.61/assets/unit_finish/army_lightinfantry_bd577d627aa7.webp
4488	SOURCE_LEAN/EW4_Web_Port_v0.61/assets/unit_finish/army_lightinfantry_c00a40ab2576.webp
3758	SOURCE_LEAN/EW4_Web_Port_v0.61/assets/unit_finish/army_lightinfantry_c4d7468364ce.webp
4144	SOURCE_LEAN/EW4_Web_Port_v0.61/assets/unit_finish/army_lightinfantry_c5b7a4cebe62.webp
3676	SOURCE_LEAN/EW4_Web_Port_v0.61/assets/unit_finish/army_lightinfantry_c6d6eaaa7612.webp
3168	SOURCE_LEAN/EW4_Web_Port_v0.61/assets/unit_finish/army_lightinfantry_c8c52857a1ff.webp
2948	SOURCE_LEAN/EW4_Web_Port_v0.61/assets/unit_finish/army_lightinfantry_c942bd881125.webp
3086	SOURCE_LEAN/EW4_Web_Port_v0.61/assets/unit_finish/army_lightinfantry_d09c4d66e38a.webp
2948	SOURCE_LEAN/EW4_Web_Port_v0.61/assets/unit_finish/army_lightinfantry_d6c8ba2fcc22.webp
3322	SOURCE_LEAN/EW4_Web_Port_v0.61/assets/unit_finish/army_lightinfantry_da298f4bb565.webp
4000	SOURCE_LEAN/EW4_Web_Port_v0.61/assets/unit_finish/army_lightinfantry_da36afca0cb8.webp
4144	SOURCE_LEAN/EW4_Web_Port_v0.61/assets/unit_finish/army_lightinfantry_dc553558e099.webp
3020	SOURCE_LEAN/EW4_Web_Port_v0.61/assets/unit_finish/army_lightinfantry_e0297c686b16.webp
3758	SOURCE_LEAN/EW4_Web_Port_v0.61/assets/unit_finish/army_lightinfantry_e084101b8ecc.webp
3814	SOURCE_LEAN/EW4_Web_Port_v0.61/assets/unit_finish/army_lightinfantry_e0aee394e73c.webp
4512	SOURCE_LEAN/EW4_Web_Port_v0.61/assets/unit_finish/army_lightinfantry_e1d97d675ae8.webp
3758	SOURCE_LEAN/EW4_Web_Port_v0.61/assets/unit_finish/army_lightinfantry_e6bad39a24de.webp
3680	SOURCE_LEAN/EW4_Web_Port_v0.61/assets/unit_finish/army_lightinfantry_e85518e8a5b9.webp
3758	SOURCE_LEAN/EW4_Web_Port_v0.61/assets/unit_finish/army_lightinfantry_e873b9b0c051.webp
4144	SOURCE_LEAN/EW4_Web_Port_v0.61/assets/unit_finish/army_lightinfantry_e8e227471e3d.webp
4000	SOURCE_LEAN/EW4_Web_Port_v0.61/assets/unit_finish/army_lightinfantry_ea5af8843986.webp
4144	SOURCE_LEAN/EW4_Web_Port_v0.61/assets/unit_finish/army_lightinfantry_ed17624cdf5a.webp
3676	SOURCE_LEAN/EW4_Web_Port_v0.61/assets/unit_finish/army_lightinfantry_f0f3b8f6b952.webp
3322	SOURCE_LEAN/EW4_Web_Port_v0.61/assets/unit_finish/army_lightinfantry_f650e0242d29.webp
3676	SOURCE_LEAN/EW4_Web_Port_v0.61/assets/unit_finish/army_lightinfantry_f87d67705580.webp
4164	SOURCE_LEAN/EW4_Web_Port_v0.61/assets/unit_finish/army_lightinfantry_fcbbbc127180.webp
4512	SOURCE_LEAN/EW4_Web_Port_v0.61/assets/unit_finish/army_lightinfantry_fef9d9f3fd4f.webp
4082	SOURCE_LEAN/EW4_Web_Port_v0.61/assets/unit_finish/army_lineinfantry_097fa4abc1e2.webp
3314	SOURCE_LEAN/EW4_Web_Port_v0.61/assets/unit_finish/army_lineinfantry_0a84e047c8a3.webp
4624	SOURCE_LEAN/EW4_Web_Port_v0.61/assets/unit_finish/army_lineinfantry_13d39a0b9ee9.webp
4832	SOURCE_LEAN/EW4_Web_Port_v0.61/assets/unit_finish/army_lineinfantry_147b1e42f967.webp
4330	SOURCE_LEAN/EW4_Web_Port_v0.61/assets/unit_finish/army_lineinfantry_15b319ebf7e3.webp
4386	SOURCE_LEAN/EW4_Web_Port_v0.61/assets/unit_finish/army_lineinfantry_195371874973.webp
4624	SOURCE_LEAN/EW4_Web_Port_v0.61/assets/unit_finish/army_lineinfantry_1c45a9b84288.webp
4764	SOURCE_LEAN/EW4_Web_Port_v0.61/assets/unit_finish/army_lineinfantry_20987abeffec.webp
3514	SOURCE_LEAN/EW4_Web_Port_v0.61/assets/unit_finish/army_lineinfantry_28cacb4f423b.webp
3440	SOURCE_LEAN/EW4_Web_Port_v0.61/assets/unit_finish/army_lineinfantry_2af149975d53.webp
4386	SOURCE_LEAN/EW4_Web_Port_v0.61/assets/unit_finish/army_lineinfantry_2b64dace455f.webp
4456	SOURCE_LEAN/EW4_Web_Port_v0.61/assets/unit_finish/army_lineinfantry_30c63c8f1c88.webp
4330	SOURCE_LEAN/EW4_Web_Port_v0.61/assets/unit_finish/army_lineinfantry_3115e68d2048.webp
4290	SOURCE_LEAN/EW4_Web_Port_v0.61/assets/unit_finish/army_lineinfantry_31d48e882a18.webp
4376	SOURCE_LEAN/EW4_Web_Port_v0.61/assets/unit_finish/army_lineinfantry_325dd505fcdc.webp
3314	SOURCE_LEAN/EW4_Web_Port_v0.61/assets/unit_finish/army_lineinfantry_35032abfb381.webp
3514	SOURCE_LEAN/EW4_Web_Port_v0.61/assets/unit_finish/army_lineinfantry_3531c308736c.webp
4802	SOURCE_LEAN/EW4_Web_Port_v0.61/assets/unit_finish/army_lineinfantry_3a290185aaa7.webp
4456	SOURCE_LEAN/EW4_Web_Port_v0.61/assets/unit_finish/army_lineinfantry_3acbc8af5b73.webp
4838	SOURCE_LEAN/EW4_Web_Port_v0.61/assets/unit_finish/army_lineinfantry_426d000b5023.webp
4624	SOURCE_LEAN/EW4_Web_Port_v0.61/assets/unit_finish/army_lineinfantry_433d7608bc82.webp
4330	SOURCE_LEAN/EW4_Web_Port_v0.61/assets/unit_finish/army_lineinfantry_437987d50d74.webp
4738	SOURCE_LEAN/EW4_Web_Port_v0.61/assets/unit_finish/army_lineinfantry_4624121e3419.webp
4290	SOURCE_LEAN/EW4_Web_Port_v0.61/assets/unit_finish/army_lineinfantry_49eec8e73105.webp
3440	SOURCE_LEAN/EW4_Web_Port_v0.61/assets/unit_finish/army_lineinfantry_4a691e215785.webp
4386	SOURCE_LEAN/EW4_Web_Port_v0.61/assets/unit_finish/army_lineinfantry_4da6c4e84803.webp
3424	SOURCE_LEAN/EW4_Web_Port_v0.61/assets/unit_finish/army_lineinfantry_515844415369.webp
3530	SOURCE_LEAN/EW4_Web_Port_v0.61/assets/unit_finish/army_lineinfantry_554e83aa1c1e.webp
4386	SOURCE_LEAN/EW4_Web_Port_v0.61/assets/unit_finish/army_lineinfantry_59c84f1e16fd.webp
3440	SOURCE_LEAN/EW4_Web_Port_v0.61/assets/unit_finish/army_lineinfantry_5ae8517f01ad.webp
3514	SOURCE_LEAN/EW4_Web_Port_v0.61/assets/unit_finish/army_lineinfantry_5b9e4a8fb8b3.webp
4764	SOURCE_LEAN/EW4_Web_Port_v0.61/assets/unit_finish/army_lineinfantry_658973c50934.webp
4624	SOURCE_LEAN/EW4_Web_Port_v0.61/assets/unit_finish/army_lineinfantry_681c983f13a8.webp
3394	SOURCE_LEAN/EW4_Web_Port_v0.61/assets/unit_finish/army_lineinfantry_6cde44bf5380.webp
3314	SOURCE_LEAN/EW4_Web_Port_v0.61/assets/unit_finish/army_lineinfantry_6f435002b706.webp
3322	SOURCE_LEAN/EW4_Web_Port_v0.61/assets/unit_finish/army_lineinfantry_72d79e958d46.webp
4416	SOURCE_LEAN/EW4_Web_Port_v0.61/assets/unit_finish/army_lineinfantry_731a49c57466.webp
4540	SOURCE_LEAN/EW4_Web_Port_v0.61/assets/unit_finish/army_lineinfantry_7d031d475808.webp
4386	SOURCE_LEAN/EW4_Web_Port_v0.61/assets/unit_finish/army_lineinfantry_804642c7a773.webp
4290	SOURCE_LEAN/EW4_Web_Port_v0.61/assets/unit_finish/army_lineinfantry_814d19b6a375.webp
4764	SOURCE_LEAN/EW4_Web_Port_v0.61/assets/unit_finish/army_lineinfantry_8313ca6152ec.webp
4290	SOURCE_LEAN/EW4_Web_Port_v0.61/assets/unit_finish/army_lineinfantry_878f6f5c7b03.webp
3440	SOURCE_LEAN/EW4_Web_Port_v0.61/assets/unit_finish/army_lineinfantry_8b8553528a7b.webp
4764	SOURCE_LEAN/EW4_Web_Port_v0.61/assets/unit_finish/army_lineinfantry_924f42a8d28d.webp
4290	SOURCE_LEAN/EW4_Web_Port_v0.61/assets/unit_finish/army_lineinfantry_95f0ce55e74c.webp
3514	SOURCE_LEAN/EW4_Web_Port_v0.61/assets/unit_finish/army_lineinfantry_9615ad9ef916.webp
3440	SOURCE_LEAN/EW4_Web_Port_v0.61/assets/unit_finish/army_lineinfantry_973d02f3f15e.webp
3314	SOURCE_LEAN/EW4_Web_Port_v0.61/assets/unit_finish/army_lineinfantry_9e089afc4bf6.webp
4764	SOURCE_LEAN/EW4_Web_Port_v0.61/assets/unit_finish/army_lineinfantry_9f1902ad1394.webp
4700	SOURCE_LEAN/EW4_Web_Port_v0.61/assets/unit_finish/army_lineinfantry_a61f0b40a8cf.webp
4624	SOURCE_LEAN/EW4_Web_Port_v0.61/assets/unit_finish/army_lineinfantry_ac494f30421a.webp
4456	SOURCE_LEAN/EW4_Web_Port_v0.61/assets/unit_finish/army_lineinfantry_b395d1b46669.webp
3314	SOURCE_LEAN/EW4_Web_Port_v0.61/assets/unit_finish/army_lineinfantry_b8e990cbca2e.webp
4290	SOURCE_LEAN/EW4_Web_Port_v0.61/assets/unit_finish/army_lineinfantry_ba71a5f9b154.webp
3514	SOURCE_LEAN/EW4_Web_Port_v0.61/assets/unit_finish/army_lineinfantry_c535776a7647.webp
4386	SOURCE_LEAN/EW4_Web_Port_v0.61/assets/unit_finish/army_lineinfantry_c84261e47f79.webp
4764	SOURCE_LEAN/EW4_Web_Port_v0.61/assets/unit_finish/army_lineinfantry_c8a32ce9bcce.webp
4456	SOURCE_LEAN/EW4_Web_Port_v0.61/assets/unit_finish/army_lineinfantry_c92ccf4dc0c1.webp
3514	SOURCE_LEAN/EW4_Web_Port_v0.61/assets/unit_finish/army_lineinfantry_ccb43dc60bc4.webp
4390	SOURCE_LEAN/EW4_Web_Port_v0.61/assets/unit_finish/army_lineinfantry_ccd1fd7162a7.webp
4290	SOURCE_LEAN/EW4_Web_Port_v0.61/assets/unit_finish/army_lineinfantry_d0648b875c0a.webp
4330	SOURCE_LEAN/EW4_Web_Port_v0.61/assets/unit_finish/army_lineinfantry_d268433c4ee1.webp
4164	SOURCE_LEAN/EW4_Web_Port_v0.61/assets/unit_finish/army_lineinfantry_d715a5f629a3.webp
4456	SOURCE_LEAN/EW4_Web_Port_v0.61/assets/unit_finish/army_lineinfantry_d8201c91ac2b.webp
4624	SOURCE_LEAN/EW4_Web_Port_v0.61/assets/unit_finish/army_lineinfantry_d94f7b86949b.webp
3314	SOURCE_LEAN/EW4_Web_Port_v0.61/assets/unit_finish/army_lineinfantry_d96f62a0d6e5.webp
4330	SOURCE_LEAN/EW4_Web_Port_v0.61/assets/unit_finish/army_lineinfantry_dee18ef7a196.webp
3410	SOURCE_LEAN/EW4_Web_Port_v0.61/assets/unit_finish/army_lineinfantry_dfb019af7373.webp
3436	SOURCE_LEAN/EW4_Web_Port_v0.61/assets/unit_finish/army_lineinfantry_e0c85f3fa9a8.webp
4744	SOURCE_LEAN/EW4_Web_Port_v0.61/assets/unit_finish/army_lineinfantry_e19c6ed8c9d1.webp
3314	SOURCE_LEAN/EW4_Web_Port_v0.61/assets/unit_finish/army_lineinfantry_e4d682ffc00f.webp
4456	SOURCE_LEAN/EW4_Web_Port_v0.61/assets/unit_finish/army_lineinfantry_e54c462cfdf0.webp
3440	SOURCE_LEAN/EW4_Web_Port_v0.61/assets/unit_finish/army_lineinfantry_e72e514803a9.webp
4386	SOURCE_LEAN/EW4_Web_Port_v0.61/assets/unit_finish/army_lineinfantry_e983671c37b5.webp
4456	SOURCE_LEAN/EW4_Web_Port_v0.61/assets/unit_finish/army_lineinfantry_f061383b81f3.webp
4764	SOURCE_LEAN/EW4_Web_Port_v0.61/assets/unit_finish/army_lineinfantry_f57f45d6bc93.webp
4330	SOURCE_LEAN/EW4_Web_Port_v0.61/assets/unit_finish/army_lineinfantry_f8bf304e33a5.webp
3514	SOURCE_LEAN/EW4_Web_Port_v0.61/assets/unit_finish/army_lineinfantry_fe7fe6f3b641.webp
3928	SOURCE_LEAN/EW4_Web_Port_v0.61/assets/unit_finish/army_militia_00f09a5de305.webp
4376	SOURCE_LEAN/EW4_Web_Port_v0.61/assets/unit_finish/army_militia_017dbac10146.webp
4038	SOURCE_LEAN/EW4_Web_Port_v0.61/assets/unit_finish/army_militia_02482dff4c41.webp
3158	SOURCE_LEAN/EW4_Web_Port_v0.61/assets/unit_finish/army_militia_02bd11edfc45.webp
3504	SOURCE_LEAN/EW4_Web_Port_v0.61/assets/unit_finish/army_militia_0698634b42d4.webp
3504	SOURCE_LEAN/EW4_Web_Port_v0.61/assets/unit_finish/army_militia_0968be04e5ce.webp
3598	SOURCE_LEAN/EW4_Web_Port_v0.61/assets/unit_finish/army_militia_0bb723812841.webp
4382	SOURCE_LEAN/EW4_Web_Port_v0.61/assets/unit_finish/army_militia_0bee3bf9e4db.webp
4570	SOURCE_LEAN/EW4_Web_Port_v0.61/assets/unit_finish/army_militia_0c89d3fe6b73.webp
4382	SOURCE_LEAN/EW4_Web_Port_v0.61/assets/unit_finish/army_militia_0c9a74b4408b.webp
2728	SOURCE_LEAN/EW4_Web_Port_v0.61/assets/unit_finish/army_militia_0f9da9bcd12f.webp
4382	SOURCE_LEAN/EW4_Web_Port_v0.61/assets/unit_finish/army_militia_171e433e8bca.webp
3504	SOURCE_LEAN/EW4_Web_Port_v0.61/assets/unit_finish/army_militia_1b6a34855a5e.webp
4382	SOURCE_LEAN/EW4_Web_Port_v0.61/assets/unit_finish/army_militia_25b4b495cb78.webp
3442	SOURCE_LEAN/EW4_Web_Port_v0.61/assets/unit_finish/army_militia_26fe0a9d47b1.webp
3312	SOURCE_LEAN/EW4_Web_Port_v0.61/assets/unit_finish/army_militia_2cb63c42b3d8.webp
4464	SOURCE_LEAN/EW4_Web_Port_v0.61/assets/unit_finish/army_militia_3c1523b8a8d0.webp
3942	SOURCE_LEAN/EW4_Web_Port_v0.61/assets/unit_finish/army_militia_3d7b077603dc.webp
3942	SOURCE_LEAN/EW4_Web_Port_v0.61/assets/unit_finish/army_militia_41307dc46a14.webp
4382	SOURCE_LEAN/EW4_Web_Port_v0.61/assets/unit_finish/army_militia_4841ca0e6d41.webp
3312	SOURCE_LEAN/EW4_Web_Port_v0.61/assets/unit_finish/army_militia_484301ee405b.webp
4376	SOURCE_LEAN/EW4_Web_Port_v0.61/assets/unit_finish/army_militia_4caa312a475b.webp
4376	SOURCE_LEAN/EW4_Web_Port_v0.61/assets/unit_finish/army_militia_4d3fa391d0c9.webp
3504	SOURCE_LEAN/EW4_Web_Port_v0.61/assets/unit_finish/army_militia_4fd5111b45e6.webp
4382	SOURCE_LEAN/EW4_Web_Port_v0.61/assets/unit_finish/army_militia_59fbdfa08fe0.webp
4376	SOURCE_LEAN/EW4_Web_Port_v0.61/assets/unit_finish/army_militia_5ccf804df888.webp
4038	SOURCE_LEAN/EW4_Web_Port_v0.61/assets/unit_finish/army_militia_5f1ac2f85da5.webp
3942	SOURCE_LEAN/EW4_Web_Port_v0.61/assets/unit_finish/army_militia_6341fe40d56a.webp
3658	SOURCE_LEAN/EW4_Web_Port_v0.61/assets/unit_finish/army_militia_6f618ee23109.webp
3504	SOURCE_LEAN/EW4_Web_Port_v0.61/assets/unit_finish/army_militia_6fb417c9f147.webp
3158	SOURCE_LEAN/EW4_Web_Port_v0.61/assets/unit_finish/army_militia_714842edec79.webp
3928	SOURCE_LEAN/EW4_Web_Port_v0.61/assets/unit_finish/army_militia_7228204b6780.webp
4038	SOURCE_LEAN/EW4_Web_Port_v0.61/assets/unit_finish/army_militia_7d078ed65ac9.webp
3158	SOURCE_LEAN/EW4_Web_Port_v0.61/assets/unit_finish/army_militia_7f6bc25210e6.webp
4376	SOURCE_LEAN/EW4_Web_Port_v0.61/assets/unit_finish/army_militia_8417d1e62175.webp
3928	SOURCE_LEAN/EW4_Web_Port_v0.61/assets/unit_finish/army_militia_890f1ea9bf0b.webp
3312	SOURCE_LEAN/EW4_Web_Port_v0.61/assets/unit_finish/army_militia_8c235c5d0fa0.webp
3136	SOURCE_LEAN/EW4_Web_Port_v0.61/assets/unit_finish/army_militia_8cd6661f3140.webp
4658	SOURCE_LEAN/EW4_Web_Port_v0.61/assets/unit_finish/army_militia_8ce252374ced.webp
4038	SOURCE_LEAN/EW4_Web_Port_v0.61/assets/unit_finish/army_militia_926796b02d30.webp
3942	SOURCE_LEAN/EW4_Web_Port_v0.61/assets/unit_finish/army_militia_928945fd30c7.webp
3312	SOURCE_LEAN/EW4_Web_Port_v0.61/assets/unit_finish/army_militia_9322951211bc.webp
3942	SOURCE_LEAN/EW4_Web_Port_v0.61/assets/unit_finish/army_militia_93a4d5c5d7fc.webp
4038	SOURCE_LEAN/EW4_Web_Port_v0.61/assets/unit_finish/army_militia_95156ee2a484.webp
4382	SOURCE_LEAN/EW4_Web_Port_v0.61/assets/unit_finish/army_militia_9a9cd4e57738.webp
3158	SOURCE_LEAN/EW4_Web_Port_v0.61/assets/unit_finish/army_militia_9cb4dab2c7e9.webp
4038	SOURCE_LEAN/EW4_Web_Port_v0.61/assets/unit_finish/army_militia_9e353286ee88.webp
4376	SOURCE_LEAN/EW4_Web_Port_v0.61/assets/unit_finish/army_militia_a04c1f7be412.webp
4448	SOURCE_LEAN/EW4_Web_Port_v0.61/assets/unit_finish/army_militia_a193c9acdeaa.webp
3158	SOURCE_LEAN/EW4_Web_Port_v0.61/assets/unit_finish/army_militia_a28da390feba.webp
4448	SOURCE_LEAN/EW4_Web_Port_v0.61/assets/unit_finish/army_militia_a8fe51cc6eff.webp
4376	SOURCE_LEAN/EW4_Web_Port_v0.61/assets/unit_finish/army_militia_ab31bbb6a8af.webp
3158	SOURCE_LEAN/EW4_Web_Port_v0.61/assets/unit_finish/army_militia_ac25bfe70a2f.webp
4448	SOURCE_LEAN/EW4_Web_Port_v0.61/assets/unit_finish/army_militia_ac8e08bd35d8.webp
3928	SOURCE_LEAN/EW4_Web_Port_v0.61/assets/unit_finish/army_militia_ad01ca0859f8.webp
4552	SOURCE_LEAN/EW4_Web_Port_v0.61/assets/unit_finish/army_militia_b49e9f6da766.webp
4016	SOURCE_LEAN/EW4_Web_Port_v0.61/assets/unit_finish/army_militia_b5d1fa325827.webp
3354	SOURCE_LEAN/EW4_Web_Port_v0.61/assets/unit_finish/army_militia_b693c6b7f69e.webp
3566	SOURCE_LEAN/EW4_Web_Port_v0.61/assets/unit_finish/army_militia_b7a7168f0a71.webp
4432	SOURCE_LEAN/EW4_Web_Port_v0.61/assets/unit_finish/army_militia_c2f68ca6da9f.webp
3504	SOURCE_LEAN/EW4_Web_Port_v0.61/assets/unit_finish/army_militia_c89d92f5c38a.webp
3942	SOURCE_LEAN/EW4_Web_Port_v0.61/assets/unit_finish/army_militia_cba4bddfbc7e.webp
4244	SOURCE_LEAN/EW4_Web_Port_v0.61/assets/unit_finish/army_militia_cee60148a5f3.webp
4448	SOURCE_LEAN/EW4_Web_Port_v0.61/assets/unit_finish/army_militia_d17f245c348b.webp
3942	SOURCE_LEAN/EW4_Web_Port_v0.61/assets/unit_finish/army_militia_d3d92ab83d6f.webp
3928	SOURCE_LEAN/EW4_Web_Port_v0.61/assets/unit_finish/army_militia_d3ed311b86a9.webp
3770	SOURCE_LEAN/EW4_Web_Port_v0.61/assets/unit_finish/army_militia_d41f8533835b.webp
3312	SOURCE_LEAN/EW4_Web_Port_v0.61/assets/unit_finish/army_militia_d45cc8e84b98.webp
4152	SOURCE_LEAN/EW4_Web_Port_v0.61/assets/unit_finish/army_militia_d5a668206804.webp
3230	SOURCE_LEAN/EW4_Web_Port_v0.61/assets/unit_finish/army_militia_d61e4604bf7a.webp
4448	SOURCE_LEAN/EW4_Web_Port_v0.61/assets/unit_finish/army_militia_db7b04cd79b9.webp
4030	SOURCE_LEAN/EW4_Web_Port_v0.61/assets/unit_finish/army_militia_def345995093.webp
3928	SOURCE_LEAN/EW4_Web_Port_v0.61/assets/unit_finish/army_militia_df8e56ea1664.webp
4056	SOURCE_LEAN/EW4_Web_Port_v0.61/assets/unit_finish/army_militia_e3730433a153.webp
3158	SOURCE_LEAN/EW4_Web_Port_v0.61/assets/unit_finish/army_militia_e515b528db87.webp
3312	SOURCE_LEAN/EW4_Web_Port_v0.61/assets/unit_finish/army_militia_e82d2435d170.webp
3834	SOURCE_LEAN/EW4_Web_Port_v0.61/assets/unit_finish/army_militia_f12ab76315db.webp
3928	SOURCE_LEAN/EW4_Web_Port_v0.61/assets/unit_finish/army_militia_f803f12731b3.webp
4448	SOURCE_LEAN/EW4_Web_Port_v0.61/assets/unit_finish/army_militia_fc35cc087814.webp
4160	SOURCE_LEAN/EW4_Web_Port_v0.61/assets/unit_finish/army_militia_fc5c064d2892.webp
3312	SOURCE_LEAN/EW4_Web_Port_v0.61/assets/unit_finish/army_militia_fcb9bdbb2566.webp
4188	SOURCE_LEAN/EW4_Web_Port_v0.61/assets/unit_ready/army_armoredcar_03bdb0c6f949.webp
2824	SOURCE_LEAN/EW4_Web_Port_v0.61/assets/unit_ready/army_armoredcar_03e0f731a803.webp
4180	SOURCE_LEAN/EW4_Web_Port_v0.61/assets/unit_ready/army_armoredcar_0423993795e5.webp
4198	SOURCE_LEAN/EW4_Web_Port_v0.61/assets/unit_ready/army_armoredcar_05db54987c13.webp
2824	SOURCE_LEAN/EW4_Web_Port_v0.61/assets/unit_ready/army_armoredcar_0bf27e9a96a2.webp
4180	SOURCE_LEAN/EW4_Web_Port_v0.61/assets/unit_ready/army_armoredcar_110c65a74892.webp
4212	SOURCE_LEAN/EW4_Web_Port_v0.61/assets/unit_ready/army_armoredcar_11dedf93a564.webp
5932	SOURCE_LEAN/EW4_Web_Port_v0.61/assets/unit_ready/army_armoredcar_146a40b984d8.webp
6062	SOURCE_LEAN/EW4_Web_Port_v0.61/assets/unit_ready/army_armoredcar_1c95eb3cd9d7.webp
6062	SOURCE_LEAN/EW4_Web_Port_v0.61/assets/unit_ready/army_armoredcar_1dcc61fe50a5.webp
4220	SOURCE_LEAN/EW4_Web_Port_v0.61/assets/unit_ready/army_armoredcar_1dcfde990dfe.webp
6062	SOURCE_LEAN/EW4_Web_Port_v0.61/assets/unit_ready/army_armoredcar_1dee1da16df9.webp
5932	SOURCE_LEAN/EW4_Web_Port_v0.61/assets/unit_ready/army_armoredcar_1f5634d5d2e8.webp
5932	SOURCE_LEAN/EW4_Web_Port_v0.61/assets/unit_ready/army_armoredcar_2092a6fbe7a0.webp
4222	SOURCE_LEAN/EW4_Web_Port_v0.61/assets/unit_ready/army_armoredcar_21dca8af9460.webp
2824	SOURCE_LEAN/EW4_Web_Port_v0.61/assets/unit_ready/army_armoredcar_28491c03ef4f.webp
4212	SOURCE_LEAN/EW4_Web_Port_v0.61/assets/unit_ready/army_armoredcar_28fbc24327f1.webp
4554	SOURCE_LEAN/EW4_Web_Port_v0.61/assets/unit_ready/army_armoredcar_2c75166d130b.webp
4308	SOURCE_LEAN/EW4_Web_Port_v0.61/assets/unit_ready/army_armoredcar_32f0d6985dae.webp
6210	SOURCE_LEAN/EW4_Web_Port_v0.61/assets/unit_ready/army_armoredcar_338236661790.webp
6062	SOURCE_LEAN/EW4_Web_Port_v0.61/assets/unit_ready/army_armoredcar_355755b7b3e5.webp
2772	SOURCE_LEAN/EW4_Web_Port_v0.61/assets/unit_ready/army_armoredcar_378c640c987d.webp
2804	SOURCE_LEAN/EW4_Web_Port_v0.61/assets/unit_ready/army_armoredcar_40225a7c895b.webp
4180	SOURCE_LEAN/EW4_Web_Port_v0.61/assets/unit_ready/army_armoredcar_4060a3ee5836.webp
4188	SOURCE_LEAN/EW4_Web_Port_v0.61/assets/unit_ready/army_armoredcar_413bebcc7fc0.webp
4212	SOURCE_LEAN/EW4_Web_Port_v0.61/assets/unit_ready/army_armoredcar_43f25db6b01c.webp
6062	SOURCE_LEAN/EW4_Web_Port_v0.61/assets/unit_ready/army_armoredcar_447c253a5edc.webp
2804	SOURCE_LEAN/EW4_Web_Port_v0.61/assets/unit_ready/army_armoredcar_44be9255f9e4.webp
4180	SOURCE_LEAN/EW4_Web_Port_v0.61/assets/unit_ready/army_armoredcar_44c16f165852.webp
4232	SOURCE_LEAN/EW4_Web_Port_v0.61/assets/unit_ready/army_armoredcar_47665f15254d.webp
4308	SOURCE_LEAN/EW4_Web_Port_v0.61/assets/unit_ready/army_armoredcar_476b0707b723.webp
6210	SOURCE_LEAN/EW4_Web_Port_v0.61/assets/unit_ready/army_armoredcar_48fab2c37e82.webp
4338	SOURCE_LEAN/EW4_Web_Port_v0.61/assets/unit_ready/army_armoredcar_49d33955f74c.webp
4554	SOURCE_LEAN/EW4_Web_Port_v0.61/assets/unit_ready/army_armoredcar_4abd73a649c5.webp
4222	SOURCE_LEAN/EW4_Web_Port_v0.61/assets/unit_ready/army_armoredcar_4d4bc9a675d6.webp
6062	SOURCE_LEAN/EW4_Web_Port_v0.61/assets/unit_ready/army_armoredcar_4e9f4d92fc33.webp
4222	SOURCE_LEAN/EW4_Web_Port_v0.61/assets/unit_ready/army_armoredcar_4ec94da35e33.webp
4308	SOURCE_LEAN/EW4_Web_Port_v0.61/assets/unit_ready/army_armoredcar_51449f80ec85.webp
4180	SOURCE_LEAN/EW4_Web_Port_v0.61/assets/unit_ready/army_armoredcar_56d5fdd85016.webp
6210	SOURCE_LEAN/EW4_Web_Port_v0.61/assets/unit_ready/army_armoredcar_5855048609a8.webp
4554	SOURCE_LEAN/EW4_Web_Port_v0.61/assets/unit_ready/army_armoredcar_5a4811a925da.webp
2824	SOURCE_LEAN/EW4_Web_Port_v0.61/assets/unit_ready/army_armoredcar_60f5893b11f6.webp
4158	SOURCE_LEAN/EW4_Web_Port_v0.61/assets/unit_ready/army_armoredcar_61919218ca28.webp
2772	SOURCE_LEAN/EW4_Web_Port_v0.61/assets/unit_ready/army_armoredcar_644954273f58.webp
4308	SOURCE_LEAN/EW4_Web_Port_v0.61/assets/unit_ready/army_armoredcar_68b16166b355.webp
6210	SOURCE_LEAN/EW4_Web_Port_v0.61/assets/unit_ready/army_armoredcar_6bc0bd29a64d.webp
2824	SOURCE_LEAN/EW4_Web_Port_v0.61/assets/unit_ready/army_armoredcar_70a7a13843a3.webp
4212	SOURCE_LEAN/EW4_Web_Port_v0.61/assets/unit_ready/army_armoredcar_71281dc5972e.webp
4212	SOURCE_LEAN/EW4_Web_Port_v0.61/assets/unit_ready/army_armoredcar_71694bfe25d2.webp
4212	SOURCE_LEAN/EW4_Web_Port_v0.61/assets/unit_ready/army_armoredcar_74ccc3f06437.webp
2804	SOURCE_LEAN/EW4_Web_Port_v0.61/assets/unit_ready/army_armoredcar_76154d84965f.webp
4554	SOURCE_LEAN/EW4_Web_Port_v0.61/assets/unit_ready/army_armoredcar_76ec986a079a.webp
4308	SOURCE_LEAN/EW4_Web_Port_v0.61/assets/unit_ready/army_armoredcar_7aab1d0831ee.webp
2772	SOURCE_LEAN/EW4_Web_Port_v0.61/assets/unit_ready/army_armoredcar_7f4f7a52b23e.webp
4226	SOURCE_LEAN/EW4_Web_Port_v0.61/assets/unit_ready/army_armoredcar_82eacc65c546.webp
2806	SOURCE_LEAN/EW4_Web_Port_v0.61/assets/unit_ready/army_armoredcar_87690ffd13fd.webp
5880	SOURCE_LEAN/EW4_Web_Port_v0.61/assets/unit_ready/army_armoredcar_88f851c45c3c.webp
6210	SOURCE_LEAN/EW4_Web_Port_v0.61/assets/unit_ready/army_armoredcar_898b621b1c0f.webp
4180	SOURCE_LEAN/EW4_Web_Port_v0.61/assets/unit_ready/army_armoredcar_8b5198ebe63f.webp
2772	SOURCE_LEAN/EW4_Web_Port_v0.61/assets/unit_ready/army_armoredcar_9297ed3973c1.webp
4554	SOURCE_LEAN/EW4_Web_Port_v0.61/assets/unit_ready/army_armoredcar_93b1cd485f81.webp
4222	SOURCE_LEAN/EW4_Web_Port_v0.61/assets/unit_ready/army_armoredcar_9736a49918c8.webp
4222	SOURCE_LEAN/EW4_Web_Port_v0.61/assets/unit_ready/army_armoredcar_99a916d3b5f4.webp
2804	SOURCE_LEAN/EW4_Web_Port_v0.61/assets/unit_ready/army_armoredcar_9b9b393d3dce.webp
4188	SOURCE_LEAN/EW4_Web_Port_v0.61/assets/unit_ready/army_armoredcar_9dbebef0a124.webp
5932	SOURCE_LEAN/EW4_Web_Port_v0.61/assets/unit_ready/army_armoredcar_a1f127c09f3b.webp
2804	SOURCE_LEAN/EW4_Web_Port_v0.61/assets/unit_ready/army_armoredcar_a2c1fc7e58ae.webp
4188	SOURCE_LEAN/EW4_Web_Port_v0.61/assets/unit_ready/army_armoredcar_a77ff5097821.webp
2772	SOURCE_LEAN/EW4_Web_Port_v0.61/assets/unit_ready/army_armoredcar_a7d56b6c5e9a.webp
6062	SOURCE_LEAN/EW4_Web_Port_v0.61/assets/unit_ready/army_armoredcar_a959c6240cb2.webp
6030	SOURCE_LEAN/EW4_Web_Port_v0.61/assets/unit_ready/army_armoredcar_aacb19b69cc4.webp
2772	SOURCE_LEAN/EW4_Web_Port_v0.61/assets/unit_ready/army_armoredcar_aca098df98be.webp
6082	SOURCE_LEAN/EW4_Web_Port_v0.61/assets/unit_ready/army_armoredcar_ace049099f6f.webp
6176	SOURCE_LEAN/EW4_Web_Port_v0.61/assets/unit_ready/army_armoredcar_ad4f152cb594.webp
2808	SOURCE_LEAN/EW4_Web_Port_v0.61/assets/unit_ready/army_armoredcar_b22ab4fcf4a7.webp
4308	SOURCE_LEAN/EW4_Web_Port_v0.61/assets/unit_ready/army_armoredcar_b3c1eaa4f977.webp
4142	SOURCE_LEAN/EW4_Web_Port_v0.61/assets/unit_ready/army_armoredcar_b4c6adc6f032.webp
6148	SOURCE_LEAN/EW4_Web_Port_v0.61/assets/unit_ready/army_armoredcar_c67a3333fa39.webp
4188	SOURCE_LEAN/EW4_Web_Port_v0.61/assets/unit_ready/army_armoredcar_c78036f62de3.webp
6128	SOURCE_LEAN/EW4_Web_Port_v0.61/assets/unit_ready/army_armoredcar_c8956fb165ef.webp
4228	SOURCE_LEAN/EW4_Web_Port_v0.61/assets/unit_ready/army_armoredcar_c91d2b589250.webp
2804	SOURCE_LEAN/EW4_Web_Port_v0.61/assets/unit_ready/army_armoredcar_c97d659c306f.webp
4218	SOURCE_LEAN/EW4_Web_Port_v0.61/assets/unit_ready/army_armoredcar_c9bb2494c82f.webp
4188	SOURCE_LEAN/EW4_Web_Port_v0.61/assets/unit_ready/army_armoredcar_c9ecb01c0673.webp
5932	SOURCE_LEAN/EW4_Web_Port_v0.61/assets/unit_ready/army_armoredcar_d18d08d06e63.webp
5932	SOURCE_LEAN/EW4_Web_Port_v0.61/assets/unit_ready/army_armoredcar_d346e52fe55a.webp
4212	SOURCE_LEAN/EW4_Web_Port_v0.61/assets/unit_ready/army_armoredcar_d8b42cd3a57b.webp
5932	SOURCE_LEAN/EW4_Web_Port_v0.61/assets/unit_ready/army_armoredcar_d8bf78b8afc7.webp
4222	SOURCE_LEAN/EW4_Web_Port_v0.61/assets/unit_ready/army_armoredcar_d90e2c4bb060.webp
4188	SOURCE_LEAN/EW4_Web_Port_v0.61/assets/unit_ready/army_armoredcar_dc5383bedfd1.webp
4554	SOURCE_LEAN/EW4_Web_Port_v0.61/assets/unit_ready/army_armoredcar_dec41a5200fa.webp
2802	SOURCE_LEAN/EW4_Web_Port_v0.61/assets/unit_ready/army_armoredcar_e87083f5d988.webp
4554	SOURCE_LEAN/EW4_Web_Port_v0.61/assets/unit_ready/army_armoredcar_ea05a38bdfdf.webp
4288	SOURCE_LEAN/EW4_Web_Port_v0.61/assets/unit_ready/army_armoredcar_ec8a08d9db73.webp
4180	SOURCE_LEAN/EW4_Web_Port_v0.61/assets/unit_ready/army_armoredcar_edb13bee8111.webp
2798	SOURCE_LEAN/EW4_Web_Port_v0.61/assets/unit_ready/army_armoredcar_eec72477fa0b.webp
2816	SOURCE_LEAN/EW4_Web_Port_v0.61/assets/unit_ready/army_armoredcar_f1a9e3062530.webp
6210	SOURCE_LEAN/EW4_Web_Port_v0.61/assets/unit_ready/army_armoredcar_f1cc6b968bd6.webp
2804	SOURCE_LEAN/EW4_Web_Port_v0.61/assets/unit_ready/army_armoredcar_f250f9040a4f.webp
4240	SOURCE_LEAN/EW4_Web_Port_v0.61/assets/unit_ready/army_armoredcar_f2873bcb6083.webp
4600	SOURCE_LEAN/EW4_Web_Port_v0.61/assets/unit_ready/army_armoredcar_f5c40a8c27be.webp
2824	SOURCE_LEAN/EW4_Web_Port_v0.61/assets/unit_ready/army_armoredcar_f683cce1980d.webp
2824	SOURCE_LEAN/EW4_Web_Port_v0.61/assets/unit_ready/army_armoredcar_fbba6060f185.webp
2772	SOURCE_LEAN/EW4_Web_Port_v0.61/assets/unit_ready/army_armoredcar_ffb1d85a9f18.webp
4648	SOURCE_LEAN/EW4_Web_Port_v0.61/assets/unit_ready/army_artillery_01bb4ac3a28b.webp
3320	SOURCE_LEAN/EW4_Web_Port_v0.61/assets/unit_ready/army_artillery_0259a6e198c6.webp
4580	SOURCE_LEAN/EW4_Web_Port_v0.61/assets/unit_ready/army_artillery_02db4306bc5a.webp
3356	SOURCE_LEAN/EW4_Web_Port_v0.61/assets/unit_ready/army_artillery_0359cc0c2e58.webp
5676	SOURCE_LEAN/EW4_Web_Port_v0.61/assets/unit_ready/army_artillery_049e22c361e0.webp
2714	SOURCE_LEAN/EW4_Web_Port_v0.61/assets/unit_ready/army_artillery_05351a6109ad.webp
5168	SOURCE_LEAN/EW4_Web_Port_v0.61/assets/unit_ready/army_artillery_05fc0ba747aa.webp
5676	SOURCE_LEAN/EW4_Web_Port_v0.61/assets/unit_ready/army_artillery_067e015c58e0.webp
2704	SOURCE_LEAN/EW4_Web_Port_v0.61/assets/unit_ready/army_artillery_079cb651c09f.webp
5310	SOURCE_LEAN/EW4_Web_Port_v0.61/assets/unit_ready/army_artillery_0c053d33d396.webp
2714	SOURCE_LEAN/EW4_Web_Port_v0.61/assets/unit_ready/army_artillery_0e4fb4bf2e33.webp
4580	SOURCE_LEAN/EW4_Web_Port_v0.61/assets/unit_ready/army_artillery_0f3430c43d73.webp
5404	SOURCE_LEAN/EW4_Web_Port_v0.61/assets/unit_ready/army_artillery_0f871c1fd2c3.webp
3638	SOURCE_LEAN/EW4_Web_Port_v0.61/assets/unit_ready/army_artillery_11148b928a29.webp
3638	SOURCE_LEAN/EW4_Web_Port_v0.61/assets/unit_ready/army_artillery_116d12cd4ca9.webp
3638	SOURCE_LEAN/EW4_Web_Port_v0.61/assets/unit_ready/army_artillery_11d4e2bc3550.webp
5624	SOURCE_LEAN/EW4_Web_Port_v0.61/assets/unit_ready/army_artillery_12b643fc9ba2.webp
2794	SOURCE_LEAN/EW4_Web_Port_v0.61/assets/unit_ready/army_artillery_134f25a7f906.webp
4898	SOURCE_LEAN/EW4_Web_Port_v0.61/assets/unit_ready/army_artillery_14a6c8994720.webp
4620	SOURCE_LEAN/EW4_Web_Port_v0.61/assets/unit_ready/army_artillery_16b8d7fd4aea.webp
4620	SOURCE_LEAN/EW4_Web_Port_v0.61/assets/unit_ready/army_artillery_1972678e1b78.webp
3270	SOURCE_LEAN/EW4_Web_Port_v0.61/assets/unit_ready/army_artillery_1be1859a4320.webp
4910	SOURCE_LEAN/EW4_Web_Port_v0.61/assets/unit_ready/army_artillery_1c7a257496c3.webp
5020	SOURCE_LEAN/EW4_Web_Port_v0.61/assets/unit_ready/army_artillery_1d9db86910e2.webp
4682	SOURCE_LEAN/EW4_Web_Port_v0.61/assets/unit_ready/army_artillery_1e0f5f417bca.webp
3530	SOURCE_LEAN/EW4_Web_Port_v0.61/assets/unit_ready/army_artillery_22b28c0ddec7.webp
4974	SOURCE_LEAN/EW4_Web_Port_v0.61/assets/unit_ready/army_artillery_2498d298ac6f.webp
4898	SOURCE_LEAN/EW4_Web_Port_v0.61/assets/unit_ready/army_artillery_264f5eeb021f.webp
3476	SOURCE_LEAN/EW4_Web_Port_v0.61/assets/unit_ready/army_artillery_26d49623727b.webp
5502	SOURCE_LEAN/EW4_Web_Port_v0.61/assets/unit_ready/army_artillery_2737aa60d059.webp
4770	SOURCE_LEAN/EW4_Web_Port_v0.61/assets/unit_ready/army_artillery_27d8e0d9dca4.webp
3528	SOURCE_LEAN/EW4_Web_Port_v0.61/assets/unit_ready/army_artillery_29871649694c.webp
3578	SOURCE_LEAN/EW4_Web_Port_v0.61/assets/unit_ready/army_artillery_2bcd043dadf4.webp
4974	SOURCE_LEAN/EW4_Web_Port_v0.61/assets/unit_ready/army_artillery_2cb5e4988579.webp
3254	SOURCE_LEAN/EW4_Web_Port_v0.61/assets/unit_ready/army_artillery_2dda1d9a5f9d.webp
5502	SOURCE_LEAN/EW4_Web_Port_v0.61/assets/unit_ready/army_artillery_2deb0b48a029.webp
4580	SOURCE_LEAN/EW4_Web_Port_v0.61/assets/unit_ready/army_artillery_2f3d3f4b6a7e.webp
4990	SOURCE_LEAN/EW4_Web_Port_v0.61/assets/unit_ready/army_artillery_2ff0bc5c84c3.webp
4620	SOURCE_LEAN/EW4_Web_Port_v0.61/assets/unit_ready/army_artillery_31e62f258435.webp
5502	SOURCE_LEAN/EW4_Web_Port_v0.61/assets/unit_ready/army_artillery_328cd1ae8d9c.webp
4770	SOURCE_LEAN/EW4_Web_Port_v0.61/assets/unit_ready/army_artillery_32c22066743b.webp
5676	SOURCE_LEAN/EW4_Web_Port_v0.61/assets/unit_ready/army_artillery_35e077bc16cb.webp
5484	SOURCE_LEAN/EW4_Web_Port_v0.61/assets/unit_ready/army_artillery_38905e59b378.webp
5336	SOURCE_LEAN/EW4_Web_Port_v0.61/assets/unit_ready/army_artillery_393927ca4f0b.webp
4898	SOURCE_LEAN/EW4_Web_Port_v0.61/assets/unit_ready/army_artillery_39a30008b019.webp
5310	SOURCE_LEAN/EW4_Web_Port_v0.61/assets/unit_ready/army_artillery_3af09a60f17a.webp
3254	SOURCE_LEAN/EW4_Web_Port_v0.61/assets/unit_ready/army_artillery_3ca13f99c60b.webp
3638	SOURCE_LEAN/EW4_Web_Port_v0.61/assets/unit_ready/army_artillery_3fb9ee75602e.webp
4580	SOURCE_LEAN/EW4_Web_Port_v0.61/assets/unit_ready/army_artillery_3fe553d4e568.webp
5676	SOURCE_LEAN/EW4_Web_Port_v0.61/assets/unit_ready/army_artillery_40949ac9ef78.webp
5020	SOURCE_LEAN/EW4_Web_Port_v0.61/assets/unit_ready/army_artillery_40ab0d0fafc4.webp
4580	SOURCE_LEAN/EW4_Web_Port_v0.61/assets/unit_ready/army_artillery_4332133b0be2.webp
4682	SOURCE_LEAN/EW4_Web_Port_v0.61/assets/unit_ready/army_artillery_433af4e89cc2.webp
4860	SOURCE_LEAN/EW4_Web_Port_v0.61/assets/unit_ready/army_artillery_442986831998.webp
3254	SOURCE_LEAN/EW4_Web_Port_v0.61/assets/unit_ready/army_artillery_4752372c6bba.webp
5336	SOURCE_LEAN/EW4_Web_Port_v0.61/assets/unit_ready/army_artillery_478e6c89ce07.webp
5168	SOURCE_LEAN/EW4_Web_Port_v0.61/assets/unit_ready/army_artillery_479e61f99e1e.webp
5676	SOURCE_LEAN/EW4_Web_Port_v0.61/assets/unit_ready/army_artillery_4aa52f6fcf45.webp
2774	SOURCE_LEAN/EW4_Web_Port_v0.61/assets/unit_ready/army_artillery_4b640768828e.webp
2758	SOURCE_LEAN/EW4_Web_Port_v0.61/assets/unit_ready/army_artillery_4dc98afc4554.webp
4848	SOURCE_LEAN/EW4_Web_Port_v0.61/assets/unit_ready/army_artillery_4dcb64687bda.webp
3476	SOURCE_LEAN/EW4_Web_Port_v0.61/assets/unit_ready/army_artillery_4fb415a7daf7.webp
3412	SOURCE_LEAN/EW4_Web_Port_v0.61/assets/unit_ready/army_artillery_50257eae7727.webp
5676	SOURCE_LEAN/EW4_Web_Port_v0.61/assets/unit_ready/army_artillery_518c94c20cd8.webp
3254	SOURCE_LEAN/EW4_Web_Port_v0.61/assets/unit_ready/army_artillery_51a8dd3dee21.webp
5502	SOURCE_LEAN/EW4_Web_Port_v0.61/assets/unit_ready/army_artillery_527163cc735e.webp
4724	SOURCE_LEAN/EW4_Web_Port_v0.61/assets/unit_ready/army_artillery_53f7600a65e2.webp
5168	SOURCE_LEAN/EW4_Web_Port_v0.61/assets/unit_ready/army_artillery_56440c59ffda.webp
5336	SOURCE_LEAN/EW4_Web_Port_v0.61/assets/unit_ready/army_artillery_5667b77457a0.webp
5336	SOURCE_LEAN/EW4_Web_Port_v0.61/assets/unit_ready/army_artillery_57ece7eb9a2d.webp
5484	SOURCE_LEAN/EW4_Web_Port_v0.61/assets/unit_ready/army_artillery_5cce067d27e7.webp
4898	SOURCE_LEAN/EW4_Web_Port_v0.61/assets/unit_ready/army_artillery_5d86c7cb89fe.webp
4974	SOURCE_LEAN/EW4_Web_Port_v0.61/assets/unit_ready/army_artillery_5ded63e63c67.webp
3638	SOURCE_LEAN/EW4_Web_Port_v0.61/assets/unit_ready/army_artillery_5e7b60e617ed.webp
2714	SOURCE_LEAN/EW4_Web_Port_v0.61/assets/unit_ready/army_artillery_5ea762347048.webp
3270	SOURCE_LEAN/EW4_Web_Port_v0.61/assets/unit_ready/army_artillery_5f358b22115c.webp
2714	SOURCE_LEAN/EW4_Web_Port_v0.61/assets/unit_ready/army_artillery_60ca2d537ff2.webp
5310	SOURCE_LEAN/EW4_Web_Port_v0.61/assets/unit_ready/army_artillery_617e1325d3e3.webp
4682	SOURCE_LEAN/EW4_Web_Port_v0.61/assets/unit_ready/army_artillery_628af1bec1b4.webp
2714	SOURCE_LEAN/EW4_Web_Port_v0.61/assets/unit_ready/army_artillery_6396e907b30a.webp
4724	SOURCE_LEAN/EW4_Web_Port_v0.61/assets/unit_ready/army_artillery_63c9a31e3955.webp
5336	SOURCE_LEAN/EW4_Web_Port_v0.61/assets/unit_ready/army_artillery_64001bf1ab86.webp
5502	SOURCE_LEAN/EW4_Web_Port_v0.61/assets/unit_ready/army_artillery_647318200893.webp
4770	SOURCE_LEAN/EW4_Web_Port_v0.61/assets/unit_ready/army_artillery_64914e6a051e.webp
4664	SOURCE_LEAN/EW4_Web_Port_v0.61/assets/unit_ready/army_artillery_6520a7636d4a.webp
4808	SOURCE_LEAN/EW4_Web_Port_v0.61/assets/unit_ready/army_artillery_65f4710bea07.webp
3270	SOURCE_LEAN/EW4_Web_Port_v0.61/assets/unit_ready/army_artillery_65f7620bd50e.webp
4662	SOURCE_LEAN/EW4_Web_Port_v0.61/assets/unit_ready/army_artillery_6692ae082cce.webp
4838	SOURCE_LEAN/EW4_Web_Port_v0.61/assets/unit_ready/army_artillery_66fac52a1de9.webp
4724	SOURCE_LEAN/EW4_Web_Port_v0.61/assets/unit_ready/army_artillery_68857cde2f5a.webp
2792	SOURCE_LEAN/EW4_Web_Port_v0.61/assets/unit_ready/army_artillery_68ec6a4d0fbe.webp
4620	SOURCE_LEAN/EW4_Web_Port_v0.61/assets/unit_ready/army_artillery_6a5061e9a67c.webp
2774	SOURCE_LEAN/EW4_Web_Port_v0.61/assets/unit_ready/army_artillery_6c78a6504454.webp
4580	SOURCE_LEAN/EW4_Web_Port_v0.61/assets/unit_ready/army_artillery_6df252f4a245.webp
4620	SOURCE_LEAN/EW4_Web_Port_v0.61/assets/unit_ready/army_artillery_70345d5c8afd.webp
3412	SOURCE_LEAN/EW4_Web_Port_v0.61/assets/unit_ready/army_artillery_70b8d6ca128f.webp
4920	SOURCE_LEAN/EW4_Web_Port_v0.61/assets/unit_ready/army_artillery_748447cfe143.webp
3528	SOURCE_LEAN/EW4_Web_Port_v0.61/assets/unit_ready/army_artillery_76903607b7bc.webp
5168	SOURCE_LEAN/EW4_Web_Port_v0.61/assets/unit_ready/army_artillery_77e76b9b76af.webp
3412	SOURCE_LEAN/EW4_Web_Port_v0.61/assets/unit_ready/army_artillery_7a270b3d2d30.webp
5416	SOURCE_LEAN/EW4_Web_Port_v0.61/assets/unit_ready/army_artillery_7c0b5d965ba1.webp
5484	SOURCE_LEAN/EW4_Web_Port_v0.61/assets/unit_ready/army_artillery_7ee2b7546381.webp
2710	SOURCE_LEAN/EW4_Web_Port_v0.61/assets/unit_ready/army_artillery_802858d1f9ae.webp
4580	SOURCE_LEAN/EW4_Web_Port_v0.61/assets/unit_ready/army_artillery_802d521a8ab1.webp
4770	SOURCE_LEAN/EW4_Web_Port_v0.61/assets/unit_ready/army_artillery_825c6da7f7cb.webp
5310	SOURCE_LEAN/EW4_Web_Port_v0.61/assets/unit_ready/army_artillery_847d4fb704d1.webp
5336	SOURCE_LEAN/EW4_Web_Port_v0.61/assets/unit_ready/army_artillery_858a9b9f8980.webp
4992	SOURCE_LEAN/EW4_Web_Port_v0.61/assets/unit_ready/army_artillery_8617ea7e491b.webp
2794	SOURCE_LEAN/EW4_Web_Port_v0.61/assets/unit_ready/army_artillery_89ad6279384d.webp
3270	SOURCE_LEAN/EW4_Web_Port_v0.61/assets/unit_ready/army_artillery_8a77bb4c9bd1.webp
3254	SOURCE_LEAN/EW4_Web_Port_v0.61/assets/unit_ready/army_artillery_8e8bd9abb683.webp
4974	SOURCE_LEAN/EW4_Web_Port_v0.61/assets/unit_ready/army_artillery_8ec7e3ebd407.webp
4650	SOURCE_LEAN/EW4_Web_Port_v0.61/assets/unit_ready/army_artillery_8f3db6990fb4.webp
4640	SOURCE_LEAN/EW4_Web_Port_v0.61/assets/unit_ready/army_artillery_8f9762e78dc6.webp
2794	SOURCE_LEAN/EW4_Web_Port_v0.61/assets/unit_ready/army_artillery_8fce0187e3a9.webp
3412	SOURCE_LEAN/EW4_Web_Port_v0.61/assets/unit_ready/army_artillery_905d3cd5b186.webp
3528	SOURCE_LEAN/EW4_Web_Port_v0.61/assets/unit_ready/army_artillery_908e5e3d5e89.webp
5168	SOURCE_LEAN/EW4_Web_Port_v0.61/assets/unit_ready/army_artillery_90f213c22267.webp
4682	SOURCE_LEAN/EW4_Web_Port_v0.61/assets/unit_ready/army_artillery_91348df3551d.webp
4898	SOURCE_LEAN/EW4_Web_Port_v0.61/assets/unit_ready/army_artillery_91b6cc8659f4.webp
5020	SOURCE_LEAN/EW4_Web_Port_v0.61/assets/unit_ready/army_artillery_91e34e9adbf8.webp
5590	SOURCE_LEAN/EW4_Web_Port_v0.61/assets/unit_ready/army_artillery_91ead29e81f4.webp
4724	SOURCE_LEAN/EW4_Web_Port_v0.61/assets/unit_ready/army_artillery_922cfbb3dc5e.webp
3254	SOURCE_LEAN/EW4_Web_Port_v0.61/assets/unit_ready/army_artillery_92455ca05597.webp
5020	SOURCE_LEAN/EW4_Web_Port_v0.61/assets/unit_ready/army_artillery_9445794b769e.webp
3254	SOURCE_LEAN/EW4_Web_Port_v0.61/assets/unit_ready/army_artillery_960c68201a71.webp
3476	SOURCE_LEAN/EW4_Web_Port_v0.61/assets/unit_ready/army_artillery_975721d7b472.webp
3412	SOURCE_LEAN/EW4_Web_Port_v0.61/assets/unit_ready/army_artillery_9807410e5dee.webp
4620	SOURCE_LEAN/EW4_Web_Port_v0.61/assets/unit_ready/army_artillery_993029f80d40.webp
4898	SOURCE_LEAN/EW4_Web_Port_v0.61/assets/unit_ready/army_artillery_9a0ab17929b2.webp
3286	SOURCE_LEAN/EW4_Web_Port_v0.61/assets/unit_ready/army_artillery_9ab383a20b3d.webp
3476	SOURCE_LEAN/EW4_Web_Port_v0.61/assets/unit_ready/army_artillery_9ac0c9bffc85.webp
4580	SOURCE_LEAN/EW4_Web_Port_v0.61/assets/unit_ready/army_artillery_9ad9aee9780d.webp
5310	SOURCE_LEAN/EW4_Web_Port_v0.61/assets/unit_ready/army_artillery_9b48ca8bcb02.webp
4580	SOURCE_LEAN/EW4_Web_Port_v0.61/assets/unit_ready/army_artillery_9b78ba5b14a3.webp
4974	SOURCE_LEAN/EW4_Web_Port_v0.61/assets/unit_ready/army_artillery_9b97811f95e8.webp
3528	SOURCE_LEAN/EW4_Web_Port_v0.61/assets/unit_ready/army_artillery_9c320c31388e.webp
4572	SOURCE_LEAN/EW4_Web_Port_v0.61/assets/unit_ready/army_artillery_a0bf7bc3a581.webp
4886	SOURCE_LEAN/EW4_Web_Port_v0.61/assets/unit_ready/army_artillery_a0fc315b6bce.webp
4632	SOURCE_LEAN/EW4_Web_Port_v0.61/assets/unit_ready/army_artillery_a1433cee6701.webp
5020	SOURCE_LEAN/EW4_Web_Port_v0.61/assets/unit_ready/army_artillery_a26a41578248.webp
5168	SOURCE_LEAN/EW4_Web_Port_v0.61/assets/unit_ready/army_artillery_a3245e3a98cb.webp
3528	SOURCE_LEAN/EW4_Web_Port_v0.61/assets/unit_ready/army_artillery_a3b4a2862b14.webp
5336	SOURCE_LEAN/EW4_Web_Port_v0.61/assets/unit_ready/army_artillery_a3b6c39e09d9.webp
4580	SOURCE_LEAN/EW4_Web_Port_v0.61/assets/unit_ready/army_artillery_a6b34339922b.webp
4934	SOURCE_LEAN/EW4_Web_Port_v0.61/assets/unit_ready/army_artillery_a85b653d3ce6.webp
5502	SOURCE_LEAN/EW4_Web_Port_v0.61/assets/unit_ready/army_artillery_a877e401d0d4.webp
3270	SOURCE_LEAN/EW4_Web_Port_v0.61/assets/unit_ready/army_artillery_a8de8980dee1.webp
5020	SOURCE_LEAN/EW4_Web_Port_v0.61/assets/unit_ready/army_artillery_ac1c8e8ceac3.webp
4770	SOURCE_LEAN/EW4_Web_Port_v0.61/assets/unit_ready/army_artillery_ade797176568.webp
3476	SOURCE_LEAN/EW4_Web_Port_v0.61/assets/unit_ready/army_artillery_afa295e1257c.webp
2794	SOURCE_LEAN/EW4_Web_Port_v0.61/assets/unit_ready/army_artillery_b19535f3a060.webp
3464	SOURCE_LEAN/EW4_Web_Port_v0.61/assets/unit_ready/army_artillery_b3dd1c41dcb5.webp
5484	SOURCE_LEAN/EW4_Web_Port_v0.61/assets/unit_ready/army_artillery_b3eb3087a08b.webp
4580	SOURCE_LEAN/EW4_Web_Port_v0.61/assets/unit_ready/army_artillery_b4525d261335.webp
5020	SOURCE_LEAN/EW4_Web_Port_v0.61/assets/unit_ready/army_artillery_b4b78f4dcc2a.webp
4974	SOURCE_LEAN/EW4_Web_Port_v0.61/assets/unit_ready/army_artillery_b4cefba6fb89.webp
3368	SOURCE_LEAN/EW4_Web_Port_v0.61/assets/unit_ready/army_artillery_b582eb7ecbd4.webp
5484	SOURCE_LEAN/EW4_Web_Port_v0.61/assets/unit_ready/army_artillery_b740ae3437a5.webp
2736	SOURCE_LEAN/EW4_Web_Port_v0.61/assets/unit_ready/army_artillery_b91379129103.webp
5102	SOURCE_LEAN/EW4_Web_Port_v0.61/assets/unit_ready/army_artillery_bb4b15dfe6f7.webp
5168	SOURCE_LEAN/EW4_Web_Port_v0.61/assets/unit_ready/army_artillery_bce64f4161ef.webp
5502	SOURCE_LEAN/EW4_Web_Port_v0.61/assets/unit_ready/army_artillery_be0225d3288d.webp
4682	SOURCE_LEAN/EW4_Web_Port_v0.61/assets/unit_ready/army_artillery_bfcd9c072344.webp
3476	SOURCE_LEAN/EW4_Web_Port_v0.61/assets/unit_ready/army_artillery_c04b4ac5588a.webp
2794	SOURCE_LEAN/EW4_Web_Port_v0.61/assets/unit_ready/army_artillery_c3499a62f0d3.webp
3476	SOURCE_LEAN/EW4_Web_Port_v0.61/assets/unit_ready/army_artillery_c48778480b75.webp
5484	SOURCE_LEAN/EW4_Web_Port_v0.61/assets/unit_ready/army_artillery_c548af77d4dc.webp
3270	SOURCE_LEAN/EW4_Web_Port_v0.61/assets/unit_ready/army_artillery_c5f66c2dcd26.webp
5520	SOURCE_LEAN/EW4_Web_Port_v0.61/assets/unit_ready/army_artillery_c8b51d4ab3f6.webp
4974	SOURCE_LEAN/EW4_Web_Port_v0.61/assets/unit_ready/army_artillery_c9d650b7d3b3.webp
4770	SOURCE_LEAN/EW4_Web_Port_v0.61/assets/unit_ready/army_artillery_cc63c34294e5.webp
3358	SOURCE_LEAN/EW4_Web_Port_v0.61/assets/unit_ready/army_artillery_cdd8488f15b2.webp
2714	SOURCE_LEAN/EW4_Web_Port_v0.61/assets/unit_ready/army_artillery_d012e995bbdc.webp
4580	SOURCE_LEAN/EW4_Web_Port_v0.61/assets/unit_ready/army_artillery_d03186e8663e.webp
5310	SOURCE_LEAN/EW4_Web_Port_v0.61/assets/unit_ready/army_artillery_d2956f0327a3.webp
4724	SOURCE_LEAN/EW4_Web_Port_v0.61/assets/unit_ready/army_artillery_d2a07f7998c6.webp
3412	SOURCE_LEAN/EW4_Web_Port_v0.61/assets/unit_ready/army_artillery_d45d5349f2b0.webp
4898	SOURCE_LEAN/EW4_Web_Port_v0.61/assets/unit_ready/army_artillery_d67fdba2132f.webp
2714	SOURCE_LEAN/EW4_Web_Port_v0.61/assets/unit_ready/army_artillery_dcbaaf78ca35.webp
4988	SOURCE_LEAN/EW4_Web_Port_v0.61/assets/unit_ready/army_artillery_de3b7db4a4f1.webp
2736	SOURCE_LEAN/EW4_Web_Port_v0.61/assets/unit_ready/army_artillery_de623c1a5fa3.webp
2774	SOURCE_LEAN/EW4_Web_Port_v0.61/assets/unit_ready/army_artillery_de914f72ea42.webp
4580	SOURCE_LEAN/EW4_Web_Port_v0.61/assets/unit_ready/army_artillery_e0a51774f73d.webp
3270	SOURCE_LEAN/EW4_Web_Port_v0.61/assets/unit_ready/army_artillery_e14d6df236fe.webp
4682	SOURCE_LEAN/EW4_Web_Port_v0.61/assets/unit_ready/army_artillery_e20ca4856bba.webp
2794	SOURCE_LEAN/EW4_Web_Port_v0.61/assets/unit_ready/army_artillery_e27dc5fc07a9.webp
3568	SOURCE_LEAN/EW4_Web_Port_v0.61/assets/unit_ready/army_artillery_e4b63d8586fe.webp
3528	SOURCE_LEAN/EW4_Web_Port_v0.61/assets/unit_ready/army_artillery_e536c028ae1f.webp
3638	SOURCE_LEAN/EW4_Web_Port_v0.61/assets/unit_ready/army_artillery_e7aa3c5cd42f.webp
3418	SOURCE_LEAN/EW4_Web_Port_v0.61/assets/unit_ready/army_artillery_e893c81d5533.webp
3562	SOURCE_LEAN/EW4_Web_Port_v0.61/assets/unit_ready/army_artillery_e95ecfc7faac.webp
3370	SOURCE_LEAN/EW4_Web_Port_v0.61/assets/unit_ready/army_artillery_ea73a48a1493.webp
5566	SOURCE_LEAN/EW4_Web_Port_v0.61/assets/unit_ready/army_artillery_ea8a3517c197.webp
3528	SOURCE_LEAN/EW4_Web_Port_v0.61/assets/unit_ready/army_artillery_ecf4e031f7e1.webp
2774	SOURCE_LEAN/EW4_Web_Port_v0.61/assets/unit_ready/army_artillery_ee3e055458b5.webp
4602	SOURCE_LEAN/EW4_Web_Port_v0.61/assets/unit_ready/army_artillery_f065c914372c.webp
5310	SOURCE_LEAN/EW4_Web_Port_v0.61/assets/unit_ready/army_artillery_f25009e8e3f7.webp
5484	SOURCE_LEAN/EW4_Web_Port_v0.61/assets/unit_ready/army_artillery_f2caf4862ad9.webp
4620	SOURCE_LEAN/EW4_Web_Port_v0.61/assets/unit_ready/army_artillery_f2e7c868ede4.webp
2774	SOURCE_LEAN/EW4_Web_Port_v0.61/assets/unit_ready/army_artillery_f31fbd7bf51a.webp
4724	SOURCE_LEAN/EW4_Web_Port_v0.61/assets/unit_ready/army_artillery_f6308e47c21b.webp
2794	SOURCE_LEAN/EW4_Web_Port_v0.61/assets/unit_ready/army_artillery_f6680dedc38f.webp
4580	SOURCE_LEAN/EW4_Web_Port_v0.61/assets/unit_ready/army_artillery_f6a7f5c58ca3.webp
4620	SOURCE_LEAN/EW4_Web_Port_v0.61/assets/unit_ready/army_artillery_f8de8229d39a.webp
4770	SOURCE_LEAN/EW4_Web_Port_v0.61/assets/unit_ready/army_artillery_fd13e17fed49.webp
2774	SOURCE_LEAN/EW4_Web_Port_v0.61/assets/unit_ready/army_artillery_fe7bff124df1.webp
4544	SOURCE_LEAN/EW4_Web_Port_v0.61/assets/unit_ready/army_artillery_fef0ea2bb879.webp
1344	SOURCE_LEAN/EW4_Web_Port_v0.61/assets/unit_ready/army_fort_35eab3eace44.webp
3800	SOURCE_LEAN/EW4_Web_Port_v0.61/assets/unit_ready/army_fort_575c03479bb4.webp
3454	SOURCE_LEAN/EW4_Web_Port_v0.61/assets/unit_ready/army_fort_a904e72a0b50.webp
2942	SOURCE_LEAN/EW4_Web_Port_v0.61/assets/unit_ready/army_fort_c2b7ac202529.webp
5324	SOURCE_LEAN/EW4_Web_Port_v0.61/assets/unit_ready/army_grenadier_03b674ca5b93.webp
3748	SOURCE_LEAN/EW4_Web_Port_v0.61/assets/unit_ready/army_grenadier_059eb7e80087.webp
4774	SOURCE_LEAN/EW4_Web_Port_v0.61/assets/unit_ready/army_grenadier_07820b14d7a3.webp
4924	SOURCE_LEAN/EW4_Web_Port_v0.61/assets/unit_ready/army_grenadier_0ad7de4e3dd0.webp
3594	SOURCE_LEAN/EW4_Web_Port_v0.61/assets/unit_ready/army_grenadier_0fede17f1d46.webp
4802	SOURCE_LEAN/EW4_Web_Port_v0.61/assets/unit_ready/army_grenadier_14ed3ca206c9.webp
4802	SOURCE_LEAN/EW4_Web_Port_v0.61/assets/unit_ready/army_grenadier_1997edd774e7.webp
5324	SOURCE_LEAN/EW4_Web_Port_v0.61/assets/unit_ready/army_grenadier_1aa343b2f018.webp
4634	SOURCE_LEAN/EW4_Web_Port_v0.61/assets/unit_ready/army_grenadier_1dd53df20fe6.webp
4802	SOURCE_LEAN/EW4_Web_Port_v0.61/assets/unit_ready/army_grenadier_21481f3a48ed.webp
4042	SOURCE_LEAN/EW4_Web_Port_v0.61/assets/unit_ready/army_grenadier_23b83809e555.webp
4152	SOURCE_LEAN/EW4_Web_Port_v0.61/assets/unit_ready/army_grenadier_2744242c5d2b.webp
3556	SOURCE_LEAN/EW4_Web_Port_v0.61/assets/unit_ready/army_grenadier_27fc4d2afe9f.webp
4042	SOURCE_LEAN/EW4_Web_Port_v0.61/assets/unit_ready/army_grenadier_2d1695af099b.webp
4926	SOURCE_LEAN/EW4_Web_Port_v0.61/assets/unit_ready/army_grenadier_2fc0b32f5668.webp
3592	SOURCE_LEAN/EW4_Web_Port_v0.61/assets/unit_ready/army_grenadier_2fe0938b6e88.webp
4924	SOURCE_LEAN/EW4_Web_Port_v0.61/assets/unit_ready/army_grenadier_3239fabf3d9f.webp
3556	SOURCE_LEAN/EW4_Web_Port_v0.61/assets/unit_ready/army_grenadier_35d30d26cfca.webp
4926	SOURCE_LEAN/EW4_Web_Port_v0.61/assets/unit_ready/army_grenadier_39b1d8cb233c.webp
4602	SOURCE_LEAN/EW4_Web_Port_v0.61/assets/unit_ready/army_grenadier_39ba4a46b1bc.webp
3556	SOURCE_LEAN/EW4_Web_Port_v0.61/assets/unit_ready/army_grenadier_3bc4b753db22.webp
4924	SOURCE_LEAN/EW4_Web_Port_v0.61/assets/unit_ready/army_grenadier_3e3530890d2c.webp
4802	SOURCE_LEAN/EW4_Web_Port_v0.61/assets/unit_ready/army_grenadier_4198f19d6324.webp
4924	SOURCE_LEAN/EW4_Web_Port_v0.61/assets/unit_ready/army_grenadier_4625808f6559.webp
3748	SOURCE_LEAN/EW4_Web_Port_v0.61/assets/unit_ready/army_grenadier_4a55e4a206da.webp
4042	SOURCE_LEAN/EW4_Web_Port_v0.61/assets/unit_ready/army_grenadier_4ceb4cb100ee.webp
4852	SOURCE_LEAN/EW4_Web_Port_v0.61/assets/unit_ready/army_grenadier_4dd40c40de7d.webp
3590	SOURCE_LEAN/EW4_Web_Port_v0.61/assets/unit_ready/army_grenadier_4e0a5840ddb8.webp
4924	SOURCE_LEAN/EW4_Web_Port_v0.61/assets/unit_ready/army_grenadier_4fe11c8a717a.webp
4774	SOURCE_LEAN/EW4_Web_Port_v0.61/assets/unit_ready/army_grenadier_51d9b65f4aa0.webp
4042	SOURCE_LEAN/EW4_Web_Port_v0.61/assets/unit_ready/army_grenadier_5b1537f824b9.webp
4852	SOURCE_LEAN/EW4_Web_Port_v0.61/assets/unit_ready/army_grenadier_5d3e1a10a5b4.webp
4042	SOURCE_LEAN/EW4_Web_Port_v0.61/assets/unit_ready/army_grenadier_65c22a71e02b.webp
4724	SOURCE_LEAN/EW4_Web_Port_v0.61/assets/unit_ready/army_grenadier_66bfcf2ffd0b.webp
4926	SOURCE_LEAN/EW4_Web_Port_v0.61/assets/unit_ready/army_grenadier_743ab5dccbd6.webp
3568	SOURCE_LEAN/EW4_Web_Port_v0.61/assets/unit_ready/army_grenadier_7e57c6f9bf48.webp
4042	SOURCE_LEAN/EW4_Web_Port_v0.61/assets/unit_ready/army_grenadier_7f7b5c6db75c.webp
4852	SOURCE_LEAN/EW4_Web_Port_v0.61/assets/unit_ready/army_grenadier_81122fd0ad77.webp
3748	SOURCE_LEAN/EW4_Web_Port_v0.61/assets/unit_ready/army_grenadier_812eecd8c77e.webp
4732	SOURCE_LEAN/EW4_Web_Port_v0.61/assets/unit_ready/army_grenadier_88e1be9b9f43.webp
5324	SOURCE_LEAN/EW4_Web_Port_v0.61/assets/unit_ready/army_grenadier_8ced400c6014.webp
3748	SOURCE_LEAN/EW4_Web_Port_v0.61/assets/unit_ready/army_grenadier_8d9faa45fa6c.webp
4926	SOURCE_LEAN/EW4_Web_Port_v0.61/assets/unit_ready/army_grenadier_8f932de58069.webp
4852	SOURCE_LEAN/EW4_Web_Port_v0.61/assets/unit_ready/army_grenadier_8fd2ff5e872b.webp
4730	SOURCE_LEAN/EW4_Web_Port_v0.61/assets/unit_ready/army_grenadier_90a5a8330e99.webp
4926	SOURCE_LEAN/EW4_Web_Port_v0.61/assets/unit_ready/army_grenadier_9266d2006fd4.webp
4926	SOURCE_LEAN/EW4_Web_Port_v0.61/assets/unit_ready/army_grenadier_93fb7d97613e.webp
4344	SOURCE_LEAN/EW4_Web_Port_v0.61/assets/unit_ready/army_grenadier_98b2607bfdd1.webp
4774	SOURCE_LEAN/EW4_Web_Port_v0.61/assets/unit_ready/army_grenadier_99a236cd7c77.webp
3556	SOURCE_LEAN/EW4_Web_Port_v0.61/assets/unit_ready/army_grenadier_9f9edafb5581.webp
4780	SOURCE_LEAN/EW4_Web_Port_v0.61/assets/unit_ready/army_grenadier_a06abdc03730.webp
3596	SOURCE_LEAN/EW4_Web_Port_v0.61/assets/unit_ready/army_grenadier_a28f18d60b2c.webp
5124	SOURCE_LEAN/EW4_Web_Port_v0.61/assets/unit_ready/army_grenadier_aaaf59cf6ec3.webp
4802	SOURCE_LEAN/EW4_Web_Port_v0.61/assets/unit_ready/army_grenadier_ab650010baec.webp
3556	SOURCE_LEAN/EW4_Web_Port_v0.61/assets/unit_ready/army_grenadier_ab9b1e01702a.webp
4764	SOURCE_LEAN/EW4_Web_Port_v0.61/assets/unit_ready/army_grenadier_ae20b0e79ef8.webp
3556	SOURCE_LEAN/EW4_Web_Port_v0.61/assets/unit_ready/army_grenadier_b868a4801cd9.webp
3748	SOURCE_LEAN/EW4_Web_Port_v0.61/assets/unit_ready/army_grenadier_be78d4a26adb.webp
4924	SOURCE_LEAN/EW4_Web_Port_v0.61/assets/unit_ready/army_grenadier_c1551f6fe2cf.webp
4924	SOURCE_LEAN/EW4_Web_Port_v0.61/assets/unit_ready/army_grenadier_c5635e42b16c.webp
3592	SOURCE_LEAN/EW4_Web_Port_v0.61/assets/unit_ready/army_grenadier_c95437ffaf49.webp
4852	SOURCE_LEAN/EW4_Web_Port_v0.61/assets/unit_ready/army_grenadier_caa79c9bfac2.webp
5324	SOURCE_LEAN/EW4_Web_Port_v0.61/assets/unit_ready/army_grenadier_cc3eec964ca1.webp
4802	SOURCE_LEAN/EW4_Web_Port_v0.61/assets/unit_ready/army_grenadier_d2df9a9a1434.webp
5324	SOURCE_LEAN/EW4_Web_Port_v0.61/assets/unit_ready/army_grenadier_d45ba59ce659.webp
4648	SOURCE_LEAN/EW4_Web_Port_v0.61/assets/unit_ready/army_grenadier_d508e0790c6b.webp
4042	SOURCE_LEAN/EW4_Web_Port_v0.61/assets/unit_ready/army_grenadier_dc821609a808.webp
5324	SOURCE_LEAN/EW4_Web_Port_v0.61/assets/unit_ready/army_grenadier_dd5dcd992cf7.webp
3748	SOURCE_LEAN/EW4_Web_Port_v0.61/assets/unit_ready/army_grenadier_df88585e9361.webp
4852	SOURCE_LEAN/EW4_Web_Port_v0.61/assets/unit_ready/army_grenadier_e16c94d558bc.webp
4774	SOURCE_LEAN/EW4_Web_Port_v0.61/assets/unit_ready/army_grenadier_e23966a4786b.webp
5324	SOURCE_LEAN/EW4_Web_Port_v0.61/assets/unit_ready/army_grenadier_eae8d961f446.webp
4802	SOURCE_LEAN/EW4_Web_Port_v0.61/assets/unit_ready/army_grenadier_f260fae66c4f.webp
4926	SOURCE_LEAN/EW4_Web_Port_v0.61/assets/unit_ready/army_grenadier_f35c283eb162.webp
4774	SOURCE_LEAN/EW4_Web_Port_v0.61/assets/unit_ready/army_grenadier_fc8647482b1a.webp
4774	SOURCE_LEAN/EW4_Web_Port_v0.61/assets/unit_ready/army_grenadier_fcc8e270c5d9.webp
4600	SOURCE_LEAN/EW4_Web_Port_v0.61/assets/unit_ready/army_grenadier_fcdc29da03cb.webp
3556	SOURCE_LEAN/EW4_Web_Port_v0.61/assets/unit_ready/army_grenadier_fefda5ae4784.webp
4014	SOURCE_LEAN/EW4_Web_Port_v0.61/assets/unit_ready/army_guards_077e466112c0.webp
4968	SOURCE_LEAN/EW4_Web_Port_v0.61/assets/unit_ready/army_guards_07b5978a8cba.webp
5254	SOURCE_LEAN/EW4_Web_Port_v0.61/assets/unit_ready/army_guards_0923e4339f74.webp
3478	SOURCE_LEAN/EW4_Web_Port_v0.61/assets/unit_ready/army_guards_0bea6f956961.webp
4510	SOURCE_LEAN/EW4_Web_Port_v0.61/assets/unit_ready/army_guards_122e1ae86fd3.webp
4510	SOURCE_LEAN/EW4_Web_Port_v0.61/assets/unit_ready/army_guards_151f62dbad23.webp
3686	SOURCE_LEAN/EW4_Web_Port_v0.61/assets/unit_ready/army_guards_15b777aebe1f.webp
3762	SOURCE_LEAN/EW4_Web_Port_v0.61/assets/unit_ready/army_guards_1bbbecebdcf5.webp
4510	SOURCE_LEAN/EW4_Web_Port_v0.61/assets/unit_ready/army_guards_241991f42a45.webp
4286	SOURCE_LEAN/EW4_Web_Port_v0.61/assets/unit_ready/army_guards_24afba58bdf1.webp
3686	SOURCE_LEAN/EW4_Web_Port_v0.61/assets/unit_ready/army_guards_29a69058ca41.webp
5140	SOURCE_LEAN/EW4_Web_Port_v0.61/assets/unit_ready/army_guards_2ae2df034613.webp
3686	SOURCE_LEAN/EW4_Web_Port_v0.61/assets/unit_ready/army_guards_2c7432d14651.webp
4286	SOURCE_LEAN/EW4_Web_Port_v0.61/assets/unit_ready/army_guards_3109fd7f6181.webp
4968	SOURCE_LEAN/EW4_Web_Port_v0.61/assets/unit_ready/army_guards_35283a9fde6a.webp
5326	SOURCE_LEAN/EW4_Web_Port_v0.61/assets/unit_ready/army_guards_3652339c1874.webp
5064	SOURCE_LEAN/EW4_Web_Port_v0.61/assets/unit_ready/army_guards_3682a9dc253a.webp
4114	SOURCE_LEAN/EW4_Web_Port_v0.61/assets/unit_ready/army_guards_3a39292edbaf.webp
5064	SOURCE_LEAN/EW4_Web_Port_v0.61/assets/unit_ready/army_guards_3b04098fcc2e.webp
4590	SOURCE_LEAN/EW4_Web_Port_v0.61/assets/unit_ready/army_guards_416a2a7c137d.webp
5064	SOURCE_LEAN/EW4_Web_Port_v0.61/assets/unit_ready/army_guards_41a0354d2cc7.webp
3592	SOURCE_LEAN/EW4_Web_Port_v0.61/assets/unit_ready/army_guards_495119ff97e8.webp
5064	SOURCE_LEAN/EW4_Web_Port_v0.61/assets/unit_ready/army_guards_4b9aa5ac98e3.webp
4876	SOURCE_LEAN/EW4_Web_Port_v0.61/assets/unit_ready/army_guards_4bf022b2d54b.webp
5064	SOURCE_LEAN/EW4_Web_Port_v0.61/assets/unit_ready/army_guards_5226aae759da.webp
4578	SOURCE_LEAN/EW4_Web_Port_v0.61/assets/unit_ready/army_guards_5c1b192f2ce7.webp
4714	SOURCE_LEAN/EW4_Web_Port_v0.61/assets/unit_ready/army_guards_5c9bdf4b6fa5.webp
4968	SOURCE_LEAN/EW4_Web_Port_v0.61/assets/unit_ready/army_guards_5dadee74179c.webp
3478	SOURCE_LEAN/EW4_Web_Port_v0.61/assets/unit_ready/army_guards_5e26f7d1d647.webp
3762	SOURCE_LEAN/EW4_Web_Port_v0.61/assets/unit_ready/army_guards_605d5168abb2.webp
5064	SOURCE_LEAN/EW4_Web_Port_v0.61/assets/unit_ready/army_guards_642605cdb972.webp
4468	SOURCE_LEAN/EW4_Web_Port_v0.61/assets/unit_ready/army_guards_6514a8bece8b.webp
4286	SOURCE_LEAN/EW4_Web_Port_v0.61/assets/unit_ready/army_guards_6692c1a11e8b.webp
3478	SOURCE_LEAN/EW4_Web_Port_v0.61/assets/unit_ready/army_guards_66933ebd1fa1.webp
4710	SOURCE_LEAN/EW4_Web_Port_v0.61/assets/unit_ready/army_guards_6a6bbf6aa93c.webp
4876	SOURCE_LEAN/EW4_Web_Port_v0.61/assets/unit_ready/army_guards_6b250d034c26.webp
4554	SOURCE_LEAN/EW4_Web_Port_v0.61/assets/unit_ready/army_guards_7562ad6399ec.webp
4100	SOURCE_LEAN/EW4_Web_Port_v0.61/assets/unit_ready/army_guards_7597d0b69585.webp
3608	SOURCE_LEAN/EW4_Web_Port_v0.61/assets/unit_ready/army_guards_75fcab92819b.webp
3762	SOURCE_LEAN/EW4_Web_Port_v0.61/assets/unit_ready/army_guards_81356b17b9b0.webp
4968	SOURCE_LEAN/EW4_Web_Port_v0.61/assets/unit_ready/army_guards_83c330d5f2ea.webp
3762	SOURCE_LEAN/EW4_Web_Port_v0.61/assets/unit_ready/army_guards_88782167bfda.webp
4968	SOURCE_LEAN/EW4_Web_Port_v0.61/assets/unit_ready/army_guards_8a08ccbe726e.webp
4510	SOURCE_LEAN/EW4_Web_Port_v0.61/assets/unit_ready/army_guards_8b45e973bc61.webp
4286	SOURCE_LEAN/EW4_Web_Port_v0.61/assets/unit_ready/army_guards_8cca8d23206e.webp
3686	SOURCE_LEAN/EW4_Web_Port_v0.61/assets/unit_ready/army_guards_9096ee30a8a2.webp
4510	SOURCE_LEAN/EW4_Web_Port_v0.61/assets/unit_ready/army_guards_90c36fb4f31f.webp
4468	SOURCE_LEAN/EW4_Web_Port_v0.61/assets/unit_ready/army_guards_94c5e77f686c.webp
3478	SOURCE_LEAN/EW4_Web_Port_v0.61/assets/unit_ready/army_guards_9ad606caed69.webp
4286	SOURCE_LEAN/EW4_Web_Port_v0.61/assets/unit_ready/army_guards_9b537e7dac19.webp
3762	SOURCE_LEAN/EW4_Web_Port_v0.61/assets/unit_ready/army_guards_a0ea5c0fd096.webp
3478	SOURCE_LEAN/EW4_Web_Port_v0.61/assets/unit_ready/army_guards_a9656d89cb44.webp
4338	SOURCE_LEAN/EW4_Web_Port_v0.61/assets/unit_ready/army_guards_ab229784db65.webp
4510	SOURCE_LEAN/EW4_Web_Port_v0.61/assets/unit_ready/army_guards_ab5604c60a5d.webp
4468	SOURCE_LEAN/EW4_Web_Port_v0.61/assets/unit_ready/army_guards_ac405e905e61.webp
3478	SOURCE_LEAN/EW4_Web_Port_v0.61/assets/unit_ready/army_guards_b2cd2f7f8ec5.webp
5064	SOURCE_LEAN/EW4_Web_Port_v0.61/assets/unit_ready/army_guards_b562a90ab056.webp
3686	SOURCE_LEAN/EW4_Web_Port_v0.61/assets/unit_ready/army_guards_b5715ba17b96.webp
4468	SOURCE_LEAN/EW4_Web_Port_v0.61/assets/unit_ready/army_guards_b691960b9536.webp
3762	SOURCE_LEAN/EW4_Web_Port_v0.61/assets/unit_ready/army_guards_b75ecdde094e.webp
5064	SOURCE_LEAN/EW4_Web_Port_v0.61/assets/unit_ready/army_guards_b80492699e7f.webp
4286	SOURCE_LEAN/EW4_Web_Port_v0.61/assets/unit_ready/army_guards_b988927504f1.webp
4468	SOURCE_LEAN/EW4_Web_Port_v0.61/assets/unit_ready/army_guards_c0efd3af1f89.webp
3834	SOURCE_LEAN/EW4_Web_Port_v0.61/assets/unit_ready/army_guards_c4a47058553e.webp
4468	SOURCE_LEAN/EW4_Web_Port_v0.61/assets/unit_ready/army_guards_c96edfd9bf12.webp
4876	SOURCE_LEAN/EW4_Web_Port_v0.61/assets/unit_ready/army_guards_cbf90f14ffe9.webp
5098	SOURCE_LEAN/EW4_Web_Port_v0.61/assets/unit_ready/army_guards_d3d7a66b4877.webp
4876	SOURCE_LEAN/EW4_Web_Port_v0.61/assets/unit_ready/army_guards_d473862f9f6c.webp
5552	SOURCE_LEAN/EW4_Web_Port_v0.61/assets/unit_ready/army_guards_d8100c89a77e.webp
5182	SOURCE_LEAN/EW4_Web_Port_v0.61/assets/unit_ready/army_guards_db0b43689bc0.webp
4876	SOURCE_LEAN/EW4_Web_Port_v0.61/assets/unit_ready/army_guards_e337137c1260.webp
3478	SOURCE_LEAN/EW4_Web_Port_v0.61/assets/unit_ready/army_guards_e6994ffa8b93.webp
3858	SOURCE_LEAN/EW4_Web_Port_v0.61/assets/unit_ready/army_guards_ec4dd5ef7e68.webp
4876	SOURCE_LEAN/EW4_Web_Port_v0.61/assets/unit_ready/army_guards_f0be086d8965.webp
4968	SOURCE_LEAN/EW4_Web_Port_v0.61/assets/unit_ready/army_guards_f2fa85f944b4.webp
3686	SOURCE_LEAN/EW4_Web_Port_v0.61/assets/unit_ready/army_guards_f3932e3b1029.webp
3762	SOURCE_LEAN/EW4_Web_Port_v0.61/assets/unit_ready/army_guards_f52d8407ea8b.webp
4510	SOURCE_LEAN/EW4_Web_Port_v0.61/assets/unit_ready/army_guards_f55c2f0485a7.webp
4286	SOURCE_LEAN/EW4_Web_Port_v0.61/assets/unit_ready/army_guards_f6433a4e159b.webp
4796	SOURCE_LEAN/EW4_Web_Port_v0.61/assets/unit_ready/army_guards_f66d10777dc9.webp
4876	SOURCE_LEAN/EW4_Web_Port_v0.61/assets/unit_ready/army_guards_fe86c30812d7.webp
3708	SOURCE_LEAN/EW4_Web_Port_v0.61/assets/unit_ready/army_guardscavalry_00d5f4cdc74c.webp
3542	SOURCE_LEAN/EW4_Web_Port_v0.61/assets/unit_ready/army_guardscavalry_0297269fd675.webp
3494	SOURCE_LEAN/EW4_Web_Port_v0.61/assets/unit_ready/army_guardscavalry_032ed3c20257.webp
4582	SOURCE_LEAN/EW4_Web_Port_v0.61/assets/unit_ready/army_guardscavalry_03a304fc2c39.webp
4566	SOURCE_LEAN/EW4_Web_Port_v0.61/assets/unit_ready/army_guardscavalry_088dcbbad556.webp
3500	SOURCE_LEAN/EW4_Web_Port_v0.61/assets/unit_ready/army_guardscavalry_0a831e5241ba.webp
3542	SOURCE_LEAN/EW4_Web_Port_v0.61/assets/unit_ready/army_guardscavalry_1d5490bfbc24.webp
4566	SOURCE_LEAN/EW4_Web_Port_v0.61/assets/unit_ready/army_guardscavalry_1eb89905e291.webp
3542	SOURCE_LEAN/EW4_Web_Port_v0.61/assets/unit_ready/army_guardscavalry_2083c352f32f.webp
3708	SOURCE_LEAN/EW4_Web_Port_v0.61/assets/unit_ready/army_guardscavalry_23d29b7198c8.webp
4504	SOURCE_LEAN/EW4_Web_Port_v0.61/assets/unit_ready/army_guardscavalry_24c91ed45e08.webp
3554	SOURCE_LEAN/EW4_Web_Port_v0.61/assets/unit_ready/army_guardscavalry_24cbdbca7bcc.webp
4402	SOURCE_LEAN/EW4_Web_Port_v0.61/assets/unit_ready/army_guardscavalry_2d2c3cc790eb.webp
4566	SOURCE_LEAN/EW4_Web_Port_v0.61/assets/unit_ready/army_guardscavalry_2dc95ec14201.webp
3494	SOURCE_LEAN/EW4_Web_Port_v0.61/assets/unit_ready/army_guardscavalry_2eb2bb9bbaaf.webp
4466	SOURCE_LEAN/EW4_Web_Port_v0.61/assets/unit_ready/army_guardscavalry_3ac88a2d27e0.webp
4582	SOURCE_LEAN/EW4_Web_Port_v0.61/assets/unit_ready/army_guardscavalry_3c2837428232.webp
3494	SOURCE_LEAN/EW4_Web_Port_v0.61/assets/unit_ready/army_guardscavalry_4debacd62ed8.webp
4582	SOURCE_LEAN/EW4_Web_Port_v0.61/assets/unit_ready/army_guardscavalry_4eb887dbd993.webp
4546	SOURCE_LEAN/EW4_Web_Port_v0.61/assets/unit_ready/army_guardscavalry_501e24f0b034.webp
4620	SOURCE_LEAN/EW4_Web_Port_v0.61/assets/unit_ready/army_guardscavalry_525189cdf781.webp
4566	SOURCE_LEAN/EW4_Web_Port_v0.61/assets/unit_ready/army_guardscavalry_6095675ac7da.webp
4432	SOURCE_LEAN/EW4_Web_Port_v0.61/assets/unit_ready/army_guardscavalry_64070966f738.webp
3542	SOURCE_LEAN/EW4_Web_Port_v0.61/assets/unit_ready/army_guardscavalry_6aa49b0c8548.webp
4582	SOURCE_LEAN/EW4_Web_Port_v0.61/assets/unit_ready/army_guardscavalry_7223b6e7e17e.webp
3708	SOURCE_LEAN/EW4_Web_Port_v0.61/assets/unit_ready/army_guardscavalry_7c21ed934218.webp
4432	SOURCE_LEAN/EW4_Web_Port_v0.61/assets/unit_ready/army_guardscavalry_80c6cdbc8388.webp
4566	SOURCE_LEAN/EW4_Web_Port_v0.61/assets/unit_ready/army_guardscavalry_80fab5e4f98d.webp
3542	SOURCE_LEAN/EW4_Web_Port_v0.61/assets/unit_ready/army_guardscavalry_813bf71f97af.webp
3738	SOURCE_LEAN/EW4_Web_Port_v0.61/assets/unit_ready/army_guardscavalry_8d07531ddcd2.webp
3708	SOURCE_LEAN/EW4_Web_Port_v0.61/assets/unit_ready/army_guardscavalry_8d0b8b9f4e40.webp
4432	SOURCE_LEAN/EW4_Web_Port_v0.61/assets/unit_ready/army_guardscavalry_8fb4129eb98c.webp
3744	SOURCE_LEAN/EW4_Web_Port_v0.61/assets/unit_ready/army_guardscavalry_987834d42c66.webp
4432	SOURCE_LEAN/EW4_Web_Port_v0.61/assets/unit_ready/army_guardscavalry_9cdb294a5130.webp
4432	SOURCE_LEAN/EW4_Web_Port_v0.61/assets/unit_ready/army_guardscavalry_9f9406e4d643.webp
3542	SOURCE_LEAN/EW4_Web_Port_v0.61/assets/unit_ready/army_guardscavalry_ac544adb6071.webp
4582	SOURCE_LEAN/EW4_Web_Port_v0.61/assets/unit_ready/army_guardscavalry_af3165400aa4.webp
4582	SOURCE_LEAN/EW4_Web_Port_v0.61/assets/unit_ready/army_guardscavalry_b27dca7d37d4.webp
3708	SOURCE_LEAN/EW4_Web_Port_v0.61/assets/unit_ready/army_guardscavalry_b2ea57674a0b.webp
4432	SOURCE_LEAN/EW4_Web_Port_v0.61/assets/unit_ready/army_guardscavalry_c06c95a1557a.webp
3494	SOURCE_LEAN/EW4_Web_Port_v0.61/assets/unit_ready/army_guardscavalry_d8437aee031c.webp
4432	SOURCE_LEAN/EW4_Web_Port_v0.61/assets/unit_ready/army_guardscavalry_da66e86227f2.webp
3548	SOURCE_LEAN/EW4_Web_Port_v0.61/assets/unit_ready/army_guardscavalry_da97a3045f0b.webp
3494	SOURCE_LEAN/EW4_Web_Port_v0.61/assets/unit_ready/army_guardscavalry_e31b51cf580f.webp
3494	SOURCE_LEAN/EW4_Web_Port_v0.61/assets/unit_ready/army_guardscavalry_eb7ed6a0d5f5.webp
3700	SOURCE_LEAN/EW4_Web_Port_v0.61/assets/unit_ready/army_guardscavalry_ed07b167dc41.webp
4598	SOURCE_LEAN/EW4_Web_Port_v0.61/assets/unit_ready/army_guardscavalry_ed58b0e7c862.webp
3708	SOURCE_LEAN/EW4_Web_Port_v0.61/assets/unit_ready/army_guardscavalry_f6f07adb4460.webp
3708	SOURCE_LEAN/EW4_Web_Port_v0.61/assets/unit_ready/army_guardscavalry_fba1fb647b41.webp
4566	SOURCE_LEAN/EW4_Web_Port_v0.61/assets/unit_ready/army_guardscavalry_fc595df3ac60.webp
4582	SOURCE_LEAN/EW4_Web_Port_v0.61/assets/unit_ready/army_guardscavalry_fef0998a12fd.webp
3494	SOURCE_LEAN/EW4_Web_Port_v0.61/assets/unit_ready/army_guardscavalry_ff8042bd4792.webp
4048	SOURCE_LEAN/EW4_Web_Port_v0.61/assets/unit_ready/army_heavycavalry_0e03e12acbbf.webp
3394	SOURCE_LEAN/EW4_Web_Port_v0.61/assets/unit_ready/army_heavycavalry_0e3668fc4ead.webp
3374	SOURCE_LEAN/EW4_Web_Port_v0.61/assets/unit_ready/army_heavycavalry_27d1369f4048.webp
3394	SOURCE_LEAN/EW4_Web_Port_v0.61/assets/unit_ready/army_heavycavalry_2b8aa2792995.webp
3342	SOURCE_LEAN/EW4_Web_Port_v0.61/assets/unit_ready/army_heavycavalry_329cfb89e679.webp
4094	SOURCE_LEAN/EW4_Web_Port_v0.61/assets/unit_ready/army_heavycavalry_376c34d22cc7.webp
3304	SOURCE_LEAN/EW4_Web_Port_v0.61/assets/unit_ready/army_heavycavalry_394f5dabd9ed.webp
4094	SOURCE_LEAN/EW4_Web_Port_v0.61/assets/unit_ready/army_heavycavalry_3e789a5dd4e5.webp
4094	SOURCE_LEAN/EW4_Web_Port_v0.61/assets/unit_ready/army_heavycavalry_3fd7438a7963.webp
4436	SOURCE_LEAN/EW4_Web_Port_v0.61/assets/unit_ready/army_heavycavalry_4332ec726ed2.webp
3374	SOURCE_LEAN/EW4_Web_Port_v0.61/assets/unit_ready/army_heavycavalry_45426138a676.webp
4436	SOURCE_LEAN/EW4_Web_Port_v0.61/assets/unit_ready/army_heavycavalry_474456a133a1.webp
4094	SOURCE_LEAN/EW4_Web_Port_v0.61/assets/unit_ready/army_heavycavalry_55a55e77792a.webp
3378	SOURCE_LEAN/EW4_Web_Port_v0.61/assets/unit_ready/army_heavycavalry_57f56bda45ad.webp
3374	SOURCE_LEAN/EW4_Web_Port_v0.61/assets/unit_ready/army_heavycavalry_5dfc2a1dd5e2.webp
4298	SOURCE_LEAN/EW4_Web_Port_v0.61/assets/unit_ready/army_heavycavalry_601ec47e0215.webp
3374	SOURCE_LEAN/EW4_Web_Port_v0.61/assets/unit_ready/army_heavycavalry_6212e82b465c.webp
4338	SOURCE_LEAN/EW4_Web_Port_v0.61/assets/unit_ready/army_heavycavalry_665e2da86f09.webp
4436	SOURCE_LEAN/EW4_Web_Port_v0.61/assets/unit_ready/army_heavycavalry_782e06ca7140.webp
4048	SOURCE_LEAN/EW4_Web_Port_v0.61/assets/unit_ready/army_heavycavalry_7c8f51073608.webp
4062	SOURCE_LEAN/EW4_Web_Port_v0.61/assets/unit_ready/army_heavycavalry_7e2bb4478eaa.webp
3376	SOURCE_LEAN/EW4_Web_Port_v0.61/assets/unit_ready/army_heavycavalry_81abac2d15a9.webp
4436	SOURCE_LEAN/EW4_Web_Port_v0.61/assets/unit_ready/army_heavycavalry_846f9f3a4b46.webp
4094	SOURCE_LEAN/EW4_Web_Port_v0.61/assets/unit_ready/army_heavycavalry_84ae4d30ca56.webp
3304	SOURCE_LEAN/EW4_Web_Port_v0.61/assets/unit_ready/army_heavycavalry_8ab8d5a77233.webp
4048	SOURCE_LEAN/EW4_Web_Port_v0.61/assets/unit_ready/army_heavycavalry_8c7779687e3f.webp
3340	SOURCE_LEAN/EW4_Web_Port_v0.61/assets/unit_ready/army_heavycavalry_8c8738332d87.webp
4048	SOURCE_LEAN/EW4_Web_Port_v0.61/assets/unit_ready/army_heavycavalry_8cfaf1b53ccf.webp
3374	SOURCE_LEAN/EW4_Web_Port_v0.61/assets/unit_ready/army_heavycavalry_8e7717ef8e64.webp
4048	SOURCE_LEAN/EW4_Web_Port_v0.61/assets/unit_ready/army_heavycavalry_92e7b5930992.webp
3394	SOURCE_LEAN/EW4_Web_Port_v0.61/assets/unit_ready/army_heavycavalry_962627192c4c.webp
4436	SOURCE_LEAN/EW4_Web_Port_v0.61/assets/unit_ready/army_heavycavalry_9713f35e489a.webp
4436	SOURCE_LEAN/EW4_Web_Port_v0.61/assets/unit_ready/army_heavycavalry_99b936218337.webp
3374	SOURCE_LEAN/EW4_Web_Port_v0.61/assets/unit_ready/army_heavycavalry_9a4075d70754.webp
4048	SOURCE_LEAN/EW4_Web_Port_v0.61/assets/unit_ready/army_heavycavalry_9ba47ae6d908.webp
4094	SOURCE_LEAN/EW4_Web_Port_v0.61/assets/unit_ready/army_heavycavalry_9d747fb50b5e.webp
3304	SOURCE_LEAN/EW4_Web_Port_v0.61/assets/unit_ready/army_heavycavalry_a176d91bab47.webp
3394	SOURCE_LEAN/EW4_Web_Port_v0.61/assets/unit_ready/army_heavycavalry_a88c55d06717.webp
4082	SOURCE_LEAN/EW4_Web_Port_v0.61/assets/unit_ready/army_heavycavalry_ac3092ade5e9.webp
3410	SOURCE_LEAN/EW4_Web_Port_v0.61/assets/unit_ready/army_heavycavalry_bdf33af68c56.webp
3304	SOURCE_LEAN/EW4_Web_Port_v0.61/assets/unit_ready/army_heavycavalry_bec4aa5e1d12.webp
3304	SOURCE_LEAN/EW4_Web_Port_v0.61/assets/unit_ready/army_heavycavalry_bf536fac3204.webp
4084	SOURCE_LEAN/EW4_Web_Port_v0.61/assets/unit_ready/army_heavycavalry_bfa638ca7771.webp
4048	SOURCE_LEAN/EW4_Web_Port_v0.61/assets/unit_ready/army_heavycavalry_cfb80ba604b3.webp
3394	SOURCE_LEAN/EW4_Web_Port_v0.61/assets/unit_ready/army_heavycavalry_df615176f47b.webp
3304	SOURCE_LEAN/EW4_Web_Port_v0.61/assets/unit_ready/army_heavycavalry_e288723996c6.webp
3376	SOURCE_LEAN/EW4_Web_Port_v0.61/assets/unit_ready/army_heavycavalry_e68be2f2ce65.webp
4044	SOURCE_LEAN/EW4_Web_Port_v0.61/assets/unit_ready/army_heavycavalry_eb9a14e18a9a.webp
3374	SOURCE_LEAN/EW4_Web_Port_v0.61/assets/unit_ready/army_heavycavalry_ede9b0de3f97.webp
4436	SOURCE_LEAN/EW4_Web_Port_v0.61/assets/unit_ready/army_heavycavalry_f3d8843d7224.webp
3304	SOURCE_LEAN/EW4_Web_Port_v0.61/assets/unit_ready/army_heavycavalry_f43975a90353.webp
3394	SOURCE_LEAN/EW4_Web_Port_v0.61/assets/unit_ready/army_heavycavalry_f645a27d1b9f.webp
4404	SOURCE_LEAN/EW4_Web_Port_v0.61/assets/unit_ready/army_lightcavalry_0064c23f326b.webp
4252	SOURCE_LEAN/EW4_Web_Port_v0.61/assets/unit_ready/army_lightcavalry_00ede999a9cc.webp
4226	SOURCE_LEAN/EW4_Web_Port_v0.61/assets/unit_ready/army_lightcavalry_00fef2256a09.webp
4404	SOURCE_LEAN/EW4_Web_Port_v0.61/assets/unit_ready/army_lightcavalry_14ddd61db3ca.webp
3396	SOURCE_LEAN/EW4_Web_Port_v0.61/assets/unit_ready/army_lightcavalry_1fb622edea24.webp
3320	SOURCE_LEAN/EW4_Web_Port_v0.61/assets/unit_ready/army_lightcavalry_20462469e8ab.webp
3320	SOURCE_LEAN/EW4_Web_Port_v0.61/assets/unit_ready/army_lightcavalry_21f4e8e741b9.webp
3516	SOURCE_LEAN/EW4_Web_Port_v0.61/assets/unit_ready/army_lightcavalry_22e82ad2ae5c.webp
4332	SOURCE_LEAN/EW4_Web_Port_v0.61/assets/unit_ready/army_lightcavalry_2afbf5e56081.webp
4252	SOURCE_LEAN/EW4_Web_Port_v0.61/assets/unit_ready/army_lightcavalry_318847da0b4b.webp
4404	SOURCE_LEAN/EW4_Web_Port_v0.61/assets/unit_ready/army_lightcavalry_3449fb9b9da3.webp
3470	SOURCE_LEAN/EW4_Web_Port_v0.61/assets/unit_ready/army_lightcavalry_34c905d3e14f.webp
3360	SOURCE_LEAN/EW4_Web_Port_v0.61/assets/unit_ready/army_lightcavalry_3caa8fe8d483.webp
3334	SOURCE_LEAN/EW4_Web_Port_v0.61/assets/unit_ready/army_lightcavalry_4032d4da3481.webp
3320	SOURCE_LEAN/EW4_Web_Port_v0.61/assets/unit_ready/army_lightcavalry_415f6f18895a.webp
4404	SOURCE_LEAN/EW4_Web_Port_v0.61/assets/unit_ready/army_lightcavalry_4f1e77a295a6.webp
4284	SOURCE_LEAN/EW4_Web_Port_v0.61/assets/unit_ready/army_lightcavalry_54f73971d65f.webp
4252	SOURCE_LEAN/EW4_Web_Port_v0.61/assets/unit_ready/army_lightcavalry_584fb9ddd39d.webp
3360	SOURCE_LEAN/EW4_Web_Port_v0.61/assets/unit_ready/army_lightcavalry_5b1ff28671ea.webp
3320	SOURCE_LEAN/EW4_Web_Port_v0.61/assets/unit_ready/army_lightcavalry_5b60ab0907e6.webp
3360	SOURCE_LEAN/EW4_Web_Port_v0.61/assets/unit_ready/army_lightcavalry_62878aa9e454.webp
3360	SOURCE_LEAN/EW4_Web_Port_v0.61/assets/unit_ready/army_lightcavalry_638b2d3530d4.webp
3396	SOURCE_LEAN/EW4_Web_Port_v0.61/assets/unit_ready/army_lightcavalry_6416225635bb.webp
3360	SOURCE_LEAN/EW4_Web_Port_v0.61/assets/unit_ready/army_lightcavalry_67dd9dadda03.webp
3360	SOURCE_LEAN/EW4_Web_Port_v0.61/assets/unit_ready/army_lightcavalry_6f8ab26c35fb.webp
4252	SOURCE_LEAN/EW4_Web_Port_v0.61/assets/unit_ready/army_lightcavalry_71dfae19bd92.webp
3320	SOURCE_LEAN/EW4_Web_Port_v0.61/assets/unit_ready/army_lightcavalry_76626415ff14.webp
4226	SOURCE_LEAN/EW4_Web_Port_v0.61/assets/unit_ready/army_lightcavalry_769ea1738a31.webp
4384	SOURCE_LEAN/EW4_Web_Port_v0.61/assets/unit_ready/army_lightcavalry_782eb202ffee.webp
3322	SOURCE_LEAN/EW4_Web_Port_v0.61/assets/unit_ready/army_lightcavalry_79a48b53982b.webp
3320	SOURCE_LEAN/EW4_Web_Port_v0.61/assets/unit_ready/army_lightcavalry_7a6417c58c75.webp
4404	SOURCE_LEAN/EW4_Web_Port_v0.61/assets/unit_ready/army_lightcavalry_832c52d5c3cd.webp
4226	SOURCE_LEAN/EW4_Web_Port_v0.61/assets/unit_ready/army_lightcavalry_8bb7dc6861a1.webp
4226	SOURCE_LEAN/EW4_Web_Port_v0.61/assets/unit_ready/army_lightcavalry_8dfbcc3f03d3.webp
4410	SOURCE_LEAN/EW4_Web_Port_v0.61/assets/unit_ready/army_lightcavalry_95e7132fb201.webp
3396	SOURCE_LEAN/EW4_Web_Port_v0.61/assets/unit_ready/army_lightcavalry_998b32067e77.webp
4226	SOURCE_LEAN/EW4_Web_Port_v0.61/assets/unit_ready/army_lightcavalry_9cc76c73f7a7.webp
4252	SOURCE_LEAN/EW4_Web_Port_v0.61/assets/unit_ready/army_lightcavalry_a23e36f36296.webp
3396	SOURCE_LEAN/EW4_Web_Port_v0.61/assets/unit_ready/army_lightcavalry_a424f3e5bf23.webp
3320	SOURCE_LEAN/EW4_Web_Port_v0.61/assets/unit_ready/army_lightcavalry_a4e973380c12.webp
3310	SOURCE_LEAN/EW4_Web_Port_v0.61/assets/unit_ready/army_lightcavalry_afc08aa97d60.webp
4252	SOURCE_LEAN/EW4_Web_Port_v0.61/assets/unit_ready/army_lightcavalry_c3c6b0e83cf5.webp
4392	SOURCE_LEAN/EW4_Web_Port_v0.61/assets/unit_ready/army_lightcavalry_c5b9198547f6.webp
3292	SOURCE_LEAN/EW4_Web_Port_v0.61/assets/unit_ready/army_lightcavalry_c6e49e293852.webp
3432	SOURCE_LEAN/EW4_Web_Port_v0.61/assets/unit_ready/army_lightcavalry_cae7e7ce84af.webp
3360	SOURCE_LEAN/EW4_Web_Port_v0.61/assets/unit_ready/army_lightcavalry_ce1288039124.webp
4094	SOURCE_LEAN/EW4_Web_Port_v0.61/assets/unit_ready/army_lightcavalry_cec536ef8811.webp
4252	SOURCE_LEAN/EW4_Web_Port_v0.61/assets/unit_ready/army_lightcavalry_d05bcb660906.webp
4226	SOURCE_LEAN/EW4_Web_Port_v0.61/assets/unit_ready/army_lightcavalry_dcee73ef6233.webp
3396	SOURCE_LEAN/EW4_Web_Port_v0.61/assets/unit_ready/army_lightcavalry_e13a0a346f66.webp
4226	SOURCE_LEAN/EW4_Web_Port_v0.61/assets/unit_ready/army_lightcavalry_e3680c0a887e.webp
4404	SOURCE_LEAN/EW4_Web_Port_v0.61/assets/unit_ready/army_lightcavalry_e89041ebed37.webp
4330	SOURCE_LEAN/EW4_Web_Port_v0.61/assets/unit_ready/army_lightcavalry_ee4a7d77644d.webp
3396	SOURCE_LEAN/EW4_Web_Port_v0.61/assets/unit_ready/army_lightcavalry_fb51bff97d38.webp
4946	SOURCE_LEAN/EW4_Web_Port_v0.61/assets/unit_ready/army_lightinfantry_0435e306739a.webp
4746	SOURCE_LEAN/EW4_Web_Port_v0.61/assets/unit_ready/army_lightinfantry_0cf422d1d61f.webp
3444	SOURCE_LEAN/EW4_Web_Port_v0.61/assets/unit_ready/army_lightinfantry_0f8f06cfa1d7.webp
4492	SOURCE_LEAN/EW4_Web_Port_v0.61/assets/unit_ready/army_lightinfantry_1069df8d5687.webp
4816	SOURCE_LEAN/EW4_Web_Port_v0.61/assets/unit_ready/army_lightinfantry_15c14420ded1.webp
3360	SOURCE_LEAN/EW4_Web_Port_v0.61/assets/unit_ready/army_lightinfantry_192af96b495e.webp
4644	SOURCE_LEAN/EW4_Web_Port_v0.61/assets/unit_ready/army_lightinfantry_1c8fa9c57635.webp
4492	SOURCE_LEAN/EW4_Web_Port_v0.61/assets/unit_ready/army_lightinfantry_26d62e67ffc3.webp
4502	SOURCE_LEAN/EW4_Web_Port_v0.61/assets/unit_ready/army_lightinfantry_2a0a85b0c9be.webp
4822	SOURCE_LEAN/EW4_Web_Port_v0.61/assets/unit_ready/army_lightinfantry_2dc83a3d74b2.webp
3360	SOURCE_LEAN/EW4_Web_Port_v0.61/assets/unit_ready/army_lightinfantry_2e18347218c8.webp
4946	SOURCE_LEAN/EW4_Web_Port_v0.61/assets/unit_ready/army_lightinfantry_2f482d6571be.webp
4816	SOURCE_LEAN/EW4_Web_Port_v0.61/assets/unit_ready/army_lightinfantry_312c838e8e7b.webp
3618	SOURCE_LEAN/EW4_Web_Port_v0.61/assets/unit_ready/army_lightinfantry_3391910b1d3a.webp
3618	SOURCE_LEAN/EW4_Web_Port_v0.61/assets/unit_ready/army_lightinfantry_35a9366775f0.webp
4536	SOURCE_LEAN/EW4_Web_Port_v0.61/assets/unit_ready/army_lightinfantry_3665f68e4f4d.webp
4644	SOURCE_LEAN/EW4_Web_Port_v0.61/assets/unit_ready/army_lightinfantry_38d0482446e8.webp
4644	SOURCE_LEAN/EW4_Web_Port_v0.61/assets/unit_ready/army_lightinfantry_3e9f4e008e3f.webp
4536	SOURCE_LEAN/EW4_Web_Port_v0.61/assets/unit_ready/army_lightinfantry_409b4e76230b.webp
4706	SOURCE_LEAN/EW4_Web_Port_v0.61/assets/unit_ready/army_lightinfantry_4139dd564b2b.webp
3618	SOURCE_LEAN/EW4_Web_Port_v0.61/assets/unit_ready/army_lightinfantry_4a97c136bc91.webp
4644	SOURCE_LEAN/EW4_Web_Port_v0.61/assets/unit_ready/army_lightinfantry_4da629bc23df.webp
4816	SOURCE_LEAN/EW4_Web_Port_v0.61/assets/unit_ready/army_lightinfantry_5832ebcf28a4.webp
4816	SOURCE_LEAN/EW4_Web_Port_v0.61/assets/unit_ready/army_lightinfantry_5bb7d541a13a.webp
3226	SOURCE_LEAN/EW4_Web_Port_v0.61/assets/unit_ready/army_lightinfantry_5d6a946d8b17.webp
4606	SOURCE_LEAN/EW4_Web_Port_v0.61/assets/unit_ready/army_lightinfantry_642972be2693.webp
4644	SOURCE_LEAN/EW4_Web_Port_v0.61/assets/unit_ready/army_lightinfantry_64906c2d613a.webp
3226	SOURCE_LEAN/EW4_Web_Port_v0.61/assets/unit_ready/army_lightinfantry_71a5d4e50a99.webp
4946	SOURCE_LEAN/EW4_Web_Port_v0.61/assets/unit_ready/army_lightinfantry_784d5ebb3643.webp
3226	SOURCE_LEAN/EW4_Web_Port_v0.61/assets/unit_ready/army_lightinfantry_784f7f64549d.webp
3226	SOURCE_LEAN/EW4_Web_Port_v0.61/assets/unit_ready/army_lightinfantry_7c2b0e3e3ca7.webp
3164	SOURCE_LEAN/EW4_Web_Port_v0.61/assets/unit_ready/army_lightinfantry_809d3f37a466.webp
4554	SOURCE_LEAN/EW4_Web_Port_v0.61/assets/unit_ready/army_lightinfantry_8196645890c0.webp
4466	SOURCE_LEAN/EW4_Web_Port_v0.61/assets/unit_ready/army_lightinfantry_82acf5e98db5.webp
3360	SOURCE_LEAN/EW4_Web_Port_v0.61/assets/unit_ready/army_lightinfantry_84fa633bd284.webp
4644	SOURCE_LEAN/EW4_Web_Port_v0.61/assets/unit_ready/army_lightinfantry_8651a47c3598.webp
3618	SOURCE_LEAN/EW4_Web_Port_v0.61/assets/unit_ready/army_lightinfantry_88d16e2e9e6d.webp
4946	SOURCE_LEAN/EW4_Web_Port_v0.61/assets/unit_ready/army_lightinfantry_89d5bd22fb69.webp
3360	SOURCE_LEAN/EW4_Web_Port_v0.61/assets/unit_ready/army_lightinfantry_8ba2a49a6361.webp
4644	SOURCE_LEAN/EW4_Web_Port_v0.61/assets/unit_ready/army_lightinfantry_919264806d05.webp
3094	SOURCE_LEAN/EW4_Web_Port_v0.61/assets/unit_ready/army_lightinfantry_922bb8e72e81.webp
3360	SOURCE_LEAN/EW4_Web_Port_v0.61/assets/unit_ready/army_lightinfantry_99445cf2a1c5.webp
4816	SOURCE_LEAN/EW4_Web_Port_v0.61/assets/unit_ready/army_lightinfantry_9b40c676cd9d.webp
4840	SOURCE_LEAN/EW4_Web_Port_v0.61/assets/unit_ready/army_lightinfantry_9f635c4a801d.webp
3360	SOURCE_LEAN/EW4_Web_Port_v0.61/assets/unit_ready/army_lightinfantry_9f8deb64ae8e.webp
3618	SOURCE_LEAN/EW4_Web_Port_v0.61/assets/unit_ready/army_lightinfantry_a3df6ef88497.webp
4492	SOURCE_LEAN/EW4_Web_Port_v0.61/assets/unit_ready/army_lightinfantry_a79df2d1ebb5.webp
4796	SOURCE_LEAN/EW4_Web_Port_v0.61/assets/unit_ready/army_lightinfantry_a90eec2e4de2.webp
4796	SOURCE_LEAN/EW4_Web_Port_v0.61/assets/unit_ready/army_lightinfantry_b6508c004a97.webp
3360	SOURCE_LEAN/EW4_Web_Port_v0.61/assets/unit_ready/army_lightinfantry_b7e7729d0edb.webp
4946	SOURCE_LEAN/EW4_Web_Port_v0.61/assets/unit_ready/army_lightinfantry_b8983b21df85.webp
4536	SOURCE_LEAN/EW4_Web_Port_v0.61/assets/unit_ready/army_lightinfantry_b8e298484162.webp
4532	SOURCE_LEAN/EW4_Web_Port_v0.61/assets/unit_ready/army_lightinfantry_bb9febbf01e4.webp
4318	SOURCE_LEAN/EW4_Web_Port_v0.61/assets/unit_ready/army_lightinfantry_bbf60d03b4f9.webp
3482	SOURCE_LEAN/EW4_Web_Port_v0.61/assets/unit_ready/army_lightinfantry_bd577d627aa7.webp
5336	SOURCE_LEAN/EW4_Web_Port_v0.61/assets/unit_ready/army_lightinfantry_c00a40ab2576.webp
4536	SOURCE_LEAN/EW4_Web_Port_v0.61/assets/unit_ready/army_lightinfantry_c4d7468364ce.webp
4796	SOURCE_LEAN/EW4_Web_Port_v0.61/assets/unit_ready/army_lightinfantry_c5b7a4cebe62.webp
4492	SOURCE_LEAN/EW4_Web_Port_v0.61/assets/unit_ready/army_lightinfantry_c6d6eaaa7612.webp
3526	SOURCE_LEAN/EW4_Web_Port_v0.61/assets/unit_ready/army_lightinfantry_c8c52857a1ff.webp
3226	SOURCE_LEAN/EW4_Web_Port_v0.61/assets/unit_ready/army_lightinfantry_c942bd881125.webp
3470	SOURCE_LEAN/EW4_Web_Port_v0.61/assets/unit_ready/army_lightinfantry_d09c4d66e38a.webp
3226	SOURCE_LEAN/EW4_Web_Port_v0.61/assets/unit_ready/army_lightinfantry_d6c8ba2fcc22.webp
3618	SOURCE_LEAN/EW4_Web_Port_v0.61/assets/unit_ready/army_lightinfantry_da298f4bb565.webp
4816	SOURCE_LEAN/EW4_Web_Port_v0.61/assets/unit_ready/army_lightinfantry_da36afca0cb8.webp
4796	SOURCE_LEAN/EW4_Web_Port_v0.61/assets/unit_ready/army_lightinfantry_dc553558e099.webp
3440	SOURCE_LEAN/EW4_Web_Port_v0.61/assets/unit_ready/army_lightinfantry_e0297c686b16.webp
4536	SOURCE_LEAN/EW4_Web_Port_v0.61/assets/unit_ready/army_lightinfantry_e084101b8ecc.webp
4424	SOURCE_LEAN/EW4_Web_Port_v0.61/assets/unit_ready/army_lightinfantry_e0aee394e73c.webp
4946	SOURCE_LEAN/EW4_Web_Port_v0.61/assets/unit_ready/army_lightinfantry_e1d97d675ae8.webp
4536	SOURCE_LEAN/EW4_Web_Port_v0.61/assets/unit_ready/army_lightinfantry_e6bad39a24de.webp
4116	SOURCE_LEAN/EW4_Web_Port_v0.61/assets/unit_ready/army_lightinfantry_e85518e8a5b9.webp
4536	SOURCE_LEAN/EW4_Web_Port_v0.61/assets/unit_ready/army_lightinfantry_e873b9b0c051.webp
4796	SOURCE_LEAN/EW4_Web_Port_v0.61/assets/unit_ready/army_lightinfantry_e8e227471e3d.webp
4816	SOURCE_LEAN/EW4_Web_Port_v0.61/assets/unit_ready/army_lightinfantry_ea5af8843986.webp
4796	SOURCE_LEAN/EW4_Web_Port_v0.61/assets/unit_ready/army_lightinfantry_ed17624cdf5a.webp
4492	SOURCE_LEAN/EW4_Web_Port_v0.61/assets/unit_ready/army_lightinfantry_f0f3b8f6b952.webp
3618	SOURCE_LEAN/EW4_Web_Port_v0.61/assets/unit_ready/army_lightinfantry_f650e0242d29.webp
4492	SOURCE_LEAN/EW4_Web_Port_v0.61/assets/unit_ready/army_lightinfantry_f87d67705580.webp
4744	SOURCE_LEAN/EW4_Web_Port_v0.61/assets/unit_ready/army_lightinfantry_fcbbbc127180.webp
4946	SOURCE_LEAN/EW4_Web_Port_v0.61/assets/unit_ready/army_lightinfantry_fef9d9f3fd4f.webp
4080	SOURCE_LEAN/EW4_Web_Port_v0.61/assets/unit_ready/army_lineinfantry_097fa4abc1e2.webp
3204	SOURCE_LEAN/EW4_Web_Port_v0.61/assets/unit_ready/army_lineinfantry_0a84e047c8a3.webp
4422	SOURCE_LEAN/EW4_Web_Port_v0.61/assets/unit_ready/army_lineinfantry_13d39a0b9ee9.webp
4472	SOURCE_LEAN/EW4_Web_Port_v0.61/assets/unit_ready/army_lineinfantry_147b1e42f967.webp
4016	SOURCE_LEAN/EW4_Web_Port_v0.61/assets/unit_ready/army_lineinfantry_15b319ebf7e3.webp
3990	SOURCE_LEAN/EW4_Web_Port_v0.61/assets/unit_ready/army_lineinfantry_195371874973.webp
4422	SOURCE_LEAN/EW4_Web_Port_v0.61/assets/unit_ready/army_lineinfantry_1c45a9b84288.webp
4484	SOURCE_LEAN/EW4_Web_Port_v0.61/assets/unit_ready/army_lineinfantry_20987abeffec.webp
3246	SOURCE_LEAN/EW4_Web_Port_v0.61/assets/unit_ready/army_lineinfantry_28cacb4f423b.webp
3360	SOURCE_LEAN/EW4_Web_Port_v0.61/assets/unit_ready/army_lineinfantry_2af149975d53.webp
3990	SOURCE_LEAN/EW4_Web_Port_v0.61/assets/unit_ready/army_lineinfantry_2b64dace455f.webp
4274	SOURCE_LEAN/EW4_Web_Port_v0.61/assets/unit_ready/army_lineinfantry_30c63c8f1c88.webp
4016	SOURCE_LEAN/EW4_Web_Port_v0.61/assets/unit_ready/army_lineinfantry_3115e68d2048.webp
3870	SOURCE_LEAN/EW4_Web_Port_v0.61/assets/unit_ready/army_lineinfantry_31d48e882a18.webp
4242	SOURCE_LEAN/EW4_Web_Port_v0.61/assets/unit_ready/army_lineinfantry_325dd505fcdc.webp
3204	SOURCE_LEAN/EW4_Web_Port_v0.61/assets/unit_ready/army_lineinfantry_35032abfb381.webp
3246	SOURCE_LEAN/EW4_Web_Port_v0.61/assets/unit_ready/army_lineinfantry_3531c308736c.webp
4468	SOURCE_LEAN/EW4_Web_Port_v0.61/assets/unit_ready/army_lineinfantry_3a290185aaa7.webp
4274	SOURCE_LEAN/EW4_Web_Port_v0.61/assets/unit_ready/army_lineinfantry_3acbc8af5b73.webp
4476	SOURCE_LEAN/EW4_Web_Port_v0.61/assets/unit_ready/army_lineinfantry_426d000b5023.webp
4422	SOURCE_LEAN/EW4_Web_Port_v0.61/assets/unit_ready/army_lineinfantry_433d7608bc82.webp
4016	SOURCE_LEAN/EW4_Web_Port_v0.61/assets/unit_ready/army_lineinfantry_437987d50d74.webp
4620	SOURCE_LEAN/EW4_Web_Port_v0.61/assets/unit_ready/army_lineinfantry_4624121e3419.webp
3870	SOURCE_LEAN/EW4_Web_Port_v0.61/assets/unit_ready/army_lineinfantry_49eec8e73105.webp
3360	SOURCE_LEAN/EW4_Web_Port_v0.61/assets/unit_ready/army_lineinfantry_4a691e215785.webp
3990	SOURCE_LEAN/EW4_Web_Port_v0.61/assets/unit_ready/army_lineinfantry_4da6c4e84803.webp
3380	SOURCE_LEAN/EW4_Web_Port_v0.61/assets/unit_ready/army_lineinfantry_515844415369.webp
3488	SOURCE_LEAN/EW4_Web_Port_v0.61/assets/unit_ready/army_lineinfantry_554e83aa1c1e.webp
3990	SOURCE_LEAN/EW4_Web_Port_v0.61/assets/unit_ready/army_lineinfantry_59c84f1e16fd.webp
3360	SOURCE_LEAN/EW4_Web_Port_v0.61/assets/unit_ready/army_lineinfantry_5ae8517f01ad.webp
3246	SOURCE_LEAN/EW4_Web_Port_v0.61/assets/unit_ready/army_lineinfantry_5b9e4a8fb8b3.webp
4484	SOURCE_LEAN/EW4_Web_Port_v0.61/assets/unit_ready/army_lineinfantry_658973c50934.webp
4422	SOURCE_LEAN/EW4_Web_Port_v0.61/assets/unit_ready/army_lineinfantry_681c983f13a8.webp
3342	SOURCE_LEAN/EW4_Web_Port_v0.61/assets/unit_ready/army_lineinfantry_6cde44bf5380.webp
3204	SOURCE_LEAN/EW4_Web_Port_v0.61/assets/unit_ready/army_lineinfantry_6f435002b706.webp
3278	SOURCE_LEAN/EW4_Web_Port_v0.61/assets/unit_ready/army_lineinfantry_72d79e958d46.webp
4154	SOURCE_LEAN/EW4_Web_Port_v0.61/assets/unit_ready/army_lineinfantry_731a49c57466.webp
4228	SOURCE_LEAN/EW4_Web_Port_v0.61/assets/unit_ready/army_lineinfantry_7d031d475808.webp
3990	SOURCE_LEAN/EW4_Web_Port_v0.61/assets/unit_ready/army_lineinfantry_804642c7a773.webp
3870	SOURCE_LEAN/EW4_Web_Port_v0.61/assets/unit_ready/army_lineinfantry_814d19b6a375.webp
4484	SOURCE_LEAN/EW4_Web_Port_v0.61/assets/unit_ready/army_lineinfantry_8313ca6152ec.webp
3870	SOURCE_LEAN/EW4_Web_Port_v0.61/assets/unit_ready/army_lineinfantry_878f6f5c7b03.webp
3360	SOURCE_LEAN/EW4_Web_Port_v0.61/assets/unit_ready/army_lineinfantry_8b8553528a7b.webp
4484	SOURCE_LEAN/EW4_Web_Port_v0.61/assets/unit_ready/army_lineinfantry_924f42a8d28d.webp
3870	SOURCE_LEAN/EW4_Web_Port_v0.61/assets/unit_ready/army_lineinfantry_95f0ce55e74c.webp
3246	SOURCE_LEAN/EW4_Web_Port_v0.61/assets/unit_ready/army_lineinfantry_9615ad9ef916.webp
3360	SOURCE_LEAN/EW4_Web_Port_v0.61/assets/unit_ready/army_lineinfantry_973d02f3f15e.webp
3204	SOURCE_LEAN/EW4_Web_Port_v0.61/assets/unit_ready/army_lineinfantry_9e089afc4bf6.webp
4484	SOURCE_LEAN/EW4_Web_Port_v0.61/assets/unit_ready/army_lineinfantry_9f1902ad1394.webp
4500	SOURCE_LEAN/EW4_Web_Port_v0.61/assets/unit_ready/army_lineinfantry_a61f0b40a8cf.webp
4422	SOURCE_LEAN/EW4_Web_Port_v0.61/assets/unit_ready/army_lineinfantry_ac494f30421a.webp
4274	SOURCE_LEAN/EW4_Web_Port_v0.61/assets/unit_ready/army_lineinfantry_b395d1b46669.webp
3204	SOURCE_LEAN/EW4_Web_Port_v0.61/assets/unit_ready/army_lineinfantry_b8e990cbca2e.webp
3870	SOURCE_LEAN/EW4_Web_Port_v0.61/assets/unit_ready/army_lineinfantry_ba71a5f9b154.webp
3246	SOURCE_LEAN/EW4_Web_Port_v0.61/assets/unit_ready/army_lineinfantry_c535776a7647.webp
3990	SOURCE_LEAN/EW4_Web_Port_v0.61/assets/unit_ready/army_lineinfantry_c84261e47f79.webp
4484	SOURCE_LEAN/EW4_Web_Port_v0.61/assets/unit_ready/army_lineinfantry_c8a32ce9bcce.webp
4274	SOURCE_LEAN/EW4_Web_Port_v0.61/assets/unit_ready/army_lineinfantry_c92ccf4dc0c1.webp
3246	SOURCE_LEAN/EW4_Web_Port_v0.61/assets/unit_ready/army_lineinfantry_ccb43dc60bc4.webp
4170	SOURCE_LEAN/EW4_Web_Port_v0.61/assets/unit_ready/army_lineinfantry_ccd1fd7162a7.webp
3870	SOURCE_LEAN/EW4_Web_Port_v0.61/assets/unit_ready/army_lineinfantry_d0648b875c0a.webp
4016	SOURCE_LEAN/EW4_Web_Port_v0.61/assets/unit_ready/army_lineinfantry_d268433c4ee1.webp
4068	SOURCE_LEAN/EW4_Web_Port_v0.61/assets/unit_ready/army_lineinfantry_d715a5f629a3.webp
4274	SOURCE_LEAN/EW4_Web_Port_v0.61/assets/unit_ready/army_lineinfantry_d8201c91ac2b.webp
4422	SOURCE_LEAN/EW4_Web_Port_v0.61/assets/unit_ready/army_lineinfantry_d94f7b86949b.webp
3204	SOURCE_LEAN/EW4_Web_Port_v0.61/assets/unit_ready/army_lineinfantry_d96f62a0d6e5.webp
4016	SOURCE_LEAN/EW4_Web_Port_v0.61/assets/unit_ready/army_lineinfantry_dee18ef7a196.webp
3374	SOURCE_LEAN/EW4_Web_Port_v0.61/assets/unit_ready/army_lineinfantry_dfb019af7373.webp
3380	SOURCE_LEAN/EW4_Web_Port_v0.61/assets/unit_ready/army_lineinfantry_e0c85f3fa9a8.webp
4644	SOURCE_LEAN/EW4_Web_Port_v0.61/assets/unit_ready/army_lineinfantry_e19c6ed8c9d1.webp
3204	SOURCE_LEAN/EW4_Web_Port_v0.61/assets/unit_ready/army_lineinfantry_e4d682ffc00f.webp
4274	SOURCE_LEAN/EW4_Web_Port_v0.61/assets/unit_ready/army_lineinfantry_e54c462cfdf0.webp
3360	SOURCE_LEAN/EW4_Web_Port_v0.61/assets/unit_ready/army_lineinfantry_e72e514803a9.webp
3990	SOURCE_LEAN/EW4_Web_Port_v0.61/assets/unit_ready/army_lineinfantry_e983671c37b5.webp
4274	SOURCE_LEAN/EW4_Web_Port_v0.61/assets/unit_ready/army_lineinfantry_f061383b81f3.webp
4484	SOURCE_LEAN/EW4_Web_Port_v0.61/assets/unit_ready/army_lineinfantry_f57f45d6bc93.webp
4016	SOURCE_LEAN/EW4_Web_Port_v0.61/assets/unit_ready/army_lineinfantry_f8bf304e33a5.webp
3246	SOURCE_LEAN/EW4_Web_Port_v0.61/assets/unit_ready/army_lineinfantry_fe7fe6f3b641.webp
4110	SOURCE_LEAN/EW4_Web_Port_v0.61/assets/unit_ready/army_militia_00f09a5de305.webp
4752	SOURCE_LEAN/EW4_Web_Port_v0.61/assets/unit_ready/army_militia_017dbac10146.webp
4406	SOURCE_LEAN/EW4_Web_Port_v0.61/assets/unit_ready/army_militia_02482dff4c41.webp
3620	SOURCE_LEAN/EW4_Web_Port_v0.61/assets/unit_ready/army_militia_02bd11edfc45.webp
3642	SOURCE_LEAN/EW4_Web_Port_v0.61/assets/unit_ready/army_militia_0698634b42d4.webp
3642	SOURCE_LEAN/EW4_Web_Port_v0.61/assets/unit_ready/army_militia_0968be04e5ce.webp
3848	SOURCE_LEAN/EW4_Web_Port_v0.61/assets/unit_ready/army_militia_0bb723812841.webp
4726	SOURCE_LEAN/EW4_Web_Port_v0.61/assets/unit_ready/army_militia_0bee3bf9e4db.webp
4734	SOURCE_LEAN/EW4_Web_Port_v0.61/assets/unit_ready/army_militia_0c89d3fe6b73.webp
4726	SOURCE_LEAN/EW4_Web_Port_v0.61/assets/unit_ready/army_militia_0c9a74b4408b.webp
3266	SOURCE_LEAN/EW4_Web_Port_v0.61/assets/unit_ready/army_militia_0f9da9bcd12f.webp
4726	SOURCE_LEAN/EW4_Web_Port_v0.61/assets/unit_ready/army_militia_171e433e8bca.webp
3642	SOURCE_LEAN/EW4_Web_Port_v0.61/assets/unit_ready/army_militia_1b6a34855a5e.webp
4726	SOURCE_LEAN/EW4_Web_Port_v0.61/assets/unit_ready/army_militia_25b4b495cb78.webp
3696	SOURCE_LEAN/EW4_Web_Port_v0.61/assets/unit_ready/army_militia_26fe0a9d47b1.webp
3832	SOURCE_LEAN/EW4_Web_Port_v0.61/assets/unit_ready/army_militia_2cb63c42b3d8.webp
4638	SOURCE_LEAN/EW4_Web_Port_v0.61/assets/unit_ready/army_militia_3c1523b8a8d0.webp
4370	SOURCE_LEAN/EW4_Web_Port_v0.61/assets/unit_ready/army_militia_3d7b077603dc.webp
4370	SOURCE_LEAN/EW4_Web_Port_v0.61/assets/unit_ready/army_militia_41307dc46a14.webp
4726	SOURCE_LEAN/EW4_Web_Port_v0.61/assets/unit_ready/army_militia_4841ca0e6d41.webp
3832	SOURCE_LEAN/EW4_Web_Port_v0.61/assets/unit_ready/army_militia_484301ee405b.webp
4752	SOURCE_LEAN/EW4_Web_Port_v0.61/assets/unit_ready/army_militia_4caa312a475b.webp
4752	SOURCE_LEAN/EW4_Web_Port_v0.61/assets/unit_ready/army_militia_4d3fa391d0c9.webp
3642	SOURCE_LEAN/EW4_Web_Port_v0.61/assets/unit_ready/army_militia_4fd5111b45e6.webp
4726	SOURCE_LEAN/EW4_Web_Port_v0.61/assets/unit_ready/army_militia_59fbdfa08fe0.webp
4752	SOURCE_LEAN/EW4_Web_Port_v0.61/assets/unit_ready/army_militia_5ccf804df888.webp
4406	SOURCE_LEAN/EW4_Web_Port_v0.61/assets/unit_ready/army_militia_5f1ac2f85da5.webp
4370	SOURCE_LEAN/EW4_Web_Port_v0.61/assets/unit_ready/army_militia_6341fe40d56a.webp
3960	SOURCE_LEAN/EW4_Web_Port_v0.61/assets/unit_ready/army_militia_6f618ee23109.webp
3642	SOURCE_LEAN/EW4_Web_Port_v0.61/assets/unit_ready/army_militia_6fb417c9f147.webp
3620	SOURCE_LEAN/EW4_Web_Port_v0.61/assets/unit_ready/army_militia_714842edec79.webp
4110	SOURCE_LEAN/EW4_Web_Port_v0.61/assets/unit_ready/army_militia_7228204b6780.webp
4406	SOURCE_LEAN/EW4_Web_Port_v0.61/assets/unit_ready/army_militia_7d078ed65ac9.webp
3620	SOURCE_LEAN/EW4_Web_Port_v0.61/assets/unit_ready/army_militia_7f6bc25210e6.webp
4752	SOURCE_LEAN/EW4_Web_Port_v0.61/assets/unit_ready/army_militia_8417d1e62175.webp
4110	SOURCE_LEAN/EW4_Web_Port_v0.61/assets/unit_ready/army_militia_890f1ea9bf0b.webp
3832	SOURCE_LEAN/EW4_Web_Port_v0.61/assets/unit_ready/army_militia_8c235c5d0fa0.webp
3588	SOURCE_LEAN/EW4_Web_Port_v0.61/assets/unit_ready/army_militia_8cd6661f3140.webp
4762	SOURCE_LEAN/EW4_Web_Port_v0.61/assets/unit_ready/army_militia_8ce252374ced.webp
4406	SOURCE_LEAN/EW4_Web_Port_v0.61/assets/unit_ready/army_militia_926796b02d30.webp
4370	SOURCE_LEAN/EW4_Web_Port_v0.61/assets/unit_ready/army_militia_928945fd30c7.webp
3832	SOURCE_LEAN/EW4_Web_Port_v0.61/assets/unit_ready/army_militia_9322951211bc.webp
4370	SOURCE_LEAN/EW4_Web_Port_v0.61/assets/unit_ready/army_militia_93a4d5c5d7fc.webp
4406	SOURCE_LEAN/EW4_Web_Port_v0.61/assets/unit_ready/army_militia_95156ee2a484.webp
4726	SOURCE_LEAN/EW4_Web_Port_v0.61/assets/unit_ready/army_militia_9a9cd4e57738.webp
3620	SOURCE_LEAN/EW4_Web_Port_v0.61/assets/unit_ready/army_militia_9cb4dab2c7e9.webp
4406	SOURCE_LEAN/EW4_Web_Port_v0.61/assets/unit_ready/army_militia_9e353286ee88.webp
4752	SOURCE_LEAN/EW4_Web_Port_v0.61/assets/unit_ready/army_militia_a04c1f7be412.webp
4748	SOURCE_LEAN/EW4_Web_Port_v0.61/assets/unit_ready/army_militia_a193c9acdeaa.webp
3620	SOURCE_LEAN/EW4_Web_Port_v0.61/assets/unit_ready/army_militia_a28da390feba.webp
4748	SOURCE_LEAN/EW4_Web_Port_v0.61/assets/unit_ready/army_militia_a8fe51cc6eff.webp
4752	SOURCE_LEAN/EW4_Web_Port_v0.61/assets/unit_ready/army_militia_ab31bbb6a8af.webp
3620	SOURCE_LEAN/EW4_Web_Port_v0.61/assets/unit_ready/army_militia_ac25bfe70a2f.webp
4748	SOURCE_LEAN/EW4_Web_Port_v0.61/assets/unit_ready/army_militia_ac8e08bd35d8.webp
4110	SOURCE_LEAN/EW4_Web_Port_v0.61/assets/unit_ready/army_militia_ad01ca0859f8.webp
4648	SOURCE_LEAN/EW4_Web_Port_v0.61/assets/unit_ready/army_militia_b49e9f6da766.webp
4236	SOURCE_LEAN/EW4_Web_Port_v0.61/assets/unit_ready/army_militia_b5d1fa325827.webp
3794	SOURCE_LEAN/EW4_Web_Port_v0.61/assets/unit_ready/army_militia_b693c6b7f69e.webp
3842	SOURCE_LEAN/EW4_Web_Port_v0.61/assets/unit_ready/army_militia_b7a7168f0a71.webp
4574	SOURCE_LEAN/EW4_Web_Port_v0.61/assets/unit_ready/army_militia_c2f68ca6da9f.webp
3642	SOURCE_LEAN/EW4_Web_Port_v0.61/assets/unit_ready/army_militia_c89d92f5c38a.webp
4370	SOURCE_LEAN/EW4_Web_Port_v0.61/assets/unit_ready/army_militia_cba4bddfbc7e.webp
4290	SOURCE_LEAN/EW4_Web_Port_v0.61/assets/unit_ready/army_militia_cee60148a5f3.webp
4748	SOURCE_LEAN/EW4_Web_Port_v0.61/assets/unit_ready/army_militia_d17f245c348b.webp
4370	SOURCE_LEAN/EW4_Web_Port_v0.61/assets/unit_ready/army_militia_d3d92ab83d6f.webp
4110	SOURCE_LEAN/EW4_Web_Port_v0.61/assets/unit_ready/army_militia_d3ed311b86a9.webp
4188	SOURCE_LEAN/EW4_Web_Port_v0.61/assets/unit_ready/army_militia_d41f8533835b.webp
3832	SOURCE_LEAN/EW4_Web_Port_v0.61/assets/unit_ready/army_militia_d45cc8e84b98.webp
4634	SOURCE_LEAN/EW4_Web_Port_v0.61/assets/unit_ready/army_militia_d5a668206804.webp
3448	SOURCE_LEAN/EW4_Web_Port_v0.61/assets/unit_ready/army_militia_d61e4604bf7a.webp
4748	SOURCE_LEAN/EW4_Web_Port_v0.61/assets/unit_ready/army_militia_db7b04cd79b9.webp
4366	SOURCE_LEAN/EW4_Web_Port_v0.61/assets/unit_ready/army_militia_def345995093.webp
4110	SOURCE_LEAN/EW4_Web_Port_v0.61/assets/unit_ready/army_militia_df8e56ea1664.webp
4770	SOURCE_LEAN/EW4_Web_Port_v0.61/assets/unit_ready/army_militia_e3730433a153.webp
3620	SOURCE_LEAN/EW4_Web_Port_v0.61/assets/unit_ready/army_militia_e515b528db87.webp
3832	SOURCE_LEAN/EW4_Web_Port_v0.61/assets/unit_ready/army_militia_e82d2435d170.webp
4118	SOURCE_LEAN/EW4_Web_Port_v0.61/assets/unit_ready/army_militia_f12ab76315db.webp
4110	SOURCE_LEAN/EW4_Web_Port_v0.61/assets/unit_ready/army_militia_f803f12731b3.webp
4748	SOURCE_LEAN/EW4_Web_Port_v0.61/assets/unit_ready/army_militia_fc35cc087814.webp
4398	SOURCE_LEAN/EW4_Web_Port_v0.61/assets/unit_ready/army_militia_fc5c064d2892.webp
3832	SOURCE_LEAN/EW4_Web_Port_v0.61/assets/unit_ready/army_militia_fcb9bdbb2566.webp
2756	SOURCE_LEAN/EW4_Web_Port_v0.61/assets/unit_ready/army_ship_39dd52f1f8b5.webp
3200	SOURCE_LEAN/EW4_Web_Port_v0.61/assets/unit_ready/army_ship_7e71746a31ed.webp
3742	SOURCE_LEAN/EW4_Web_Port_v0.61/assets/unit_ready/army_ship_a7a8ef2bfd98.webp
4770	SOURCE_LEAN/EW4_Web_Port_v0.61/assets/unit_ready/army_ship_bf3238796ad9.webp
3328	SOURCE_LEAN/EW4_Web_Port_v0.61/assets/unit_reload/army_artillery_0259a6e198c6.webp
4260	SOURCE_LEAN/EW4_Web_Port_v0.61/assets/unit_reload/army_artillery_02db4306bc5a.webp
3436	SOURCE_LEAN/EW4_Web_Port_v0.61/assets/unit_reload/army_artillery_0359cc0c2e58.webp
5264	SOURCE_LEAN/EW4_Web_Port_v0.61/assets/unit_reload/army_artillery_049e22c361e0.webp
2580	SOURCE_LEAN/EW4_Web_Port_v0.61/assets/unit_reload/army_artillery_05351a6109ad.webp
5160	SOURCE_LEAN/EW4_Web_Port_v0.61/assets/unit_reload/army_artillery_05fc0ba747aa.webp
5264	SOURCE_LEAN/EW4_Web_Port_v0.61/assets/unit_reload/army_artillery_067e015c58e0.webp
2568	SOURCE_LEAN/EW4_Web_Port_v0.61/assets/unit_reload/army_artillery_079cb651c09f.webp
4480	SOURCE_LEAN/EW4_Web_Port_v0.61/assets/unit_reload/army_artillery_0c053d33d396.webp
2580	SOURCE_LEAN/EW4_Web_Port_v0.61/assets/unit_reload/army_artillery_0e4fb4bf2e33.webp
4260	SOURCE_LEAN/EW4_Web_Port_v0.61/assets/unit_reload/army_artillery_0f3430c43d73.webp
5118	SOURCE_LEAN/EW4_Web_Port_v0.61/assets/unit_reload/army_artillery_0f871c1fd2c3.webp
5204	SOURCE_LEAN/EW4_Web_Port_v0.61/assets/unit_reload/army_artillery_12b643fc9ba2.webp
2672	SOURCE_LEAN/EW4_Web_Port_v0.61/assets/unit_reload/army_artillery_134f25a7f906.webp
4204	SOURCE_LEAN/EW4_Web_Port_v0.61/assets/unit_reload/army_artillery_16b8d7fd4aea.webp
4204	SOURCE_LEAN/EW4_Web_Port_v0.61/assets/unit_reload/army_artillery_1972678e1b78.webp
3226	SOURCE_LEAN/EW4_Web_Port_v0.61/assets/unit_reload/army_artillery_1be1859a4320.webp
4082	SOURCE_LEAN/EW4_Web_Port_v0.61/assets/unit_reload/army_artillery_1d9db86910e2.webp
4226	SOURCE_LEAN/EW4_Web_Port_v0.61/assets/unit_reload/army_artillery_1e0f5f417bca.webp
4572	SOURCE_LEAN/EW4_Web_Port_v0.61/assets/unit_reload/army_artillery_2737aa60d059.webp
3196	SOURCE_LEAN/EW4_Web_Port_v0.61/assets/unit_reload/army_artillery_2dda1d9a5f9d.webp
4572	SOURCE_LEAN/EW4_Web_Port_v0.61/assets/unit_reload/army_artillery_2deb0b48a029.webp
4260	SOURCE_LEAN/EW4_Web_Port_v0.61/assets/unit_reload/army_artillery_2f3d3f4b6a7e.webp
4204	SOURCE_LEAN/EW4_Web_Port_v0.61/assets/unit_reload/army_artillery_31e62f258435.webp
5154	SOURCE_LEAN/EW4_Web_Port_v0.61/assets/unit_reload/army_artillery_328cd1ae8d9c.webp
5264	SOURCE_LEAN/EW4_Web_Port_v0.61/assets/unit_reload/army_artillery_35e077bc16cb.webp
5130	SOURCE_LEAN/EW4_Web_Port_v0.61/assets/unit_reload/army_artillery_38905e59b378.webp
4468	SOURCE_LEAN/EW4_Web_Port_v0.61/assets/unit_reload/army_artillery_393927ca4f0b.webp
4480	SOURCE_LEAN/EW4_Web_Port_v0.61/assets/unit_reload/army_artillery_3af09a60f17a.webp
3196	SOURCE_LEAN/EW4_Web_Port_v0.61/assets/unit_reload/army_artillery_3ca13f99c60b.webp
4260	SOURCE_LEAN/EW4_Web_Port_v0.61/assets/unit_reload/army_artillery_3fe553d4e568.webp
5264	SOURCE_LEAN/EW4_Web_Port_v0.61/assets/unit_reload/army_artillery_40949ac9ef78.webp
4082	SOURCE_LEAN/EW4_Web_Port_v0.61/assets/unit_reload/army_artillery_40ab0d0fafc4.webp
4154	SOURCE_LEAN/EW4_Web_Port_v0.61/assets/unit_reload/army_artillery_4332133b0be2.webp
4226	SOURCE_LEAN/EW4_Web_Port_v0.61/assets/unit_reload/army_artillery_433af4e89cc2.webp
4434	SOURCE_LEAN/EW4_Web_Port_v0.61/assets/unit_reload/army_artillery_442986831998.webp
3196	SOURCE_LEAN/EW4_Web_Port_v0.61/assets/unit_reload/army_artillery_4752372c6bba.webp
4468	SOURCE_LEAN/EW4_Web_Port_v0.61/assets/unit_reload/army_artillery_478e6c89ce07.webp
5160	SOURCE_LEAN/EW4_Web_Port_v0.61/assets/unit_reload/army_artillery_479e61f99e1e.webp
5264	SOURCE_LEAN/EW4_Web_Port_v0.61/assets/unit_reload/army_artillery_4aa52f6fcf45.webp
2626	SOURCE_LEAN/EW4_Web_Port_v0.61/assets/unit_reload/army_artillery_4b640768828e.webp
2630	SOURCE_LEAN/EW4_Web_Port_v0.61/assets/unit_reload/army_artillery_4dc98afc4554.webp
3318	SOURCE_LEAN/EW4_Web_Port_v0.61/assets/unit_reload/army_artillery_50257eae7727.webp
5264	SOURCE_LEAN/EW4_Web_Port_v0.61/assets/unit_reload/army_artillery_518c94c20cd8.webp
3196	SOURCE_LEAN/EW4_Web_Port_v0.61/assets/unit_reload/army_artillery_51a8dd3dee21.webp
4572	SOURCE_LEAN/EW4_Web_Port_v0.61/assets/unit_reload/army_artillery_527163cc735e.webp
4120	SOURCE_LEAN/EW4_Web_Port_v0.61/assets/unit_reload/army_artillery_53f7600a65e2.webp
5160	SOURCE_LEAN/EW4_Web_Port_v0.61/assets/unit_reload/army_artillery_56440c59ffda.webp
4468	SOURCE_LEAN/EW4_Web_Port_v0.61/assets/unit_reload/army_artillery_5667b77457a0.webp
4468	SOURCE_LEAN/EW4_Web_Port_v0.61/assets/unit_reload/army_artillery_57ece7eb9a2d.webp
5130	SOURCE_LEAN/EW4_Web_Port_v0.61/assets/unit_reload/army_artillery_5cce067d27e7.webp
4108	SOURCE_LEAN/EW4_Web_Port_v0.61/assets/unit_reload/army_artillery_5ded63e63c67.webp
2580	SOURCE_LEAN/EW4_Web_Port_v0.61/assets/unit_reload/army_artillery_5ea762347048.webp
3226	SOURCE_LEAN/EW4_Web_Port_v0.61/assets/unit_reload/army_artillery_5f358b22115c.webp
2580	SOURCE_LEAN/EW4_Web_Port_v0.61/assets/unit_reload/army_artillery_60ca2d537ff2.webp
4480	SOURCE_LEAN/EW4_Web_Port_v0.61/assets/unit_reload/army_artillery_617e1325d3e3.webp
4226	SOURCE_LEAN/EW4_Web_Port_v0.61/assets/unit_reload/army_artillery_628af1bec1b4.webp
2580	SOURCE_LEAN/EW4_Web_Port_v0.61/assets/unit_reload/army_artillery_6396e907b30a.webp
4120	SOURCE_LEAN/EW4_Web_Port_v0.61/assets/unit_reload/army_artillery_63c9a31e3955.webp
4468	SOURCE_LEAN/EW4_Web_Port_v0.61/assets/unit_reload/army_artillery_64001bf1ab86.webp
4572	SOURCE_LEAN/EW4_Web_Port_v0.61/assets/unit_reload/army_artillery_647318200893.webp
4226	SOURCE_LEAN/EW4_Web_Port_v0.61/assets/unit_reload/army_artillery_6520a7636d4a.webp
4430	SOURCE_LEAN/EW4_Web_Port_v0.61/assets/unit_reload/army_artillery_65f4710bea07.webp
3226	SOURCE_LEAN/EW4_Web_Port_v0.61/assets/unit_reload/army_artillery_65f7620bd50e.webp
4260	SOURCE_LEAN/EW4_Web_Port_v0.61/assets/unit_reload/army_artillery_6692ae082cce.webp
4120	SOURCE_LEAN/EW4_Web_Port_v0.61/assets/unit_reload/army_artillery_68857cde2f5a.webp
2600	SOURCE_LEAN/EW4_Web_Port_v0.61/assets/unit_reload/army_artillery_68ec6a4d0fbe.webp
4194	SOURCE_LEAN/EW4_Web_Port_v0.61/assets/unit_reload/army_artillery_6a5061e9a67c.webp
2626	SOURCE_LEAN/EW4_Web_Port_v0.61/assets/unit_reload/army_artillery_6c78a6504454.webp
4260	SOURCE_LEAN/EW4_Web_Port_v0.61/assets/unit_reload/army_artillery_6df252f4a245.webp
4204	SOURCE_LEAN/EW4_Web_Port_v0.61/assets/unit_reload/army_artillery_70345d5c8afd.webp
3318	SOURCE_LEAN/EW4_Web_Port_v0.61/assets/unit_reload/army_artillery_70b8d6ca128f.webp
4504	SOURCE_LEAN/EW4_Web_Port_v0.61/assets/unit_reload/army_artillery_748447cfe143.webp
5160	SOURCE_LEAN/EW4_Web_Port_v0.61/assets/unit_reload/army_artillery_77e76b9b76af.webp
3318	SOURCE_LEAN/EW4_Web_Port_v0.61/assets/unit_reload/army_artillery_7a270b3d2d30.webp
4520	SOURCE_LEAN/EW4_Web_Port_v0.61/assets/unit_reload/army_artillery_7c0b5d965ba1.webp
5130	SOURCE_LEAN/EW4_Web_Port_v0.61/assets/unit_reload/army_artillery_7ee2b7546381.webp
2558	SOURCE_LEAN/EW4_Web_Port_v0.61/assets/unit_reload/army_artillery_802858d1f9ae.webp
4260	SOURCE_LEAN/EW4_Web_Port_v0.61/assets/unit_reload/army_artillery_802d521a8ab1.webp
4480	SOURCE_LEAN/EW4_Web_Port_v0.61/assets/unit_reload/army_artillery_847d4fb704d1.webp
4468	SOURCE_LEAN/EW4_Web_Port_v0.61/assets/unit_reload/army_artillery_858a9b9f8980.webp
4536	SOURCE_LEAN/EW4_Web_Port_v0.61/assets/unit_reload/army_artillery_8617ea7e491b.webp
2672	SOURCE_LEAN/EW4_Web_Port_v0.61/assets/unit_reload/army_artillery_89ad6279384d.webp
3226	SOURCE_LEAN/EW4_Web_Port_v0.61/assets/unit_reload/army_artillery_8a77bb4c9bd1.webp
3196	SOURCE_LEAN/EW4_Web_Port_v0.61/assets/unit_reload/army_artillery_8e8bd9abb683.webp
4442	SOURCE_LEAN/EW4_Web_Port_v0.61/assets/unit_reload/army_artillery_8f3db6990fb4.webp
4162	SOURCE_LEAN/EW4_Web_Port_v0.61/assets/unit_reload/army_artillery_8f9762e78dc6.webp
2672	SOURCE_LEAN/EW4_Web_Port_v0.61/assets/unit_reload/army_artillery_8fce0187e3a9.webp
3318	SOURCE_LEAN/EW4_Web_Port_v0.61/assets/unit_reload/army_artillery_905d3cd5b186.webp
5160	SOURCE_LEAN/EW4_Web_Port_v0.61/assets/unit_reload/army_artillery_90f213c22267.webp
4226	SOURCE_LEAN/EW4_Web_Port_v0.61/assets/unit_reload/army_artillery_91348df3551d.webp
4082	SOURCE_LEAN/EW4_Web_Port_v0.61/assets/unit_reload/army_artillery_91e34e9adbf8.webp
5190	SOURCE_LEAN/EW4_Web_Port_v0.61/assets/unit_reload/army_artillery_91ead29e81f4.webp
4120	SOURCE_LEAN/EW4_Web_Port_v0.61/assets/unit_reload/army_artillery_922cfbb3dc5e.webp
3196	SOURCE_LEAN/EW4_Web_Port_v0.61/assets/unit_reload/army_artillery_92455ca05597.webp
4082	SOURCE_LEAN/EW4_Web_Port_v0.61/assets/unit_reload/army_artillery_9445794b769e.webp
3196	SOURCE_LEAN/EW4_Web_Port_v0.61/assets/unit_reload/army_artillery_960c68201a71.webp
3318	SOURCE_LEAN/EW4_Web_Port_v0.61/assets/unit_reload/army_artillery_9807410e5dee.webp
4204	SOURCE_LEAN/EW4_Web_Port_v0.61/assets/unit_reload/army_artillery_993029f80d40.webp
3230	SOURCE_LEAN/EW4_Web_Port_v0.61/assets/unit_reload/army_artillery_9ab383a20b3d.webp
4154	SOURCE_LEAN/EW4_Web_Port_v0.61/assets/unit_reload/army_artillery_9ad9aee9780d.webp
4480	SOURCE_LEAN/EW4_Web_Port_v0.61/assets/unit_reload/army_artillery_9b48ca8bcb02.webp
4154	SOURCE_LEAN/EW4_Web_Port_v0.61/assets/unit_reload/army_artillery_9b78ba5b14a3.webp
4136	SOURCE_LEAN/EW4_Web_Port_v0.61/assets/unit_reload/army_artillery_a0bf7bc3a581.webp
4106	SOURCE_LEAN/EW4_Web_Port_v0.61/assets/unit_reload/army_artillery_a1433cee6701.webp
4082	SOURCE_LEAN/EW4_Web_Port_v0.61/assets/unit_reload/army_artillery_a26a41578248.webp
5160	SOURCE_LEAN/EW4_Web_Port_v0.61/assets/unit_reload/army_artillery_a3245e3a98cb.webp
4468	SOURCE_LEAN/EW4_Web_Port_v0.61/assets/unit_reload/army_artillery_a3b6c39e09d9.webp
4154	SOURCE_LEAN/EW4_Web_Port_v0.61/assets/unit_reload/army_artillery_a6b34339922b.webp
4538	SOURCE_LEAN/EW4_Web_Port_v0.61/assets/unit_reload/army_artillery_a85b653d3ce6.webp
4572	SOURCE_LEAN/EW4_Web_Port_v0.61/assets/unit_reload/army_artillery_a877e401d0d4.webp
3226	SOURCE_LEAN/EW4_Web_Port_v0.61/assets/unit_reload/army_artillery_a8de8980dee1.webp
4082	SOURCE_LEAN/EW4_Web_Port_v0.61/assets/unit_reload/army_artillery_ac1c8e8ceac3.webp
2672	SOURCE_LEAN/EW4_Web_Port_v0.61/assets/unit_reload/army_artillery_b19535f3a060.webp
5130	SOURCE_LEAN/EW4_Web_Port_v0.61/assets/unit_reload/army_artillery_b3eb3087a08b.webp
4154	SOURCE_LEAN/EW4_Web_Port_v0.61/assets/unit_reload/army_artillery_b4525d261335.webp
4082	SOURCE_LEAN/EW4_Web_Port_v0.61/assets/unit_reload/army_artillery_b4b78f4dcc2a.webp
3254	SOURCE_LEAN/EW4_Web_Port_v0.61/assets/unit_reload/army_artillery_b582eb7ecbd4.webp
5130	SOURCE_LEAN/EW4_Web_Port_v0.61/assets/unit_reload/army_artillery_b740ae3437a5.webp
2644	SOURCE_LEAN/EW4_Web_Port_v0.61/assets/unit_reload/army_artillery_b91379129103.webp
4202	SOURCE_LEAN/EW4_Web_Port_v0.61/assets/unit_reload/army_artillery_bb4b15dfe6f7.webp
5160	SOURCE_LEAN/EW4_Web_Port_v0.61/assets/unit_reload/army_artillery_bce64f4161ef.webp
4572	SOURCE_LEAN/EW4_Web_Port_v0.61/assets/unit_reload/army_artillery_be0225d3288d.webp
4226	SOURCE_LEAN/EW4_Web_Port_v0.61/assets/unit_reload/army_artillery_bfcd9c072344.webp
2672	SOURCE_LEAN/EW4_Web_Port_v0.61/assets/unit_reload/army_artillery_c3499a62f0d3.webp
5130	SOURCE_LEAN/EW4_Web_Port_v0.61/assets/unit_reload/army_artillery_c548af77d4dc.webp
3226	SOURCE_LEAN/EW4_Web_Port_v0.61/assets/unit_reload/army_artillery_c5f66c2dcd26.webp
5138	SOURCE_LEAN/EW4_Web_Port_v0.61/assets/unit_reload/army_artillery_c8b51d4ab3f6.webp
3282	SOURCE_LEAN/EW4_Web_Port_v0.61/assets/unit_reload/army_artillery_cdd8488f15b2.webp
2580	SOURCE_LEAN/EW4_Web_Port_v0.61/assets/unit_reload/army_artillery_d012e995bbdc.webp
4260	SOURCE_LEAN/EW4_Web_Port_v0.61/assets/unit_reload/army_artillery_d03186e8663e.webp
4480	SOURCE_LEAN/EW4_Web_Port_v0.61/assets/unit_reload/army_artillery_d2956f0327a3.webp
4120	SOURCE_LEAN/EW4_Web_Port_v0.61/assets/unit_reload/army_artillery_d2a07f7998c6.webp
3318	SOURCE_LEAN/EW4_Web_Port_v0.61/assets/unit_reload/army_artillery_d45d5349f2b0.webp
2580	SOURCE_LEAN/EW4_Web_Port_v0.61/assets/unit_reload/army_artillery_dcbaaf78ca35.webp
4050	SOURCE_LEAN/EW4_Web_Port_v0.61/assets/unit_reload/army_artillery_de3b7db4a4f1.webp
2564	SOURCE_LEAN/EW4_Web_Port_v0.61/assets/unit_reload/army_artillery_de623c1a5fa3.webp
2626	SOURCE_LEAN/EW4_Web_Port_v0.61/assets/unit_reload/army_artillery_de914f72ea42.webp
4154	SOURCE_LEAN/EW4_Web_Port_v0.61/assets/unit_reload/army_artillery_e0a51774f73d.webp
3226	SOURCE_LEAN/EW4_Web_Port_v0.61/assets/unit_reload/army_artillery_e14d6df236fe.webp
4226	SOURCE_LEAN/EW4_Web_Port_v0.61/assets/unit_reload/army_artillery_e20ca4856bba.webp
2672	SOURCE_LEAN/EW4_Web_Port_v0.61/assets/unit_reload/army_artillery_e27dc5fc07a9.webp
3306	SOURCE_LEAN/EW4_Web_Port_v0.61/assets/unit_reload/army_artillery_ea73a48a1493.webp
5200	SOURCE_LEAN/EW4_Web_Port_v0.61/assets/unit_reload/army_artillery_ea8a3517c197.webp
2626	SOURCE_LEAN/EW4_Web_Port_v0.61/assets/unit_reload/army_artillery_ee3e055458b5.webp
4426	SOURCE_LEAN/EW4_Web_Port_v0.61/assets/unit_reload/army_artillery_f065c914372c.webp
4480	SOURCE_LEAN/EW4_Web_Port_v0.61/assets/unit_reload/army_artillery_f25009e8e3f7.webp
5130	SOURCE_LEAN/EW4_Web_Port_v0.61/assets/unit_reload/army_artillery_f2caf4862ad9.webp
4204	SOURCE_LEAN/EW4_Web_Port_v0.61/assets/unit_reload/army_artillery_f2e7c868ede4.webp
2626	SOURCE_LEAN/EW4_Web_Port_v0.61/assets/unit_reload/army_artillery_f31fbd7bf51a.webp
4120	SOURCE_LEAN/EW4_Web_Port_v0.61/assets/unit_reload/army_artillery_f6308e47c21b.webp
2672	SOURCE_LEAN/EW4_Web_Port_v0.61/assets/unit_reload/army_artillery_f6680dedc38f.webp
4154	SOURCE_LEAN/EW4_Web_Port_v0.61/assets/unit_reload/army_artillery_f6a7f5c58ca3.webp
4204	SOURCE_LEAN/EW4_Web_Port_v0.61/assets/unit_reload/army_artillery_f8de8229d39a.webp
2626	SOURCE_LEAN/EW4_Web_Port_v0.61/assets/unit_reload/army_artillery_fe7bff124df1.webp
4024	SOURCE_LEAN/EW4_Web_Port_v0.61/assets/unit_reload/army_artillery_fef0ea2bb879.webp
4826	SOURCE_LEAN/EW4_Web_Port_v0.61/assets/unit_reload/army_grenadier_03b674ca5b93.webp
3518	SOURCE_LEAN/EW4_Web_Port_v0.61/assets/unit_reload/army_grenadier_059eb7e80087.webp
4392	SOURCE_LEAN/EW4_Web_Port_v0.61/assets/unit_reload/army_grenadier_07820b14d7a3.webp
4964	SOURCE_LEAN/EW4_Web_Port_v0.61/assets/unit_reload/army_grenadier_0ad7de4e3dd0.webp
3434	SOURCE_LEAN/EW4_Web_Port_v0.61/assets/unit_reload/army_grenadier_0fede17f1d46.webp
4208	SOURCE_LEAN/EW4_Web_Port_v0.61/assets/unit_reload/army_grenadier_14ed3ca206c9.webp
4208	SOURCE_LEAN/EW4_Web_Port_v0.61/assets/unit_reload/army_grenadier_1997edd774e7.webp
4826	SOURCE_LEAN/EW4_Web_Port_v0.61/assets/unit_reload/army_grenadier_1aa343b2f018.webp
4418	SOURCE_LEAN/EW4_Web_Port_v0.61/assets/unit_reload/army_grenadier_1dd53df20fe6.webp
4208	SOURCE_LEAN/EW4_Web_Port_v0.61/assets/unit_reload/army_grenadier_21481f3a48ed.webp
3554	SOURCE_LEAN/EW4_Web_Port_v0.61/assets/unit_reload/army_grenadier_23b83809e555.webp
4134	SOURCE_LEAN/EW4_Web_Port_v0.61/assets/unit_reload/army_grenadier_2744242c5d2b.webp
3384	SOURCE_LEAN/EW4_Web_Port_v0.61/assets/unit_reload/army_grenadier_27fc4d2afe9f.webp
3554	SOURCE_LEAN/EW4_Web_Port_v0.61/assets/unit_reload/army_grenadier_2d1695af099b.webp
4352	SOURCE_LEAN/EW4_Web_Port_v0.61/assets/unit_reload/army_grenadier_2fc0b32f5668.webp
3432	SOURCE_LEAN/EW4_Web_Port_v0.61/assets/unit_reload/army_grenadier_2fe0938b6e88.webp
4964	SOURCE_LEAN/EW4_Web_Port_v0.61/assets/unit_reload/army_grenadier_3239fabf3d9f.webp
3384	SOURCE_LEAN/EW4_Web_Port_v0.61/assets/unit_reload/army_grenadier_35d30d26cfca.webp
4352	SOURCE_LEAN/EW4_Web_Port_v0.61/assets/unit_reload/army_grenadier_39b1d8cb233c.webp
4256	SOURCE_LEAN/EW4_Web_Port_v0.61/assets/unit_reload/army_grenadier_39ba4a46b1bc.webp
3384	SOURCE_LEAN/EW4_Web_Port_v0.61/assets/unit_reload/army_grenadier_3bc4b753db22.webp
4964	SOURCE_LEAN/EW4_Web_Port_v0.61/assets/unit_reload/army_grenadier_3e3530890d2c.webp
4208	SOURCE_LEAN/EW4_Web_Port_v0.61/assets/unit_reload/army_grenadier_4198f19d6324.webp
4964	SOURCE_LEAN/EW4_Web_Port_v0.61/assets/unit_reload/army_grenadier_4625808f6559.webp
3518	SOURCE_LEAN/EW4_Web_Port_v0.61/assets/unit_reload/army_grenadier_4a55e4a206da.webp
3554	SOURCE_LEAN/EW4_Web_Port_v0.61/assets/unit_reload/army_grenadier_4ceb4cb100ee.webp
4552	SOURCE_LEAN/EW4_Web_Port_v0.61/assets/unit_reload/army_grenadier_4dd40c40de7d.webp
3466	SOURCE_LEAN/EW4_Web_Port_v0.61/assets/unit_reload/army_grenadier_4e0a5840ddb8.webp
4964	SOURCE_LEAN/EW4_Web_Port_v0.61/assets/unit_reload/army_grenadier_4fe11c8a717a.webp
4392	SOURCE_LEAN/EW4_Web_Port_v0.61/assets/unit_reload/army_grenadier_51d9b65f4aa0.webp
3554	SOURCE_LEAN/EW4_Web_Port_v0.61/assets/unit_reload/army_grenadier_5b1537f824b9.webp
4552	SOURCE_LEAN/EW4_Web_Port_v0.61/assets/unit_reload/army_grenadier_5d3e1a10a5b4.webp
3554	SOURCE_LEAN/EW4_Web_Port_v0.61/assets/unit_reload/army_grenadier_65c22a71e02b.webp
4742	SOURCE_LEAN/EW4_Web_Port_v0.61/assets/unit_reload/army_grenadier_66bfcf2ffd0b.webp
4352	SOURCE_LEAN/EW4_Web_Port_v0.61/assets/unit_reload/army_grenadier_743ab5dccbd6.webp
3278	SOURCE_LEAN/EW4_Web_Port_v0.61/assets/unit_reload/army_grenadier_7e57c6f9bf48.webp
3554	SOURCE_LEAN/EW4_Web_Port_v0.61/assets/unit_reload/army_grenadier_7f7b5c6db75c.webp
4552	SOURCE_LEAN/EW4_Web_Port_v0.61/assets/unit_reload/army_grenadier_81122fd0ad77.webp
3518	SOURCE_LEAN/EW4_Web_Port_v0.61/assets/unit_reload/army_grenadier_812eecd8c77e.webp
4468	SOURCE_LEAN/EW4_Web_Port_v0.61/assets/unit_reload/army_grenadier_88e1be9b9f43.webp
4826	SOURCE_LEAN/EW4_Web_Port_v0.61/assets/unit_reload/army_grenadier_8ced400c6014.webp
3518	SOURCE_LEAN/EW4_Web_Port_v0.61/assets/unit_reload/army_grenadier_8d9faa45fa6c.webp
4352	SOURCE_LEAN/EW4_Web_Port_v0.61/assets/unit_reload/army_grenadier_8f932de58069.webp
4552	SOURCE_LEAN/EW4_Web_Port_v0.61/assets/unit_reload/army_grenadier_8fd2ff5e872b.webp
4792	SOURCE_LEAN/EW4_Web_Port_v0.61/assets/unit_reload/army_grenadier_90a5a8330e99.webp
4352	SOURCE_LEAN/EW4_Web_Port_v0.61/assets/unit_reload/army_grenadier_9266d2006fd4.webp
4352	SOURCE_LEAN/EW4_Web_Port_v0.61/assets/unit_reload/army_grenadier_93fb7d97613e.webp
4432	SOURCE_LEAN/EW4_Web_Port_v0.61/assets/unit_reload/army_grenadier_98b2607bfdd1.webp
4392	SOURCE_LEAN/EW4_Web_Port_v0.61/assets/unit_reload/army_grenadier_99a236cd7c77.webp
3384	SOURCE_LEAN/EW4_Web_Port_v0.61/assets/unit_reload/army_grenadier_9f9edafb5581.webp
4900	SOURCE_LEAN/EW4_Web_Port_v0.61/assets/unit_reload/army_grenadier_a06abdc03730.webp
3496	SOURCE_LEAN/EW4_Web_Port_v0.61/assets/unit_reload/army_grenadier_a28f18d60b2c.webp
5038	SOURCE_LEAN/EW4_Web_Port_v0.61/assets/unit_reload/army_grenadier_aaaf59cf6ec3.webp
4208	SOURCE_LEAN/EW4_Web_Port_v0.61/assets/unit_reload/army_grenadier_ab650010baec.webp
3384	SOURCE_LEAN/EW4_Web_Port_v0.61/assets/unit_reload/army_grenadier_ab9b1e01702a.webp
4764	SOURCE_LEAN/EW4_Web_Port_v0.61/assets/unit_reload/army_grenadier_ae20b0e79ef8.webp
3384	SOURCE_LEAN/EW4_Web_Port_v0.61/assets/unit_reload/army_grenadier_b868a4801cd9.webp
3518	SOURCE_LEAN/EW4_Web_Port_v0.61/assets/unit_reload/army_grenadier_be78d4a26adb.webp
4964	SOURCE_LEAN/EW4_Web_Port_v0.61/assets/unit_reload/army_grenadier_c1551f6fe2cf.webp
4964	SOURCE_LEAN/EW4_Web_Port_v0.61/assets/unit_reload/army_grenadier_c5635e42b16c.webp
3452	SOURCE_LEAN/EW4_Web_Port_v0.61/assets/unit_reload/army_grenadier_c95437ffaf49.webp
4552	SOURCE_LEAN/EW4_Web_Port_v0.61/assets/unit_reload/army_grenadier_caa79c9bfac2.webp
4826	SOURCE_LEAN/EW4_Web_Port_v0.61/assets/unit_reload/army_grenadier_cc3eec964ca1.webp
4208	SOURCE_LEAN/EW4_Web_Port_v0.61/assets/unit_reload/army_grenadier_d2df9a9a1434.webp
4826	SOURCE_LEAN/EW4_Web_Port_v0.61/assets/unit_reload/army_grenadier_d45ba59ce659.webp
4008	SOURCE_LEAN/EW4_Web_Port_v0.61/assets/unit_reload/army_grenadier_d508e0790c6b.webp
3554	SOURCE_LEAN/EW4_Web_Port_v0.61/assets/unit_reload/army_grenadier_dc821609a808.webp
4826	SOURCE_LEAN/EW4_Web_Port_v0.61/assets/unit_reload/army_grenadier_dd5dcd992cf7.webp
3518	SOURCE_LEAN/EW4_Web_Port_v0.61/assets/unit_reload/army_grenadier_df88585e9361.webp
4552	SOURCE_LEAN/EW4_Web_Port_v0.61/assets/unit_reload/army_grenadier_e16c94d558bc.webp
4392	SOURCE_LEAN/EW4_Web_Port_v0.61/assets/unit_reload/army_grenadier_e23966a4786b.webp
4826	SOURCE_LEAN/EW4_Web_Port_v0.61/assets/unit_reload/army_grenadier_eae8d961f446.webp
4208	SOURCE_LEAN/EW4_Web_Port_v0.61/assets/unit_reload/army_grenadier_f260fae66c4f.webp
4352	SOURCE_LEAN/EW4_Web_Port_v0.61/assets/unit_reload/army_grenadier_f35c283eb162.webp
4392	SOURCE_LEAN/EW4_Web_Port_v0.61/assets/unit_reload/army_grenadier_fc8647482b1a.webp
4392	SOURCE_LEAN/EW4_Web_Port_v0.61/assets/unit_reload/army_grenadier_fcc8e270c5d9.webp
4182	SOURCE_LEAN/EW4_Web_Port_v0.61/assets/unit_reload/army_grenadier_fcdc29da03cb.webp
3384	SOURCE_LEAN/EW4_Web_Port_v0.61/assets/unit_reload/army_grenadier_fefda5ae4784.webp
3918	SOURCE_LEAN/EW4_Web_Port_v0.61/assets/unit_reload/army_guards_077e466112c0.webp
5134	SOURCE_LEAN/EW4_Web_Port_v0.61/assets/unit_reload/army_guards_07b5978a8cba.webp
5082	SOURCE_LEAN/EW4_Web_Port_v0.61/assets/unit_reload/army_guards_0923e4339f74.webp
3132	SOURCE_LEAN/EW4_Web_Port_v0.61/assets/unit_reload/army_guards_0bea6f956961.webp
4682	SOURCE_LEAN/EW4_Web_Port_v0.61/assets/unit_reload/army_guards_122e1ae86fd3.webp
4682	SOURCE_LEAN/EW4_Web_Port_v0.61/assets/unit_reload/army_guards_151f62dbad23.webp
3698	SOURCE_LEAN/EW4_Web_Port_v0.61/assets/unit_reload/army_guards_15b777aebe1f.webp
3676	SOURCE_LEAN/EW4_Web_Port_v0.61/assets/unit_reload/army_guards_1bbbecebdcf5.webp
4682	SOURCE_LEAN/EW4_Web_Port_v0.61/assets/unit_reload/army_guards_241991f42a45.webp
3856	SOURCE_LEAN/EW4_Web_Port_v0.61/assets/unit_reload/army_guards_24afba58bdf1.webp
3698	SOURCE_LEAN/EW4_Web_Port_v0.61/assets/unit_reload/army_guards_29a69058ca41.webp
5268	SOURCE_LEAN/EW4_Web_Port_v0.61/assets/unit_reload/army_guards_2ae2df034613.webp
3698	SOURCE_LEAN/EW4_Web_Port_v0.61/assets/unit_reload/army_guards_2c7432d14651.webp
3856	SOURCE_LEAN/EW4_Web_Port_v0.61/assets/unit_reload/army_guards_3109fd7f6181.webp
5134	SOURCE_LEAN/EW4_Web_Port_v0.61/assets/unit_reload/army_guards_35283a9fde6a.webp
5024	SOURCE_LEAN/EW4_Web_Port_v0.61/assets/unit_reload/army_guards_3652339c1874.webp
5226	SOURCE_LEAN/EW4_Web_Port_v0.61/assets/unit_reload/army_guards_3682a9dc253a.webp
3338	SOURCE_LEAN/EW4_Web_Port_v0.61/assets/unit_reload/army_guards_3a39292edbaf.webp
5226	SOURCE_LEAN/EW4_Web_Port_v0.61/assets/unit_reload/army_guards_3b04098fcc2e.webp
4448	SOURCE_LEAN/EW4_Web_Port_v0.61/assets/unit_reload/army_guards_416a2a7c137d.webp
5226	SOURCE_LEAN/EW4_Web_Port_v0.61/assets/unit_reload/army_guards_41a0354d2cc7.webp
3708	SOURCE_LEAN/EW4_Web_Port_v0.61/assets/unit_reload/army_guards_495119ff97e8.webp
5226	SOURCE_LEAN/EW4_Web_Port_v0.61/assets/unit_reload/army_guards_4b9aa5ac98e3.webp
4606	SOURCE_LEAN/EW4_Web_Port_v0.61/assets/unit_reload/army_guards_4bf022b2d54b.webp
5226	SOURCE_LEAN/EW4_Web_Port_v0.61/assets/unit_reload/army_guards_5226aae759da.webp
4718	SOURCE_LEAN/EW4_Web_Port_v0.61/assets/unit_reload/army_guards_5c1b192f2ce7.webp
4868	SOURCE_LEAN/EW4_Web_Port_v0.61/assets/unit_reload/army_guards_5c9bdf4b6fa5.webp
5134	SOURCE_LEAN/EW4_Web_Port_v0.61/assets/unit_reload/army_guards_5dadee74179c.webp
3132	SOURCE_LEAN/EW4_Web_Port_v0.61/assets/unit_reload/army_guards_5e26f7d1d647.webp
3676	SOURCE_LEAN/EW4_Web_Port_v0.61/assets/unit_reload/army_guards_605d5168abb2.webp
5226	SOURCE_LEAN/EW4_Web_Port_v0.61/assets/unit_reload/army_guards_642605cdb972.webp
4358	SOURCE_LEAN/EW4_Web_Port_v0.61/assets/unit_reload/army_guards_6514a8bece8b.webp
3856	SOURCE_LEAN/EW4_Web_Port_v0.61/assets/unit_reload/army_guards_6692c1a11e8b.webp
3132	SOURCE_LEAN/EW4_Web_Port_v0.61/assets/unit_reload/army_guards_66933ebd1fa1.webp
4602	SOURCE_LEAN/EW4_Web_Port_v0.61/assets/unit_reload/army_guards_6a6bbf6aa93c.webp
4606	SOURCE_LEAN/EW4_Web_Port_v0.61/assets/unit_reload/army_guards_6b250d034c26.webp
4668	SOURCE_LEAN/EW4_Web_Port_v0.61/assets/unit_reload/army_guards_7562ad6399ec.webp
3754	SOURCE_LEAN/EW4_Web_Port_v0.61/assets/unit_reload/army_guards_7597d0b69585.webp
3460	SOURCE_LEAN/EW4_Web_Port_v0.61/assets/unit_reload/army_guards_75fcab92819b.webp
3676	SOURCE_LEAN/EW4_Web_Port_v0.61/assets/unit_reload/army_guards_81356b17b9b0.webp
5134	SOURCE_LEAN/EW4_Web_Port_v0.61/assets/unit_reload/army_guards_83c330d5f2ea.webp
3676	SOURCE_LEAN/EW4_Web_Port_v0.61/assets/unit_reload/army_guards_88782167bfda.webp
5134	SOURCE_LEAN/EW4_Web_Port_v0.61/assets/unit_reload/army_guards_8a08ccbe726e.webp
4682	SOURCE_LEAN/EW4_Web_Port_v0.61/assets/unit_reload/army_guards_8b45e973bc61.webp
3856	SOURCE_LEAN/EW4_Web_Port_v0.61/assets/unit_reload/army_guards_8cca8d23206e.webp
3698	SOURCE_LEAN/EW4_Web_Port_v0.61/assets/unit_reload/army_guards_9096ee30a8a2.webp
4682	SOURCE_LEAN/EW4_Web_Port_v0.61/assets/unit_reload/army_guards_90c36fb4f31f.webp
4358	SOURCE_LEAN/EW4_Web_Port_v0.61/assets/unit_reload/army_guards_94c5e77f686c.webp
3132	SOURCE_LEAN/EW4_Web_Port_v0.61/assets/unit_reload/army_guards_9ad606caed69.webp
3856	SOURCE_LEAN/EW4_Web_Port_v0.61/assets/unit_reload/army_guards_9b537e7dac19.webp
3676	SOURCE_LEAN/EW4_Web_Port_v0.61/assets/unit_reload/army_guards_a0ea5c0fd096.webp
3132	SOURCE_LEAN/EW4_Web_Port_v0.61/assets/unit_reload/army_guards_a9656d89cb44.webp
4490	SOURCE_LEAN/EW4_Web_Port_v0.61/assets/unit_reload/army_guards_ab229784db65.webp
4682	SOURCE_LEAN/EW4_Web_Port_v0.61/assets/unit_reload/army_guards_ab5604c60a5d.webp
4358	SOURCE_LEAN/EW4_Web_Port_v0.61/assets/unit_reload/army_guards_ac405e905e61.webp
3132	SOURCE_LEAN/EW4_Web_Port_v0.61/assets/unit_reload/army_guards_b2cd2f7f8ec5.webp
5226	SOURCE_LEAN/EW4_Web_Port_v0.61/assets/unit_reload/army_guards_b562a90ab056.webp
3698	SOURCE_LEAN/EW4_Web_Port_v0.61/assets/unit_reload/army_guards_b5715ba17b96.webp
4358	SOURCE_LEAN/EW4_Web_Port_v0.61/assets/unit_reload/army_guards_b691960b9536.webp
3676	SOURCE_LEAN/EW4_Web_Port_v0.61/assets/unit_reload/army_guards_b75ecdde094e.webp
4870	SOURCE_LEAN/EW4_Web_Port_v0.61/assets/unit_reload/army_guards_b80492699e7f.webp
3856	SOURCE_LEAN/EW4_Web_Port_v0.61/assets/unit_reload/army_guards_b988927504f1.webp
4358	SOURCE_LEAN/EW4_Web_Port_v0.61/assets/unit_reload/army_guards_c0efd3af1f89.webp
3810	SOURCE_LEAN/EW4_Web_Port_v0.61/assets/unit_reload/army_guards_c4a47058553e.webp
4358	SOURCE_LEAN/EW4_Web_Port_v0.61/assets/unit_reload/army_guards_c96edfd9bf12.webp
4606	SOURCE_LEAN/EW4_Web_Port_v0.61/assets/unit_reload/army_guards_cbf90f14ffe9.webp
5216	SOURCE_LEAN/EW4_Web_Port_v0.61/assets/unit_reload/army_guards_d3d7a66b4877.webp
4606	SOURCE_LEAN/EW4_Web_Port_v0.61/assets/unit_reload/army_guards_d473862f9f6c.webp
5380	SOURCE_LEAN/EW4_Web_Port_v0.61/assets/unit_reload/army_guards_d8100c89a77e.webp
4580	SOURCE_LEAN/EW4_Web_Port_v0.61/assets/unit_reload/army_guards_db0b43689bc0.webp
4606	SOURCE_LEAN/EW4_Web_Port_v0.61/assets/unit_reload/army_guards_e337137c1260.webp
3132	SOURCE_LEAN/EW4_Web_Port_v0.61/assets/unit_reload/army_guards_e6994ffa8b93.webp
3886	SOURCE_LEAN/EW4_Web_Port_v0.61/assets/unit_reload/army_guards_ec4dd5ef7e68.webp
4606	SOURCE_LEAN/EW4_Web_Port_v0.61/assets/unit_reload/army_guards_f0be086d8965.webp
5134	SOURCE_LEAN/EW4_Web_Port_v0.61/assets/unit_reload/army_guards_f2fa85f944b4.webp
3698	SOURCE_LEAN/EW4_Web_Port_v0.61/assets/unit_reload/army_guards_f3932e3b1029.webp
3676	SOURCE_LEAN/EW4_Web_Port_v0.61/assets/unit_reload/army_guards_f52d8407ea8b.webp
4682	SOURCE_LEAN/EW4_Web_Port_v0.61/assets/unit_reload/army_guards_f55c2f0485a7.webp
3856	SOURCE_LEAN/EW4_Web_Port_v0.61/assets/unit_reload/army_guards_f6433a4e159b.webp
5100	SOURCE_LEAN/EW4_Web_Port_v0.61/assets/unit_reload/army_guards_f66d10777dc9.webp
4606	SOURCE_LEAN/EW4_Web_Port_v0.61/assets/unit_reload/army_guards_fe86c30812d7.webp
3482	SOURCE_LEAN/EW4_Web_Port_v0.61/assets/unit_reload/army_guardscavalry_00d5f4cdc74c.webp
3510	SOURCE_LEAN/EW4_Web_Port_v0.61/assets/unit_reload/army_guardscavalry_0297269fd675.webp
3442	SOURCE_LEAN/EW4_Web_Port_v0.61/assets/unit_reload/army_guardscavalry_032ed3c20257.webp
4294	SOURCE_LEAN/EW4_Web_Port_v0.61/assets/unit_reload/army_guardscavalry_03a304fc2c39.webp
4300	SOURCE_LEAN/EW4_Web_Port_v0.61/assets/unit_reload/army_guardscavalry_088dcbbad556.webp
3456	SOURCE_LEAN/EW4_Web_Port_v0.61/assets/unit_reload/army_guardscavalry_0a831e5241ba.webp
3510	SOURCE_LEAN/EW4_Web_Port_v0.61/assets/unit_reload/army_guardscavalry_1d5490bfbc24.webp
4300	SOURCE_LEAN/EW4_Web_Port_v0.61/assets/unit_reload/army_guardscavalry_1eb89905e291.webp
3510	SOURCE_LEAN/EW4_Web_Port_v0.61/assets/unit_reload/army_guardscavalry_2083c352f32f.webp
3482	SOURCE_LEAN/EW4_Web_Port_v0.61/assets/unit_reload/army_guardscavalry_23d29b7198c8.webp
4316	SOURCE_LEAN/EW4_Web_Port_v0.61/assets/unit_reload/army_guardscavalry_24c91ed45e08.webp
3544	SOURCE_LEAN/EW4_Web_Port_v0.61/assets/unit_reload/army_guardscavalry_24cbdbca7bcc.webp
4308	SOURCE_LEAN/EW4_Web_Port_v0.61/assets/unit_reload/army_guardscavalry_2d2c3cc790eb.webp
4300	SOURCE_LEAN/EW4_Web_Port_v0.61/assets/unit_reload/army_guardscavalry_2dc95ec14201.webp
3442	SOURCE_LEAN/EW4_Web_Port_v0.61/assets/unit_reload/army_guardscavalry_2eb2bb9bbaaf.webp
4242	SOURCE_LEAN/EW4_Web_Port_v0.61/assets/unit_reload/army_guardscavalry_3ac88a2d27e0.webp
4294	SOURCE_LEAN/EW4_Web_Port_v0.61/assets/unit_reload/army_guardscavalry_3c2837428232.webp
3442	SOURCE_LEAN/EW4_Web_Port_v0.61/assets/unit_reload/army_guardscavalry_4debacd62ed8.webp
4294	SOURCE_LEAN/EW4_Web_Port_v0.61/assets/unit_reload/army_guardscavalry_4eb887dbd993.webp
4302	SOURCE_LEAN/EW4_Web_Port_v0.61/assets/unit_reload/army_guardscavalry_501e24f0b034.webp
4362	SOURCE_LEAN/EW4_Web_Port_v0.61/assets/unit_reload/army_guardscavalry_525189cdf781.webp
4300	SOURCE_LEAN/EW4_Web_Port_v0.61/assets/unit_reload/army_guardscavalry_6095675ac7da.webp
4250	SOURCE_LEAN/EW4_Web_Port_v0.61/assets/unit_reload/army_guardscavalry_64070966f738.webp
3510	SOURCE_LEAN/EW4_Web_Port_v0.61/assets/unit_reload/army_guardscavalry_6aa49b0c8548.webp
4294	SOURCE_LEAN/EW4_Web_Port_v0.61/assets/unit_reload/army_guardscavalry_7223b6e7e17e.webp
3482	SOURCE_LEAN/EW4_Web_Port_v0.61/assets/unit_reload/army_guardscavalry_7c21ed934218.webp
4250	SOURCE_LEAN/EW4_Web_Port_v0.61/assets/unit_reload/army_guardscavalry_80c6cdbc8388.webp
4300	SOURCE_LEAN/EW4_Web_Port_v0.61/assets/unit_reload/army_guardscavalry_80fab5e4f98d.webp
3510	SOURCE_LEAN/EW4_Web_Port_v0.61/assets/unit_reload/army_guardscavalry_813bf71f97af.webp
3530	SOURCE_LEAN/EW4_Web_Port_v0.61/assets/unit_reload/army_guardscavalry_8d07531ddcd2.webp
3482	SOURCE_LEAN/EW4_Web_Port_v0.61/assets/unit_reload/army_guardscavalry_8d0b8b9f4e40.webp
4250	SOURCE_LEAN/EW4_Web_Port_v0.61/assets/unit_reload/army_guardscavalry_8fb4129eb98c.webp
3526	SOURCE_LEAN/EW4_Web_Port_v0.61/assets/unit_reload/army_guardscavalry_987834d42c66.webp
4250	SOURCE_LEAN/EW4_Web_Port_v0.61/assets/unit_reload/army_guardscavalry_9cdb294a5130.webp
4250	SOURCE_LEAN/EW4_Web_Port_v0.61/assets/unit_reload/army_guardscavalry_9f9406e4d643.webp
3510	SOURCE_LEAN/EW4_Web_Port_v0.61/assets/unit_reload/army_guardscavalry_ac544adb6071.webp
4294	SOURCE_LEAN/EW4_Web_Port_v0.61/assets/unit_reload/army_guardscavalry_af3165400aa4.webp
4294	SOURCE_LEAN/EW4_Web_Port_v0.61/assets/unit_reload/army_guardscavalry_b27dca7d37d4.webp
3482	SOURCE_LEAN/EW4_Web_Port_v0.61/assets/unit_reload/army_guardscavalry_b2ea57674a0b.webp
4250	SOURCE_LEAN/EW4_Web_Port_v0.61/assets/unit_reload/army_guardscavalry_c06c95a1557a.webp
3442	SOURCE_LEAN/EW4_Web_Port_v0.61/assets/unit_reload/army_guardscavalry_d8437aee031c.webp
4250	SOURCE_LEAN/EW4_Web_Port_v0.61/assets/unit_reload/army_guardscavalry_da66e86227f2.webp
3498	SOURCE_LEAN/EW4_Web_Port_v0.61/assets/unit_reload/army_guardscavalry_da97a3045f0b.webp
3442	SOURCE_LEAN/EW4_Web_Port_v0.61/assets/unit_reload/army_guardscavalry_e31b51cf580f.webp
3442	SOURCE_LEAN/EW4_Web_Port_v0.61/assets/unit_reload/army_guardscavalry_eb7ed6a0d5f5.webp
3520	SOURCE_LEAN/EW4_Web_Port_v0.61/assets/unit_reload/army_guardscavalry_ed07b167dc41.webp
4350	SOURCE_LEAN/EW4_Web_Port_v0.61/assets/unit_reload/army_guardscavalry_ed58b0e7c862.webp
3482	SOURCE_LEAN/EW4_Web_Port_v0.61/assets/unit_reload/army_guardscavalry_f6f07adb4460.webp
3482	SOURCE_LEAN/EW4_Web_Port_v0.61/assets/unit_reload/army_guardscavalry_fba1fb647b41.webp
4300	SOURCE_LEAN/EW4_Web_Port_v0.61/assets/unit_reload/army_guardscavalry_fc595df3ac60.webp
4294	SOURCE_LEAN/EW4_Web_Port_v0.61/assets/unit_reload/army_guardscavalry_fef0998a12fd.webp
3442	SOURCE_LEAN/EW4_Web_Port_v0.61/assets/unit_reload/army_guardscavalry_ff8042bd4792.webp
3372	SOURCE_LEAN/EW4_Web_Port_v0.61/assets/unit_reload/army_lightcavalry_34c905d3e14f.webp
4178	SOURCE_LEAN/EW4_Web_Port_v0.61/assets/unit_reload/army_lightcavalry_95e7132fb201.webp
4462	SOURCE_LEAN/EW4_Web_Port_v0.61/assets/unit_reload/army_lightinfantry_0435e306739a.webp
4234	SOURCE_LEAN/EW4_Web_Port_v0.61/assets/unit_reload/army_lightinfantry_0cf422d1d61f.webp
3422	SOURCE_LEAN/EW4_Web_Port_v0.61/assets/unit_reload/army_lightinfantry_0f8f06cfa1d7.webp
3742	SOURCE_LEAN/EW4_Web_Port_v0.61/assets/unit_reload/army_lightinfantry_1069df8d5687.webp
4074	SOURCE_LEAN/EW4_Web_Port_v0.61/assets/unit_reload/army_lightinfantry_15c14420ded1.webp
3134	SOURCE_LEAN/EW4_Web_Port_v0.61/assets/unit_reload/army_lightinfantry_192af96b495e.webp
4252	SOURCE_LEAN/EW4_Web_Port_v0.61/assets/unit_reload/army_lightinfantry_1c8fa9c57635.webp
3742	SOURCE_LEAN/EW4_Web_Port_v0.61/assets/unit_reload/army_lightinfantry_26d62e67ffc3.webp
3898	SOURCE_LEAN/EW4_Web_Port_v0.61/assets/unit_reload/army_lightinfantry_2a0a85b0c9be.webp
4292	SOURCE_LEAN/EW4_Web_Port_v0.61/assets/unit_reload/army_lightinfantry_2dc83a3d74b2.webp
3134	SOURCE_LEAN/EW4_Web_Port_v0.61/assets/unit_reload/army_lightinfantry_2e18347218c8.webp
4462	SOURCE_LEAN/EW4_Web_Port_v0.61/assets/unit_reload/army_lightinfantry_2f482d6571be.webp
4074	SOURCE_LEAN/EW4_Web_Port_v0.61/assets/unit_reload/army_lightinfantry_312c838e8e7b.webp
3474	SOURCE_LEAN/EW4_Web_Port_v0.61/assets/unit_reload/army_lightinfantry_3391910b1d3a.webp
3474	SOURCE_LEAN/EW4_Web_Port_v0.61/assets/unit_reload/army_lightinfantry_35a9366775f0.webp
3784	SOURCE_LEAN/EW4_Web_Port_v0.61/assets/unit_reload/army_lightinfantry_3665f68e4f4d.webp
4252	SOURCE_LEAN/EW4_Web_Port_v0.61/assets/unit_reload/army_lightinfantry_38d0482446e8.webp
4252	SOURCE_LEAN/EW4_Web_Port_v0.61/assets/unit_reload/army_lightinfantry_3e9f4e008e3f.webp
3784	SOURCE_LEAN/EW4_Web_Port_v0.61/assets/unit_reload/army_lightinfantry_409b4e76230b.webp
4566	SOURCE_LEAN/EW4_Web_Port_v0.61/assets/unit_reload/army_lightinfantry_4139dd564b2b.webp
3474	SOURCE_LEAN/EW4_Web_Port_v0.61/assets/unit_reload/army_lightinfantry_4a97c136bc91.webp
4252	SOURCE_LEAN/EW4_Web_Port_v0.61/assets/unit_reload/army_lightinfantry_4da629bc23df.webp
4074	SOURCE_LEAN/EW4_Web_Port_v0.61/assets/unit_reload/army_lightinfantry_5832ebcf28a4.webp
4074	SOURCE_LEAN/EW4_Web_Port_v0.61/assets/unit_reload/army_lightinfantry_5bb7d541a13a.webp
3068	SOURCE_LEAN/EW4_Web_Port_v0.61/assets/unit_reload/army_lightinfantry_5d6a946d8b17.webp
3804	SOURCE_LEAN/EW4_Web_Port_v0.61/assets/unit_reload/army_lightinfantry_642972be2693.webp
4252	SOURCE_LEAN/EW4_Web_Port_v0.61/assets/unit_reload/army_lightinfantry_64906c2d613a.webp
3068	SOURCE_LEAN/EW4_Web_Port_v0.61/assets/unit_reload/army_lightinfantry_71a5d4e50a99.webp
4462	SOURCE_LEAN/EW4_Web_Port_v0.61/assets/unit_reload/army_lightinfantry_784d5ebb3643.webp
3068	SOURCE_LEAN/EW4_Web_Port_v0.61/assets/unit_reload/army_lightinfantry_784f7f64549d.webp
3068	SOURCE_LEAN/EW4_Web_Port_v0.61/assets/unit_reload/army_lightinfantry_7c2b0e3e3ca7.webp
3094	SOURCE_LEAN/EW4_Web_Port_v0.61/assets/unit_reload/army_lightinfantry_809d3f37a466.webp
4364	SOURCE_LEAN/EW4_Web_Port_v0.61/assets/unit_reload/army_lightinfantry_8196645890c0.webp
3792	SOURCE_LEAN/EW4_Web_Port_v0.61/assets/unit_reload/army_lightinfantry_82acf5e98db5.webp
3134	SOURCE_LEAN/EW4_Web_Port_v0.61/assets/unit_reload/army_lightinfantry_84fa633bd284.webp
4252	SOURCE_LEAN/EW4_Web_Port_v0.61/assets/unit_reload/army_lightinfantry_8651a47c3598.webp
3474	SOURCE_LEAN/EW4_Web_Port_v0.61/assets/unit_reload/army_lightinfantry_88d16e2e9e6d.webp
4462	SOURCE_LEAN/EW4_Web_Port_v0.61/assets/unit_reload/army_lightinfantry_89d5bd22fb69.webp
3134	SOURCE_LEAN/EW4_Web_Port_v0.61/assets/unit_reload/army_lightinfantry_8ba2a49a6361.webp
4252	SOURCE_LEAN/EW4_Web_Port_v0.61/assets/unit_reload/army_lightinfantry_919264806d05.webp
3190	SOURCE_LEAN/EW4_Web_Port_v0.61/assets/unit_reload/army_lightinfantry_922bb8e72e81.webp
3134	SOURCE_LEAN/EW4_Web_Port_v0.61/assets/unit_reload/army_lightinfantry_99445cf2a1c5.webp
4074	SOURCE_LEAN/EW4_Web_Port_v0.61/assets/unit_reload/army_lightinfantry_9b40c676cd9d.webp
3688	SOURCE_LEAN/EW4_Web_Port_v0.61/assets/unit_reload/army_lightinfantry_9f635c4a801d.webp
3134	SOURCE_LEAN/EW4_Web_Port_v0.61/assets/unit_reload/army_lightinfantry_9f8deb64ae8e.webp
3474	SOURCE_LEAN/EW4_Web_Port_v0.61/assets/unit_reload/army_lightinfantry_a3df6ef88497.webp
3742	SOURCE_LEAN/EW4_Web_Port_v0.61/assets/unit_reload/army_lightinfantry_a79df2d1ebb5.webp
4244	SOURCE_LEAN/EW4_Web_Port_v0.61/assets/unit_reload/army_lightinfantry_a90eec2e4de2.webp
4244	SOURCE_LEAN/EW4_Web_Port_v0.61/assets/unit_reload/army_lightinfantry_b6508c004a97.webp
3134	SOURCE_LEAN/EW4_Web_Port_v0.61/assets/unit_reload/army_lightinfantry_b7e7729d0edb.webp
4462	SOURCE_LEAN/EW4_Web_Port_v0.61/assets/unit_reload/army_lightinfantry_b8983b21df85.webp
3784	SOURCE_LEAN/EW4_Web_Port_v0.61/assets/unit_reload/army_lightinfantry_b8e298484162.webp
4116	SOURCE_LEAN/EW4_Web_Port_v0.61/assets/unit_reload/army_lightinfantry_bb9febbf01e4.webp
4016	SOURCE_LEAN/EW4_Web_Port_v0.61/assets/unit_reload/army_lightinfantry_bbf60d03b4f9.webp
3176	SOURCE_LEAN/EW4_Web_Port_v0.61/assets/unit_reload/army_lightinfantry_bd577d627aa7.webp
4392	SOURCE_LEAN/EW4_Web_Port_v0.61/assets/unit_reload/army_lightinfantry_c00a40ab2576.webp
3784	SOURCE_LEAN/EW4_Web_Port_v0.61/assets/unit_reload/army_lightinfantry_c4d7468364ce.webp
4244	SOURCE_LEAN/EW4_Web_Port_v0.61/assets/unit_reload/army_lightinfantry_c5b7a4cebe62.webp
3742	SOURCE_LEAN/EW4_Web_Port_v0.61/assets/unit_reload/army_lightinfantry_c6d6eaaa7612.webp
3156	SOURCE_LEAN/EW4_Web_Port_v0.61/assets/unit_reload/army_lightinfantry_c8c52857a1ff.webp
3068	SOURCE_LEAN/EW4_Web_Port_v0.61/assets/unit_reload/army_lightinfantry_c942bd881125.webp
3440	SOURCE_LEAN/EW4_Web_Port_v0.61/assets/unit_reload/army_lightinfantry_d09c4d66e38a.webp
3068	SOURCE_LEAN/EW4_Web_Port_v0.61/assets/unit_reload/army_lightinfantry_d6c8ba2fcc22.webp
3474	SOURCE_LEAN/EW4_Web_Port_v0.61/assets/unit_reload/army_lightinfantry_da298f4bb565.webp
4074	SOURCE_LEAN/EW4_Web_Port_v0.61/assets/unit_reload/army_lightinfantry_da36afca0cb8.webp
4244	SOURCE_LEAN/EW4_Web_Port_v0.61/assets/unit_reload/army_lightinfantry_dc553558e099.webp
3334	SOURCE_LEAN/EW4_Web_Port_v0.61/assets/unit_reload/army_lightinfantry_e0297c686b16.webp
3784	SOURCE_LEAN/EW4_Web_Port_v0.61/assets/unit_reload/army_lightinfantry_e084101b8ecc.webp
3838	SOURCE_LEAN/EW4_Web_Port_v0.61/assets/unit_reload/army_lightinfantry_e0aee394e73c.webp
4462	SOURCE_LEAN/EW4_Web_Port_v0.61/assets/unit_reload/army_lightinfantry_e1d97d675ae8.webp
3784	SOURCE_LEAN/EW4_Web_Port_v0.61/assets/unit_reload/army_lightinfantry_e6bad39a24de.webp
3640	SOURCE_LEAN/EW4_Web_Port_v0.61/assets/unit_reload/army_lightinfantry_e85518e8a5b9.webp
3784	SOURCE_LEAN/EW4_Web_Port_v0.61/assets/unit_reload/army_lightinfantry_e873b9b0c051.webp
4244	SOURCE_LEAN/EW4_Web_Port_v0.61/assets/unit_reload/army_lightinfantry_e8e227471e3d.webp
4074	SOURCE_LEAN/EW4_Web_Port_v0.61/assets/unit_reload/army_lightinfantry_ea5af8843986.webp
4244	SOURCE_LEAN/EW4_Web_Port_v0.61/assets/unit_reload/army_lightinfantry_ed17624cdf5a.webp
3742	SOURCE_LEAN/EW4_Web_Port_v0.61/assets/unit_reload/army_lightinfantry_f0f3b8f6b952.webp
3474	SOURCE_LEAN/EW4_Web_Port_v0.61/assets/unit_reload/army_lightinfantry_f650e0242d29.webp
3742	SOURCE_LEAN/EW4_Web_Port_v0.61/assets/unit_reload/army_lightinfantry_f87d67705580.webp
4298	SOURCE_LEAN/EW4_Web_Port_v0.61/assets/unit_reload/army_lightinfantry_fcbbbc127180.webp
4462	SOURCE_LEAN/EW4_Web_Port_v0.61/assets/unit_reload/army_lightinfantry_fef9d9f3fd4f.webp
4194	SOURCE_LEAN/EW4_Web_Port_v0.61/assets/unit_reload/army_lineinfantry_097fa4abc1e2.webp
3104	SOURCE_LEAN/EW4_Web_Port_v0.61/assets/unit_reload/army_lineinfantry_0a84e047c8a3.webp
4412	SOURCE_LEAN/EW4_Web_Port_v0.61/assets/unit_reload/army_lineinfantry_13d39a0b9ee9.webp
4458	SOURCE_LEAN/EW4_Web_Port_v0.61/assets/unit_reload/army_lineinfantry_147b1e42f967.webp
4166	SOURCE_LEAN/EW4_Web_Port_v0.61/assets/unit_reload/army_lineinfantry_15b319ebf7e3.webp
4026	SOURCE_LEAN/EW4_Web_Port_v0.61/assets/unit_reload/army_lineinfantry_195371874973.webp
4412	SOURCE_LEAN/EW4_Web_Port_v0.61/assets/unit_reload/army_lineinfantry_1c45a9b84288.webp
4738	SOURCE_LEAN/EW4_Web_Port_v0.61/assets/unit_reload/army_lineinfantry_20987abeffec.webp
3196	SOURCE_LEAN/EW4_Web_Port_v0.61/assets/unit_reload/army_lineinfantry_28cacb4f423b.webp
3178	SOURCE_LEAN/EW4_Web_Port_v0.61/assets/unit_reload/army_lineinfantry_2af149975d53.webp
4026	SOURCE_LEAN/EW4_Web_Port_v0.61/assets/unit_reload/army_lineinfantry_2b64dace455f.webp
4300	SOURCE_LEAN/EW4_Web_Port_v0.61/assets/unit_reload/army_lineinfantry_30c63c8f1c88.webp
4166	SOURCE_LEAN/EW4_Web_Port_v0.61/assets/unit_reload/army_lineinfantry_3115e68d2048.webp
4072	SOURCE_LEAN/EW4_Web_Port_v0.61/assets/unit_reload/army_lineinfantry_31d48e882a18.webp
3964	SOURCE_LEAN/EW4_Web_Port_v0.61/assets/unit_reload/army_lineinfantry_325dd505fcdc.webp
3104	SOURCE_LEAN/EW4_Web_Port_v0.61/assets/unit_reload/army_lineinfantry_35032abfb381.webp
3196	SOURCE_LEAN/EW4_Web_Port_v0.61/assets/unit_reload/army_lineinfantry_3531c308736c.webp
4420	SOURCE_LEAN/EW4_Web_Port_v0.61/assets/unit_reload/army_lineinfantry_3a290185aaa7.webp
4300	SOURCE_LEAN/EW4_Web_Port_v0.61/assets/unit_reload/army_lineinfantry_3acbc8af5b73.webp
4474	SOURCE_LEAN/EW4_Web_Port_v0.61/assets/unit_reload/army_lineinfantry_426d000b5023.webp
4412	SOURCE_LEAN/EW4_Web_Port_v0.61/assets/unit_reload/army_lineinfantry_433d7608bc82.webp
4166	SOURCE_LEAN/EW4_Web_Port_v0.61/assets/unit_reload/army_lineinfantry_437987d50d74.webp
4590	SOURCE_LEAN/EW4_Web_Port_v0.61/assets/unit_reload/army_lineinfantry_4624121e3419.webp
4072	SOURCE_LEAN/EW4_Web_Port_v0.61/assets/unit_reload/army_lineinfantry_49eec8e73105.webp
3178	SOURCE_LEAN/EW4_Web_Port_v0.61/assets/unit_reload/army_lineinfantry_4a691e215785.webp
4026	SOURCE_LEAN/EW4_Web_Port_v0.61/assets/unit_reload/army_lineinfantry_4da6c4e84803.webp
3218	SOURCE_LEAN/EW4_Web_Port_v0.61/assets/unit_reload/army_lineinfantry_515844415369.webp
3316	SOURCE_LEAN/EW4_Web_Port_v0.61/assets/unit_reload/army_lineinfantry_554e83aa1c1e.webp
4026	SOURCE_LEAN/EW4_Web_Port_v0.61/assets/unit_reload/army_lineinfantry_59c84f1e16fd.webp
3178	SOURCE_LEAN/EW4_Web_Port_v0.61/assets/unit_reload/army_lineinfantry_5ae8517f01ad.webp
3196	SOURCE_LEAN/EW4_Web_Port_v0.61/assets/unit_reload/army_lineinfantry_5b9e4a8fb8b3.webp
4738	SOURCE_LEAN/EW4_Web_Port_v0.61/assets/unit_reload/army_lineinfantry_658973c50934.webp
4412	SOURCE_LEAN/EW4_Web_Port_v0.61/assets/unit_reload/army_lineinfantry_681c983f13a8.webp
3216	SOURCE_LEAN/EW4_Web_Port_v0.61/assets/unit_reload/army_lineinfantry_6cde44bf5380.webp
3104	SOURCE_LEAN/EW4_Web_Port_v0.61/assets/unit_reload/army_lineinfantry_6f435002b706.webp
3176	SOURCE_LEAN/EW4_Web_Port_v0.61/assets/unit_reload/army_lineinfantry_72d79e958d46.webp
3996	SOURCE_LEAN/EW4_Web_Port_v0.61/assets/unit_reload/army_lineinfantry_731a49c57466.webp
4090	SOURCE_LEAN/EW4_Web_Port_v0.61/assets/unit_reload/army_lineinfantry_7d031d475808.webp
4026	SOURCE_LEAN/EW4_Web_Port_v0.61/assets/unit_reload/army_lineinfantry_804642c7a773.webp
4072	SOURCE_LEAN/EW4_Web_Port_v0.61/assets/unit_reload/army_lineinfantry_814d19b6a375.webp
4738	SOURCE_LEAN/EW4_Web_Port_v0.61/assets/unit_reload/army_lineinfantry_8313ca6152ec.webp
4072	SOURCE_LEAN/EW4_Web_Port_v0.61/assets/unit_reload/army_lineinfantry_878f6f5c7b03.webp
3178	SOURCE_LEAN/EW4_Web_Port_v0.61/assets/unit_reload/army_lineinfantry_8b8553528a7b.webp
4738	SOURCE_LEAN/EW4_Web_Port_v0.61/assets/unit_reload/army_lineinfantry_924f42a8d28d.webp
4072	SOURCE_LEAN/EW4_Web_Port_v0.61/assets/unit_reload/army_lineinfantry_95f0ce55e74c.webp
3196	SOURCE_LEAN/EW4_Web_Port_v0.61/assets/unit_reload/army_lineinfantry_9615ad9ef916.webp
3178	SOURCE_LEAN/EW4_Web_Port_v0.61/assets/unit_reload/army_lineinfantry_973d02f3f15e.webp
3104	SOURCE_LEAN/EW4_Web_Port_v0.61/assets/unit_reload/army_lineinfantry_9e089afc4bf6.webp
4738	SOURCE_LEAN/EW4_Web_Port_v0.61/assets/unit_reload/army_lineinfantry_9f1902ad1394.webp
4428	SOURCE_LEAN/EW4_Web_Port_v0.61/assets/unit_reload/army_lineinfantry_a61f0b40a8cf.webp
4412	SOURCE_LEAN/EW4_Web_Port_v0.61/assets/unit_reload/army_lineinfantry_ac494f30421a.webp
4300	SOURCE_LEAN/EW4_Web_Port_v0.61/assets/unit_reload/army_lineinfantry_b395d1b46669.webp
3104	SOURCE_LEAN/EW4_Web_Port_v0.61/assets/unit_reload/army_lineinfantry_b8e990cbca2e.webp
4072	SOURCE_LEAN/EW4_Web_Port_v0.61/assets/unit_reload/army_lineinfantry_ba71a5f9b154.webp
3196	SOURCE_LEAN/EW4_Web_Port_v0.61/assets/unit_reload/army_lineinfantry_c535776a7647.webp
4026	SOURCE_LEAN/EW4_Web_Port_v0.61/assets/unit_reload/army_lineinfantry_c84261e47f79.webp
4738	SOURCE_LEAN/EW4_Web_Port_v0.61/assets/unit_reload/army_lineinfantry_c8a32ce9bcce.webp
4300	SOURCE_LEAN/EW4_Web_Port_v0.61/assets/unit_reload/army_lineinfantry_c92ccf4dc0c1.webp
3196	SOURCE_LEAN/EW4_Web_Port_v0.61/assets/unit_reload/army_lineinfantry_ccb43dc60bc4.webp
3958	SOURCE_LEAN/EW4_Web_Port_v0.61/assets/unit_reload/army_lineinfantry_ccd1fd7162a7.webp
4072	SOURCE_LEAN/EW4_Web_Port_v0.61/assets/unit_reload/army_lineinfantry_d0648b875c0a.webp
4166	SOURCE_LEAN/EW4_Web_Port_v0.61/assets/unit_reload/army_lineinfantry_d268433c4ee1.webp
3972	SOURCE_LEAN/EW4_Web_Port_v0.61/assets/unit_reload/army_lineinfantry_d715a5f629a3.webp
4300	SOURCE_LEAN/EW4_Web_Port_v0.61/assets/unit_reload/army_lineinfantry_d8201c91ac2b.webp
4412	SOURCE_LEAN/EW4_Web_Port_v0.61/assets/unit_reload/army_lineinfantry_d94f7b86949b.webp
3104	SOURCE_LEAN/EW4_Web_Port_v0.61/assets/unit_reload/army_lineinfantry_d96f62a0d6e5.webp
4166	SOURCE_LEAN/EW4_Web_Port_v0.61/assets/unit_reload/army_lineinfantry_dee18ef7a196.webp
3236	SOURCE_LEAN/EW4_Web_Port_v0.61/assets/unit_reload/army_lineinfantry_dfb019af7373.webp
3240	SOURCE_LEAN/EW4_Web_Port_v0.61/assets/unit_reload/army_lineinfantry_e0c85f3fa9a8.webp
4412	SOURCE_LEAN/EW4_Web_Port_v0.61/assets/unit_reload/army_lineinfantry_e19c6ed8c9d1.webp
3104	SOURCE_LEAN/EW4_Web_Port_v0.61/assets/unit_reload/army_lineinfantry_e4d682ffc00f.webp
4300	SOURCE_LEAN/EW4_Web_Port_v0.61/assets/unit_reload/army_lineinfantry_e54c462cfdf0.webp
3178	SOURCE_LEAN/EW4_Web_Port_v0.61/assets/unit_reload/army_lineinfantry_e72e514803a9.webp
4026	SOURCE_LEAN/EW4_Web_Port_v0.61/assets/unit_reload/army_lineinfantry_e983671c37b5.webp
4300	SOURCE_LEAN/EW4_Web_Port_v0.61/assets/unit_reload/army_lineinfantry_f061383b81f3.webp
4738	SOURCE_LEAN/EW4_Web_Port_v0.61/assets/unit_reload/army_lineinfantry_f57f45d6bc93.webp
4166	SOURCE_LEAN/EW4_Web_Port_v0.61/assets/unit_reload/army_lineinfantry_f8bf304e33a5.webp
3196	SOURCE_LEAN/EW4_Web_Port_v0.61/assets/unit_reload/army_lineinfantry_fe7fe6f3b641.webp
3786	SOURCE_LEAN/EW4_Web_Port_v0.61/assets/unit_reload/army_militia_00f09a5de305.webp
4642	SOURCE_LEAN/EW4_Web_Port_v0.61/assets/unit_reload/army_militia_017dbac10146.webp
3902	SOURCE_LEAN/EW4_Web_Port_v0.61/assets/unit_reload/army_militia_02482dff4c41.webp
3126	SOURCE_LEAN/EW4_Web_Port_v0.61/assets/unit_reload/army_militia_02bd11edfc45.webp
3216	SOURCE_LEAN/EW4_Web_Port_v0.61/assets/unit_reload/army_militia_0698634b42d4.webp
3216	SOURCE_LEAN/EW4_Web_Port_v0.61/assets/unit_reload/army_militia_0968be04e5ce.webp
3582	SOURCE_LEAN/EW4_Web_Port_v0.61/assets/unit_reload/army_militia_0bb723812841.webp
4280	SOURCE_LEAN/EW4_Web_Port_v0.61/assets/unit_reload/army_militia_0bee3bf9e4db.webp
4500	SOURCE_LEAN/EW4_Web_Port_v0.61/assets/unit_reload/army_militia_0c89d3fe6b73.webp
4280	SOURCE_LEAN/EW4_Web_Port_v0.61/assets/unit_reload/army_militia_0c9a74b4408b.webp
2930	SOURCE_LEAN/EW4_Web_Port_v0.61/assets/unit_reload/army_militia_0f9da9bcd12f.webp
4280	SOURCE_LEAN/EW4_Web_Port_v0.61/assets/unit_reload/army_militia_171e433e8bca.webp
3216	SOURCE_LEAN/EW4_Web_Port_v0.61/assets/unit_reload/army_militia_1b6a34855a5e.webp
4280	SOURCE_LEAN/EW4_Web_Port_v0.61/assets/unit_reload/army_militia_25b4b495cb78.webp
3292	SOURCE_LEAN/EW4_Web_Port_v0.61/assets/unit_reload/army_militia_26fe0a9d47b1.webp
3432	SOURCE_LEAN/EW4_Web_Port_v0.61/assets/unit_reload/army_militia_2cb63c42b3d8.webp
4084	SOURCE_LEAN/EW4_Web_Port_v0.61/assets/unit_reload/army_militia_3c1523b8a8d0.webp
4234	SOURCE_LEAN/EW4_Web_Port_v0.61/assets/unit_reload/army_militia_3d7b077603dc.webp
4234	SOURCE_LEAN/EW4_Web_Port_v0.61/assets/unit_reload/army_militia_41307dc46a14.webp
4280	SOURCE_LEAN/EW4_Web_Port_v0.61/assets/unit_reload/army_militia_4841ca0e6d41.webp
3432	SOURCE_LEAN/EW4_Web_Port_v0.61/assets/unit_reload/army_militia_484301ee405b.webp
4642	SOURCE_LEAN/EW4_Web_Port_v0.61/assets/unit_reload/army_militia_4caa312a475b.webp
4642	SOURCE_LEAN/EW4_Web_Port_v0.61/assets/unit_reload/army_militia_4d3fa391d0c9.webp
3216	SOURCE_LEAN/EW4_Web_Port_v0.61/assets/unit_reload/army_militia_4fd5111b45e6.webp
4280	SOURCE_LEAN/EW4_Web_Port_v0.61/assets/unit_reload/army_militia_59fbdfa08fe0.webp
4642	SOURCE_LEAN/EW4_Web_Port_v0.61/assets/unit_reload/army_militia_5ccf804df888.webp
3902	SOURCE_LEAN/EW4_Web_Port_v0.61/assets/unit_reload/army_militia_5f1ac2f85da5.webp
4234	SOURCE_LEAN/EW4_Web_Port_v0.61/assets/unit_reload/army_militia_6341fe40d56a.webp
3644	SOURCE_LEAN/EW4_Web_Port_v0.61/assets/unit_reload/army_militia_6f618ee23109.webp
3216	SOURCE_LEAN/EW4_Web_Port_v0.61/assets/unit_reload/army_militia_6fb417c9f147.webp
3126	SOURCE_LEAN/EW4_Web_Port_v0.61/assets/unit_reload/army_militia_714842edec79.webp
3786	SOURCE_LEAN/EW4_Web_Port_v0.61/assets/unit_reload/army_militia_7228204b6780.webp
3902	SOURCE_LEAN/EW4_Web_Port_v0.61/assets/unit_reload/army_militia_7d078ed65ac9.webp
3126	SOURCE_LEAN/EW4_Web_Port_v0.61/assets/unit_reload/army_militia_7f6bc25210e6.webp
4642	SOURCE_LEAN/EW4_Web_Port_v0.61/assets/unit_reload/army_militia_8417d1e62175.webp
3786	SOURCE_LEAN/EW4_Web_Port_v0.61/assets/unit_reload/army_militia_890f1ea9bf0b.webp
3432	SOURCE_LEAN/EW4_Web_Port_v0.61/assets/unit_reload/army_militia_8c235c5d0fa0.webp
3054	SOURCE_LEAN/EW4_Web_Port_v0.61/assets/unit_reload/army_militia_8cd6661f3140.webp
4530	SOURCE_LEAN/EW4_Web_Port_v0.61/assets/unit_reload/army_militia_8ce252374ced.webp
3902	SOURCE_LEAN/EW4_Web_Port_v0.61/assets/unit_reload/army_militia_926796b02d30.webp
4234	SOURCE_LEAN/EW4_Web_Port_v0.61/assets/unit_reload/army_militia_928945fd30c7.webp
3432	SOURCE_LEAN/EW4_Web_Port_v0.61/assets/unit_reload/army_militia_9322951211bc.webp
4234	SOURCE_LEAN/EW4_Web_Port_v0.61/assets/unit_reload/army_militia_93a4d5c5d7fc.webp
3902	SOURCE_LEAN/EW4_Web_Port_v0.61/assets/unit_reload/army_militia_95156ee2a484.webp
4280	SOURCE_LEAN/EW4_Web_Port_v0.61/assets/unit_reload/army_militia_9a9cd4e57738.webp
3126	SOURCE_LEAN/EW4_Web_Port_v0.61/assets/unit_reload/army_militia_9cb4dab2c7e9.webp
3902	SOURCE_LEAN/EW4_Web_Port_v0.61/assets/unit_reload/army_militia_9e353286ee88.webp
4642	SOURCE_LEAN/EW4_Web_Port_v0.61/assets/unit_reload/army_militia_a04c1f7be412.webp
4626	SOURCE_LEAN/EW4_Web_Port_v0.61/assets/unit_reload/army_militia_a193c9acdeaa.webp
3126	SOURCE_LEAN/EW4_Web_Port_v0.61/assets/unit_reload/army_militia_a28da390feba.webp
4626	SOURCE_LEAN/EW4_Web_Port_v0.61/assets/unit_reload/army_militia_a8fe51cc6eff.webp
4642	SOURCE_LEAN/EW4_Web_Port_v0.61/assets/unit_reload/army_militia_ab31bbb6a8af.webp
3126	SOURCE_LEAN/EW4_Web_Port_v0.61/assets/unit_reload/army_militia_ac25bfe70a2f.webp
4626	SOURCE_LEAN/EW4_Web_Port_v0.61/assets/unit_reload/army_militia_ac8e08bd35d8.webp
3786	SOURCE_LEAN/EW4_Web_Port_v0.61/assets/unit_reload/army_militia_ad01ca0859f8.webp
4486	SOURCE_LEAN/EW4_Web_Port_v0.61/assets/unit_reload/army_militia_b49e9f6da766.webp
3970	SOURCE_LEAN/EW4_Web_Port_v0.61/assets/unit_reload/army_militia_b5d1fa325827.webp
3276	SOURCE_LEAN/EW4_Web_Port_v0.61/assets/unit_reload/army_militia_b693c6b7f69e.webp
3530	SOURCE_LEAN/EW4_Web_Port_v0.61/assets/unit_reload/army_militia_b7a7168f0a71.webp
4426	SOURCE_LEAN/EW4_Web_Port_v0.61/assets/unit_reload/army_militia_c2f68ca6da9f.webp
3216	SOURCE_LEAN/EW4_Web_Port_v0.61/assets/unit_reload/army_militia_c89d92f5c38a.webp
4234	SOURCE_LEAN/EW4_Web_Port_v0.61/assets/unit_reload/army_militia_cba4bddfbc7e.webp
4154	SOURCE_LEAN/EW4_Web_Port_v0.61/assets/unit_reload/army_militia_cee60148a5f3.webp
4626	SOURCE_LEAN/EW4_Web_Port_v0.61/assets/unit_reload/army_militia_d17f245c348b.webp
4234	SOURCE_LEAN/EW4_Web_Port_v0.61/assets/unit_reload/army_militia_d3d92ab83d6f.webp
3786	SOURCE_LEAN/EW4_Web_Port_v0.61/assets/unit_reload/army_militia_d3ed311b86a9.webp
3704	SOURCE_LEAN/EW4_Web_Port_v0.61/assets/unit_reload/army_militia_d41f8533835b.webp
3432	SOURCE_LEAN/EW4_Web_Port_v0.61/assets/unit_reload/army_militia_d45cc8e84b98.webp
4330	SOURCE_LEAN/EW4_Web_Port_v0.61/assets/unit_reload/army_militia_d5a668206804.webp
3040	SOURCE_LEAN/EW4_Web_Port_v0.61/assets/unit_reload/army_militia_d61e4604bf7a.webp
4626	SOURCE_LEAN/EW4_Web_Port_v0.61/assets/unit_reload/army_militia_db7b04cd79b9.webp
4008	SOURCE_LEAN/EW4_Web_Port_v0.61/assets/unit_reload/army_militia_def345995093.webp
3786	SOURCE_LEAN/EW4_Web_Port_v0.61/assets/unit_reload/army_militia_df8e56ea1664.webp
4080	SOURCE_LEAN/EW4_Web_Port_v0.61/assets/unit_reload/army_militia_e3730433a153.webp
3126	SOURCE_LEAN/EW4_Web_Port_v0.61/assets/unit_reload/army_militia_e515b528db87.webp
3432	SOURCE_LEAN/EW4_Web_Port_v0.61/assets/unit_reload/army_militia_e82d2435d170.webp
4020	SOURCE_LEAN/EW4_Web_Port_v0.61/assets/unit_reload/army_militia_f12ab76315db.webp
3786	SOURCE_LEAN/EW4_Web_Port_v0.61/assets/unit_reload/army_militia_f803f12731b3.webp
4626	SOURCE_LEAN/EW4_Web_Port_v0.61/assets/unit_reload/army_militia_fc35cc087814.webp
4074	SOURCE_LEAN/EW4_Web_Port_v0.61/assets/unit_reload/army_militia_fc5c064d2892.webp
3432	SOURCE_LEAN/EW4_Web_Port_v0.61/assets/unit_reload/army_militia_fcb9bdbb2566.webp
4570	SOURCE_LEAN/EW4_Web_Port_v0.61/battle_save_core.js
4570	SOURCE_LEAN/EW4_Web_Port_v0.61/battle_save_core.js.pre_p33_visual_timing
10192	SOURCE_LEAN/EW4_Web_Port_v0.61/combat_core.js
9933	SOURCE_LEAN/EW4_Web_Port_v0.61/combat_core.js.pre_construction_ui
9562	SOURCE_LEAN/EW4_Web_Port_v0.61/combat_core.js.pre_training
9772	SOURCE_LEAN/EW4_Web_Port_v0.61/compact_bile_runtime.js
3676	SOURCE_LEAN/EW4_Web_Port_v0.61/country_turn_core.js
3540	SOURCE_LEAN/EW4_Web_Port_v0.61/dev_tools/extract_native_combat_effects.py
3272	SOURCE_LEAN/EW4_Web_Port_v0.61/dev_tools/extract_native_simple_effects.py
2990	SOURCE_LEAN/EW4_Web_Port_v0.61/dev_tools/extract_native_simple_effects.py.pre_multiroot
1259	SOURCE_LEAN/EW4_Web_Port_v0.61/dev_tools/native_simple_effect_pixel_smoke.js
3989	SOURCE_LEAN/EW4_Web_Port_v0.61/dev_tools/r14_34_animation/build_animation_family_pack.py
14089	SOURCE_LEAN/EW4_Web_Port_v0.61/dev_tools/r14_34_animation/extract_bile_unit_animation.py
1569	SOURCE_LEAN/EW4_Web_Port_v0.61/general_deployment_core.js
90009	SOURCE_LEAN/EW4_Web_Port_v0.61/index.html
58188	SOURCE_LEAN/EW4_Web_Port_v0.61/index.html.p16bak
52496	SOURCE_LEAN/EW4_Web_Port_v0.61/index.html.pre_construction_ui
52654	SOURCE_LEAN/EW4_Web_Port_v0.61/index.html.pre_funcres
53666	SOURCE_LEAN/EW4_Web_Port_v0.61/index.html.pre_moving_effect_core
89466	SOURCE_LEAN/EW4_Web_Port_v0.61/index.html.pre_p32_visual_polish
89558	SOURCE_LEAN/EW4_Web_Port_v0.61/index.html.pre_p33_visual_timing
49978	SOURCE_LEAN/EW4_Web_Port_v0.61/index.html.pre_princessflow
53202	SOURCE_LEAN/EW4_Web_Port_v0.61/index.html.pre_simple_effect_runtime
52448	SOURCE_LEAN/EW4_Web_Port_v0.61/index.html.pre_training
53718	SOURCE_LEAN/EW4_Web_Port_v0.61/index.html.pre_tutorial_p15
6486	SOURCE_LEAN/EW4_Web_Port_v0.61/item_inventory_core.js
213	SOURCE_LEAN/EW4_Web_Port_v0.61/manifest.webmanifest
5946	SOURCE_LEAN/EW4_Web_Port_v0.61/native_academy_core.js
6235	SOURCE_LEAN/EW4_Web_Port_v0.61/native_achievement_core.js
1217	SOURCE_LEAN/EW4_Web_Port_v0.61/native_action_audio_core.js
6057	SOURCE_LEAN/EW4_Web_Port_v0.61/native_animation_controller.js
7130	SOURCE_LEAN/EW4_Web_Port_v0.61/native_camera_core.js
7321	SOURCE_LEAN/EW4_Web_Port_v0.61/native_campaign_core.js
4489	SOURCE_LEAN/EW4_Web_Port_v0.61/native_campaign_core.js.pre_p17_integration
963	SOURCE_LEAN/EW4_Web_Port_v0.61/native_campaign_line_core.js
4338	SOURCE_LEAN/EW4_Web_Port_v0.61/native_campaign_session_core.js
2964	SOURCE_LEAN/EW4_Web_Port_v0.61/native_commerce_core.js
6592	SOURCE_LEAN/EW4_Web_Port_v0.61/native_conquest_achievement_core.js
2816	SOURCE_LEAN/EW4_Web_Port_v0.61/native_conquest_extinction_core.js
2728	SOURCE_LEAN/EW4_Web_Port_v0.61/native_construction_core.js
1764	SOURCE_LEAN/EW4_Web_Port_v0.61/native_construction_core.js.pre_upgrade_cost
2297	SOURCE_LEAN/EW4_Web_Port_v0.61/native_effect_audio_core.js
1608	SOURCE_LEAN/EW4_Web_Port_v0.61/native_event_core.js
7680	SOURCE_LEAN/EW4_Web_Port_v0.61/native_general_core.js
2817	SOURCE_LEAN/EW4_Web_Port_v0.61/native_hex_core.js
2353	SOURCE_LEAN/EW4_Web_Port_v0.61/native_impact_effect_core.js
2199	SOURCE_LEAN/EW4_Web_Port_v0.61/native_lowzoom_core.js
2123	SOURCE_LEAN/EW4_Web_Port_v0.61/native_maptext_core.js
896	SOURCE_LEAN/EW4_Web_Port_v0.61/native_movement_effect_core.js
5281	SOURCE_LEAN/EW4_Web_Port_v0.61/native_result_core.js
5140	SOURCE_LEAN/EW4_Web_Port_v0.61/native_scene_shop_core.js
10667	SOURCE_LEAN/EW4_Web_Port_v0.61/native_simple_effect_runtime.js
5952	SOURCE_LEAN/EW4_Web_Port_v0.61/native_simple_effect_runtime.js.pre_area_exact
6749	SOURCE_LEAN/EW4_Web_Port_v0.61/native_simple_effect_runtime.js.pre_cont_mode
7040	SOURCE_LEAN/EW4_Web_Port_v0.61/native_simple_effect_runtime.js.pre_motion_physics
9210	SOURCE_LEAN/EW4_Web_Port_v0.61/native_simple_effect_runtime.js.pre_rgb_tint
6340	SOURCE_LEAN/EW4_Web_Port_v0.61/native_simple_effect_runtime.js.pre_tint
4775	SOURCE_LEAN/EW4_Web_Port_v0.61/native_training_core.js
3942	SOURCE_LEAN/EW4_Web_Port_v0.61/native_tutorial_core.js
970	SOURCE_LEAN/EW4_Web_Port_v0.61/native_ui_audio_core.js
5830	SOURCE_LEAN/EW4_Web_Port_v0.61/native_upgrade_core.js
2020	SOURCE_LEAN/EW4_Web_Port_v0.61/native_useitem_core.js
1673	SOURCE_LEAN/EW4_Web_Port_v0.61/player_unit_rules.js
76087	SOURCE_LEAN/EW4_Web_Port_v0.61/r14_native_forms.css
23702	SOURCE_LEAN/EW4_Web_Port_v0.61/r14_native_forms.css.pre_construction_ui
23739	SOURCE_LEAN/EW4_Web_Port_v0.61/r14_native_forms.css.pre_funcres
22333	SOURCE_LEAN/EW4_Web_Port_v0.61/r14_native_forms.css.pre_princessflow
48557	SOURCE_LEAN/EW4_Web_Port_v0.61/sw.js
7071	SOURCE_LEAN/EW4_Web_Port_v0.61/sw.js.pre_moving_effect_core
16585	SOURCE_LEAN/EW4_Web_Port_v0.61/sw.js.pre_p32_visualfix
6870	SOURCE_LEAN/EW4_Web_Port_v0.61/sw.js.pre_princessflow
7008	SOURCE_LEAN/EW4_Web_Port_v0.61/sw.js.pre_simple_effect_runtime
6943	SOURCE_LEAN/EW4_Web_Port_v0.61/sw.js.pre_training
7356	SOURCE_LEAN/EW4_Web_Port_v0.61/sw.js.pre_tutorial_p15
1853	SOURCE_LEAN/EW4_Web_Port_v0.61/test_battle_save_core.js
2306	SOURCE_LEAN/EW4_Web_Port_v0.61/test_cavalry_supply_rules.js
6485	SOURCE_LEAN/EW4_Web_Port_v0.61/test_combat_core.js
1949	SOURCE_LEAN/EW4_Web_Port_v0.61/test_compact_bile_full_parity.js
1697	SOURCE_LEAN/EW4_Web_Port_v0.61/test_compact_bile_render_contract.js
2529	SOURCE_LEAN/EW4_Web_Port_v0.61/test_compact_bile_runtime.js
992	SOURCE_LEAN/EW4_Web_Port_v0.61/test_core_map_unit_contract.js
2640	SOURCE_LEAN/EW4_Web_Port_v0.61/test_country_turn_core.js
1247	SOURCE_LEAN/EW4_Web_Port_v0.61/test_data_integrity.js
2280	SOURCE_LEAN/EW4_Web_Port_v0.61/test_effective_ui_contract.js
3299	SOURCE_LEAN/EW4_Web_Port_v0.61/test_enhanced_generals_combat.js
1701	SOURCE_LEAN/EW4_Web_Port_v0.61/test_full_animation_877.js
1780	SOURCE_LEAN/EW4_Web_Port_v0.61/test_general_deployment_core.js
2056	SOURCE_LEAN/EW4_Web_Port_v0.61/test_item_inventory_core.js
1383	SOURCE_LEAN/EW4_Web_Port_v0.61/test_mod_general_dismissal_p19.js
4170	SOURCE_LEAN/EW4_Web_Port_v0.61/test_native_academy_core.js
2045	SOURCE_LEAN/EW4_Web_Port_v0.61/test_native_action_audio.js
1621	SOURCE_LEAN/EW4_Web_Port_v0.61/test_native_ai_action_camera_focus.js
2180	SOURCE_LEAN/EW4_Web_Port_v0.61/test_native_animation_integration.js
2933	SOURCE_LEAN/EW4_Web_Port_v0.61/test_native_artillery_visual_timeline.js
1080	SOURCE_LEAN/EW4_Web_Port_v0.61/test_native_audio_inventory.js
1557	SOURCE_LEAN/EW4_Web_Port_v0.61/test_native_battle_music.js
1784	SOURCE_LEAN/EW4_Web_Port_v0.61/test_native_battle_overlay_visuals.js
3039	SOURCE_LEAN/EW4_Web_Port_v0.61/test_native_camera_interaction.js
2844	SOURCE_LEAN/EW4_Web_Port_v0.61/test_native_camera_programmatic.js
2468	SOURCE_LEAN/EW4_Web_Port_v0.61/test_native_campaign_p17_integration.js
3672	SOURCE_LEAN/EW4_Web_Port_v0.61/test_native_campaign_targets_exhaustive_p17.js
6777	SOURCE_LEAN/EW4_Web_Port_v0.61/test_native_campaign_targets_p17.js
1461	SOURCE_LEAN/EW4_Web_Port_v0.61/test_native_commerce_core.js
985	SOURCE_LEAN/EW4_Web_Port_v0.61/test_native_commerce_forms_p19.js
2532	SOURCE_LEAN/EW4_Web_Port_v0.61/test_native_conquest_ui.js
3072	SOURCE_LEAN/EW4_Web_Port_v0.61/test_native_construction_core.js
1415	SOURCE_LEAN/EW4_Web_Port_v0.61/test_native_deployitem_p18.js
1377	SOURCE_LEAN/EW4_Web_Port_v0.61/test_native_effect_audio_core.js
1442	SOURCE_LEAN/EW4_Web_Port_v0.61/test_native_effects_visual_coverage.js
1926	SOURCE_LEAN/EW4_Web_Port_v0.61/test_native_entity_triggers.js
848	SOURCE_LEAN/EW4_Web_Port_v0.61/test_native_fire_events.js
1167	SOURCE_LEAN/EW4_Web_Port_v0.61/test_native_funcres_contract.js
2655	SOURCE_LEAN/EW4_Web_Port_v0.61/test_native_general_core.js
2435	SOURCE_LEAN/EW4_Web_Port_v0.61/test_native_general_p18_integration.js
1129	SOURCE_LEAN/EW4_Web_Port_v0.61/test_native_getgeneral_effect.js
626	SOURCE_LEAN/EW4_Web_Port_v0.61/test_native_getgeneral_tips.js
1911	SOURCE_LEAN/EW4_Web_Port_v0.61/test_native_headquarters_flow.js
677	SOURCE_LEAN/EW4_Web_Port_v0.61/test_native_hex_battle_roundtrip.js
1311	SOURCE_LEAN/EW4_Web_Port_v0.61/test_native_hex_geometry.js
1288	SOURCE_LEAN/EW4_Web_Port_v0.61/test_native_impact_effect_core.js
1624	SOURCE_LEAN/EW4_Web_Port_v0.61/test_native_lowzoom_lod.js
1739	SOURCE_LEAN/EW4_Web_Port_v0.61/test_native_lowzoom_status.js
1679	SOURCE_LEAN/EW4_Web_Port_v0.61/test_native_machinegun_visual_timeline.js
1353	SOURCE_LEAN/EW4_Web_Port_v0.61/test_native_main_campaign_layout.js
1283	SOURCE_LEAN/EW4_Web_Port_v0.61/test_native_maptext_core.js
1232	SOURCE_LEAN/EW4_Web_Port_v0.61/test_native_maptext_runtime.js
1256	SOURCE_LEAN/EW4_Web_Port_v0.61/test_native_morale_events.js
1404	SOURCE_LEAN/EW4_Web_Port_v0.61/test_native_motion_speed.js
818	SOURCE_LEAN/EW4_Web_Port_v0.61/test_native_movement_effect_core.js
668	SOURCE_LEAN/EW4_Web_Port_v0.61/test_native_movement_effect_integration.js
1386	SOURCE_LEAN/EW4_Web_Port_v0.61/test_native_moving_effect_canvas.js
1393	SOURCE_LEAN/EW4_Web_Port_v0.61/test_native_option_audio.js
1044	SOURCE_LEAN/EW4_Web_Port_v0.61/test_native_option_controller.js
851	SOURCE_LEAN/EW4_Web_Port_v0.61/test_native_path_tiebreak.js
2192	SOURCE_LEAN/EW4_Web_Port_v0.61/test_native_player_action_camera_focus.js
1322	SOURCE_LEAN/EW4_Web_Port_v0.61/test_native_princess_deployment.js
1096	SOURCE_LEAN/EW4_Web_Port_v0.61/test_native_ready_motion_runtime.js
1502	SOURCE_LEAN/EW4_Web_Port_v0.61/test_native_result_core.js
1048	SOURCE_LEAN/EW4_Web_Port_v0.61/test_native_result_integration.js
3533	SOURCE_LEAN/EW4_Web_Port_v0.61/test_native_result_p16_behavior.js
1111	SOURCE_LEAN/EW4_Web_Port_v0.61/test_native_result_p16_integration.js
2136	SOURCE_LEAN/EW4_Web_Port_v0.61/test_native_rocket_visual_timeline.js
1163	SOURCE_LEAN/EW4_Web_Port_v0.61/test_native_roundturn_p19.js
2291	SOURCE_LEAN/EW4_Web_Port_v0.61/test_native_scene_shop_core.js
1055	SOURCE_LEAN/EW4_Web_Port_v0.61/test_native_simple_effect_canvas.js
1253	SOURCE_LEAN/EW4_Web_Port_v0.61/test_native_simple_effect_integration.js
851	SOURCE_LEAN/EW4_Web_Port_v0.61/test_native_simple_effect_integration.js.pre_moving_integration
4071	SOURCE_LEAN/EW4_Web_Port_v0.61/test_native_simple_effect_runtime.js
2452	SOURCE_LEAN/EW4_Web_Port_v0.61/test_native_simple_effect_runtime.js.pre_moving
2034	SOURCE_LEAN/EW4_Web_Port_v0.61/test_native_simple_effects.js
1268	SOURCE_LEAN/EW4_Web_Port_v0.61/test_native_simple_effects.js.pre_moving_data
1858	SOURCE_LEAN/EW4_Web_Port_v0.61/test_native_stageintro_p20.js
1305	SOURCE_LEAN/EW4_Web_Port_v0.61/test_native_stageintro_talk_visuals.js
1192	SOURCE_LEAN/EW4_Web_Port_v0.61/test_native_timed_battle_sfx.js
3131	SOURCE_LEAN/EW4_Web_Port_v0.61/test_native_training_core.js
1780	SOURCE_LEAN/EW4_Web_Port_v0.61/test_native_triggers.js
2192	SOURCE_LEAN/EW4_Web_Port_v0.61/test_native_tutorial_core.js
1358	SOURCE_LEAN/EW4_Web_Port_v0.61/test_native_tutorial_forms.js
5227	SOURCE_LEAN/EW4_Web_Port_v0.61/test_native_tutorial_integration.js
1555	SOURCE_LEAN/EW4_Web_Port_v0.61/test_native_ui_audio.js
1695	SOURCE_LEAN/EW4_Web_Port_v0.61/test_native_upgrade_core.js
1332	SOURCE_LEAN/EW4_Web_Port_v0.61/test_native_useitem_contract.js
1518	SOURCE_LEAN/EW4_Web_Port_v0.61/test_native_useitem_core.js
1140	SOURCE_LEAN/EW4_Web_Port_v0.61/test_native_warzone_tech_manifest.js
5734	SOURCE_LEAN/EW4_Web_Port_v0.61/test_original_forms_568h.js
4813	SOURCE_LEAN/EW4_Web_Port_v0.61/test_p21_scene_upgrade_integration.js
2101	SOURCE_LEAN/EW4_Web_Port_v0.61/test_p22_native_defense.js
2089	SOURCE_LEAN/EW4_Web_Port_v0.61/test_p23_native_pause.js
2947	SOURCE_LEAN/EW4_Web_Port_v0.61/test_p24_campaign_growth_chain.js
4282	SOURCE_LEAN/EW4_Web_Port_v0.61/test_p24_native_unitinfo.js
6031	SOURCE_LEAN/EW4_Web_Port_v0.61/test_p25_campaign_long_session.js
1985	SOURCE_LEAN/EW4_Web_Port_v0.61/test_p25_campaign_session_core.js
3077	SOURCE_LEAN/EW4_Web_Port_v0.61/test_p25_native_campaigninfo.js
2837	SOURCE_LEAN/EW4_Web_Port_v0.61/test_p26_native_campaign_selcountry.js
1884	SOURCE_LEAN/EW4_Web_Port_v0.61/test_p26_native_save_presentation.js
2755	SOURCE_LEAN/EW4_Web_Port_v0.61/test_p27_native_achievement.js
3511	SOURCE_LEAN/EW4_Web_Port_v0.61/test_p28_native_achievement_exact.js
4367	SOURCE_LEAN/EW4_Web_Port_v0.61/test_p29_native_conquest_achievement.js
2344	SOURCE_LEAN/EW4_Web_Port_v0.61/test_p30_conquest_extinction.js
2769	SOURCE_LEAN/EW4_Web_Port_v0.61/test_p30_conquest_extinction_matrix.js
2444	SOURCE_LEAN/EW4_Web_Port_v0.61/test_p30_conquest_extinction_runtime.js
2581	SOURCE_LEAN/EW4_Web_Port_v0.61/test_p30_native_conquest_complete.js
1192	SOURCE_LEAN/EW4_Web_Port_v0.61/test_p30_native_country_failure.js
1726	SOURCE_LEAN/EW4_Web_Port_v0.61/test_p30_native_loading.js
1856	SOURCE_LEAN/EW4_Web_Port_v0.61/test_p33_visual_timing_transport.js
3083	SOURCE_LEAN/EW4_Web_Port_v0.61/test_p34_final_visual_closure.js
2844	SOURCE_LEAN/EW4_Web_Port_v0.61/test_p35_map_unit_asset_integrity.js
2391	SOURCE_LEAN/EW4_Web_Port_v0.61/test_p35_native_presentation_hardening.js
4792	SOURCE_LEAN/EW4_Web_Port_v0.61/test_p36_native_hud_hextend.js
3027	SOURCE_LEAN/EW4_Web_Port_v0.61/test_p37_native_hud_deweb.js
1915	SOURCE_LEAN/EW4_Web_Port_v0.61/test_p38_native_hud_baselines.js
4039	SOURCE_LEAN/EW4_Web_Port_v0.61/test_p39_noon_regression_lock.js
820	SOURCE_LEAN/EW4_Web_Port_v0.61/test_player_infinite_resources.js
994	SOURCE_LEAN/EW4_Web_Port_v0.61/test_player_overrides.js
2450	SOURCE_LEAN/EW4_Web_Port_v0.61/test_player_princess_overrides.js
1380	SOURCE_LEAN/EW4_Web_Port_v0.61/test_player_unit_rules.js
6567	SOURCE_LEAN/EW4_Web_Port_v0.61/test_r14_runtime_contract.js
2276	SOURCE_LEAN/EW4_Web_Port_v0.61/test_reinforcement_safety.js
1144	SOURCE_LEAN/EW4_Web_Port_v0.61/test_round_dialogues.js
2094	SOURCE_LEAN/EW4_Web_Port_v0.61/test_shop_itemstore_contract.js
778	SOURCE_LEAN/EW4_Web_Port_v0.61/test_stage_turn_limits.js
1780	SOURCE_LEAN/EW4_Web_Port_v0.61/test_tavern_contract.js
1574	SOURCE_LEAN/EW4_Web_Port_v0.61/test_ui_contract.js
2621	SOURCE_LEAN/EW4_Web_Port_v0.61/tools_generate_native_campaign_targets.py
117	SOURCE_NATIVE/EW4_iOS_NativePort/BUILD_FROM_CODEX_MAC.sh
2918	SOURCE_NATIVE/EW4_iOS_NativePort/Docs/NATIVE_BUILD_CONTRACT.json
3910	SOURCE_NATIVE/EW4_iOS_NativePort/Docs/NATIVE_IPA_PREFLIGHT_REPORT.json
379	SOURCE_NATIVE/EW4_iOS_NativePort/Docs/NATIVE_RESOURCE_AUDIT.json
180485	SOURCE_NATIVE/EW4_iOS_NativePort/Docs/NATIVE_RESOURCE_MANIFEST_SHA256.tsv
9114	SOURCE_NATIVE/EW4_iOS_NativePort/Docs/P43_LINUX_FAIL_CLOSED_BUILD_GATE.log
9714	SOURCE_NATIVE/EW4_iOS_NativePort/Docs/P43_NATIVE_SWIFT_TEST.log
1213	SOURCE_NATIVE/EW4_iOS_NativePort/Docs/PORT_STATUS.md
865	SOURCE_NATIVE/EW4_iOS_NativePort/Docs/XCODE_CANDIDATE_STATIC_GATE.json
3931	SOURCE_NATIVE/EW4_iOS_NativePort/Docs/XCODE_FIRST_BUILD_RUNBOOK.md
695	SOURCE_NATIVE/EW4_iOS_NativePort/NativeCore/Package.swift
552	SOURCE_NATIVE/EW4_iOS_NativePort/NativeCore/Sources/EW4NativeAudit/main.swift
2065	SOURCE_NATIVE/EW4_iOS_NativePort/NativeCore/Sources/EW4NativeCore/ArmyStatsCore.swift
56945	SOURCE_NATIVE/EW4_iOS_NativePort/NativeCore/Sources/EW4NativeCore/BattleGameplayCore.swift
3105	SOURCE_NATIVE/EW4_iOS_NativePort/NativeCore/Sources/EW4NativeCore/BattleSession.swift
10079	SOURCE_NATIVE/EW4_iOS_NativePort/NativeCore/Sources/EW4NativeCore/CombatCore.swift
11186	SOURCE_NATIVE/EW4_iOS_NativePort/NativeCore/Sources/EW4NativeCore/CompactBILE.swift
5095	SOURCE_NATIVE/EW4_iOS_NativePort/NativeCore/Sources/EW4NativeCore/CountryTurnCore.swift
2585	SOURCE_NATIVE/EW4_iOS_NativePort/NativeCore/Sources/EW4NativeCore/DefMotion.swift
3959	SOURCE_NATIVE/EW4_iOS_NativePort/NativeCore/Sources/EW4NativeCore/LogicalGeometry.swift
3883	SOURCE_NATIVE/EW4_iOS_NativePort/NativeCore/Sources/EW4NativeCore/NativeAIPlannerCore.swift
9255	SOURCE_NATIVE/EW4_iOS_NativePort/NativeCore/Sources/EW4NativeCore/NativeAIPresentationDriverCore.swift
4460	SOURCE_NATIVE/EW4_iOS_NativePort/NativeCore/Sources/EW4NativeCore/NativeAIRoundSimulationCore.swift
6628	SOURCE_NATIVE/EW4_iOS_NativePort/NativeCore/Sources/EW4NativeCore/NativeAchievementCore.swift
1285	SOURCE_NATIVE/EW4_iOS_NativePort/NativeCore/Sources/EW4NativeCore/NativeActionCameraFocusCore.swift
10175	SOURCE_NATIVE/EW4_iOS_NativePort/NativeCore/Sources/EW4NativeCore/NativeAnimationSequenceCore.swift
1287	SOURCE_NATIVE/EW4_iOS_NativePort/NativeCore/Sources/EW4NativeCore/NativeAnimationTiming.swift
1690	SOURCE_NATIVE/EW4_iOS_NativePort/NativeCore/Sources/EW4NativeCore/NativeAudioPolicyCore.swift
3875	SOURCE_NATIVE/EW4_iOS_NativePort/NativeCore/Sources/EW4NativeCore/NativeBattleCommerceCore.swift
4909	SOURCE_NATIVE/EW4_iOS_NativePort/NativeCore/Sources/EW4NativeCore/NativeBattleConstructionCore.swift
1698	SOURCE_NATIVE/EW4_iOS_NativePort/NativeCore/Sources/EW4NativeCore/NativeBattleConsumableCore.swift
2327	SOURCE_NATIVE/EW4_iOS_NativePort/NativeCore/Sources/EW4NativeCore/NativeBattleDefenseCore.swift
2596	SOURCE_NATIVE/EW4_iOS_NativePort/NativeCore/Sources/EW4NativeCore/NativeBattleDialogueQueueCore.swift
4503	SOURCE_NATIVE/EW4_iOS_NativePort/NativeCore/Sources/EW4NativeCore/NativeBattleEnvironmentCore.swift
9083	SOURCE_NATIVE/EW4_iOS_NativePort/NativeCore/Sources/EW4NativeCore/NativeBattleEventCore.swift
2759	SOURCE_NATIVE/EW4_iOS_NativePort/NativeCore/Sources/EW4NativeCore/NativeBattleFirePresentationCore.swift
849	SOURCE_NATIVE/EW4_iOS_NativePort/NativeCore/Sources/EW4NativeCore/NativeBattleHUDCore.swift
5732	SOURCE_NATIVE/EW4_iOS_NativePort/NativeCore/Sources/EW4NativeCore/NativeBattlePresentation.swift
1530	SOURCE_NATIVE/EW4_iOS_NativePort/NativeCore/Sources/EW4NativeCore/NativeBattleRecruitCore.swift
13079	SOURCE_NATIVE/EW4_iOS_NativePort/NativeCore/Sources/EW4NativeCore/NativeBattleRehydrationCore.swift
10502	SOURCE_NATIVE/EW4_iOS_NativePort/NativeCore/Sources/EW4NativeCore/NativeBattleSaveCore.swift
4148	SOURCE_NATIVE/EW4_iOS_NativePort/NativeCore/Sources/EW4NativeCore/NativeBattleSaveSlotStore.swift
6156	SOURCE_NATIVE/EW4_iOS_NativePort/NativeCore/Sources/EW4NativeCore/NativeBattleShopCore.swift
400	SOURCE_NATIVE/EW4_iOS_NativePort/NativeCore/Sources/EW4NativeCore/NativeBattleSidecarCore.swift
7726	SOURCE_NATIVE/EW4_iOS_NativePort/NativeCore/Sources/EW4NativeCore/NativeBattleSnapshotCore.swift
8194	SOURCE_NATIVE/EW4_iOS_NativePort/NativeCore/Sources/EW4NativeCore/NativeBattleTavernCore.swift
3086	SOURCE_NATIVE/EW4_iOS_NativePort/NativeCore/Sources/EW4NativeCore/NativeBattleUnitInfoCore.swift
3308	SOURCE_NATIVE/EW4_iOS_NativePort/NativeCore/Sources/EW4NativeCore/NativeBattlefieldOverlayCore.swift
7699	SOURCE_NATIVE/EW4_iOS_NativePort/NativeCore/Sources/EW4NativeCore/NativeCamera.swift
6880	SOURCE_NATIVE/EW4_iOS_NativePort/NativeCore/Sources/EW4NativeCore/NativeCampaignBattleFlowCore.swift
13670	SOURCE_NATIVE/EW4_iOS_NativePort/NativeCore/Sources/EW4NativeCore/NativeCampaignCore.swift
7570	SOURCE_NATIVE/EW4_iOS_NativePort/NativeCore/Sources/EW4NativeCore/NativeCampaignSessionCore.swift
9167	SOURCE_NATIVE/EW4_iOS_NativePort/NativeCore/Sources/EW4NativeCore/NativeConquestAchievementCore.swift
3056	SOURCE_NATIVE/EW4_iOS_NativePort/NativeCore/Sources/EW4NativeCore/NativeConquestBattleFlowCore.swift
3346	SOURCE_NATIVE/EW4_iOS_NativePort/NativeCore/Sources/EW4NativeCore/NativeConquestExtinctionCore.swift
4744	SOURCE_NATIVE/EW4_iOS_NativePort/NativeCore/Sources/EW4NativeCore/NativeGeneralDeploymentCore.swift
5371	SOURCE_NATIVE/EW4_iOS_NativePort/NativeCore/Sources/EW4NativeCore/NativeGeneralGrowthCore.swift
5516	SOURCE_NATIVE/EW4_iOS_NativePort/NativeCore/Sources/EW4NativeCore/NativeGeneralUpgradeCore.swift
18806	SOURCE_NATIVE/EW4_iOS_NativePort/NativeCore/Sources/EW4NativeCore/NativeHeadquartersCommerceCore.swift
4903	SOURCE_NATIVE/EW4_iOS_NativePort/NativeCore/Sources/EW4NativeCore/NativeHeadquartersCore.swift
14193	SOURCE_NATIVE/EW4_iOS_NativePort/NativeCore/Sources/EW4NativeCore/NativeHeadquartersManagementCore.swift
8389	SOURCE_NATIVE/EW4_iOS_NativePort/NativeCore/Sources/EW4NativeCore/NativeImpactPresentationCore.swift
2208	SOURCE_NATIVE/EW4_iOS_NativePort/NativeCore/Sources/EW4NativeCore/NativeMovementCore.swift
2383	SOURCE_NATIVE/EW4_iOS_NativePort/NativeCore/Sources/EW4NativeCore/NativeMovementPresentationCore.swift
3469	SOURCE_NATIVE/EW4_iOS_NativePort/NativeCore/Sources/EW4NativeCore/NativeOptionsCore.swift
3521	SOURCE_NATIVE/EW4_iOS_NativePort/NativeCore/Sources/EW4NativeCore/NativeOriginalBattleModalCore.swift
4919	SOURCE_NATIVE/EW4_iOS_NativePort/NativeCore/Sources/EW4NativeCore/NativeOriginalBattleResultCore.swift
1370	SOURCE_NATIVE/EW4_iOS_NativePort/NativeCore/Sources/EW4NativeCore/NativeOriginalDefenseArtCore.swift
4274	SOURCE_NATIVE/EW4_iOS_NativePort/NativeCore/Sources/EW4NativeCore/NativeOriginalFormContentCore.swift
28283	SOURCE_NATIVE/EW4_iOS_NativePort/NativeCore/Sources/EW4NativeCore/NativeOriginalFormGeometryCore.swift
359	SOURCE_NATIVE/EW4_iOS_NativePort/NativeCore/Sources/EW4NativeCore/NativeOriginalItemArtCore.swift
1722	SOURCE_NATIVE/EW4_iOS_NativePort/NativeCore/Sources/EW4NativeCore/NativeOriginalMainMenuCore.swift
18276	SOURCE_NATIVE/EW4_iOS_NativePort/NativeCore/Sources/EW4NativeCore/NativeOriginalOuterShellCore.swift
1544	SOURCE_NATIVE/EW4_iOS_NativePort/NativeCore/Sources/EW4NativeCore/NativeOriginalPlayNoticeCore.swift
3883	SOURCE_NATIVE/EW4_iOS_NativePort/NativeCore/Sources/EW4NativeCore/NativeOriginalRecruitArtCore.swift
17674	SOURCE_NATIVE/EW4_iOS_NativePort/NativeCore/Sources/EW4NativeCore/NativePlayerProfileCore.swift
1186	SOURCE_NATIVE/EW4_iOS_NativePort/NativeCore/Sources/EW4NativeCore/NativePresentationLODCore.swift
5932	SOURCE_NATIVE/EW4_iOS_NativePort/NativeCore/Sources/EW4NativeCore/NativeResourceAudit.swift
7265	SOURCE_NATIVE/EW4_iOS_NativePort/NativeCore/Sources/EW4NativeCore/NativeResultCore.swift
6209	SOURCE_NATIVE/EW4_iOS_NativePort/NativeCore/Sources/EW4NativeCore/NativeRoundRuntimeAdapter.swift
14829	SOURCE_NATIVE/EW4_iOS_NativePort/NativeCore/Sources/EW4NativeCore/NativeRoundSettlementCore.swift
2978	SOURCE_NATIVE/EW4_iOS_NativePort/NativeCore/Sources/EW4NativeCore/NativeShopFormCore.swift
8606	SOURCE_NATIVE/EW4_iOS_NativePort/NativeCore/Sources/EW4NativeCore/NativeTrainingParityCore.swift
1581	SOURCE_NATIVE/EW4_iOS_NativePort/NativeCore/Sources/EW4NativeCore/NativeTransportPresentationCore.swift
4742	SOURCE_NATIVE/EW4_iOS_NativePort/NativeCore/Sources/EW4NativeCore/NativeTutorialCore.swift
2627	SOURCE_NATIVE/EW4_iOS_NativePort/NativeCore/Sources/EW4NativeCore/NativeUnitStatusCore.swift
918	SOURCE_NATIVE/EW4_iOS_NativePort/NativeCore/Sources/EW4NativeCore/PlayerUnitRules.swift
10794	SOURCE_NATIVE/EW4_iOS_NativePort/NativeCore/Sources/EW4NativeCore/ResourceModels.swift
1930	SOURCE_NATIVE/EW4_iOS_NativePort/NativeCore/Sources/EW4NativeRenderer/BILEFrameRasterizer.swift
2401	SOURCE_NATIVE/EW4_iOS_NativePort/NativeCore/Sources/EW4NativeRenderer/NativeAudioController.swift
5891	SOURCE_NATIVE/EW4_iOS_NativePort/NativeCore/Sources/EW4NativeRenderer/NativeBattleActionStripRenderer.swift
176917	SOURCE_NATIVE/EW4_iOS_NativePort/NativeCore/Sources/EW4NativeRenderer/NativeBattleScene.swift
13672	SOURCE_NATIVE/EW4_iOS_NativePort/NativeCore/Sources/EW4NativeRenderer/NativeOriginalAcademyScene.swift
14507	SOURCE_NATIVE/EW4_iOS_NativePort/NativeCore/Sources/EW4NativeRenderer/NativeOriginalAchievementScene.swift
4310	SOURCE_NATIVE/EW4_iOS_NativePort/NativeCore/Sources/EW4NativeRenderer/NativeOriginalActionResourceRenderer.swift
13920	SOURCE_NATIVE/EW4_iOS_NativePort/NativeCore/Sources/EW4NativeRenderer/NativeOriginalBattleGeneralDeploymentRenderer.swift
13192	SOURCE_NATIVE/EW4_iOS_NativePort/NativeCore/Sources/EW4NativeRenderer/NativeOriginalBattleModalRenderer.swift
15499	SOURCE_NATIVE/EW4_iOS_NativePort/NativeCore/Sources/EW4NativeRenderer/NativeOriginalBattleResultRenderer.swift
16859	SOURCE_NATIVE/EW4_iOS_NativePort/NativeCore/Sources/EW4NativeRenderer/NativeOriginalBattleShopRenderer.swift
12627	SOURCE_NATIVE/EW4_iOS_NativePort/NativeCore/Sources/EW4NativeRenderer/NativeOriginalBattleUnitInfoRenderer.swift
8880	SOURCE_NATIVE/EW4_iOS_NativePort/NativeCore/Sources/EW4NativeRenderer/NativeOriginalDefenseRenderer.swift
16632	SOURCE_NATIVE/EW4_iOS_NativePort/NativeCore/Sources/EW4NativeRenderer/NativeOriginalDeployItemScene.swift
5858	SOURCE_NATIVE/EW4_iOS_NativePort/NativeCore/Sources/EW4NativeRenderer/NativeOriginalDismissScene.swift
7774	SOURCE_NATIVE/EW4_iOS_NativePort/NativeCore/Sources/EW4NativeRenderer/NativeOriginalGeneralInfoSurface.swift
12841	SOURCE_NATIVE/EW4_iOS_NativePort/NativeCore/Sources/EW4NativeRenderer/NativeOriginalGeneralUpgradeScene.swift
13913	SOURCE_NATIVE/EW4_iOS_NativePort/NativeCore/Sources/EW4NativeRenderer/NativeOriginalHQShopScene.swift
22220	SOURCE_NATIVE/EW4_iOS_NativePort/NativeCore/Sources/EW4NativeRenderer/NativeOriginalHeadquartersScene.swift
3980	SOURCE_NATIVE/EW4_iOS_NativePort/NativeCore/Sources/EW4NativeRenderer/NativeOriginalMainMenuScene.swift
7099	SOURCE_NATIVE/EW4_iOS_NativePort/NativeCore/Sources/EW4NativeRenderer/NativeOriginalMarketRenderer.swift
6633	SOURCE_NATIVE/EW4_iOS_NativePort/NativeCore/Sources/EW4NativeRenderer/NativeOriginalOptionsScene.swift
10019	SOURCE_NATIVE/EW4_iOS_NativePort/NativeCore/Sources/EW4NativeRenderer/NativeOriginalOuterCompletionRenderer.swift
38851	SOURCE_NATIVE/EW4_iOS_NativePort/NativeCore/Sources/EW4NativeRenderer/NativeOriginalOuterMenuScene.swift
11149	SOURCE_NATIVE/EW4_iOS_NativePort/NativeCore/Sources/EW4NativeRenderer/NativeOriginalRecruitUnitRenderer.swift
19954	SOURCE_NATIVE/EW4_iOS_NativePort/NativeCore/Sources/EW4NativeRenderer/NativeOriginalRegroupScene.swift
7483	SOURCE_NATIVE/EW4_iOS_NativePort/NativeCore/Sources/EW4NativeRenderer/NativeOriginalStageIntroRenderer.swift
7389	SOURCE_NATIVE/EW4_iOS_NativePort/NativeCore/Sources/EW4NativeRenderer/NativeOriginalTalkRenderer.swift
8797	SOURCE_NATIVE/EW4_iOS_NativePort/NativeCore/Sources/EW4NativeRenderer/NativeOriginalTavernRenderer.swift
8612	SOURCE_NATIVE/EW4_iOS_NativePort/NativeCore/Sources/EW4NativeRenderer/NativeOriginalTutorialScene.swift
7628	SOURCE_NATIVE/EW4_iOS_NativePort/NativeCore/Sources/EW4NativeRenderer/NativeOriginalUseItemRenderer.swift
5105	SOURCE_NATIVE/EW4_iOS_NativePort/NativeCore/Sources/EW4NativeRenderer/NativeResourceStore.swift
745	SOURCE_NATIVE/EW4_iOS_NativePort/NativeCore/Tests/EW4NativeCoreTests/BILEMathTests.swift
9123	SOURCE_NATIVE/EW4_iOS_NativePort/NativeCore/Tests/EW4NativeCoreTests/BattleGameplayTests.swift
3521	SOURCE_NATIVE/EW4_iOS_NativePort/NativeCore/Tests/EW4NativeCoreTests/CombatTests.swift
1331	SOURCE_NATIVE/EW4_iOS_NativePort/NativeCore/Tests/EW4NativeCoreTests/CountryTurnTests.swift
3006	SOURCE_NATIVE/EW4_iOS_NativePort/NativeCore/Tests/EW4NativeCoreTests/GeometryTests.swift
5094	SOURCE_NATIVE/EW4_iOS_NativePort/NativeCore/Tests/EW4NativeCoreTests/NativeAIPlannerTests.swift
3275	SOURCE_NATIVE/EW4_iOS_NativePort/NativeCore/Tests/EW4NativeCoreTests/NativeAIPresentationDriverTests.swift
1293	SOURCE_NATIVE/EW4_iOS_NativePort/NativeCore/Tests/EW4NativeCoreTests/NativeActionCameraFocusCoreTests.swift
3949	SOURCE_NATIVE/EW4_iOS_NativePort/NativeCore/Tests/EW4NativeCoreTests/NativeAnimationSequenceTests.swift
791	SOURCE_NATIVE/EW4_iOS_NativePort/NativeCore/Tests/EW4NativeCoreTests/NativeAudioPolicyCoreTests.swift
1214	SOURCE_NATIVE/EW4_iOS_NativePort/NativeCore/Tests/EW4NativeCoreTests/NativeBattleCommerceCoreTests.swift
1661	SOURCE_NATIVE/EW4_iOS_NativePort/NativeCore/Tests/EW4NativeCoreTests/NativeBattleConstructionCoreTests.swift
1508	SOURCE_NATIVE/EW4_iOS_NativePort/NativeCore/Tests/EW4NativeCoreTests/NativeBattleDefenseCoreTests.swift
1893	SOURCE_NATIVE/EW4_iOS_NativePort/NativeCore/Tests/EW4NativeCoreTests/NativeBattleDialogueQueueTests.swift
6194	SOURCE_NATIVE/EW4_iOS_NativePort/NativeCore/Tests/EW4NativeCoreTests/NativeBattleEnvironmentTests.swift
9489	SOURCE_NATIVE/EW4_iOS_NativePort/NativeCore/Tests/EW4NativeCoreTests/NativeBattleEventTests.swift
503	SOURCE_NATIVE/EW4_iOS_NativePort/NativeCore/Tests/EW4NativeCoreTests/NativeBattleHUDTests.swift
2219	SOURCE_NATIVE/EW4_iOS_NativePort/NativeCore/Tests/EW4NativeCoreTests/NativeBattleRecruitConsumableCoreTests.swift
5264	SOURCE_NATIVE/EW4_iOS_NativePort/NativeCore/Tests/EW4NativeCoreTests/NativeBattleRecruitDefenseGameplayTests.swift
8182	SOURCE_NATIVE/EW4_iOS_NativePort/NativeCore/Tests/EW4NativeCoreTests/NativeBattleRehydrationTests.swift
3049	SOURCE_NATIVE/EW4_iOS_NativePort/NativeCore/Tests/EW4NativeCoreTests/NativeBattleSaveSlotStoreTests.swift
4228	SOURCE_NATIVE/EW4_iOS_NativePort/NativeCore/Tests/EW4NativeCoreTests/NativeBattleSaveTests.swift
1876	SOURCE_NATIVE/EW4_iOS_NativePort/NativeCore/Tests/EW4NativeCoreTests/NativeBattleShopCoreTests.swift
950	SOURCE_NATIVE/EW4_iOS_NativePort/NativeCore/Tests/EW4NativeCoreTests/NativeBattleSidecarTests.swift
8769	SOURCE_NATIVE/EW4_iOS_NativePort/NativeCore/Tests/EW4NativeCoreTests/NativeBattleSnapshotTests.swift
4006	SOURCE_NATIVE/EW4_iOS_NativePort/NativeCore/Tests/EW4NativeCoreTests/NativeBattleTavernCoreTests.swift
2213	SOURCE_NATIVE/EW4_iOS_NativePort/NativeCore/Tests/EW4NativeCoreTests/NativeBattleUnitInfoCoreTests.swift
8958	SOURCE_NATIVE/EW4_iOS_NativePort/NativeCore/Tests/EW4NativeCoreTests/NativeCampaignBattleFlowTests.swift
3924	SOURCE_NATIVE/EW4_iOS_NativePort/NativeCore/Tests/EW4NativeCoreTests/NativeCampaignCoreTests.swift
1421	SOURCE_NATIVE/EW4_iOS_NativePort/NativeCore/Tests/EW4NativeCoreTests/NativeCampaignRuntimeEndTests.swift
4567	SOURCE_NATIVE/EW4_iOS_NativePort/NativeCore/Tests/EW4NativeCoreTests/NativeCampaignSessionTests.swift
3588	SOURCE_NATIVE/EW4_iOS_NativePort/NativeCore/Tests/EW4NativeCoreTests/NativeConquestAchievementTests.swift
4793	SOURCE_NATIVE/EW4_iOS_NativePort/NativeCore/Tests/EW4NativeCoreTests/NativeConquestBattleFlowTests.swift
6348	SOURCE_NATIVE/EW4_iOS_NativePort/NativeCore/Tests/EW4NativeCoreTests/NativeConquestExtinctionTests.swift
2133	SOURCE_NATIVE/EW4_iOS_NativePort/NativeCore/Tests/EW4NativeCoreTests/NativeGeneralDeploymentCoreTests.swift
3161	SOURCE_NATIVE/EW4_iOS_NativePort/NativeCore/Tests/EW4NativeCoreTests/NativeGeneralGrowthTests.swift
4245	SOURCE_NATIVE/EW4_iOS_NativePort/NativeCore/Tests/EW4NativeCoreTests/NativeHeadquartersCommerceCoreTests.swift
1862	SOURCE_NATIVE/EW4_iOS_NativePort/NativeCore/Tests/EW4NativeCoreTests/NativeHeadquartersCoreTests.swift
6293	SOURCE_NATIVE/EW4_iOS_NativePort/NativeCore/Tests/EW4NativeCoreTests/NativeHeadquartersManagementCoreTests.swift
5719	SOURCE_NATIVE/EW4_iOS_NativePort/NativeCore/Tests/EW4NativeCoreTests/NativeImpactPresentationTests.swift
1593	SOURCE_NATIVE/EW4_iOS_NativePort/NativeCore/Tests/EW4NativeCoreTests/NativeMovementPresentationTests.swift
1704	SOURCE_NATIVE/EW4_iOS_NativePort/NativeCore/Tests/EW4NativeCoreTests/NativeNoonRegressionLockTests.swift
1484	SOURCE_NATIVE/EW4_iOS_NativePort/NativeCore/Tests/EW4NativeCoreTests/NativeOptionsCoreTests.swift
4814	SOURCE_NATIVE/EW4_iOS_NativePort/NativeCore/Tests/EW4NativeCoreTests/NativeOriginalBattleAuxFormTests.swift
3994	SOURCE_NATIVE/EW4_iOS_NativePort/NativeCore/Tests/EW4NativeCoreTests/NativeOriginalBattleResultTests.swift
10941	SOURCE_NATIVE/EW4_iOS_NativePort/NativeCore/Tests/EW4NativeCoreTests/NativeOriginalFormGeometryTests.swift
1029	SOURCE_NATIVE/EW4_iOS_NativePort/NativeCore/Tests/EW4NativeCoreTests/NativeOriginalMainMenuTests.swift
5645	SOURCE_NATIVE/EW4_iOS_NativePort/NativeCore/Tests/EW4NativeCoreTests/NativeOriginalOuterShellTests.swift
1280	SOURCE_NATIVE/EW4_iOS_NativePort/NativeCore/Tests/EW4NativeCoreTests/NativeOriginalRecruitFormCoreTests.swift
3181	SOURCE_NATIVE/EW4_iOS_NativePort/NativeCore/Tests/EW4NativeCoreTests/NativeOriginalStringFidelityTests.swift
1999	SOURCE_NATIVE/EW4_iOS_NativePort/NativeCore/Tests/EW4NativeCoreTests/NativeOuterCoordinatorContractTests.swift
3759	SOURCE_NATIVE/EW4_iOS_NativePort/NativeCore/Tests/EW4NativeCoreTests/NativePlayerEquipmentBattleParityTests.swift
6398	SOURCE_NATIVE/EW4_iOS_NativePort/NativeCore/Tests/EW4NativeCoreTests/NativePlayerEquipmentCombatParityTests.swift
5228	SOURCE_NATIVE/EW4_iOS_NativePort/NativeCore/Tests/EW4NativeCoreTests/NativePlayerProfileGrowthRuntimeTests.swift
7580	SOURCE_NATIVE/EW4_iOS_NativePort/NativeCore/Tests/EW4NativeCoreTests/NativePlayerProfileTests.swift
668	SOURCE_NATIVE/EW4_iOS_NativePort/NativeCore/Tests/EW4NativeCoreTests/NativePresentationLODTests.swift
3728	SOURCE_NATIVE/EW4_iOS_NativePort/NativeCore/Tests/EW4NativeCoreTests/NativeProgrammaticCameraContractTests.swift
3677	SOURCE_NATIVE/EW4_iOS_NativePort/NativeCore/Tests/EW4NativeCoreTests/NativeResultTests.swift
7583	SOURCE_NATIVE/EW4_iOS_NativePort/NativeCore/Tests/EW4NativeCoreTests/NativeRoundRuntimeAdapterTests.swift
7930	SOURCE_NATIVE/EW4_iOS_NativePort/NativeCore/Tests/EW4NativeCoreTests/NativeRoundSettlementTests.swift
1594	SOURCE_NATIVE/EW4_iOS_NativePort/NativeCore/Tests/EW4NativeCoreTests/NativeShopFormCoreTests.swift
2704	SOURCE_NATIVE/EW4_iOS_NativePort/NativeCore/Tests/EW4NativeCoreTests/NativeTrainingParityTests.swift
2224	SOURCE_NATIVE/EW4_iOS_NativePort/NativeCore/Tests/EW4NativeCoreTests/NativeTutorialCoreTests.swift
908	SOURCE_NATIVE/EW4_iOS_NativePort/NativeCore/Tests/EW4NativeCoreTests/NativeUnitStatusTests.swift
2710	SOURCE_NATIVE/EW4_iOS_NativePort/NativeCore/Tests/EW4NativeCoreTests/P64BattleModalStringFidelityTests.swift
3485	SOURCE_NATIVE/EW4_iOS_NativePort/NativeCore/Tests/EW4NativeCoreTests/P65OuterHQStringFidelityTests.swift
4722	SOURCE_NATIVE/EW4_iOS_NativePort/NativeCore/Tests/EW4NativeCoreTests/P66TutorialRegroupFidelityTests.swift
2918	SOURCE_NATIVE/EW4_iOS_NativePort/NativeCore/Tests/EW4NativeCoreTests/P67PlayNoticeScrollFidelityTests.swift
2664	SOURCE_NATIVE/EW4_iOS_NativePort/NativeCore/Tests/EW4NativeCoreTests/P68RegroupConfirmPreviewFidelityTests.swift
3542	SOURCE_NATIVE/EW4_iOS_NativePort/NativeCore/Tests/EW4NativeCoreTests/P69MainRegroupFormFidelityTests.swift
3818	SOURCE_NATIVE/EW4_iOS_NativePort/NativeCore/Tests/EW4NativeCoreTests/P70DeployItemFormFidelityTests.swift
5809	SOURCE_NATIVE/EW4_iOS_NativePort/NativeCore/Tests/EW4NativeCoreTests/P71GeneralUpgradeNativeParityTests.swift
6096	SOURCE_NATIVE/EW4_iOS_NativePort/NativeCore/Tests/EW4NativeCoreTests/P72AchievementNativeParityTests.swift
5288	SOURCE_NATIVE/EW4_iOS_NativePort/NativeCore/Tests/EW4NativeCoreTests/P73CampaignInfoRouteFidelityTests.swift
3868	SOURCE_NATIVE/EW4_iOS_NativePort/NativeCore/Tests/EW4NativeCoreTests/P74RecruitGeneralFormFidelityTests.swift
4078	SOURCE_NATIVE/EW4_iOS_NativePort/NativeCore/Tests/EW4NativeCoreTests/P75BattleDeployGeneralPrincessTests.swift
3185	SOURCE_NATIVE/EW4_iOS_NativePort/NativeCore/Tests/EW4NativeCoreTests/P78TransportPresentationTests.swift
4826	SOURCE_NATIVE/EW4_iOS_NativePort/NativeCore/Tests/EW4NativeCoreTests/P79BattlefieldOverlayParityTests.swift
3199	SOURCE_NATIVE/EW4_iOS_NativePort/NativeCore/Tests/EW4NativeCoreTests/P80BattleFirePresentationTests.swift
693	SOURCE_NATIVE/EW4_iOS_NativePort/NativeCore/Tests/EW4NativeCoreTests/PresentationTests.swift
621	SOURCE_NATIVE/EW4_iOS_NativePort/NativeCore/Tests/EW4NativeCoreTests/TestResourcePaths.swift
1800	SOURCE_NATIVE/EW4_iOS_NativePort/NativeCore/Tests/EW4NativeCoreTests/VisualResolverTests.swift
2848809	SOURCE_NATIVE/EW4_iOS_NativePort/Resources/Audio/battle1.mp3
2422491	SOURCE_NATIVE/EW4_iOS_NativePort/Resources/Audio/battle2.mp3
2368992	SOURCE_NATIVE/EW4_iOS_NativePort/Resources/Audio/battle3.mp3
2269100	SOURCE_NATIVE/EW4_iOS_NativePort/Resources/Audio/battle4.mp3
247420	SOURCE_NATIVE/EW4_iOS_NativePort/Resources/Audio/defeat_music.mp3
22004	SOURCE_NATIVE/EW4_iOS_NativePort/Resources/Audio/sfx_armourmove.wav
8834	SOURCE_NATIVE/EW4_iOS_NativePort/Resources/Audio/sfx_buff.wav
6380	SOURCE_NATIVE/EW4_iOS_NativePort/Resources/Audio/sfx_build.wav
20480	SOURCE_NATIVE/EW4_iOS_NativePort/Resources/Audio/sfx_build1.wav
4652	SOURCE_NATIVE/EW4_iOS_NativePort/Resources/Audio/sfx_cancel.wav
24544	SOURCE_NATIVE/EW4_iOS_NativePort/Resources/Audio/sfx_cannon.wav
64558	SOURCE_NATIVE/EW4_iOS_NativePort/Resources/Audio/sfx_cavalrymove.wav
66556	SOURCE_NATIVE/EW4_iOS_NativePort/Resources/Audio/sfx_celebrate.wav
4576	SOURCE_NATIVE/EW4_iOS_NativePort/Resources/Audio/sfx_click.wav
7318	SOURCE_NATIVE/EW4_iOS_NativePort/Resources/Audio/sfx_draft.wav
28802	SOURCE_NATIVE/EW4_iOS_NativePort/Resources/Audio/sfx_exp.wav
38582	SOURCE_NATIVE/EW4_iOS_NativePort/Resources/Audio/sfx_explode.wav
27564	SOURCE_NATIVE/EW4_iOS_NativePort/Resources/Audio/sfx_fire.wav
13298	SOURCE_NATIVE/EW4_iOS_NativePort/Resources/Audio/sfx_fire1.wav
33150	SOURCE_NATIVE/EW4_iOS_NativePort/Resources/Audio/sfx_flip.wav
15898	SOURCE_NATIVE/EW4_iOS_NativePort/Resources/Audio/sfx_golddrop.wav
32300	SOURCE_NATIVE/EW4_iOS_NativePort/Resources/Audio/sfx_gunfire.wav
17580	SOURCE_NATIVE/EW4_iOS_NativePort/Resources/Audio/sfx_gunfire1.wav
8892	SOURCE_NATIVE/EW4_iOS_NativePort/Resources/Audio/sfx_gunfire2.wav
5966	SOURCE_NATIVE/EW4_iOS_NativePort/Resources/Audio/sfx_gunfire3.wav
43936	SOURCE_NATIVE/EW4_iOS_NativePort/Resources/Audio/sfx_knife1.wav
2378	SOURCE_NATIVE/EW4_iOS_NativePort/Resources/Audio/sfx_knife2.wav
4460	SOURCE_NATIVE/EW4_iOS_NativePort/Resources/Audio/sfx_knife3.wav
15318	SOURCE_NATIVE/EW4_iOS_NativePort/Resources/Audio/sfx_knifestrike1.wav
9986	SOURCE_NATIVE/EW4_iOS_NativePort/Resources/Audio/sfx_knifestrike2.wav
21006	SOURCE_NATIVE/EW4_iOS_NativePort/Resources/Audio/sfx_leg.wav
20044	SOURCE_NATIVE/EW4_iOS_NativePort/Resources/Audio/sfx_lvup.wav
16872	SOURCE_NATIVE/EW4_iOS_NativePort/Resources/Audio/sfx_lvup2.wav
17044	SOURCE_NATIVE/EW4_iOS_NativePort/Resources/Audio/sfx_machine_gun.wav
16550	SOURCE_NATIVE/EW4_iOS_NativePort/Resources/Audio/sfx_naval.wav
31274	SOURCE_NATIVE/EW4_iOS_NativePort/Resources/Audio/sfx_naval_gun.wav
22074	SOURCE_NATIVE/EW4_iOS_NativePort/Resources/Audio/sfx_occupy.wav
6042	SOURCE_NATIVE/EW4_iOS_NativePort/Resources/Audio/sfx_pop.wav
27186	SOURCE_NATIVE/EW4_iOS_NativePort/Resources/Audio/sfx_rocket.wav
4246	SOURCE_NATIVE/EW4_iOS_NativePort/Resources/Audio/sfx_select.wav
17070	SOURCE_NATIVE/EW4_iOS_NativePort/Resources/Audio/sfx_slide.wav
13422	SOURCE_NATIVE/EW4_iOS_NativePort/Resources/Audio/sfx_strike.wav
24290	SOURCE_NATIVE/EW4_iOS_NativePort/Resources/Audio/sfx_supply.wav
294399	SOURCE_NATIVE/EW4_iOS_NativePort/Resources/Bile/army_armoredcar.bin
91129	SOURCE_NATIVE/EW4_iOS_NativePort/Resources/Bile/army_armoredcar.png
9325	SOURCE_NATIVE/EW4_iOS_NativePort/Resources/Bile/army_armoredcar.xml
2247164	SOURCE_NATIVE/EW4_iOS_NativePort/Resources/Bile/army_artillery.bin
200722	SOURCE_NATIVE/EW4_iOS_NativePort/Resources/Bile/army_artillery.png
13640	SOURCE_NATIVE/EW4_iOS_NativePort/Resources/Bile/army_artillery.xml
1983	SOURCE_NATIVE/EW4_iOS_NativePort/Resources/Bile/army_fort.bin
156143	SOURCE_NATIVE/EW4_iOS_NativePort/Resources/Bile/army_fort.png
579	SOURCE_NATIVE/EW4_iOS_NativePort/Resources/Bile/army_fort.xml
793980	SOURCE_NATIVE/EW4_iOS_NativePort/Resources/Bile/army_grenadier.bin
94220	SOURCE_NATIVE/EW4_iOS_NativePort/Resources/Bile/army_grenadier.png
11404	SOURCE_NATIVE/EW4_iOS_NativePort/Resources/Bile/army_grenadier.xml
961775	SOURCE_NATIVE/EW4_iOS_NativePort/Resources/Bile/army_guards.bin
128426	SOURCE_NATIVE/EW4_iOS_NativePort/Resources/Bile/army_guards.png
16143	SOURCE_NATIVE/EW4_iOS_NativePort/Resources/Bile/army_guards.xml
1034923	SOURCE_NATIVE/EW4_iOS_NativePort/Resources/Bile/army_guardscavalry.bin
113243	SOURCE_NATIVE/EW4_iOS_NativePort/Resources/Bile/army_guardscavalry.png
15325	SOURCE_NATIVE/EW4_iOS_NativePort/Resources/Bile/army_guardscavalry.xml
504447	SOURCE_NATIVE/EW4_iOS_NativePort/Resources/Bile/army_heavycavalry.bin
73242	SOURCE_NATIVE/EW4_iOS_NativePort/Resources/Bile/army_heavycavalry.png
10474	SOURCE_NATIVE/EW4_iOS_NativePort/Resources/Bile/army_heavycavalry.xml
671499	SOURCE_NATIVE/EW4_iOS_NativePort/Resources/Bile/army_lightcavalry.bin
99837	SOURCE_NATIVE/EW4_iOS_NativePort/Resources/Bile/army_lightcavalry.png
13490	SOURCE_NATIVE/EW4_iOS_NativePort/Resources/Bile/army_lightcavalry.xml
513436	SOURCE_NATIVE/EW4_iOS_NativePort/Resources/Bile/army_lightinfantry.bin
105317	SOURCE_NATIVE/EW4_iOS_NativePort/Resources/Bile/army_lightinfantry.png
14257	SOURCE_NATIVE/EW4_iOS_NativePort/Resources/Bile/army_lightinfantry.xml
550110	SOURCE_NATIVE/EW4_iOS_NativePort/Resources/Bile/army_lineinfantry.bin
88186	SOURCE_NATIVE/EW4_iOS_NativePort/Resources/Bile/army_lineinfantry.png
11865	SOURCE_NATIVE/EW4_iOS_NativePort/Resources/Bile/army_lineinfantry.xml
650148	SOURCE_NATIVE/EW4_iOS_NativePort/Resources/Bile/army_militia.bin
115322	SOURCE_NATIVE/EW4_iOS_NativePort/Resources/Bile/army_militia.png
14313	SOURCE_NATIVE/EW4_iOS_NativePort/Resources/Bile/army_militia.xml
87710	SOURCE_NATIVE/EW4_iOS_NativePort/Resources/Bile/army_ship.bin
310335	SOURCE_NATIVE/EW4_iOS_NativePort/Resources/Bile/army_ship.png
1184	SOURCE_NATIVE/EW4_iOS_NativePort/Resources/Bile/army_ship.xml
325073	SOURCE_NATIVE/EW4_iOS_NativePort/Resources/Bile/def_motion.xml
9224	SOURCE_NATIVE/EW4_iOS_NativePort/Resources/Bile/manifest.json
67316	SOURCE_NATIVE/EW4_iOS_NativePort/Resources/Data/army_stats.json
50905	SOURCE_NATIVE/EW4_iOS_NativePort/Resources/Data/battle_dialogues.json
33342	SOURCE_NATIVE/EW4_iOS_NativePort/Resources/Data/battle_itemstores.json
168161	SOURCE_NATIVE/EW4_iOS_NativePort/Resources/Data/battle_native_triggers.json
15108	SOURCE_NATIVE/EW4_iOS_NativePort/Resources/Data/battle_taverns.json
3923940	SOURCE_NATIVE/EW4_iOS_NativePort/Resources/Data/battles_runtime.json
2352	SOURCE_NATIVE/EW4_iOS_NativePort/Resources/Data/build_cards.json
5663	SOURCE_NATIVE/EW4_iOS_NativePort/Resources/Data/cards.json
168467	SOURCE_NATIVE/EW4_iOS_NativePort/Resources/Data/commanders.json
4125	SOURCE_NATIVE/EW4_iOS_NativePort/Resources/Data/constructions.json
63731	SOURCE_NATIVE/EW4_iOS_NativePort/Resources/Data/def_army.xml
4920	SOURCE_NATIVE/EW4_iOS_NativePort/Resources/Data/def_construction.xml
406	SOURCE_NATIVE/EW4_iOS_NativePort/Resources/Data/def_installation.xml
21002	SOURCE_NATIVE/EW4_iOS_NativePort/Resources/Data/def_item.xml
3046	SOURCE_NATIVE/EW4_iOS_NativePort/Resources/Data/def_mapterrain.xml
811	SOURCE_NATIVE/EW4_iOS_NativePort/Resources/Data/def_terraintype.xml
471	SOURCE_NATIVE/EW4_iOS_NativePort/Resources/Data/installations.json
3697	SOURCE_NATIVE/EW4_iOS_NativePort/Resources/Data/item_icon_manifest.json
21796	SOURCE_NATIVE/EW4_iOS_NativePort/Resources/Data/items.json
934476	SOURCE_NATIVE/EW4_iOS_NativePort/Resources/Data/native_animation_core877.json
11181	SOURCE_NATIVE/EW4_iOS_NativePort/Resources/Data/native_audio_inventory.json
59032	SOURCE_NATIVE/EW4_iOS_NativePort/Resources/Data/native_campaign_targets.json
76579	SOURCE_NATIVE/EW4_iOS_NativePort/Resources/Data/native_combat_effects.json
83032	SOURCE_NATIVE/EW4_iOS_NativePort/Resources/Data/native_effects_audio.json
152070	SOURCE_NATIVE/EW4_iOS_NativePort/Resources/Data/native_simple_effects.json
8844	SOURCE_NATIVE/EW4_iOS_NativePort/Resources/Data/native_trigger_targets.json
10033	SOURCE_NATIVE/EW4_iOS_NativePort/Resources/Data/native_tutorial_scripts.json
672	SOURCE_NATIVE/EW4_iOS_NativePort/Resources/Data/native_warzone_tech.json
118268	SOURCE_NATIVE/EW4_iOS_NativePort/Resources/Data/original_layout-568h.xml
1985	SOURCE_NATIVE/EW4_iOS_NativePort/Resources/Data/player_general_overrides.json
631	SOURCE_NATIVE/EW4_iOS_NativePort/Resources/Data/player_princess_overrides.json
23033	SOURCE_NATIVE/EW4_iOS_NativePort/Resources/Data/portrait_manifest.json
103013	SOURCE_NATIVE/EW4_iOS_NativePort/Resources/Data/strings_cn.json
5092	SOURCE_NATIVE/EW4_iOS_NativePort/Resources/Data/terrain_manifest.json
5614	SOURCE_NATIVE/EW4_iOS_NativePort/Resources/Data/tiles_manifest.json
727723	SOURCE_NATIVE/EW4_iOS_NativePort/Resources/Data/worldmaps.json
327936	SOURCE_NATIVE/EW4_iOS_NativePort/Resources/Effects/anim_fire_hd.png
10088	SOURCE_NATIVE/EW4_iOS_NativePort/Resources/Effects/anim_upgrade/anim_upgrade.bin
10242	SOURCE_NATIVE/EW4_iOS_NativePort/Resources/Effects/anim_upgrade/anim_upgrade.png
561	SOURCE_NATIVE/EW4_iOS_NativePort/Resources/Effects/anim_upgrade/anim_upgrade.xml
142669	SOURCE_NATIVE/EW4_iOS_NativePort/Resources/Effects/eff.png
21174	SOURCE_NATIVE/EW4_iOS_NativePort/Resources/Items/Armored_Carrier.png
16350	SOURCE_NATIVE/EW4_iOS_NativePort/Resources/Items/Army_Tentage.png
15980	SOURCE_NATIVE/EW4_iOS_NativePort/Resources/Items/Art_Of_War.png
9810	SOURCE_NATIVE/EW4_iOS_NativePort/Resources/Items/Baker_Rifle.png
9542	SOURCE_NATIVE/EW4_iOS_NativePort/Resources/Items/Bayonet.png
16770	SOURCE_NATIVE/EW4_iOS_NativePort/Resources/Items/Bear_Flag.png
19638	SOURCE_NATIVE/EW4_iOS_NativePort/Resources/Items/Bearskin_Cap.png
9667	SOURCE_NATIVE/EW4_iOS_NativePort/Resources/Items/Blucher_Sabre.png
20437	SOURCE_NATIVE/EW4_iOS_NativePort/Resources/Items/Bow_Chaser.png
17155	SOURCE_NATIVE/EW4_iOS_NativePort/Resources/Items/Brass_Horseshoe.png
8770	SOURCE_NATIVE/EW4_iOS_NativePort/Resources/Items/Brown_Bess.png
20802	SOURCE_NATIVE/EW4_iOS_NativePort/Resources/Items/Brown_Gunpowder.png
20890	SOURCE_NATIVE/EW4_iOS_NativePort/Resources/Items/Canvas_Coat.png
12905	SOURCE_NATIVE/EW4_iOS_NativePort/Resources/Items/Cavalry_Pistol.png
14364	SOURCE_NATIVE/EW4_iOS_NativePort/Resources/Items/Cavalry_Sword.png
14637	SOURCE_NATIVE/EW4_iOS_NativePort/Resources/Items/Combat_Uniform.png
15562	SOURCE_NATIVE/EW4_iOS_NativePort/Resources/Items/Concrete.png
17980	SOURCE_NATIVE/EW4_iOS_NativePort/Resources/Items/Crown.png
16646	SOURCE_NATIVE/EW4_iOS_NativePort/Resources/Items/Cuirass.png
16349	SOURCE_NATIVE/EW4_iOS_NativePort/Resources/Items/Dragon_Flag.png
17132	SOURCE_NATIVE/EW4_iOS_NativePort/Resources/Items/Eagle_Flag.png
16803	SOURCE_NATIVE/EW4_iOS_NativePort/Resources/Items/Encyclopedia.png
12249	SOURCE_NATIVE/EW4_iOS_NativePort/Resources/Items/Ferguson_Rifle.png
21821	SOURCE_NATIVE/EW4_iOS_NativePort/Resources/Items/Figurehead.png
16629	SOURCE_NATIVE/EW4_iOS_NativePort/Resources/Items/First_Aid_Box.png
16206	SOURCE_NATIVE/EW4_iOS_NativePort/Resources/Items/Gaiters.png
16557	SOURCE_NATIVE/EW4_iOS_NativePort/Resources/Items/Gilding_Cuirass.png
8811	SOURCE_NATIVE/EW4_iOS_NativePort/Resources/Items/Golden_Staff.png
18893	SOURCE_NATIVE/EW4_iOS_NativePort/Resources/Items/Helmet.png
15082	SOURCE_NATIVE/EW4_iOS_NativePort/Resources/Items/Horse_Artillery.png
16164	SOURCE_NATIVE/EW4_iOS_NativePort/Resources/Items/Lions_Flag.png
15588	SOURCE_NATIVE/EW4_iOS_NativePort/Resources/Items/Medikit.png
15507	SOURCE_NATIVE/EW4_iOS_NativePort/Resources/Items/Medikit_L.png
15430	SOURCE_NATIVE/EW4_iOS_NativePort/Resources/Items/Military_Camp.png
16737	SOURCE_NATIVE/EW4_iOS_NativePort/Resources/Items/Napoleonic_Code.png
17577	SOURCE_NATIVE/EW4_iOS_NativePort/Resources/Items/Oak_Wheel.png
17784	SOURCE_NATIVE/EW4_iOS_NativePort/Resources/Items/On_War.png
14298	SOURCE_NATIVE/EW4_iOS_NativePort/Resources/Items/Potent_Gunpowder.png
15109	SOURCE_NATIVE/EW4_iOS_NativePort/Resources/Items/Powder_Mixture.png
17602	SOURCE_NATIVE/EW4_iOS_NativePort/Resources/Items/Pressed_Powder.png
16984	SOURCE_NATIVE/EW4_iOS_NativePort/Resources/Items/Propeller.png
19268	SOURCE_NATIVE/EW4_iOS_NativePort/Resources/Items/Pumper.png
17572	SOURCE_NATIVE/EW4_iOS_NativePort/Resources/Items/Quality_Saddle.png
14058	SOURCE_NATIVE/EW4_iOS_NativePort/Resources/Items/Ram_Stem.png
15936	SOURCE_NATIVE/EW4_iOS_NativePort/Resources/Items/Snare_Drum.png
20459	SOURCE_NATIVE/EW4_iOS_NativePort/Resources/Items/Spirit.png
13926	SOURCE_NATIVE/EW4_iOS_NativePort/Resources/Items/Star.png
16914	SOURCE_NATIVE/EW4_iOS_NativePort/Resources/Items/Tall_Boots.png
13603	SOURCE_NATIVE/EW4_iOS_NativePort/Resources/Items/Tent_Tentage.png
16304	SOURCE_NATIVE/EW4_iOS_NativePort/Resources/Items/Tiger_Flag.png
9122	SOURCE_NATIVE/EW4_iOS_NativePort/Resources/Items/Trooper_Sabre.png
19083	SOURCE_NATIVE/EW4_iOS_NativePort/Resources/Items/War_Horse.png
14202	SOURCE_NATIVE/EW4_iOS_NativePort/Resources/Items/Wine.png
16833	SOURCE_NATIVE/EW4_iOS_NativePort/Resources/Items/Wolf_Flag.png
1103	SOURCE_NATIVE/EW4_iOS_NativePort/Resources/Items/item_blank.png
411	SOURCE_NATIVE/EW4_iOS_NativePort/Resources/MapText/SHA256SUMS.txt
84660	SOURCE_NATIVE/EW4_iOS_NativePort/Resources/MapText/maptext.bin
454751	SOURCE_NATIVE/EW4_iOS_NativePort/Resources/MapText/maptext.png
14425	SOURCE_NATIVE/EW4_iOS_NativePort/Resources/MapText/maptext.xml
6163	SOURCE_NATIVE/EW4_iOS_NativePort/Resources/MapText/maptextpos_america.xml
14809	SOURCE_NATIVE/EW4_iOS_NativePort/Resources/MapText/maptextpos_europe.xml
663026	SOURCE_NATIVE/EW4_iOS_NativePort/Resources/Maps/america.png
1195555	SOURCE_NATIVE/EW4_iOS_NativePort/Resources/Maps/europe.png
234051	SOURCE_NATIVE/EW4_iOS_NativePort/Resources/Maps/map_pt.png
6774	SOURCE_NATIVE/EW4_iOS_NativePort/Resources/Portraits/Abercromby.webp
5756	SOURCE_NATIVE/EW4_iOS_NativePort/Resources/Portraits/Agha.webp
6752	SOURCE_NATIVE/EW4_iOS_NativePort/Resources/Portraits/AlexanderI.webp
7386	SOURCE_NATIVE/EW4_iOS_NativePort/Resources/Portraits/Alten.webp
5224	SOURCE_NATIVE/EW4_iOS_NativePort/Resources/Portraits/AmadeoIII.webp
7078	SOURCE_NATIVE/EW4_iOS_NativePort/Resources/Portraits/Andrade.webp
6606	SOURCE_NATIVE/EW4_iOS_NativePort/Resources/Portraits/Archduke.C.webp
4616	SOURCE_NATIVE/EW4_iOS_NativePort/Resources/Portraits/Archduke.J.webp
7598	SOURCE_NATIVE/EW4_iOS_NativePort/Resources/Portraits/Arnold.webp
7986	SOURCE_NATIVE/EW4_iOS_NativePort/Resources/Portraits/Arrighi.webp
8346	SOURCE_NATIVE/EW4_iOS_NativePort/Resources/Portraits/Augereau.webp
6782	SOURCE_NATIVE/EW4_iOS_NativePort/Resources/Portraits/AugustI.webp
8018	SOURCE_NATIVE/EW4_iOS_NativePort/Resources/Portraits/Bachmann.webp
8276	SOURCE_NATIVE/EW4_iOS_NativePort/Resources/Portraits/Baggovut.webp
7758	SOURCE_NATIVE/EW4_iOS_NativePort/Resources/Portraits/Bagration.webp
7706	SOURCE_NATIVE/EW4_iOS_NativePort/Resources/Portraits/Balabio.webp
5886	SOURCE_NATIVE/EW4_iOS_NativePort/Resources/Portraits/Ballesteros.webp
7734	SOURCE_NATIVE/EW4_iOS_NativePort/Resources/Portraits/Barclay.webp
8510	SOURCE_NATIVE/EW4_iOS_NativePort/Resources/Portraits/Bennigsen.webp
8252	SOURCE_NATIVE/EW4_iOS_NativePort/Resources/Portraits/Beresford.webp
7060	SOURCE_NATIVE/EW4_iOS_NativePort/Resources/Portraits/Bernadotte.webp
8644	SOURCE_NATIVE/EW4_iOS_NativePort/Resources/Portraits/Berthier.webp
8306	SOURCE_NATIVE/EW4_iOS_NativePort/Resources/Portraits/Blasius.webp
7486	SOURCE_NATIVE/EW4_iOS_NativePort/Resources/Portraits/Blucher.webp
6838	SOURCE_NATIVE/EW4_iOS_NativePort/Resources/Portraits/Bouvet.webp
6258	SOURCE_NATIVE/EW4_iOS_NativePort/Resources/Portraits/Brock.webp
6480	SOURCE_NATIVE/EW4_iOS_NativePort/Resources/Portraits/Brueys.webp
5376	SOURCE_NATIVE/EW4_iOS_NativePort/Resources/Portraits/Bruix.webp
7028	SOURCE_NATIVE/EW4_iOS_NativePort/Resources/Portraits/Bubna.webp
8266	SOURCE_NATIVE/EW4_iOS_NativePort/Resources/Portraits/Bulow.webp
6474	SOURCE_NATIVE/EW4_iOS_NativePort/Resources/Portraits/Buxhoeveden.webp
7466	SOURCE_NATIVE/EW4_iOS_NativePort/Resources/Portraits/Bylandt.webp
6710	SOURCE_NATIVE/EW4_iOS_NativePort/Resources/Portraits/Calder.webp
5750	SOURCE_NATIVE/EW4_iOS_NativePort/Resources/Portraits/Caradja.webp
7100	SOURCE_NATIVE/EW4_iOS_NativePort/Resources/Portraits/Carteaux.webp
7082	SOURCE_NATIVE/EW4_iOS_NativePort/Resources/Portraits/Charles.webp
8424	SOURCE_NATIVE/EW4_iOS_NativePort/Resources/Portraits/Chasse.webp
6628	SOURCE_NATIVE/EW4_iOS_NativePort/Resources/Portraits/Chichagov.webp
7726	SOURCE_NATIVE/EW4_iOS_NativePort/Resources/Portraits/Cisneros.webp
8810	SOURCE_NATIVE/EW4_iOS_NativePort/Resources/Portraits/Claude.webp
7772	SOURCE_NATIVE/EW4_iOS_NativePort/Resources/Portraits/Clausewitz.webp
6396	SOURCE_NATIVE/EW4_iOS_NativePort/Resources/Portraits/Clinton.webp
6444	SOURCE_NATIVE/EW4_iOS_NativePort/Resources/Portraits/Collingwood.webp
7884	SOURCE_NATIVE/EW4_iOS_NativePort/Resources/Portraits/Cornplanter.webp
6694	SOURCE_NATIVE/EW4_iOS_NativePort/Resources/Portraits/Cornwallis.webp
7234	SOURCE_NATIVE/EW4_iOS_NativePort/Resources/Portraits/Cosmao.webp
6922	SOURCE_NATIVE/EW4_iOS_NativePort/Resources/Portraits/Cotton.webp
6958	SOURCE_NATIVE/EW4_iOS_NativePort/Resources/Portraits/Cronstedt.webp
8062	SOURCE_NATIVE/EW4_iOS_NativePort/Resources/Portraits/Davidovich.webp
7332	SOURCE_NATIVE/EW4_iOS_NativePort/Resources/Portraits/Davout.webp
7092	SOURCE_NATIVE/EW4_iOS_NativePort/Resources/Portraits/Dearborn.webp
7366	SOURCE_NATIVE/EW4_iOS_NativePort/Resources/Portraits/Deroy.webp
5922	SOURCE_NATIVE/EW4_iOS_NativePort/Resources/Portraits/Desaix.webp
6386	SOURCE_NATIVE/EW4_iOS_NativePort/Resources/Portraits/Diez.webp
4738	SOURCE_NATIVE/EW4_iOS_NativePort/Resources/Portraits/Dobeln.webp
6074	SOURCE_NATIVE/EW4_iOS_NativePort/Resources/Portraits/Dobrnjac.webp
9416	SOURCE_NATIVE/EW4_iOS_NativePort/Resources/Portraits/Dombrowski.webp
7166	SOURCE_NATIVE/EW4_iOS_NativePort/Resources/Portraits/Dornberg.webp
8274	SOURCE_NATIVE/EW4_iOS_NativePort/Resources/Portraits/Drouot.webp
7632	SOURCE_NATIVE/EW4_iOS_NativePort/Resources/Portraits/Drummond.webp
7560	SOURCE_NATIVE/EW4_iOS_NativePort/Resources/Portraits/Duckworth.webp
8432	SOURCE_NATIVE/EW4_iOS_NativePort/Resources/Portraits/Dumouriez.webp
7478	SOURCE_NATIVE/EW4_iOS_NativePort/Resources/Portraits/Elphinstone.webp
7220	SOURCE_NATIVE/EW4_iOS_NativePort/Resources/Portraits/Emil.webp
6732	SOURCE_NATIVE/EW4_iOS_NativePort/Resources/Portraits/Eugen.webp
7758	SOURCE_NATIVE/EW4_iOS_NativePort/Resources/Portraits/Eugene.webp
7664	SOURCE_NATIVE/EW4_iOS_NativePort/Resources/Portraits/Exelmans.webp
7556	SOURCE_NATIVE/EW4_iOS_NativePort/Resources/Portraits/Falsen.webp
6434	SOURCE_NATIVE/EW4_iOS_NativePort/Resources/Portraits/Fatimah.webp
5540	SOURCE_NATIVE/EW4_iOS_NativePort/Resources/Portraits/Ferdinand.webp
7188	SOURCE_NATIVE/EW4_iOS_NativePort/Resources/Portraits/FerdinandVII.webp
6046	SOURCE_NATIVE/EW4_iOS_NativePort/Resources/Portraits/FerdinandoI.webp
7490	SOURCE_NATIVE/EW4_iOS_NativePort/Resources/Portraits/Fischer.webp
5138	SOURCE_NATIVE/EW4_iOS_NativePort/Resources/Portraits/Fontanelli.webp
8414	SOURCE_NATIVE/EW4_iOS_NativePort/Resources/Portraits/Franquemont.webp
5578	SOURCE_NATIVE/EW4_iOS_NativePort/Resources/Portraits/Frederick.webp
5898	SOURCE_NATIVE/EW4_iOS_NativePort/Resources/Portraits/Galvez.webp
8640	SOURCE_NATIVE/EW4_iOS_NativePort/Resources/Portraits/Gazan.webp
5910	SOURCE_NATIVE/EW4_iOS_NativePort/Resources/Portraits/Georg.webp
7972	SOURCE_NATIVE/EW4_iOS_NativePort/Resources/Portraits/Gerard.webp
8068	SOURCE_NATIVE/EW4_iOS_NativePort/Resources/Portraits/Godebski.webp
7618	SOURCE_NATIVE/EW4_iOS_NativePort/Resources/Portraits/Golitsyn.webp
8714	SOURCE_NATIVE/EW4_iOS_NativePort/Resources/Portraits/Gouvion.webp
5802	SOURCE_NATIVE/EW4_iOS_NativePort/Resources/Portraits/Graham.webp
6734	SOURCE_NATIVE/EW4_iOS_NativePort/Resources/Portraits/Gravina.webp
6564	SOURCE_NATIVE/EW4_iOS_NativePort/Resources/Portraits/Greene.webp
7310	SOURCE_NATIVE/EW4_iOS_NativePort/Resources/Portraits/Grouchy.webp
6332	SOURCE_NATIVE/EW4_iOS_NativePort/Resources/Portraits/HeinrichXV.webp
7752	SOURCE_NATIVE/EW4_iOS_NativePort/Resources/Portraits/Hood.webp
7628	SOURCE_NATIVE/EW4_iOS_NativePort/Resources/Portraits/Hopkins.webp
6312	SOURCE_NATIVE/EW4_iOS_NativePort/Resources/Portraits/Hotze.webp
7770	SOURCE_NATIVE/EW4_iOS_NativePort/Resources/Portraits/Howe.webp
5696	SOURCE_NATIVE/EW4_iOS_NativePort/Resources/Portraits/Huarte.webp
5992	SOURCE_NATIVE/EW4_iOS_NativePort/Resources/Portraits/Hull.webp
8094	SOURCE_NATIVE/EW4_iOS_NativePort/Resources/Portraits/Isabela.webp
7716	SOURCE_NATIVE/EW4_iOS_NativePort/Resources/Portraits/J.Bonaparte.webp
6914	SOURCE_NATIVE/EW4_iOS_NativePort/Resources/Portraits/Jackson.webp
8572	SOURCE_NATIVE/EW4_iOS_NativePort/Resources/Portraits/Janssens.webp
7620	SOURCE_NATIVE/EW4_iOS_NativePort/Resources/Portraits/Jerome.webp
7314	SOURCE_NATIVE/EW4_iOS_NativePort/Resources/Portraits/Jervis.webp
6996	SOURCE_NATIVE/EW4_iOS_NativePort/Resources/Portraits/JohannI.webp
8002	SOURCE_NATIVE/EW4_iOS_NativePort/Resources/Portraits/Joubert.webp
7962	SOURCE_NATIVE/EW4_iOS_NativePort/Resources/Portraits/Jourdan.webp
6824	SOURCE_NATIVE/EW4_iOS_NativePort/Resources/Portraits/Joyes.webp
7346	SOURCE_NATIVE/EW4_iOS_NativePort/Resources/Portraits/Junot.webp
7536	SOURCE_NATIVE/EW4_iOS_NativePort/Resources/Portraits/Kahia.webp
7412	SOURCE_NATIVE/EW4_iOS_NativePort/Resources/Portraits/Karamanli.webp
8002	SOURCE_NATIVE/EW4_iOS_NativePort/Resources/Portraits/Kate.webp
5876	SOURCE_NATIVE/EW4_iOS_NativePort/Resources/Portraits/Kienmayer.webp
7314	SOURCE_NATIVE/EW4_iOS_NativePort/Resources/Portraits/Kleist.webp
6920	SOURCE_NATIVE/EW4_iOS_NativePort/Resources/Portraits/Klenau.webp
6080	SOURCE_NATIVE/EW4_iOS_NativePort/Resources/Portraits/Kollowrat.webp
7004	SOURCE_NATIVE/EW4_iOS_NativePort/Resources/Portraits/Konopka.webp
6598	SOURCE_NATIVE/EW4_iOS_NativePort/Resources/Portraits/Kosciuszko.webp
7398	SOURCE_NATIVE/EW4_iOS_NativePort/Resources/Portraits/Kozietulski.webp
7380	SOURCE_NATIVE/EW4_iOS_NativePort/Resources/Portraits/Kruse.webp
8386	SOURCE_NATIVE/EW4_iOS_NativePort/Resources/Portraits/Kutaisov.webp
7980	SOURCE_NATIVE/EW4_iOS_NativePort/Resources/Portraits/Kutuzov.webp
7184	SOURCE_NATIVE/EW4_iOS_NativePort/Resources/Portraits/L'Estocq.webp
7684	SOURCE_NATIVE/EW4_iOS_NativePort/Resources/Portraits/L.Bonaparte.webp
8468	SOURCE_NATIVE/EW4_iOS_NativePort/Resources/Portraits/Lan.webp
7200	SOURCE_NATIVE/EW4_iOS_NativePort/Resources/Portraits/Lannes.webp
7264	SOURCE_NATIVE/EW4_iOS_NativePort/Resources/Portraits/Lasalle.webp
6370	SOURCE_NATIVE/EW4_iOS_NativePort/Resources/Portraits/Latour.webp
7542	SOURCE_NATIVE/EW4_iOS_NativePort/Resources/Portraits/Lechi.webp
6896	SOURCE_NATIVE/EW4_iOS_NativePort/Resources/Portraits/Lefebvre.webp
6984	SOURCE_NATIVE/EW4_iOS_NativePort/Resources/Portraits/Leiberich.webp
7586	SOURCE_NATIVE/EW4_iOS_NativePort/Resources/Portraits/Lusignan.webp
6694	SOURCE_NATIVE/EW4_iOS_NativePort/Resources/Portraits/MacDonald.webp
8340	SOURCE_NATIVE/EW4_iOS_NativePort/Resources/Portraits/Maria.webp
8910	SOURCE_NATIVE/EW4_iOS_NativePort/Resources/Portraits/Marmont.webp
7036	SOURCE_NATIVE/EW4_iOS_NativePort/Resources/Portraits/Massena.webp
5576	SOURCE_NATIVE/EW4_iOS_NativePort/Resources/Portraits/Mehemet.A.webp
6954	SOURCE_NATIVE/EW4_iOS_NativePort/Resources/Portraits/Melas.webp
6322	SOURCE_NATIVE/EW4_iOS_NativePort/Resources/Portraits/Mercer.webp
5262	SOURCE_NATIVE/EW4_iOS_NativePort/Resources/Portraits/Merveldt.webp
5284	SOURCE_NATIVE/EW4_iOS_NativePort/Resources/Portraits/Milinovic.webp
7212	SOURCE_NATIVE/EW4_iOS_NativePort/Resources/Portraits/Miloradovih.webp
6274	SOURCE_NATIVE/EW4_iOS_NativePort/Resources/Portraits/Mirza.webp
7050	SOURCE_NATIVE/EW4_iOS_NativePort/Resources/Portraits/Moreau.webp
6802	SOURCE_NATIVE/EW4_iOS_NativePort/Resources/Portraits/Mortier.webp
6106	SOURCE_NATIVE/EW4_iOS_NativePort/Resources/Portraits/Mourousis.webp
5884	SOURCE_NATIVE/EW4_iOS_NativePort/Resources/Portraits/Murad.webp
8352	SOURCE_NATIVE/EW4_iOS_NativePort/Resources/Portraits/Murat.webp
7970	SOURCE_NATIVE/EW4_iOS_NativePort/Resources/Portraits/Nansouty.webp
8576	SOURCE_NATIVE/EW4_iOS_NativePort/Resources/Portraits/Napoleon.webp
8062	SOURCE_NATIVE/EW4_iOS_NativePort/Resources/Portraits/Nelson.webp
7216	SOURCE_NATIVE/EW4_iOS_NativePort/Resources/Portraits/Nenadovic.webp
7486	SOURCE_NATIVE/EW4_iOS_NativePort/Resources/Portraits/Ney.webp
8290	SOURCE_NATIVE/EW4_iOS_NativePort/Resources/Portraits/Nunziante.webp
7250	SOURCE_NATIVE/EW4_iOS_NativePort/Resources/Portraits/Oudinot.webp
5996	SOURCE_NATIVE/EW4_iOS_NativePort/Resources/Portraits/Paget.webp
5906	SOURCE_NATIVE/EW4_iOS_NativePort/Resources/Portraits/Palafox.webp
5450	SOURCE_NATIVE/EW4_iOS_NativePort/Resources/Portraits/Pasha.webp
7972	SOURCE_NATIVE/EW4_iOS_NativePort/Resources/Portraits/Perignon.webp
6994	SOURCE_NATIVE/EW4_iOS_NativePort/Resources/Portraits/Picton.webp
7042	SOURCE_NATIVE/EW4_iOS_NativePort/Resources/Portraits/PiusVII.webp
5524	SOURCE_NATIVE/EW4_iOS_NativePort/Resources/Portraits/Platov.webp
7484	SOURCE_NATIVE/EW4_iOS_NativePort/Resources/Portraits/Poniatowski.webp
7006	SOURCE_NATIVE/EW4_iOS_NativePort/Resources/Portraits/Prevost.webp
5784	SOURCE_NATIVE/EW4_iOS_NativePort/Resources/Portraits/Qajar.webp
6966	SOURCE_NATIVE/EW4_iOS_NativePort/Resources/Portraits/Quosdanovih.webp
7704	SOURCE_NATIVE/EW4_iOS_NativePort/Resources/Portraits/Radetzky.webp
7586	SOURCE_NATIVE/EW4_iOS_NativePort/Resources/Portraits/Raevsky.webp
7462	SOURCE_NATIVE/EW4_iOS_NativePort/Resources/Portraits/Reding.webp
6006	SOURCE_NATIVE/EW4_iOS_NativePort/Resources/Portraits/Ricardos.webp
6542	SOURCE_NATIVE/EW4_iOS_NativePort/Resources/Portraits/Rosenberg.webp
7720	SOURCE_NATIVE/EW4_iOS_NativePort/Resources/Portraits/Rowland.webp
6914	SOURCE_NATIVE/EW4_iOS_NativePort/Resources/Portraits/Sacken.webp
7232	SOURCE_NATIVE/EW4_iOS_NativePort/Resources/Portraits/Sakurako.webp
7550	SOURCE_NATIVE/EW4_iOS_NativePort/Resources/Portraits/Saltykov.webp
8410	SOURCE_NATIVE/EW4_iOS_NativePort/Resources/Portraits/Savary.webp
4728	SOURCE_NATIVE/EW4_iOS_NativePort/Resources/Portraits/Scharnhorst.webp
8156	SOURCE_NATIVE/EW4_iOS_NativePort/Resources/Portraits/Schwerin.webp
7324	SOURCE_NATIVE/EW4_iOS_NativePort/Resources/Portraits/Sebastiani.webp
5866	SOURCE_NATIVE/EW4_iOS_NativePort/Resources/Portraits/SelimIII.webp
7164	SOURCE_NATIVE/EW4_iOS_NativePort/Resources/Portraits/Senyavin.webp
8122	SOURCE_NATIVE/EW4_iOS_NativePort/Resources/Portraits/Serurier.webp
8432	SOURCE_NATIVE/EW4_iOS_NativePort/Resources/Portraits/Sidney.webp
7538	SOURCE_NATIVE/EW4_iOS_NativePort/Resources/Portraits/Silveira.webp
4674	SOURCE_NATIVE/EW4_iOS_NativePort/Resources/Portraits/Slimane.webp
8412	SOURCE_NATIVE/EW4_iOS_NativePort/Resources/Portraits/Sokolnicki.webp
8110	SOURCE_NATIVE/EW4_iOS_NativePort/Resources/Portraits/Sophia.webp
8120	SOURCE_NATIVE/EW4_iOS_NativePort/Resources/Portraits/Soult.webp
5198	SOURCE_NATIVE/EW4_iOS_NativePort/Resources/Portraits/Strachan.webp
7958	SOURCE_NATIVE/EW4_iOS_NativePort/Resources/Portraits/Suchet.webp
7744	SOURCE_NATIVE/EW4_iOS_NativePort/Resources/Portraits/Sulkowski.webp
7244	SOURCE_NATIVE/EW4_iOS_NativePort/Resources/Portraits/Suvorov.webp
7318	SOURCE_NATIVE/EW4_iOS_NativePort/Resources/Portraits/Tormasov.webp
7024	SOURCE_NATIVE/EW4_iOS_NativePort/Resources/Portraits/Treville.webp
4974	SOURCE_NATIVE/EW4_iOS_NativePort/Resources/Portraits/Ushakov.webp
5776	SOURCE_NATIVE/EW4_iOS_NativePort/Resources/Portraits/Vandamme.webp
7162	SOURCE_NATIVE/EW4_iOS_NativePort/Resources/Portraits/Vecsey.webp
6250	SOURCE_NATIVE/EW4_iOS_NativePort/Resources/Portraits/Verhuell.webp
6976	SOURCE_NATIVE/EW4_iOS_NativePort/Resources/Portraits/Victoria.webp
5204	SOURCE_NATIVE/EW4_iOS_NativePort/Resources/Portraits/Villeneuve.webp
7930	SOURCE_NATIVE/EW4_iOS_NativePort/Resources/Portraits/Washington.webp
6784	SOURCE_NATIVE/EW4_iOS_NativePort/Resources/Portraits/Wellesley.webp
6252	SOURCE_NATIVE/EW4_iOS_NativePort/Resources/Portraits/Weyrother.webp
6868	SOURCE_NATIVE/EW4_iOS_NativePort/Resources/Portraits/WilhelmIII.webp
7848	SOURCE_NATIVE/EW4_iOS_NativePort/Resources/Portraits/Wittgenstein.webp
8136	SOURCE_NATIVE/EW4_iOS_NativePort/Resources/Portraits/Wrede.webp
5448	SOURCE_NATIVE/EW4_iOS_NativePort/Resources/Portraits/Wurmb.webp
6040	SOURCE_NATIVE/EW4_iOS_NativePort/Resources/Portraits/Wurmser.webp
7730	SOURCE_NATIVE/EW4_iOS_NativePort/Resources/Portraits/Yermolov.webp
8394	SOURCE_NATIVE/EW4_iOS_NativePort/Resources/Portraits/Yorck.webp
6442	SOURCE_NATIVE/EW4_iOS_NativePort/Resources/Portraits/Zakrevsky.webp
7266	SOURCE_NATIVE/EW4_iOS_NativePort/Resources/Portraits/Zebulon.webp
3044	SOURCE_NATIVE/EW4_iOS_NativePort/Resources/Sprites/buildings_hd/alg1.png
3129	SOURCE_NATIVE/EW4_iOS_NativePort/Resources/Sprites/buildings_hd/alg2.png
3136	SOURCE_NATIVE/EW4_iOS_NativePort/Resources/Sprites/buildings_hd/alg3.png
3147	SOURCE_NATIVE/EW4_iOS_NativePort/Resources/Sprites/buildings_hd/alg4.png
4591	SOURCE_NATIVE/EW4_iOS_NativePort/Resources/Sprites/buildings_hd/arrow_blue.png
3792	SOURCE_NATIVE/EW4_iOS_NativePort/Resources/Sprites/buildings_hd/arrow_red.png
4530	SOURCE_NATIVE/EW4_iOS_NativePort/Resources/Sprites/buildings_hd/arrow_shadow.png
12369	SOURCE_NATIVE/EW4_iOS_NativePort/Resources/Sprites/buildings_hd/attack.png
2509	SOURCE_NATIVE/EW4_iOS_NativePort/Resources/Sprites/buildings_hd/aus1.png
2605	SOURCE_NATIVE/EW4_iOS_NativePort/Resources/Sprites/buildings_hd/aus2.png
2631	SOURCE_NATIVE/EW4_iOS_NativePort/Resources/Sprites/buildings_hd/aus3.png
2643	SOURCE_NATIVE/EW4_iOS_NativePort/Resources/Sprites/buildings_hd/aus4.png
3390	SOURCE_NATIVE/EW4_iOS_NativePort/Resources/Sprites/buildings_hd/bad1.png
3494	SOURCE_NATIVE/EW4_iOS_NativePort/Resources/Sprites/buildings_hd/bad2.png
3514	SOURCE_NATIVE/EW4_iOS_NativePort/Resources/Sprites/buildings_hd/bad3.png
3501	SOURCE_NATIVE/EW4_iOS_NativePort/Resources/Sprites/buildings_hd/bad4.png
2986	SOURCE_NATIVE/EW4_iOS_NativePort/Resources/Sprites/buildings_hd/bav1.png
3061	SOURCE_NATIVE/EW4_iOS_NativePort/Resources/Sprites/buildings_hd/bav2.png
3110	SOURCE_NATIVE/EW4_iOS_NativePort/Resources/Sprites/buildings_hd/bav3.png
3097	SOURCE_NATIVE/EW4_iOS_NativePort/Resources/Sprites/buildings_hd/bav4.png
11119	SOURCE_NATIVE/EW4_iOS_NativePort/Resources/Sprites/buildings_hd/bridge_1_1.png
11795	SOURCE_NATIVE/EW4_iOS_NativePort/Resources/Sprites/buildings_hd/bridge_1_2.png
11839	SOURCE_NATIVE/EW4_iOS_NativePort/Resources/Sprites/buildings_hd/bridge_1_3.png
8454	SOURCE_NATIVE/EW4_iOS_NativePort/Resources/Sprites/buildings_hd/bridge_2_1.png
10489	SOURCE_NATIVE/EW4_iOS_NativePort/Resources/Sprites/buildings_hd/bridge_2_2.png
10117	SOURCE_NATIVE/EW4_iOS_NativePort/Resources/Sprites/buildings_hd/bridge_2_3.png
6933	SOURCE_NATIVE/EW4_iOS_NativePort/Resources/Sprites/buildings_hd/bridge_3_1.png
10524	SOURCE_NATIVE/EW4_iOS_NativePort/Resources/Sprites/buildings_hd/bridge_3_2.png
10223	SOURCE_NATIVE/EW4_iOS_NativePort/Resources/Sprites/buildings_hd/bridge_3_3.png
3148	SOURCE_NATIVE/EW4_iOS_NativePort/Resources/Sprites/buildings_hd/bru1.png
3210	SOURCE_NATIVE/EW4_iOS_NativePort/Resources/Sprites/buildings_hd/bru2.png
3276	SOURCE_NATIVE/EW4_iOS_NativePort/Resources/Sprites/buildings_hd/bru3.png
3268	SOURCE_NATIVE/EW4_iOS_NativePort/Resources/Sprites/buildings_hd/bru4.png
923	SOURCE_NATIVE/EW4_iOS_NativePort/Resources/Sprites/buildings_hd/buildinglevel_1.png
1015	SOURCE_NATIVE/EW4_iOS_NativePort/Resources/Sprites/buildings_hd/buildinglevel_2.png
1106	SOURCE_NATIVE/EW4_iOS_NativePort/Resources/Sprites/buildings_hd/buildinglevel_3.png
1818	SOURCE_NATIVE/EW4_iOS_NativePort/Resources/Sprites/buildings_hd/buildinglevel_4.png
1601	SOURCE_NATIVE/EW4_iOS_NativePort/Resources/Sprites/buildings_hd/buildinglevel_5.png
1832	SOURCE_NATIVE/EW4_iOS_NativePort/Resources/Sprites/buildings_hd/buildinglevel_6.png
1755	SOURCE_NATIVE/EW4_iOS_NativePort/Resources/Sprites/buildings_hd/buildinglevel_7.png
2619	SOURCE_NATIVE/EW4_iOS_NativePort/Resources/Sprites/buildings_hd/buildinglevel_max.png
34936	SOURCE_NATIVE/EW4_iOS_NativePort/Resources/Sprites/buildings_hd/capital_au.png
37304	SOURCE_NATIVE/EW4_iOS_NativePort/Resources/Sprites/buildings_hd/capital_ca.png
32439	SOURCE_NATIVE/EW4_iOS_NativePort/Resources/Sprites/buildings_hd/capital_common.png
29401	SOURCE_NATIVE/EW4_iOS_NativePort/Resources/Sprites/buildings_hd/capital_eg.png
39339	SOURCE_NATIVE/EW4_iOS_NativePort/Resources/Sprites/buildings_hd/capital_es.png
33178	SOURCE_NATIVE/EW4_iOS_NativePort/Resources/Sprites/buildings_hd/capital_fr.png
41484	SOURCE_NATIVE/EW4_iOS_NativePort/Resources/Sprites/buildings_hd/capital_gb.png
20140	SOURCE_NATIVE/EW4_iOS_NativePort/Resources/Sprites/buildings_hd/capital_it.png
33547	SOURCE_NATIVE/EW4_iOS_NativePort/Resources/Sprites/buildings_hd/capital_pu.png
41125	SOURCE_NATIVE/EW4_iOS_NativePort/Resources/Sprites/buildings_hd/capital_ru.png
47072	SOURCE_NATIVE/EW4_iOS_NativePort/Resources/Sprites/buildings_hd/capital_tk.png
26074	SOURCE_NATIVE/EW4_iOS_NativePort/Resources/Sprites/buildings_hd/capital_us.png
2849	SOURCE_NATIVE/EW4_iOS_NativePort/Resources/Sprites/buildings_hd/che1.png
2954	SOURCE_NATIVE/EW4_iOS_NativePort/Resources/Sprites/buildings_hd/che2.png
3002	SOURCE_NATIVE/EW4_iOS_NativePort/Resources/Sprites/buildings_hd/che3.png
2996	SOURCE_NATIVE/EW4_iOS_NativePort/Resources/Sprites/buildings_hd/che4.png
2372	SOURCE_NATIVE/EW4_iOS_NativePort/Resources/Sprites/buildings_hd/city_board_blue.png
2401	SOURCE_NATIVE/EW4_iOS_NativePort/Resources/Sprites/buildings_hd/city_board_green.png
2387	SOURCE_NATIVE/EW4_iOS_NativePort/Resources/Sprites/buildings_hd/city_board_red.png
10266	SOURCE_NATIVE/EW4_iOS_NativePort/Resources/Sprites/buildings_hd/city_east_lv1.png
13490	SOURCE_NATIVE/EW4_iOS_NativePort/Resources/Sprites/buildings_hd/city_east_lv2.png
18569	SOURCE_NATIVE/EW4_iOS_NativePort/Resources/Sprites/buildings_hd/city_east_lv3.png
27174	SOURCE_NATIVE/EW4_iOS_NativePort/Resources/Sprites/buildings_hd/city_east_lv4.png
39222	SOURCE_NATIVE/EW4_iOS_NativePort/Resources/Sprites/buildings_hd/city_east_lv5.png
48636	SOURCE_NATIVE/EW4_iOS_NativePort/Resources/Sprites/buildings_hd/city_east_lv6.png
51624	SOURCE_NATIVE/EW4_iOS_NativePort/Resources/Sprites/buildings_hd/city_east_lv7.png
44761	SOURCE_NATIVE/EW4_iOS_NativePort/Resources/Sprites/buildings_hd/city_east_lv7_up.png
11134	SOURCE_NATIVE/EW4_iOS_NativePort/Resources/Sprites/buildings_hd/city_west_lv1.png
13811	SOURCE_NATIVE/EW4_iOS_NativePort/Resources/Sprites/buildings_hd/city_west_lv2.png
19029	SOURCE_NATIVE/EW4_iOS_NativePort/Resources/Sprites/buildings_hd/city_west_lv3.png
27151	SOURCE_NATIVE/EW4_iOS_NativePort/Resources/Sprites/buildings_hd/city_west_lv4.png
37839	SOURCE_NATIVE/EW4_iOS_NativePort/Resources/Sprites/buildings_hd/city_west_lv5.png
51118	SOURCE_NATIVE/EW4_iOS_NativePort/Resources/Sprites/buildings_hd/city_west_lv6.png
55346	SOURCE_NATIVE/EW4_iOS_NativePort/Resources/Sprites/buildings_hd/city_west_lv7.png
40738	SOURCE_NATIVE/EW4_iOS_NativePort/Resources/Sprites/buildings_hd/city_west_lv7_up.png
35950	SOURCE_NATIVE/EW4_iOS_NativePort/Resources/Sprites/buildings_hd/deck.png
1860	SOURCE_NATIVE/EW4_iOS_NativePort/Resources/Sprites/buildings_hd/defense_bunker.png
4189	SOURCE_NATIVE/EW4_iOS_NativePort/Resources/Sprites/buildings_hd/defense_fences.png
1580	SOURCE_NATIVE/EW4_iOS_NativePort/Resources/Sprites/buildings_hd/defense_moat.png
3138	SOURCE_NATIVE/EW4_iOS_NativePort/Resources/Sprites/buildings_hd/den1.png
3239	SOURCE_NATIVE/EW4_iOS_NativePort/Resources/Sprites/buildings_hd/den2.png
3286	SOURCE_NATIVE/EW4_iOS_NativePort/Resources/Sprites/buildings_hd/den3.png
3267	SOURCE_NATIVE/EW4_iOS_NativePort/Resources/Sprites/buildings_hd/den4.png
2896	SOURCE_NATIVE/EW4_iOS_NativePort/Resources/Sprites/buildings_hd/egy1.png
2948	SOURCE_NATIVE/EW4_iOS_NativePort/Resources/Sprites/buildings_hd/egy2.png
2955	SOURCE_NATIVE/EW4_iOS_NativePort/Resources/Sprites/buildings_hd/egy3.png
2981	SOURCE_NATIVE/EW4_iOS_NativePort/Resources/Sprites/buildings_hd/egy4.png
17913	SOURCE_NATIVE/EW4_iOS_NativePort/Resources/Sprites/buildings_hd/factory_east_lv1.png
24499	SOURCE_NATIVE/EW4_iOS_NativePort/Resources/Sprites/buildings_hd/factory_east_lv2.png
25628	SOURCE_NATIVE/EW4_iOS_NativePort/Resources/Sprites/buildings_hd/factory_east_lv3.png
34262	SOURCE_NATIVE/EW4_iOS_NativePort/Resources/Sprites/buildings_hd/factory_east_lv4.png
20003	SOURCE_NATIVE/EW4_iOS_NativePort/Resources/Sprites/buildings_hd/factory_west_lv1.png
23716	SOURCE_NATIVE/EW4_iOS_NativePort/Resources/Sprites/buildings_hd/factory_west_lv2.png
26062	SOURCE_NATIVE/EW4_iOS_NativePort/Resources/Sprites/buildings_hd/factory_west_lv3.png
30497	SOURCE_NATIVE/EW4_iOS_NativePort/Resources/Sprites/buildings_hd/factory_west_lv4.png
48318	SOURCE_NATIVE/EW4_iOS_NativePort/Resources/Sprites/buildings_hd/farm_1_lv1.png
49020	SOURCE_NATIVE/EW4_iOS_NativePort/Resources/Sprites/buildings_hd/farm_1_lv2.png
47370	SOURCE_NATIVE/EW4_iOS_NativePort/Resources/Sprites/buildings_hd/farm_1_lv3.png
52362	SOURCE_NATIVE/EW4_iOS_NativePort/Resources/Sprites/buildings_hd/farm_2_lv1.png
51345	SOURCE_NATIVE/EW4_iOS_NativePort/Resources/Sprites/buildings_hd/farm_2_lv2.png
51316	SOURCE_NATIVE/EW4_iOS_NativePort/Resources/Sprites/buildings_hd/farm_2_lv3.png
53910	SOURCE_NATIVE/EW4_iOS_NativePort/Resources/Sprites/buildings_hd/farm_3_lv1.png
52013	SOURCE_NATIVE/EW4_iOS_NativePort/Resources/Sprites/buildings_hd/farm_3_lv2.png
50790	SOURCE_NATIVE/EW4_iOS_NativePort/Resources/Sprites/buildings_hd/farm_3_lv3.png
69381	SOURCE_NATIVE/EW4_iOS_NativePort/Resources/Sprites/buildings_hd/farm_4_lv1.png
53870	SOURCE_NATIVE/EW4_iOS_NativePort/Resources/Sprites/buildings_hd/farm_4_lv2.png
55011	SOURCE_NATIVE/EW4_iOS_NativePort/Resources/Sprites/buildings_hd/farm_4_lv3.png
594	SOURCE_NATIVE/EW4_iOS_NativePort/Resources/Sprites/buildings_hd/flagpole.png
2793	SOURCE_NATIVE/EW4_iOS_NativePort/Resources/Sprites/buildings_hd/fra1.png
2920	SOURCE_NATIVE/EW4_iOS_NativePort/Resources/Sprites/buildings_hd/fra2.png
2960	SOURCE_NATIVE/EW4_iOS_NativePort/Resources/Sprites/buildings_hd/fra3.png
2936	SOURCE_NATIVE/EW4_iOS_NativePort/Resources/Sprites/buildings_hd/fra4.png
4296	SOURCE_NATIVE/EW4_iOS_NativePort/Resources/Sprites/buildings_hd/gbr1.png
4364	SOURCE_NATIVE/EW4_iOS_NativePort/Resources/Sprites/buildings_hd/gbr2.png
4392	SOURCE_NATIVE/EW4_iOS_NativePort/Resources/Sprites/buildings_hd/gbr3.png
4400	SOURCE_NATIVE/EW4_iOS_NativePort/Resources/Sprites/buildings_hd/gbr4.png
2775	SOURCE_NATIVE/EW4_iOS_NativePort/Resources/Sprites/buildings_hd/hes1.png
2879	SOURCE_NATIVE/EW4_iOS_NativePort/Resources/Sprites/buildings_hd/hes2.png
2942	SOURCE_NATIVE/EW4_iOS_NativePort/Resources/Sprites/buildings_hd/hes3.png
2933	SOURCE_NATIVE/EW4_iOS_NativePort/Resources/Sprites/buildings_hd/hes4.png
92	SOURCE_NATIVE/EW4_iOS_NativePort/Resources/Sprites/buildings_hd/hp.png
2201	SOURCE_NATIVE/EW4_iOS_NativePort/Resources/Sprites/buildings_hd/hpbar_black.png
2297	SOURCE_NATIVE/EW4_iOS_NativePort/Resources/Sprites/buildings_hd/hpbar_blue.png
2245	SOURCE_NATIVE/EW4_iOS_NativePort/Resources/Sprites/buildings_hd/hpbar_green.png
610	SOURCE_NATIVE/EW4_iOS_NativePort/Resources/Sprites/buildings_hd/hpbar_hp.png
2205	SOURCE_NATIVE/EW4_iOS_NativePort/Resources/Sprites/buildings_hd/hpbar_red.png
3698	SOURCE_NATIVE/EW4_iOS_NativePort/Resources/Sprites/buildings_hd/hre1.png
3793	SOURCE_NATIVE/EW4_iOS_NativePort/Resources/Sprites/buildings_hd/hre2.png
3824	SOURCE_NATIVE/EW4_iOS_NativePort/Resources/Sprites/buildings_hd/hre3.png
3846	SOURCE_NATIVE/EW4_iOS_NativePort/Resources/Sprites/buildings_hd/hre4.png
3233	SOURCE_NATIVE/EW4_iOS_NativePort/Resources/Sprites/buildings_hd/ind1.png
3281	SOURCE_NATIVE/EW4_iOS_NativePort/Resources/Sprites/buildings_hd/ind2.png
3316	SOURCE_NATIVE/EW4_iOS_NativePort/Resources/Sprites/buildings_hd/ind3.png
3331	SOURCE_NATIVE/EW4_iOS_NativePort/Resources/Sprites/buildings_hd/ind4.png
3618	SOURCE_NATIVE/EW4_iOS_NativePort/Resources/Sprites/buildings_hd/koi1.png
3701	SOURCE_NATIVE/EW4_iOS_NativePort/Resources/Sprites/buildings_hd/koi2.png
3740	SOURCE_NATIVE/EW4_iOS_NativePort/Resources/Sprites/buildings_hd/koi3.png
3732	SOURCE_NATIVE/EW4_iOS_NativePort/Resources/Sprites/buildings_hd/koi4.png
2524	SOURCE_NATIVE/EW4_iOS_NativePort/Resources/Sprites/buildings_hd/mar1.png
2608	SOURCE_NATIVE/EW4_iOS_NativePort/Resources/Sprites/buildings_hd/mar2.png
2643	SOURCE_NATIVE/EW4_iOS_NativePort/Resources/Sprites/buildings_hd/mar3.png
2600	SOURCE_NATIVE/EW4_iOS_NativePort/Resources/Sprites/buildings_hd/mar4.png
378	SOURCE_NATIVE/EW4_iOS_NativePort/Resources/Sprites/buildings_hd/mark_unit_0.png
620	SOURCE_NATIVE/EW4_iOS_NativePort/Resources/Sprites/buildings_hd/mark_unit_1.png
453	SOURCE_NATIVE/EW4_iOS_NativePort/Resources/Sprites/buildings_hd/mark_unit_10.png
451	SOURCE_NATIVE/EW4_iOS_NativePort/Resources/Sprites/buildings_hd/mark_unit_11.png
343	SOURCE_NATIVE/EW4_iOS_NativePort/Resources/Sprites/buildings_hd/mark_unit_12.png
651	SOURCE_NATIVE/EW4_iOS_NativePort/Resources/Sprites/buildings_hd/mark_unit_13.png
384	SOURCE_NATIVE/EW4_iOS_NativePort/Resources/Sprites/buildings_hd/mark_unit_14.png
512	SOURCE_NATIVE/EW4_iOS_NativePort/Resources/Sprites/buildings_hd/mark_unit_15.png
541	SOURCE_NATIVE/EW4_iOS_NativePort/Resources/Sprites/buildings_hd/mark_unit_16.png
408	SOURCE_NATIVE/EW4_iOS_NativePort/Resources/Sprites/buildings_hd/mark_unit_17.png
274	SOURCE_NATIVE/EW4_iOS_NativePort/Resources/Sprites/buildings_hd/mark_unit_18.png
318	SOURCE_NATIVE/EW4_iOS_NativePort/Resources/Sprites/buildings_hd/mark_unit_19.png
541	SOURCE_NATIVE/EW4_iOS_NativePort/Resources/Sprites/buildings_hd/mark_unit_2.png
368	SOURCE_NATIVE/EW4_iOS_NativePort/Resources/Sprites/buildings_hd/mark_unit_20.png
270	SOURCE_NATIVE/EW4_iOS_NativePort/Resources/Sprites/buildings_hd/mark_unit_21.png
354	SOURCE_NATIVE/EW4_iOS_NativePort/Resources/Sprites/buildings_hd/mark_unit_3.png
585	SOURCE_NATIVE/EW4_iOS_NativePort/Resources/Sprites/buildings_hd/mark_unit_4.png
467	SOURCE_NATIVE/EW4_iOS_NativePort/Resources/Sprites/buildings_hd/mark_unit_5.png
456	SOURCE_NATIVE/EW4_iOS_NativePort/Resources/Sprites/buildings_hd/mark_unit_6.png
601	SOURCE_NATIVE/EW4_iOS_NativePort/Resources/Sprites/buildings_hd/mark_unit_7.png
597	SOURCE_NATIVE/EW4_iOS_NativePort/Resources/Sprites/buildings_hd/mark_unit_8.png
450	SOURCE_NATIVE/EW4_iOS_NativePort/Resources/Sprites/buildings_hd/mark_unit_9.png
1964	SOURCE_NATIVE/EW4_iOS_NativePort/Resources/Sprites/buildings_hd/marker_bar.png
1609	SOURCE_NATIVE/EW4_iOS_NativePort/Resources/Sprites/buildings_hd/marker_shop.png
1996	SOURCE_NATIVE/EW4_iOS_NativePort/Resources/Sprites/buildings_hd/marker_trade.png
2668	SOURCE_NATIVE/EW4_iOS_NativePort/Resources/Sprites/buildings_hd/medal.png
2955	SOURCE_NATIVE/EW4_iOS_NativePort/Resources/Sprites/buildings_hd/mek1.png
3044	SOURCE_NATIVE/EW4_iOS_NativePort/Resources/Sprites/buildings_hd/mek2.png
3065	SOURCE_NATIVE/EW4_iOS_NativePort/Resources/Sprites/buildings_hd/mek3.png
3052	SOURCE_NATIVE/EW4_iOS_NativePort/Resources/Sprites/buildings_hd/mek4.png
2934	SOURCE_NATIVE/EW4_iOS_NativePort/Resources/Sprites/buildings_hd/mol1.png
3004	SOURCE_NATIVE/EW4_iOS_NativePort/Resources/Sprites/buildings_hd/mol2.png
3034	SOURCE_NATIVE/EW4_iOS_NativePort/Resources/Sprites/buildings_hd/mol3.png
3001	SOURCE_NATIVE/EW4_iOS_NativePort/Resources/Sprites/buildings_hd/mol4.png
12364	SOURCE_NATIVE/EW4_iOS_NativePort/Resources/Sprites/buildings_hd/morale_down1.png
13286	SOURCE_NATIVE/EW4_iOS_NativePort/Resources/Sprites/buildings_hd/morale_down2.png
6581	SOURCE_NATIVE/EW4_iOS_NativePort/Resources/Sprites/buildings_hd/morale_down3.png
11439	SOURCE_NATIVE/EW4_iOS_NativePort/Resources/Sprites/buildings_hd/morale_up.png
4974	SOURCE_NATIVE/EW4_iOS_NativePort/Resources/Sprites/buildings_hd/move.png
3705	SOURCE_NATIVE/EW4_iOS_NativePort/Resources/Sprites/buildings_hd/nap1.png
3806	SOURCE_NATIVE/EW4_iOS_NativePort/Resources/Sprites/buildings_hd/nap2.png
3818	SOURCE_NATIVE/EW4_iOS_NativePort/Resources/Sprites/buildings_hd/nap3.png
3739	SOURCE_NATIVE/EW4_iOS_NativePort/Resources/Sprites/buildings_hd/nap4.png
3063	SOURCE_NATIVE/EW4_iOS_NativePort/Resources/Sprites/buildings_hd/nas1.png
3157	SOURCE_NATIVE/EW4_iOS_NativePort/Resources/Sprites/buildings_hd/nas2.png
3231	SOURCE_NATIVE/EW4_iOS_NativePort/Resources/Sprites/buildings_hd/nas3.png
3179	SOURCE_NATIVE/EW4_iOS_NativePort/Resources/Sprites/buildings_hd/nas4.png
3246	SOURCE_NATIVE/EW4_iOS_NativePort/Resources/Sprites/buildings_hd/nds1.png
3402	SOURCE_NATIVE/EW4_iOS_NativePort/Resources/Sprites/buildings_hd/nds2.png
3393	SOURCE_NATIVE/EW4_iOS_NativePort/Resources/Sprites/buildings_hd/nds3.png
3387	SOURCE_NATIVE/EW4_iOS_NativePort/Resources/Sprites/buildings_hd/nds4.png
2882	SOURCE_NATIVE/EW4_iOS_NativePort/Resources/Sprites/buildings_hd/ned1.png
2976	SOURCE_NATIVE/EW4_iOS_NativePort/Resources/Sprites/buildings_hd/ned2.png
3012	SOURCE_NATIVE/EW4_iOS_NativePort/Resources/Sprites/buildings_hd/ned3.png
2951	SOURCE_NATIVE/EW4_iOS_NativePort/Resources/Sprites/buildings_hd/ned4.png
3050	SOURCE_NATIVE/EW4_iOS_NativePort/Resources/Sprites/buildings_hd/old1.png
3131	SOURCE_NATIVE/EW4_iOS_NativePort/Resources/Sprites/buildings_hd/old2.png
3167	SOURCE_NATIVE/EW4_iOS_NativePort/Resources/Sprites/buildings_hd/old3.png
3145	SOURCE_NATIVE/EW4_iOS_NativePort/Resources/Sprites/buildings_hd/old4.png
3207	SOURCE_NATIVE/EW4_iOS_NativePort/Resources/Sprites/buildings_hd/pap1.png
3301	SOURCE_NATIVE/EW4_iOS_NativePort/Resources/Sprites/buildings_hd/pap2.png
3360	SOURCE_NATIVE/EW4_iOS_NativePort/Resources/Sprites/buildings_hd/pap3.png
3354	SOURCE_NATIVE/EW4_iOS_NativePort/Resources/Sprites/buildings_hd/pap4.png
3403	SOURCE_NATIVE/EW4_iOS_NativePort/Resources/Sprites/buildings_hd/per1.png
3521	SOURCE_NATIVE/EW4_iOS_NativePort/Resources/Sprites/buildings_hd/per2.png
3561	SOURCE_NATIVE/EW4_iOS_NativePort/Resources/Sprites/buildings_hd/per3.png
3613	SOURCE_NATIVE/EW4_iOS_NativePort/Resources/Sprites/buildings_hd/per4.png
2962	SOURCE_NATIVE/EW4_iOS_NativePort/Resources/Sprites/buildings_hd/pie1.png
3073	SOURCE_NATIVE/EW4_iOS_NativePort/Resources/Sprites/buildings_hd/pie2.png
3104	SOURCE_NATIVE/EW4_iOS_NativePort/Resources/Sprites/buildings_hd/pie3.png
3053	SOURCE_NATIVE/EW4_iOS_NativePort/Resources/Sprites/buildings_hd/pie4.png
3254	SOURCE_NATIVE/EW4_iOS_NativePort/Resources/Sprites/buildings_hd/pol1.png
3330	SOURCE_NATIVE/EW4_iOS_NativePort/Resources/Sprites/buildings_hd/pol2.png
3381	SOURCE_NATIVE/EW4_iOS_NativePort/Resources/Sprites/buildings_hd/pol3.png
3380	SOURCE_NATIVE/EW4_iOS_NativePort/Resources/Sprites/buildings_hd/pol4.png
3142	SOURCE_NATIVE/EW4_iOS_NativePort/Resources/Sprites/buildings_hd/por1.png
3262	SOURCE_NATIVE/EW4_iOS_NativePort/Resources/Sprites/buildings_hd/por2.png
3274	SOURCE_NATIVE/EW4_iOS_NativePort/Resources/Sprites/buildings_hd/por3.png
3361	SOURCE_NATIVE/EW4_iOS_NativePort/Resources/Sprites/buildings_hd/por4.png
36039	SOURCE_NATIVE/EW4_iOS_NativePort/Resources/Sprites/buildings_hd/port_1.png
47813	SOURCE_NATIVE/EW4_iOS_NativePort/Resources/Sprites/buildings_hd/port_2.png
50352	SOURCE_NATIVE/EW4_iOS_NativePort/Resources/Sprites/buildings_hd/port_3.png
35272	SOURCE_NATIVE/EW4_iOS_NativePort/Resources/Sprites/buildings_hd/port_4.png
2793	SOURCE_NATIVE/EW4_iOS_NativePort/Resources/Sprites/buildings_hd/pru1.png
2814	SOURCE_NATIVE/EW4_iOS_NativePort/Resources/Sprites/buildings_hd/pru2.png
2849	SOURCE_NATIVE/EW4_iOS_NativePort/Resources/Sprites/buildings_hd/pru3.png
2834	SOURCE_NATIVE/EW4_iOS_NativePort/Resources/Sprites/buildings_hd/pru4.png
505	SOURCE_NATIVE/EW4_iOS_NativePort/Resources/Sprites/buildings_hd/rank_1.png
705	SOURCE_NATIVE/EW4_iOS_NativePort/Resources/Sprites/buildings_hd/rank_2.png
907	SOURCE_NATIVE/EW4_iOS_NativePort/Resources/Sprites/buildings_hd/rank_3.png
1119	SOURCE_NATIVE/EW4_iOS_NativePort/Resources/Sprites/buildings_hd/rank_4.png
836	SOURCE_NATIVE/EW4_iOS_NativePort/Resources/Sprites/buildings_hd/rank_5.png
2882	SOURCE_NATIVE/EW4_iOS_NativePort/Resources/Sprites/buildings_hd/rhc1.png
2975	SOURCE_NATIVE/EW4_iOS_NativePort/Resources/Sprites/buildings_hd/rhc2.png
3023	SOURCE_NATIVE/EW4_iOS_NativePort/Resources/Sprites/buildings_hd/rhc3.png
3013	SOURCE_NATIVE/EW4_iOS_NativePort/Resources/Sprites/buildings_hd/rhc4.png
3082	SOURCE_NATIVE/EW4_iOS_NativePort/Resources/Sprites/buildings_hd/rus1.png
3171	SOURCE_NATIVE/EW4_iOS_NativePort/Resources/Sprites/buildings_hd/rus2.png
3241	SOURCE_NATIVE/EW4_iOS_NativePort/Resources/Sprites/buildings_hd/rus3.png
3229	SOURCE_NATIVE/EW4_iOS_NativePort/Resources/Sprites/buildings_hd/rus4.png
3759	SOURCE_NATIVE/EW4_iOS_NativePort/Resources/Sprites/buildings_hd/sax1.png
3870	SOURCE_NATIVE/EW4_iOS_NativePort/Resources/Sprites/buildings_hd/sax2.png
3890	SOURCE_NATIVE/EW4_iOS_NativePort/Resources/Sprites/buildings_hd/sax3.png
3943	SOURCE_NATIVE/EW4_iOS_NativePort/Resources/Sprites/buildings_hd/sax4.png
2776	SOURCE_NATIVE/EW4_iOS_NativePort/Resources/Sprites/buildings_hd/ship_mark.png
3108	SOURCE_NATIVE/EW4_iOS_NativePort/Resources/Sprites/buildings_hd/spa1.png
3212	SOURCE_NATIVE/EW4_iOS_NativePort/Resources/Sprites/buildings_hd/spa2.png
3215	SOURCE_NATIVE/EW4_iOS_NativePort/Resources/Sprites/buildings_hd/spa3.png
3220	SOURCE_NATIVE/EW4_iOS_NativePort/Resources/Sprites/buildings_hd/spa4.png
3429	SOURCE_NATIVE/EW4_iOS_NativePort/Resources/Sprites/buildings_hd/srb1.png
3496	SOURCE_NATIVE/EW4_iOS_NativePort/Resources/Sprites/buildings_hd/srb2.png
3558	SOURCE_NATIVE/EW4_iOS_NativePort/Resources/Sprites/buildings_hd/srb3.png
3572	SOURCE_NATIVE/EW4_iOS_NativePort/Resources/Sprites/buildings_hd/srb4.png
15353	SOURCE_NATIVE/EW4_iOS_NativePort/Resources/Sprites/buildings_hd/stable_east_lv1.png
21586	SOURCE_NATIVE/EW4_iOS_NativePort/Resources/Sprites/buildings_hd/stable_east_lv2.png
35351	SOURCE_NATIVE/EW4_iOS_NativePort/Resources/Sprites/buildings_hd/stable_east_lv3.png
14775	SOURCE_NATIVE/EW4_iOS_NativePort/Resources/Sprites/buildings_hd/stable_west_lv1.png
21166	SOURCE_NATIVE/EW4_iOS_NativePort/Resources/Sprites/buildings_hd/stable_west_lv2.png
32216	SOURCE_NATIVE/EW4_iOS_NativePort/Resources/Sprites/buildings_hd/stable_west_lv3.png
3076	SOURCE_NATIVE/EW4_iOS_NativePort/Resources/Sprites/buildings_hd/swe1.png
3206	SOURCE_NATIVE/EW4_iOS_NativePort/Resources/Sprites/buildings_hd/swe2.png
3215	SOURCE_NATIVE/EW4_iOS_NativePort/Resources/Sprites/buildings_hd/swe3.png
3200	SOURCE_NATIVE/EW4_iOS_NativePort/Resources/Sprites/buildings_hd/swe4.png
39312	SOURCE_NATIVE/EW4_iOS_NativePort/Resources/Sprites/buildings_hd/transportship1.png
39583	SOURCE_NATIVE/EW4_iOS_NativePort/Resources/Sprites/buildings_hd/transportship2.png
2783	SOURCE_NATIVE/EW4_iOS_NativePort/Resources/Sprites/buildings_hd/tri1.png
2852	SOURCE_NATIVE/EW4_iOS_NativePort/Resources/Sprites/buildings_hd/tri2.png
2956	SOURCE_NATIVE/EW4_iOS_NativePort/Resources/Sprites/buildings_hd/tri3.png
2874	SOURCE_NATIVE/EW4_iOS_NativePort/Resources/Sprites/buildings_hd/tri4.png
3100	SOURCE_NATIVE/EW4_iOS_NativePort/Resources/Sprites/buildings_hd/tun1.png
3229	SOURCE_NATIVE/EW4_iOS_NativePort/Resources/Sprites/buildings_hd/tun2.png
3234	SOURCE_NATIVE/EW4_iOS_NativePort/Resources/Sprites/buildings_hd/tun3.png
3233	SOURCE_NATIVE/EW4_iOS_NativePort/Resources/Sprites/buildings_hd/tun4.png
3031	SOURCE_NATIVE/EW4_iOS_NativePort/Resources/Sprites/buildings_hd/tur1.png
3183	SOURCE_NATIVE/EW4_iOS_NativePort/Resources/Sprites/buildings_hd/tur2.png
3188	SOURCE_NATIVE/EW4_iOS_NativePort/Resources/Sprites/buildings_hd/tur3.png
3182	SOURCE_NATIVE/EW4_iOS_NativePort/Resources/Sprites/buildings_hd/tur4.png
3949	SOURCE_NATIVE/EW4_iOS_NativePort/Resources/Sprites/buildings_hd/usa1.png
4088	SOURCE_NATIVE/EW4_iOS_NativePort/Resources/Sprites/buildings_hd/usa2.png
4086	SOURCE_NATIVE/EW4_iOS_NativePort/Resources/Sprites/buildings_hd/usa3.png
4095	SOURCE_NATIVE/EW4_iOS_NativePort/Resources/Sprites/buildings_hd/usa4.png
3196	SOURCE_NATIVE/EW4_iOS_NativePort/Resources/Sprites/buildings_hd/wal1.png
3291	SOURCE_NATIVE/EW4_iOS_NativePort/Resources/Sprites/buildings_hd/wal2.png
3366	SOURCE_NATIVE/EW4_iOS_NativePort/Resources/Sprites/buildings_hd/wal3.png
3387	SOURCE_NATIVE/EW4_iOS_NativePort/Resources/Sprites/buildings_hd/wal4.png
2296	SOURCE_NATIVE/EW4_iOS_NativePort/Resources/Sprites/buildings_hd/wur1.png
2391	SOURCE_NATIVE/EW4_iOS_NativePort/Resources/Sprites/buildings_hd/wur2.png
2409	SOURCE_NATIVE/EW4_iOS_NativePort/Resources/Sprites/buildings_hd/wur3.png
2380	SOURCE_NATIVE/EW4_iOS_NativePort/Resources/Sprites/buildings_hd/wur4.png
1752	SOURCE_NATIVE/EW4_iOS_NativePort/Resources/Sprites/choose_hd/1.png
1960	SOURCE_NATIVE/EW4_iOS_NativePort/Resources/Sprites/choose_hd/2.png
1907	SOURCE_NATIVE/EW4_iOS_NativePort/Resources/Sprites/choose_hd/3.png
1752	SOURCE_NATIVE/EW4_iOS_NativePort/Resources/Sprites/choose_hd/4.png
5298	SOURCE_NATIVE/EW4_iOS_NativePort/Resources/Sprites/commandermark_hd/Abercromby.png
5028	SOURCE_NATIVE/EW4_iOS_NativePort/Resources/Sprites/commandermark_hd/Agha.png
5266	SOURCE_NATIVE/EW4_iOS_NativePort/Resources/Sprites/commandermark_hd/AlexanderI.png
5535	SOURCE_NATIVE/EW4_iOS_NativePort/Resources/Sprites/commandermark_hd/Alten.png
5319	SOURCE_NATIVE/EW4_iOS_NativePort/Resources/Sprites/commandermark_hd/AmadeoIII.png
5204	SOURCE_NATIVE/EW4_iOS_NativePort/Resources/Sprites/commandermark_hd/Andrade.png
5328	SOURCE_NATIVE/EW4_iOS_NativePort/Resources/Sprites/commandermark_hd/Archduke.C.png
5278	SOURCE_NATIVE/EW4_iOS_NativePort/Resources/Sprites/commandermark_hd/Archduke.J.png
5511	SOURCE_NATIVE/EW4_iOS_NativePort/Resources/Sprites/commandermark_hd/Arnold.png
5324	SOURCE_NATIVE/EW4_iOS_NativePort/Resources/Sprites/commandermark_hd/Arrighi.png
5333	SOURCE_NATIVE/EW4_iOS_NativePort/Resources/Sprites/commandermark_hd/Augereau.png
5593	SOURCE_NATIVE/EW4_iOS_NativePort/Resources/Sprites/commandermark_hd/AugustI.png
5397	SOURCE_NATIVE/EW4_iOS_NativePort/Resources/Sprites/commandermark_hd/Bachmann.png
5511	SOURCE_NATIVE/EW4_iOS_NativePort/Resources/Sprites/commandermark_hd/Baggovut.png
5264	SOURCE_NATIVE/EW4_iOS_NativePort/Resources/Sprites/commandermark_hd/Bagration.png
5420	SOURCE_NATIVE/EW4_iOS_NativePort/Resources/Sprites/commandermark_hd/Balabio.png
5164	SOURCE_NATIVE/EW4_iOS_NativePort/Resources/Sprites/commandermark_hd/Ballesteros.png
5307	SOURCE_NATIVE/EW4_iOS_NativePort/Resources/Sprites/commandermark_hd/Barclay.png
5461	SOURCE_NATIVE/EW4_iOS_NativePort/Resources/Sprites/commandermark_hd/Bennigsen.png
5653	SOURCE_NATIVE/EW4_iOS_NativePort/Resources/Sprites/commandermark_hd/Beresford.png
5417	SOURCE_NATIVE/EW4_iOS_NativePort/Resources/Sprites/commandermark_hd/Bernadotte.png
5863	SOURCE_NATIVE/EW4_iOS_NativePort/Resources/Sprites/commandermark_hd/Berthier.png
5580	SOURCE_NATIVE/EW4_iOS_NativePort/Resources/Sprites/commandermark_hd/Blasius.png
5614	SOURCE_NATIVE/EW4_iOS_NativePort/Resources/Sprites/commandermark_hd/Blucher.png
5378	SOURCE_NATIVE/EW4_iOS_NativePort/Resources/Sprites/commandermark_hd/Bouvet.png
5073	SOURCE_NATIVE/EW4_iOS_NativePort/Resources/Sprites/commandermark_hd/Brock.png
5273	SOURCE_NATIVE/EW4_iOS_NativePort/Resources/Sprites/commandermark_hd/Brueys.png
5021	SOURCE_NATIVE/EW4_iOS_NativePort/Resources/Sprites/commandermark_hd/Bruix.png
5468	SOURCE_NATIVE/EW4_iOS_NativePort/Resources/Sprites/commandermark_hd/Bubna.png
5546	SOURCE_NATIVE/EW4_iOS_NativePort/Resources/Sprites/commandermark_hd/Bulow.png
5066	SOURCE_NATIVE/EW4_iOS_NativePort/Resources/Sprites/commandermark_hd/Buxhoeveden.png
5279	SOURCE_NATIVE/EW4_iOS_NativePort/Resources/Sprites/commandermark_hd/Bylandt.png
5502	SOURCE_NATIVE/EW4_iOS_NativePort/Resources/Sprites/commandermark_hd/Calder.png
4976	SOURCE_NATIVE/EW4_iOS_NativePort/Resources/Sprites/commandermark_hd/Caradja.png
5617	SOURCE_NATIVE/EW4_iOS_NativePort/Resources/Sprites/commandermark_hd/Carteaux.png
5371	SOURCE_NATIVE/EW4_iOS_NativePort/Resources/Sprites/commandermark_hd/Charles.png
5643	SOURCE_NATIVE/EW4_iOS_NativePort/Resources/Sprites/commandermark_hd/Chasse.png
5202	SOURCE_NATIVE/EW4_iOS_NativePort/Resources/Sprites/commandermark_hd/Chichagov.png
5609	SOURCE_NATIVE/EW4_iOS_NativePort/Resources/Sprites/commandermark_hd/Cisneros.png
5643	SOURCE_NATIVE/EW4_iOS_NativePort/Resources/Sprites/commandermark_hd/Claude.png
5169	SOURCE_NATIVE/EW4_iOS_NativePort/Resources/Sprites/commandermark_hd/Clausewitz.png
5266	SOURCE_NATIVE/EW4_iOS_NativePort/Resources/Sprites/commandermark_hd/Clinton.png
5190	SOURCE_NATIVE/EW4_iOS_NativePort/Resources/Sprites/commandermark_hd/Collingwood.png
5435	SOURCE_NATIVE/EW4_iOS_NativePort/Resources/Sprites/commandermark_hd/Cornplanter.png
5473	SOURCE_NATIVE/EW4_iOS_NativePort/Resources/Sprites/commandermark_hd/Cornwallis.png
5386	SOURCE_NATIVE/EW4_iOS_NativePort/Resources/Sprites/commandermark_hd/Cosmao.png
5323	SOURCE_NATIVE/EW4_iOS_NativePort/Resources/Sprites/commandermark_hd/Cotton.png
5506	SOURCE_NATIVE/EW4_iOS_NativePort/Resources/Sprites/commandermark_hd/Cronstedt.png
5744	SOURCE_NATIVE/EW4_iOS_NativePort/Resources/Sprites/commandermark_hd/Davidovich.png
5321	SOURCE_NATIVE/EW4_iOS_NativePort/Resources/Sprites/commandermark_hd/Davout.png
5261	SOURCE_NATIVE/EW4_iOS_NativePort/Resources/Sprites/commandermark_hd/Dearborn.png
5253	SOURCE_NATIVE/EW4_iOS_NativePort/Resources/Sprites/commandermark_hd/Deroy.png
5108	SOURCE_NATIVE/EW4_iOS_NativePort/Resources/Sprites/commandermark_hd/Desaix.png
5306	SOURCE_NATIVE/EW4_iOS_NativePort/Resources/Sprites/commandermark_hd/Diez.png
4842	SOURCE_NATIVE/EW4_iOS_NativePort/Resources/Sprites/commandermark_hd/Dobeln.png
5061	SOURCE_NATIVE/EW4_iOS_NativePort/Resources/Sprites/commandermark_hd/Dobrnjac.png
5779	SOURCE_NATIVE/EW4_iOS_NativePort/Resources/Sprites/commandermark_hd/Dombrowski.png
5269	SOURCE_NATIVE/EW4_iOS_NativePort/Resources/Sprites/commandermark_hd/Dornberg.png
5432	SOURCE_NATIVE/EW4_iOS_NativePort/Resources/Sprites/commandermark_hd/Drouot.png
5558	SOURCE_NATIVE/EW4_iOS_NativePort/Resources/Sprites/commandermark_hd/Drummond.png
5494	SOURCE_NATIVE/EW4_iOS_NativePort/Resources/Sprites/commandermark_hd/Duckworth.png
5850	SOURCE_NATIVE/EW4_iOS_NativePort/Resources/Sprites/commandermark_hd/Dumouriez.png
5669	SOURCE_NATIVE/EW4_iOS_NativePort/Resources/Sprites/commandermark_hd/Elphinstone.png
5244	SOURCE_NATIVE/EW4_iOS_NativePort/Resources/Sprites/commandermark_hd/Emil.png
5038	SOURCE_NATIVE/EW4_iOS_NativePort/Resources/Sprites/commandermark_hd/Eugen.png
5553	SOURCE_NATIVE/EW4_iOS_NativePort/Resources/Sprites/commandermark_hd/Eugene.png
5235	SOURCE_NATIVE/EW4_iOS_NativePort/Resources/Sprites/commandermark_hd/Exelmans.png
5462	SOURCE_NATIVE/EW4_iOS_NativePort/Resources/Sprites/commandermark_hd/Falsen.png
5529	SOURCE_NATIVE/EW4_iOS_NativePort/Resources/Sprites/commandermark_hd/Fatimah.png
5490	SOURCE_NATIVE/EW4_iOS_NativePort/Resources/Sprites/commandermark_hd/Ferdinand.png
5454	SOURCE_NATIVE/EW4_iOS_NativePort/Resources/Sprites/commandermark_hd/FerdinandVII.png
5306	SOURCE_NATIVE/EW4_iOS_NativePort/Resources/Sprites/commandermark_hd/FerdinandoI.png
5402	SOURCE_NATIVE/EW4_iOS_NativePort/Resources/Sprites/commandermark_hd/Fischer.png
5032	SOURCE_NATIVE/EW4_iOS_NativePort/Resources/Sprites/commandermark_hd/Fontanelli.png
5310	SOURCE_NATIVE/EW4_iOS_NativePort/Resources/Sprites/commandermark_hd/Franquemont.png
5431	SOURCE_NATIVE/EW4_iOS_NativePort/Resources/Sprites/commandermark_hd/Frederick.png
5309	SOURCE_NATIVE/EW4_iOS_NativePort/Resources/Sprites/commandermark_hd/Galvez.png
5528	SOURCE_NATIVE/EW4_iOS_NativePort/Resources/Sprites/commandermark_hd/Gazan.png
5286	SOURCE_NATIVE/EW4_iOS_NativePort/Resources/Sprites/commandermark_hd/Georg.png
5386	SOURCE_NATIVE/EW4_iOS_NativePort/Resources/Sprites/commandermark_hd/Gerard.png
5570	SOURCE_NATIVE/EW4_iOS_NativePort/Resources/Sprites/commandermark_hd/Godebski.png
5387	SOURCE_NATIVE/EW4_iOS_NativePort/Resources/Sprites/commandermark_hd/Golitsyn.png
5657	SOURCE_NATIVE/EW4_iOS_NativePort/Resources/Sprites/commandermark_hd/Gouvion.png
5348	SOURCE_NATIVE/EW4_iOS_NativePort/Resources/Sprites/commandermark_hd/Graham.png
5531	SOURCE_NATIVE/EW4_iOS_NativePort/Resources/Sprites/commandermark_hd/Gravina.png
5477	SOURCE_NATIVE/EW4_iOS_NativePort/Resources/Sprites/commandermark_hd/Greene.png
5437	SOURCE_NATIVE/EW4_iOS_NativePort/Resources/Sprites/commandermark_hd/Grouchy.png
5234	SOURCE_NATIVE/EW4_iOS_NativePort/Resources/Sprites/commandermark_hd/HeinrichXV.png
5449	SOURCE_NATIVE/EW4_iOS_NativePort/Resources/Sprites/commandermark_hd/Hood.png
5601	SOURCE_NATIVE/EW4_iOS_NativePort/Resources/Sprites/commandermark_hd/Hopkins.png
5248	SOURCE_NATIVE/EW4_iOS_NativePort/Resources/Sprites/commandermark_hd/Hotze.png
5501	SOURCE_NATIVE/EW4_iOS_NativePort/Resources/Sprites/commandermark_hd/Howe.png
5392	SOURCE_NATIVE/EW4_iOS_NativePort/Resources/Sprites/commandermark_hd/Huarte.png
5418	SOURCE_NATIVE/EW4_iOS_NativePort/Resources/Sprites/commandermark_hd/Hull.png
5643	SOURCE_NATIVE/EW4_iOS_NativePort/Resources/Sprites/commandermark_hd/Isabela.png
5713	SOURCE_NATIVE/EW4_iOS_NativePort/Resources/Sprites/commandermark_hd/J.Bonaparte.png
5327	SOURCE_NATIVE/EW4_iOS_NativePort/Resources/Sprites/commandermark_hd/Jackson.png
5551	SOURCE_NATIVE/EW4_iOS_NativePort/Resources/Sprites/commandermark_hd/Janssens.png
5338	SOURCE_NATIVE/EW4_iOS_NativePort/Resources/Sprites/commandermark_hd/Jerome.png
5512	SOURCE_NATIVE/EW4_iOS_NativePort/Resources/Sprites/commandermark_hd/Jervis.png
5332	SOURCE_NATIVE/EW4_iOS_NativePort/Resources/Sprites/commandermark_hd/JohannI.png
5543	SOURCE_NATIVE/EW4_iOS_NativePort/Resources/Sprites/commandermark_hd/Joubert.png
5652	SOURCE_NATIVE/EW4_iOS_NativePort/Resources/Sprites/commandermark_hd/Jourdan.png
5417	SOURCE_NATIVE/EW4_iOS_NativePort/Resources/Sprites/commandermark_hd/Joyes.png
5506	SOURCE_NATIVE/EW4_iOS_NativePort/Resources/Sprites/commandermark_hd/Junot.png
5807	SOURCE_NATIVE/EW4_iOS_NativePort/Resources/Sprites/commandermark_hd/Kahia.png
5748	SOURCE_NATIVE/EW4_iOS_NativePort/Resources/Sprites/commandermark_hd/Karamanli.png
5922	SOURCE_NATIVE/EW4_iOS_NativePort/Resources/Sprites/commandermark_hd/Kate.png
5020	SOURCE_NATIVE/EW4_iOS_NativePort/Resources/Sprites/commandermark_hd/Kienmayer.png
5247	SOURCE_NATIVE/EW4_iOS_NativePort/Resources/Sprites/commandermark_hd/Kleist.png
5301	SOURCE_NATIVE/EW4_iOS_NativePort/Resources/Sprites/commandermark_hd/Klenau.png
5397	SOURCE_NATIVE/EW4_iOS_NativePort/Resources/Sprites/commandermark_hd/Kollowrat.png
5281	SOURCE_NATIVE/EW4_iOS_NativePort/Resources/Sprites/commandermark_hd/Konopka.png
5148	SOURCE_NATIVE/EW4_iOS_NativePort/Resources/Sprites/commandermark_hd/Kosciuszko.png
5643	SOURCE_NATIVE/EW4_iOS_NativePort/Resources/Sprites/commandermark_hd/Kozietulski.png
5244	SOURCE_NATIVE/EW4_iOS_NativePort/Resources/Sprites/commandermark_hd/Kruse.png
5553	SOURCE_NATIVE/EW4_iOS_NativePort/Resources/Sprites/commandermark_hd/Kutaisov.png
5429	SOURCE_NATIVE/EW4_iOS_NativePort/Resources/Sprites/commandermark_hd/Kutuzov.png
5513	SOURCE_NATIVE/EW4_iOS_NativePort/Resources/Sprites/commandermark_hd/L.Bonaparte.png
5396	SOURCE_NATIVE/EW4_iOS_NativePort/Resources/Sprites/commandermark_hd/L_Estocq.png
5827	SOURCE_NATIVE/EW4_iOS_NativePort/Resources/Sprites/commandermark_hd/Lan.png
5059	SOURCE_NATIVE/EW4_iOS_NativePort/Resources/Sprites/commandermark_hd/Lannes.png
5192	SOURCE_NATIVE/EW4_iOS_NativePort/Resources/Sprites/commandermark_hd/Lasalle.png
5151	SOURCE_NATIVE/EW4_iOS_NativePort/Resources/Sprites/commandermark_hd/Latour.png
5584	SOURCE_NATIVE/EW4_iOS_NativePort/Resources/Sprites/commandermark_hd/Lechi.png
5043	SOURCE_NATIVE/EW4_iOS_NativePort/Resources/Sprites/commandermark_hd/Lefebvre.png
5452	SOURCE_NATIVE/EW4_iOS_NativePort/Resources/Sprites/commandermark_hd/Leiberich.png
5483	SOURCE_NATIVE/EW4_iOS_NativePort/Resources/Sprites/commandermark_hd/Lusignan.png
5114	SOURCE_NATIVE/EW4_iOS_NativePort/Resources/Sprites/commandermark_hd/MacDonald.png
5902	SOURCE_NATIVE/EW4_iOS_NativePort/Resources/Sprites/commandermark_hd/Maria.png
5704	SOURCE_NATIVE/EW4_iOS_NativePort/Resources/Sprites/commandermark_hd/Marmont.png
5108	SOURCE_NATIVE/EW4_iOS_NativePort/Resources/Sprites/commandermark_hd/Massena.png
4841	SOURCE_NATIVE/EW4_iOS_NativePort/Resources/Sprites/commandermark_hd/Mehemet.A.png
5419	SOURCE_NATIVE/EW4_iOS_NativePort/Resources/Sprites/commandermark_hd/Melas.png
5255	SOURCE_NATIVE/EW4_iOS_NativePort/Resources/Sprites/commandermark_hd/Mercer.png
5461	SOURCE_NATIVE/EW4_iOS_NativePort/Resources/Sprites/commandermark_hd/Merveldt.png
5219	SOURCE_NATIVE/EW4_iOS_NativePort/Resources/Sprites/commandermark_hd/Milinovic.png
5424	SOURCE_NATIVE/EW4_iOS_NativePort/Resources/Sprites/commandermark_hd/Miloradovih.png
5142	SOURCE_NATIVE/EW4_iOS_NativePort/Resources/Sprites/commandermark_hd/Mirza.png
5265	SOURCE_NATIVE/EW4_iOS_NativePort/Resources/Sprites/commandermark_hd/Moreau.png
5374	SOURCE_NATIVE/EW4_iOS_NativePort/Resources/Sprites/commandermark_hd/Mortier.png
5206	SOURCE_NATIVE/EW4_iOS_NativePort/Resources/Sprites/commandermark_hd/Mourousis.png
5178	SOURCE_NATIVE/EW4_iOS_NativePort/Resources/Sprites/commandermark_hd/Murad.png
5606	SOURCE_NATIVE/EW4_iOS_NativePort/Resources/Sprites/commandermark_hd/Murat.png
5314	SOURCE_NATIVE/EW4_iOS_NativePort/Resources/Sprites/commandermark_hd/Nansouty.png
5755	SOURCE_NATIVE/EW4_iOS_NativePort/Resources/Sprites/commandermark_hd/Napoleon.png
5411	SOURCE_NATIVE/EW4_iOS_NativePort/Resources/Sprites/commandermark_hd/Nelson.png
5098	SOURCE_NATIVE/EW4_iOS_NativePort/Resources/Sprites/commandermark_hd/Nenadovic.png
5179	SOURCE_NATIVE/EW4_iOS_NativePort/Resources/Sprites/commandermark_hd/Ney.png
5605	SOURCE_NATIVE/EW4_iOS_NativePort/Resources/Sprites/commandermark_hd/Nunziante.png
5307	SOURCE_NATIVE/EW4_iOS_NativePort/Resources/Sprites/commandermark_hd/Oudinot.png
5232	SOURCE_NATIVE/EW4_iOS_NativePort/Resources/Sprites/commandermark_hd/Paget.png
5224	SOURCE_NATIVE/EW4_iOS_NativePort/Resources/Sprites/commandermark_hd/Palafox.png
5477	SOURCE_NATIVE/EW4_iOS_NativePort/Resources/Sprites/commandermark_hd/Pasha.png
5452	SOURCE_NATIVE/EW4_iOS_NativePort/Resources/Sprites/commandermark_hd/Perignon.png
5459	SOURCE_NATIVE/EW4_iOS_NativePort/Resources/Sprites/commandermark_hd/Picton.png
5332	SOURCE_NATIVE/EW4_iOS_NativePort/Resources/Sprites/commandermark_hd/PiusVII.png
4989	SOURCE_NATIVE/EW4_iOS_NativePort/Resources/Sprites/commandermark_hd/Platov.png
5501	SOURCE_NATIVE/EW4_iOS_NativePort/Resources/Sprites/commandermark_hd/Poniatowski.png
5360	SOURCE_NATIVE/EW4_iOS_NativePort/Resources/Sprites/commandermark_hd/Prevost.png
5206	SOURCE_NATIVE/EW4_iOS_NativePort/Resources/Sprites/commandermark_hd/Qajar.png
5446	SOURCE_NATIVE/EW4_iOS_NativePort/Resources/Sprites/commandermark_hd/Quosdanovih.png
5526	SOURCE_NATIVE/EW4_iOS_NativePort/Resources/Sprites/commandermark_hd/Radetzky.png
5292	SOURCE_NATIVE/EW4_iOS_NativePort/Resources/Sprites/commandermark_hd/Raevsky.png
5397	SOURCE_NATIVE/EW4_iOS_NativePort/Resources/Sprites/commandermark_hd/Reding.png
5261	SOURCE_NATIVE/EW4_iOS_NativePort/Resources/Sprites/commandermark_hd/Ricardos.png
5193	SOURCE_NATIVE/EW4_iOS_NativePort/Resources/Sprites/commandermark_hd/Rosenberg.png
5427	SOURCE_NATIVE/EW4_iOS_NativePort/Resources/Sprites/commandermark_hd/Rowland.png
5314	SOURCE_NATIVE/EW4_iOS_NativePort/Resources/Sprites/commandermark_hd/Sacken.png
5390	SOURCE_NATIVE/EW4_iOS_NativePort/Resources/Sprites/commandermark_hd/Sakurako.png
5670	SOURCE_NATIVE/EW4_iOS_NativePort/Resources/Sprites/commandermark_hd/Saltykov.png
5638	SOURCE_NATIVE/EW4_iOS_NativePort/Resources/Sprites/commandermark_hd/Savary.png
5190	SOURCE_NATIVE/EW4_iOS_NativePort/Resources/Sprites/commandermark_hd/Scharnhorst.png
5502	SOURCE_NATIVE/EW4_iOS_NativePort/Resources/Sprites/commandermark_hd/Schwerin.png
5500	SOURCE_NATIVE/EW4_iOS_NativePort/Resources/Sprites/commandermark_hd/Sebastiani.png
4954	SOURCE_NATIVE/EW4_iOS_NativePort/Resources/Sprites/commandermark_hd/SelimIII.png
5329	SOURCE_NATIVE/EW4_iOS_NativePort/Resources/Sprites/commandermark_hd/Senyavin.png
5275	SOURCE_NATIVE/EW4_iOS_NativePort/Resources/Sprites/commandermark_hd/Serurier.png
5707	SOURCE_NATIVE/EW4_iOS_NativePort/Resources/Sprites/commandermark_hd/Sidney.png
5352	SOURCE_NATIVE/EW4_iOS_NativePort/Resources/Sprites/commandermark_hd/Silveira.png
4842	SOURCE_NATIVE/EW4_iOS_NativePort/Resources/Sprites/commandermark_hd/Slimane.png
5412	SOURCE_NATIVE/EW4_iOS_NativePort/Resources/Sprites/commandermark_hd/Sokolnicki.png
5646	SOURCE_NATIVE/EW4_iOS_NativePort/Resources/Sprites/commandermark_hd/Sophia.png
5423	SOURCE_NATIVE/EW4_iOS_NativePort/Resources/Sprites/commandermark_hd/Soult.png
5265	SOURCE_NATIVE/EW4_iOS_NativePort/Resources/Sprites/commandermark_hd/Strachan.png
5212	SOURCE_NATIVE/EW4_iOS_NativePort/Resources/Sprites/commandermark_hd/Suchet.png
5263	SOURCE_NATIVE/EW4_iOS_NativePort/Resources/Sprites/commandermark_hd/Sulkowski.png
5504	SOURCE_NATIVE/EW4_iOS_NativePort/Resources/Sprites/commandermark_hd/Suvorov.png
5248	SOURCE_NATIVE/EW4_iOS_NativePort/Resources/Sprites/commandermark_hd/Tormasov.png
5201	SOURCE_NATIVE/EW4_iOS_NativePort/Resources/Sprites/commandermark_hd/Treville.png
5033	SOURCE_NATIVE/EW4_iOS_NativePort/Resources/Sprites/commandermark_hd/Ushakov.png
5235	SOURCE_NATIVE/EW4_iOS_NativePort/Resources/Sprites/commandermark_hd/Vandamme.png
5350	SOURCE_NATIVE/EW4_iOS_NativePort/Resources/Sprites/commandermark_hd/Vecsey.png
5406	SOURCE_NATIVE/EW4_iOS_NativePort/Resources/Sprites/commandermark_hd/Verhuell.png
5534	SOURCE_NATIVE/EW4_iOS_NativePort/Resources/Sprites/commandermark_hd/Victoria.png
5504	SOURCE_NATIVE/EW4_iOS_NativePort/Resources/Sprites/commandermark_hd/Villeneuve.png
5824	SOURCE_NATIVE/EW4_iOS_NativePort/Resources/Sprites/commandermark_hd/Washington.png
5360	SOURCE_NATIVE/EW4_iOS_NativePort/Resources/Sprites/commandermark_hd/Wellesley.png
5167	SOURCE_NATIVE/EW4_iOS_NativePort/Resources/Sprites/commandermark_hd/Weyrother.png
5072	SOURCE_NATIVE/EW4_iOS_NativePort/Resources/Sprites/commandermark_hd/WilhelmIII.png
5295	SOURCE_NATIVE/EW4_iOS_NativePort/Resources/Sprites/commandermark_hd/Wittgenstein.png
5672	SOURCE_NATIVE/EW4_iOS_NativePort/Resources/Sprites/commandermark_hd/Wrede.png
5533	SOURCE_NATIVE/EW4_iOS_NativePort/Resources/Sprites/commandermark_hd/Wurmb.png
5052	SOURCE_NATIVE/EW4_iOS_NativePort/Resources/Sprites/commandermark_hd/Wurmser.png
5657	SOURCE_NATIVE/EW4_iOS_NativePort/Resources/Sprites/commandermark_hd/Yermolov.png
5602	SOURCE_NATIVE/EW4_iOS_NativePort/Resources/Sprites/commandermark_hd/Yorck.png
5301	SOURCE_NATIVE/EW4_iOS_NativePort/Resources/Sprites/commandermark_hd/Zakrevsky.png
5637	SOURCE_NATIVE/EW4_iOS_NativePort/Resources/Sprites/commandermark_hd/Zebulon.png
2559	SOURCE_NATIVE/EW4_iOS_NativePort/Resources/Sprites/commandermark_hd/board_smallgenerals.png
3044	SOURCE_NATIVE/EW4_iOS_NativePort/Resources/Sprites/image_flag_hd/alg1.png
2509	SOURCE_NATIVE/EW4_iOS_NativePort/Resources/Sprites/image_flag_hd/aus1.png
3390	SOURCE_NATIVE/EW4_iOS_NativePort/Resources/Sprites/image_flag_hd/bad1.png
2986	SOURCE_NATIVE/EW4_iOS_NativePort/Resources/Sprites/image_flag_hd/bav1.png
3148	SOURCE_NATIVE/EW4_iOS_NativePort/Resources/Sprites/image_flag_hd/bru1.png
2849	SOURCE_NATIVE/EW4_iOS_NativePort/Resources/Sprites/image_flag_hd/che1.png
3138	SOURCE_NATIVE/EW4_iOS_NativePort/Resources/Sprites/image_flag_hd/den1.png
2896	SOURCE_NATIVE/EW4_iOS_NativePort/Resources/Sprites/image_flag_hd/egy1.png
2793	SOURCE_NATIVE/EW4_iOS_NativePort/Resources/Sprites/image_flag_hd/fra1.png
4296	SOURCE_NATIVE/EW4_iOS_NativePort/Resources/Sprites/image_flag_hd/gbr1.png
2775	SOURCE_NATIVE/EW4_iOS_NativePort/Resources/Sprites/image_flag_hd/hes1.png
3698	SOURCE_NATIVE/EW4_iOS_NativePort/Resources/Sprites/image_flag_hd/hre1.png
3233	SOURCE_NATIVE/EW4_iOS_NativePort/Resources/Sprites/image_flag_hd/ind1.png
3618	SOURCE_NATIVE/EW4_iOS_NativePort/Resources/Sprites/image_flag_hd/koi1.png
2524	SOURCE_NATIVE/EW4_iOS_NativePort/Resources/Sprites/image_flag_hd/mar1.png
2955	SOURCE_NATIVE/EW4_iOS_NativePort/Resources/Sprites/image_flag_hd/mek1.png
2934	SOURCE_NATIVE/EW4_iOS_NativePort/Resources/Sprites/image_flag_hd/mol1.png
3705	SOURCE_NATIVE/EW4_iOS_NativePort/Resources/Sprites/image_flag_hd/nap1.png
3063	SOURCE_NATIVE/EW4_iOS_NativePort/Resources/Sprites/image_flag_hd/nas1.png
3246	SOURCE_NATIVE/EW4_iOS_NativePort/Resources/Sprites/image_flag_hd/nds1.png
2882	SOURCE_NATIVE/EW4_iOS_NativePort/Resources/Sprites/image_flag_hd/ned1.png
3050	SOURCE_NATIVE/EW4_iOS_NativePort/Resources/Sprites/image_flag_hd/old1.png
3207	SOURCE_NATIVE/EW4_iOS_NativePort/Resources/Sprites/image_flag_hd/pap1.png
3403	SOURCE_NATIVE/EW4_iOS_NativePort/Resources/Sprites/image_flag_hd/per1.png
2962	SOURCE_NATIVE/EW4_iOS_NativePort/Resources/Sprites/image_flag_hd/pie1.png
3254	SOURCE_NATIVE/EW4_iOS_NativePort/Resources/Sprites/image_flag_hd/pol1.png
3142	SOURCE_NATIVE/EW4_iOS_NativePort/Resources/Sprites/image_flag_hd/por1.png
2793	SOURCE_NATIVE/EW4_iOS_NativePort/Resources/Sprites/image_flag_hd/pru1.png
2882	SOURCE_NATIVE/EW4_iOS_NativePort/Resources/Sprites/image_flag_hd/rhc1.png
3082	SOURCE_NATIVE/EW4_iOS_NativePort/Resources/Sprites/image_flag_hd/rus1.png
3759	SOURCE_NATIVE/EW4_iOS_NativePort/Resources/Sprites/image_flag_hd/sax1.png
3108	SOURCE_NATIVE/EW4_iOS_NativePort/Resources/Sprites/image_flag_hd/spa1.png
3429	SOURCE_NATIVE/EW4_iOS_NativePort/Resources/Sprites/image_flag_hd/srb1.png
3076	SOURCE_NATIVE/EW4_iOS_NativePort/Resources/Sprites/image_flag_hd/swe1.png
2783	SOURCE_NATIVE/EW4_iOS_NativePort/Resources/Sprites/image_flag_hd/tri1.png
3100	SOURCE_NATIVE/EW4_iOS_NativePort/Resources/Sprites/image_flag_hd/tun1.png
3031	SOURCE_NATIVE/EW4_iOS_NativePort/Resources/Sprites/image_flag_hd/tur1.png
3949	SOURCE_NATIVE/EW4_iOS_NativePort/Resources/Sprites/image_flag_hd/usa1.png
3196	SOURCE_NATIVE/EW4_iOS_NativePort/Resources/Sprites/image_flag_hd/wal1.png
2296	SOURCE_NATIVE/EW4_iOS_NativePort/Resources/Sprites/image_flag_hd/wur1.png
9393	SOURCE_NATIVE/EW4_iOS_NativePort/Resources/Sprites/image_menu_hd/button_choosebattlezone_coalition.png
10218	SOURCE_NATIVE/EW4_iOS_NativePort/Resources/Sprites/image_menu_hd/button_choosebattlezone_east.png
9280	SOURCE_NATIVE/EW4_iOS_NativePort/Resources/Sprites/image_menu_hd/button_choosebattlezone_france.png
12553	SOURCE_NATIVE/EW4_iOS_NativePort/Resources/Sprites/image_menu_hd/button_choosebattlezone_holyroman.png
7885	SOURCE_NATIVE/EW4_iOS_NativePort/Resources/Sprites/image_menu_hd/button_choosebattlezone_locked.png
10713	SOURCE_NATIVE/EW4_iOS_NativePort/Resources/Sprites/image_menu_hd/button_choosebattlezone_uk.png
10262	SOURCE_NATIVE/EW4_iOS_NativePort/Resources/Sprites/image_menu_hd/button_choosebattlezone_usa.png
6566	SOURCE_NATIVE/EW4_iOS_NativePort/Resources/Sprites/image_menu_hd/button_choosestage_coalition.png
7486	SOURCE_NATIVE/EW4_iOS_NativePort/Resources/Sprites/image_menu_hd/button_choosestage_conquest.png
6827	SOURCE_NATIVE/EW4_iOS_NativePort/Resources/Sprites/image_menu_hd/button_choosestage_east.png
5086	SOURCE_NATIVE/EW4_iOS_NativePort/Resources/Sprites/image_menu_hd/button_choosestage_france.png
10756	SOURCE_NATIVE/EW4_iOS_NativePort/Resources/Sprites/image_menu_hd/button_choosestage_holyroman.png
7737	SOURCE_NATIVE/EW4_iOS_NativePort/Resources/Sprites/image_menu_hd/button_choosestage_uk.png
7780	SOURCE_NATIVE/EW4_iOS_NativePort/Resources/Sprites/image_menu_hd/button_choosestage_usa.png
82	SOURCE_NATIVE/EW4_iOS_NativePort/Resources/Sprites/image_menu_hd/button_conquest_whiteline.png
156	SOURCE_NATIVE/EW4_iOS_NativePort/Resources/Sprites/image_menu_hd/choosestage_back.png
3556	SOURCE_NATIVE/EW4_iOS_NativePort/Resources/Sprites/image_menu_hd/conquest_text_1775.png
3802	SOURCE_NATIVE/EW4_iOS_NativePort/Resources/Sprites/image_menu_hd/conquest_text_1798.png
3895	SOURCE_NATIVE/EW4_iOS_NativePort/Resources/Sprites/image_menu_hd/conquest_text_1806.png
3943	SOURCE_NATIVE/EW4_iOS_NativePort/Resources/Sprites/image_menu_hd/conquest_text_1809.png
3786	SOURCE_NATIVE/EW4_iOS_NativePort/Resources/Sprites/image_menu_hd/conquest_text_1812.png
3687	SOURCE_NATIVE/EW4_iOS_NativePort/Resources/Sprites/image_menu_hd/conquest_text_1815.png
5201	SOURCE_NATIVE/EW4_iOS_NativePort/Resources/Sprites/image_menu_hd/conquest_text_america.png
4943	SOURCE_NATIVE/EW4_iOS_NativePort/Resources/Sprites/image_menu_hd/conquest_text_europe.png
396	SOURCE_NATIVE/EW4_iOS_NativePort/Resources/Sprites/image_recruit_hd/build_frame.png
110	SOURCE_NATIVE/EW4_iOS_NativePort/Resources/Sprites/image_recruit_hd/build_side.png
1487	SOURCE_NATIVE/EW4_iOS_NativePort/Resources/Sprites/image_recruit_hd/buildmaker.png
719	SOURCE_NATIVE/EW4_iOS_NativePort/Resources/Sprites/image_recruit_hd/buildmarker_coastalartillery.png
753	SOURCE_NATIVE/EW4_iOS_NativePort/Resources/Sprites/image_recruit_hd/buildmarker_largefortress.png
721	SOURCE_NATIVE/EW4_iOS_NativePort/Resources/Sprites/image_recruit_hd/buildmarker_mediumfortress.png
4826	SOURCE_NATIVE/EW4_iOS_NativePort/Resources/Sprites/image_recruit_hd/button_builddefense.png
4682	SOURCE_NATIVE/EW4_iOS_NativePort/Resources/Sprites/image_recruit_hd/button_buildfortress.png
4694	SOURCE_NATIVE/EW4_iOS_NativePort/Resources/Sprites/image_recruit_hd/button_buildupgrade.png
4615	SOURCE_NATIVE/EW4_iOS_NativePort/Resources/Sprites/image_recruit_hd/button_buyship.png
4480	SOURCE_NATIVE/EW4_iOS_NativePort/Resources/Sprites/image_recruit_hd/button_city.png
4011	SOURCE_NATIVE/EW4_iOS_NativePort/Resources/Sprites/image_recruit_hd/button_info.png
1630	SOURCE_NATIVE/EW4_iOS_NativePort/Resources/Sprites/image_recruit_hd/button_pause.png
2520	SOURCE_NATIVE/EW4_iOS_NativePort/Resources/Sprites/image_recruit_hd/button_return.png
2302	SOURCE_NATIVE/EW4_iOS_NativePort/Resources/Sprites/image_recruit_hd/button_round.png
4563	SOURCE_NATIVE/EW4_iOS_NativePort/Resources/Sprites/image_recruit_hd/button_shop.png
2161	SOURCE_NATIVE/EW4_iOS_NativePort/Resources/Sprites/image_recruit_hd/button_skip.png
33598	SOURCE_NATIVE/EW4_iOS_NativePort/Resources/Sprites/image_recruit_hd/recruit_armoredcar.png
36286	SOURCE_NATIVE/EW4_iOS_NativePort/Resources/Sprites/image_recruit_hd/recruit_battleship.png
32882	SOURCE_NATIVE/EW4_iOS_NativePort/Resources/Sprites/image_recruit_hd/recruit_cruiser.png
37573	SOURCE_NATIVE/EW4_iOS_NativePort/Resources/Sprites/image_recruit_hd/recruit_fortressartillery.png
33509	SOURCE_NATIVE/EW4_iOS_NativePort/Resources/Sprites/image_recruit_hd/recruit_frigate.png
42025	SOURCE_NATIVE/EW4_iOS_NativePort/Resources/Sprites/image_recruit_hd/recruit_grenadier.png
40259	SOURCE_NATIVE/EW4_iOS_NativePort/Resources/Sprites/image_recruit_hd/recruit_guard.png
38849	SOURCE_NATIVE/EW4_iOS_NativePort/Resources/Sprites/image_recruit_hd/recruit_heavyartillery.png
33590	SOURCE_NATIVE/EW4_iOS_NativePort/Resources/Sprites/image_recruit_hd/recruit_heavycavalry.png
35506	SOURCE_NATIVE/EW4_iOS_NativePort/Resources/Sprites/image_recruit_hd/recruit_ironclads.png
40493	SOURCE_NATIVE/EW4_iOS_NativePort/Resources/Sprites/image_recruit_hd/recruit_light.png
1033	SOURCE_NATIVE/EW4_iOS_NativePort/Resources/Sprites/image_recruit_hd/resource_small_food.png
633	SOURCE_NATIVE/EW4_iOS_NativePort/Resources/Sprites/image_recruit_hd/resource_small_industry.png
646	SOURCE_NATIVE/EW4_iOS_NativePort/Resources/Sprites/image_recruit_hd/resource_small_money.png
50693	SOURCE_NATIVE/EW4_iOS_NativePort/Resources/Sprites/image_recruit_hd2/build_bunker.png
35626	SOURCE_NATIVE/EW4_iOS_NativePort/Resources/Sprites/image_recruit_hd2/build_coastalartillery.png
45199	SOURCE_NATIVE/EW4_iOS_NativePort/Resources/Sprites/image_recruit_hd2/build_fences.png
38017	SOURCE_NATIVE/EW4_iOS_NativePort/Resources/Sprites/image_recruit_hd2/build_largefortress.png
35534	SOURCE_NATIVE/EW4_iOS_NativePort/Resources/Sprites/image_recruit_hd2/build_mediumfortress.png
719	SOURCE_NATIVE/EW4_iOS_NativePort/Resources/Sprites/image_recruit_hd2/buildmarker_smallfortress.png
5104	SOURCE_NATIVE/EW4_iOS_NativePort/Resources/Sprites/image_recruit_hd2/button_bar.png
4635	SOURCE_NATIVE/EW4_iOS_NativePort/Resources/Sprites/image_recruit_hd2/button_build.png
4528	SOURCE_NATIVE/EW4_iOS_NativePort/Resources/Sprites/image_recruit_hd2/button_trade.png
43041	SOURCE_NATIVE/EW4_iOS_NativePort/Resources/Sprites/image_recruit_hd2/recruit_lightartillery.png
34909	SOURCE_NATIVE/EW4_iOS_NativePort/Resources/Sprites/image_recruit_hd2/recruit_lightcavalry.png
42786	SOURCE_NATIVE/EW4_iOS_NativePort/Resources/Sprites/image_recruit_hd2/recruit_line.png
37880	SOURCE_NATIVE/EW4_iOS_NativePort/Resources/Sprites/image_recruit_hd2/recruit_machinegun.png
43426	SOURCE_NATIVE/EW4_iOS_NativePort/Resources/Sprites/image_recruit_hd2/recruit_militia.png
38318	SOURCE_NATIVE/EW4_iOS_NativePort/Resources/Sprites/image_recruit_hd2/recruit_musketcavalry.png
36680	SOURCE_NATIVE/EW4_iOS_NativePort/Resources/Sprites/image_recruit_hd2/recruit_rocket.png
810	SOURCE_NATIVE/EW4_iOS_NativePort/Resources/Sprites/image_recruit_hd2/recruitmarker_armoredcar.png
847	SOURCE_NATIVE/EW4_iOS_NativePort/Resources/Sprites/image_recruit_hd2/recruitmarker_battleship.png
805	SOURCE_NATIVE/EW4_iOS_NativePort/Resources/Sprites/image_recruit_hd2/recruitmarker_cruiser.png
749	SOURCE_NATIVE/EW4_iOS_NativePort/Resources/Sprites/image_recruit_hd2/recruitmarker_fortressartillery.png
758	SOURCE_NATIVE/EW4_iOS_NativePort/Resources/Sprites/image_recruit_hd2/recruitmarker_frigate.png
745	SOURCE_NATIVE/EW4_iOS_NativePort/Resources/Sprites/image_recruit_hd2/recruitmarker_grenadier.png
885	SOURCE_NATIVE/EW4_iOS_NativePort/Resources/Sprites/image_recruit_hd2/recruitmarker_guard.png
812	SOURCE_NATIVE/EW4_iOS_NativePort/Resources/Sprites/image_recruit_hd2/recruitmarker_heavyartillery.png
829	SOURCE_NATIVE/EW4_iOS_NativePort/Resources/Sprites/image_recruit_hd2/recruitmarker_heavycavalry.png
768	SOURCE_NATIVE/EW4_iOS_NativePort/Resources/Sprites/image_recruit_hd2/recruitmarker_ironclads.png
877	SOURCE_NATIVE/EW4_iOS_NativePort/Resources/Sprites/image_recruit_hd2/recruitmarker_light.png
821	SOURCE_NATIVE/EW4_iOS_NativePort/Resources/Sprites/image_recruit_hd2/recruitmarker_lightartillery.png
794	SOURCE_NATIVE/EW4_iOS_NativePort/Resources/Sprites/image_recruit_hd2/recruitmarker_lightcavalry.png
900	SOURCE_NATIVE/EW4_iOS_NativePort/Resources/Sprites/image_recruit_hd2/recruitmarker_line.png
45976	SOURCE_NATIVE/EW4_iOS_NativePort/Resources/Sprites/image_recruit_hd3/build_moat.png
38509	SOURCE_NATIVE/EW4_iOS_NativePort/Resources/Sprites/image_recruit_hd3/build_smallfortress.png
4668	SOURCE_NATIVE/EW4_iOS_NativePort/Resources/Sprites/image_recruit_hd3/button_dock.png
4642	SOURCE_NATIVE/EW4_iOS_NativePort/Resources/Sprites/image_recruit_hd3/button_factory.png
5033	SOURCE_NATIVE/EW4_iOS_NativePort/Resources/Sprites/image_recruit_hd3/button_generals.png
5071	SOURCE_NATIVE/EW4_iOS_NativePort/Resources/Sprites/image_recruit_hd3/button_items.png
4433	SOURCE_NATIVE/EW4_iOS_NativePort/Resources/Sprites/image_recruit_hd3/button_ok.png
4174	SOURCE_NATIVE/EW4_iOS_NativePort/Resources/Sprites/image_recruit_hd3/button_ok_gray.png
4363	SOURCE_NATIVE/EW4_iOS_NativePort/Resources/Sprites/image_recruit_hd3/button_stable.png
5623	SOURCE_NATIVE/EW4_iOS_NativePort/Resources/Sprites/image_recruit_hd3/button_training.png
847	SOURCE_NATIVE/EW4_iOS_NativePort/Resources/Sprites/image_recruit_hd3/recruitmarker_machinegun.png
763	SOURCE_NATIVE/EW4_iOS_NativePort/Resources/Sprites/image_recruit_hd3/recruitmarker_militia.png
908	SOURCE_NATIVE/EW4_iOS_NativePort/Resources/Sprites/image_recruit_hd3/recruitmarker_musketcavalry.png
1085	SOURCE_NATIVE/EW4_iOS_NativePort/Resources/Sprites/image_recruit_hd3/recruitmarker_rocket.png
152	SOURCE_NATIVE/EW4_iOS_NativePort/Resources/Sprites/image_ui_hd/Board_generalinfomarker.png
3044	SOURCE_NATIVE/EW4_iOS_NativePort/Resources/Sprites/image_ui_hd/alg1.png
264	SOURCE_NATIVE/EW4_iOS_NativePort/Resources/Sprites/image_ui_hd/arrow.png
1519	SOURCE_NATIVE/EW4_iOS_NativePort/Resources/Sprites/image_ui_hd/arrow_choosebattlezoneinfo.png
1060	SOURCE_NATIVE/EW4_iOS_NativePort/Resources/Sprites/image_ui_hd/arrow_reoganizion.png
2509	SOURCE_NATIVE/EW4_iOS_NativePort/Resources/Sprites/image_ui_hd/aus1.png
3390	SOURCE_NATIVE/EW4_iOS_NativePort/Resources/Sprites/image_ui_hd/bad1.png
3191	SOURCE_NATIVE/EW4_iOS_NativePort/Resources/Sprites/image_ui_hd/badges.png
889	SOURCE_NATIVE/EW4_iOS_NativePort/Resources/Sprites/image_ui_hd/bar_rank.png
886	SOURCE_NATIVE/EW4_iOS_NativePort/Resources/Sprites/image_ui_hd/bar_standing.png
2986	SOURCE_NATIVE/EW4_iOS_NativePort/Resources/Sprites/image_ui_hd/bav1.png
457	SOURCE_NATIVE/EW4_iOS_NativePort/Resources/Sprites/image_ui_hd/board_aiaction.png
2109	SOURCE_NATIVE/EW4_iOS_NativePort/Resources/Sprites/image_ui_hd/board_button.png
429	SOURCE_NATIVE/EW4_iOS_NativePort/Resources/Sprites/image_ui_hd/board_buttons.png
1178	SOURCE_NATIVE/EW4_iOS_NativePort/Resources/Sprites/image_ui_hd/board_dialog_ex.png
204	SOURCE_NATIVE/EW4_iOS_NativePort/Resources/Sprites/image_ui_hd/board_rankclass.png
393	SOURCE_NATIVE/EW4_iOS_NativePort/Resources/Sprites/image_ui_hd/board_resources.png
2559	SOURCE_NATIVE/EW4_iOS_NativePort/Resources/Sprites/image_ui_hd/board_smallgenerals.png
677	SOURCE_NATIVE/EW4_iOS_NativePort/Resources/Sprites/image_ui_hd/board_terrain_info.png
683	SOURCE_NATIVE/EW4_iOS_NativePort/Resources/Sprites/image_ui_hd/board_victory.png
2619	SOURCE_NATIVE/EW4_iOS_NativePort/Resources/Sprites/image_ui_hd/borad_rank.png
2649	SOURCE_NATIVE/EW4_iOS_NativePort/Resources/Sprites/image_ui_hd/borad_standing.png
668	SOURCE_NATIVE/EW4_iOS_NativePort/Resources/Sprites/image_ui_hd/box_skilldetail.png
1112	SOURCE_NATIVE/EW4_iOS_NativePort/Resources/Sprites/image_ui_hd/box_skilldetail_arrow.png
3148	SOURCE_NATIVE/EW4_iOS_NativePort/Resources/Sprites/image_ui_hd/bru1.png
1366	SOURCE_NATIVE/EW4_iOS_NativePort/Resources/Sprites/image_ui_hd/btn_common_blue.png
1401	SOURCE_NATIVE/EW4_iOS_NativePort/Resources/Sprites/image_ui_hd/btn_common_green.png
1284	SOURCE_NATIVE/EW4_iOS_NativePort/Resources/Sprites/image_ui_hd/btn_common_org.png
1361	SOURCE_NATIVE/EW4_iOS_NativePort/Resources/Sprites/image_ui_hd/btn_common_red.png
738	SOURCE_NATIVE/EW4_iOS_NativePort/Resources/Sprites/image_ui_hd/btn_pattern.png
491	SOURCE_NATIVE/EW4_iOS_NativePort/Resources/Sprites/image_ui_hd/buildmarker_bunker.png
617	SOURCE_NATIVE/EW4_iOS_NativePort/Resources/Sprites/image_ui_hd/buildmarker_fences.png
466	SOURCE_NATIVE/EW4_iOS_NativePort/Resources/Sprites/image_ui_hd/buildmarker_moat.png
3160	SOURCE_NATIVE/EW4_iOS_NativePort/Resources/Sprites/image_ui_hd/button_achievement.png
494	SOURCE_NATIVE/EW4_iOS_NativePort/Resources/Sprites/image_ui_hd/button_add_generals.png
239	SOURCE_NATIVE/EW4_iOS_NativePort/Resources/Sprites/image_ui_hd/button_addiapp.png
764	SOURCE_NATIVE/EW4_iOS_NativePort/Resources/Sprites/image_ui_hd/button_back.png
3082	SOURCE_NATIVE/EW4_iOS_NativePort/Resources/Sprites/image_ui_hd/button_champion.png
826	SOURCE_NATIVE/EW4_iOS_NativePort/Resources/Sprites/image_ui_hd/button_changegeneral.png
799	SOURCE_NATIVE/EW4_iOS_NativePort/Resources/Sprites/image_ui_hd/button_changegeneral_2.png
776	SOURCE_NATIVE/EW4_iOS_NativePort/Resources/Sprites/image_ui_hd/button_changegeneral_gray.png
749	SOURCE_NATIVE/EW4_iOS_NativePort/Resources/Sprites/image_ui_hd/button_changegeneral_gray_2.png
1577	SOURCE_NATIVE/EW4_iOS_NativePort/Resources/Sprites/image_ui_hd/button_choosebattlezoneinfo.png
1091	SOURCE_NATIVE/EW4_iOS_NativePort/Resources/Sprites/image_ui_hd/button_close.png
1595	SOURCE_NATIVE/EW4_iOS_NativePort/Resources/Sprites/image_ui_hd/button_confirm_blue.png
1593	SOURCE_NATIVE/EW4_iOS_NativePort/Resources/Sprites/image_ui_hd/button_confirm_green.png
1328	SOURCE_NATIVE/EW4_iOS_NativePort/Resources/Sprites/image_ui_hd/button_confrim.png
1207	SOURCE_NATIVE/EW4_iOS_NativePort/Resources/Sprites/image_ui_hd/button_confrim_gray.png
45932	SOURCE_NATIVE/EW4_iOS_NativePort/Resources/Sprites/image_ui_hd/button_conquest_asia.png
168852	SOURCE_NATIVE/EW4_iOS_NativePort/Resources/Sprites/image_ui_hd/button_conquest_asia@2x.png
3708	SOURCE_NATIVE/EW4_iOS_NativePort/Resources/Sprites/image_ui_hd/button_email.png
285	SOURCE_NATIVE/EW4_iOS_NativePort/Resources/Sprites/image_ui_hd/button_fortress_soldiers.png
58652	SOURCE_NATIVE/EW4_iOS_NativePort/Resources/Sprites/image_ui_hd/button_general_2.png
54019	SOURCE_NATIVE/EW4_iOS_NativePort/Resources/Sprites/image_ui_hd/button_general_4.png
56099	SOURCE_NATIVE/EW4_iOS_NativePort/Resources/Sprites/image_ui_hd/button_general_6.png
2139	SOURCE_NATIVE/EW4_iOS_NativePort/Resources/Sprites/image_ui_hd/button_generalinfo.png
1989	SOURCE_NATIVE/EW4_iOS_NativePort/Resources/Sprites/image_ui_hd/button_generalinfo_blue.png
2062	SOURCE_NATIVE/EW4_iOS_NativePort/Resources/Sprites/image_ui_hd/button_homepage.png
137902	SOURCE_NATIVE/EW4_iOS_NativePort/Resources/Sprites/image_ui_hd/button_iapp_badge.png
115574	SOURCE_NATIVE/EW4_iOS_NativePort/Resources/Sprites/image_ui_hd/button_iapp_medal_1.png
117380	SOURCE_NATIVE/EW4_iOS_NativePort/Resources/Sprites/image_ui_hd/button_iapp_medal_2.png
133025	SOURCE_NATIVE/EW4_iOS_NativePort/Resources/Sprites/image_ui_hd/button_iapp_medal_3.png
147218	SOURCE_NATIVE/EW4_iOS_NativePort/Resources/Sprites/image_ui_hd/button_iapp_medal_4.png
1563	SOURCE_NATIVE/EW4_iOS_NativePort/Resources/Sprites/image_ui_hd/button_iapp_shadow.png
980	SOURCE_NATIVE/EW4_iOS_NativePort/Resources/Sprites/image_ui_hd/button_load.png
2370	SOURCE_NATIVE/EW4_iOS_NativePort/Resources/Sprites/image_ui_hd/button_lock.png
153	SOURCE_NATIVE/EW4_iOS_NativePort/Resources/Sprites/image_ui_hd/button_lottery_buy_line.png
118	SOURCE_NATIVE/EW4_iOS_NativePort/Resources/Sprites/image_ui_hd/button_lottery_buy_line_short.png
158	SOURCE_NATIVE/EW4_iOS_NativePort/Resources/Sprites/image_ui_hd/button_lottery_generals.png
2062	SOURCE_NATIVE/EW4_iOS_NativePort/Resources/Sprites/image_ui_hd/button_lvlup.png
2007	SOURCE_NATIVE/EW4_iOS_NativePort/Resources/Sprites/image_ui_hd/button_mainmenu.png
715	SOURCE_NATIVE/EW4_iOS_NativePort/Resources/Sprites/image_ui_hd/button_ok_gray_noshadow.png
817	SOURCE_NATIVE/EW4_iOS_NativePort/Resources/Sprites/image_ui_hd/button_ok_noshadow.png
2685	SOURCE_NATIVE/EW4_iOS_NativePort/Resources/Sprites/image_ui_hd/button_rank.png
887	SOURCE_NATIVE/EW4_iOS_NativePort/Resources/Sprites/image_ui_hd/button_refresh.png
64951	SOURCE_NATIVE/EW4_iOS_NativePort/Resources/Sprites/image_ui_hd/button_rule_america.png
69770	SOURCE_NATIVE/EW4_iOS_NativePort/Resources/Sprites/image_ui_hd/button_rule_asia.png
72383	SOURCE_NATIVE/EW4_iOS_NativePort/Resources/Sprites/image_ui_hd/button_rule_europa.png
49045	SOURCE_NATIVE/EW4_iOS_NativePort/Resources/Sprites/image_ui_hd/button_rule_locked.png
1836	SOURCE_NATIVE/EW4_iOS_NativePort/Resources/Sprites/image_ui_hd/button_upgrade.png
861	SOURCE_NATIVE/EW4_iOS_NativePort/Resources/Sprites/image_ui_hd/button_upgrade_armored.png
583	SOURCE_NATIVE/EW4_iOS_NativePort/Resources/Sprites/image_ui_hd/button_upgrade_coastalartillery.png
449	SOURCE_NATIVE/EW4_iOS_NativePort/Resources/Sprites/image_ui_hd/button_upgrade_fortress1.png
545	SOURCE_NATIVE/EW4_iOS_NativePort/Resources/Sprites/image_ui_hd/button_upgrade_fortress2.png
808	SOURCE_NATIVE/EW4_iOS_NativePort/Resources/Sprites/image_ui_hd/button_upgrade_fortress3.png
751	SOURCE_NATIVE/EW4_iOS_NativePort/Resources/Sprites/image_ui_hd/button_upgrade_fortressartillery.png
689	SOURCE_NATIVE/EW4_iOS_NativePort/Resources/Sprites/image_ui_hd/button_upgrade_grenadier.png
1493	SOURCE_NATIVE/EW4_iOS_NativePort/Resources/Sprites/image_ui_hd/button_upgrade_guard.png
978	SOURCE_NATIVE/EW4_iOS_NativePort/Resources/Sprites/image_ui_hd/button_upgrade_heavyartillery.png
1310	SOURCE_NATIVE/EW4_iOS_NativePort/Resources/Sprites/image_ui_hd/button_upgrade_heavycavalry.png
1548	SOURCE_NATIVE/EW4_iOS_NativePort/Resources/Sprites/image_ui_hd/button_upgrade_lancer.png
1268	SOURCE_NATIVE/EW4_iOS_NativePort/Resources/Sprites/image_ui_hd/button_upgrade_light.png
975	SOURCE_NATIVE/EW4_iOS_NativePort/Resources/Sprites/image_ui_hd/button_upgrade_lightartillery.png
920	SOURCE_NATIVE/EW4_iOS_NativePort/Resources/Sprites/image_ui_hd/button_upgrade_lightcavalry.png
1390	SOURCE_NATIVE/EW4_iOS_NativePort/Resources/Sprites/image_ui_hd/button_upgrade_line.png
578	SOURCE_NATIVE/EW4_iOS_NativePort/Resources/Sprites/image_ui_hd/button_upgrade_locked.png
2654	SOURCE_NATIVE/EW4_iOS_NativePort/Resources/Sprites/image_ui_hd/button_upgrade_lv1.png
2786	SOURCE_NATIVE/EW4_iOS_NativePort/Resources/Sprites/image_ui_hd/button_upgrade_lv2.png
2706	SOURCE_NATIVE/EW4_iOS_NativePort/Resources/Sprites/image_ui_hd/button_upgrade_lv3.png
2705	SOURCE_NATIVE/EW4_iOS_NativePort/Resources/Sprites/image_ui_hd/button_upgrade_lv4.png
1006	SOURCE_NATIVE/EW4_iOS_NativePort/Resources/Sprites/image_ui_hd/button_upgrade_machinegun.png
801	SOURCE_NATIVE/EW4_iOS_NativePort/Resources/Sprites/image_ui_hd/button_upgrade_militia.png
1414	SOURCE_NATIVE/EW4_iOS_NativePort/Resources/Sprites/image_ui_hd/button_upgrade_rocket.png
1916	SOURCE_NATIVE/EW4_iOS_NativePort/Resources/Sprites/image_ui_hd/button_upgrade_selbox.png
755	SOURCE_NATIVE/EW4_iOS_NativePort/Resources/Sprites/image_ui_hd/button_upgrade_ship1.png
930	SOURCE_NATIVE/EW4_iOS_NativePort/Resources/Sprites/image_ui_hd/button_upgrade_ship2.png
1046	SOURCE_NATIVE/EW4_iOS_NativePort/Resources/Sprites/image_ui_hd/button_upgrade_ship3.png
899	SOURCE_NATIVE/EW4_iOS_NativePort/Resources/Sprites/image_ui_hd/button_upgrade_ship4.png
8815	SOURCE_NATIVE/EW4_iOS_NativePort/Resources/Sprites/image_ui_hd/campaign_coalition.png
9904	SOURCE_NATIVE/EW4_iOS_NativePort/Resources/Sprites/image_ui_hd/campaign_east.png
8645	SOURCE_NATIVE/EW4_iOS_NativePort/Resources/Sprites/image_ui_hd/campaign_france.png
13009	SOURCE_NATIVE/EW4_iOS_NativePort/Resources/Sprites/image_ui_hd/campaign_holyroman.png
10432	SOURCE_NATIVE/EW4_iOS_NativePort/Resources/Sprites/image_ui_hd/campaign_uk.png
9845	SOURCE_NATIVE/EW4_iOS_NativePort/Resources/Sprites/image_ui_hd/campaign_usa.png
2849	SOURCE_NATIVE/EW4_iOS_NativePort/Resources/Sprites/image_ui_hd/che1.png
833	SOURCE_NATIVE/EW4_iOS_NativePort/Resources/Sprites/image_ui_hd/class_1.png
1128	SOURCE_NATIVE/EW4_iOS_NativePort/Resources/Sprites/image_ui_hd/class_2.png
1560	SOURCE_NATIVE/EW4_iOS_NativePort/Resources/Sprites/image_ui_hd/class_3.png
1879	SOURCE_NATIVE/EW4_iOS_NativePort/Resources/Sprites/image_ui_hd/class_4.png
1650	SOURCE_NATIVE/EW4_iOS_NativePort/Resources/Sprites/image_ui_hd/class_5.png
1857	SOURCE_NATIVE/EW4_iOS_NativePort/Resources/Sprites/image_ui_hd/class_6.png
1934	SOURCE_NATIVE/EW4_iOS_NativePort/Resources/Sprites/image_ui_hd/class_7.png
2083	SOURCE_NATIVE/EW4_iOS_NativePort/Resources/Sprites/image_ui_hd/class_8.png
2214	SOURCE_NATIVE/EW4_iOS_NativePort/Resources/Sprites/image_ui_hd/class_9.png
101	SOURCE_NATIVE/EW4_iOS_NativePort/Resources/Sprites/image_ui_hd/common_blankbox.png
166	SOURCE_NATIVE/EW4_iOS_NativePort/Resources/Sprites/image_ui_hd/common_board_medalsnumber.png
100	SOURCE_NATIVE/EW4_iOS_NativePort/Resources/Sprites/image_ui_hd/common_boldline.png
76	SOURCE_NATIVE/EW4_iOS_NativePort/Resources/Sprites/image_ui_hd/common_line_hor.png
80	SOURCE_NATIVE/EW4_iOS_NativePort/Resources/Sprites/image_ui_hd/common_line_ver.png
189	SOURCE_NATIVE/EW4_iOS_NativePort/Resources/Sprites/image_ui_hd/common_lineframe.png
189	SOURCE_NATIVE/EW4_iOS_NativePort/Resources/Sprites/image_ui_hd/common_lineframe_bold.png
504	SOURCE_NATIVE/EW4_iOS_NativePort/Resources/Sprites/image_ui_hd/common_pattern.png
1098	SOURCE_NATIVE/EW4_iOS_NativePort/Resources/Sprites/image_ui_hd/common_shadow.png
1245	SOURCE_NATIVE/EW4_iOS_NativePort/Resources/Sprites/image_ui_hd/defense_bunker.png
1639	SOURCE_NATIVE/EW4_iOS_NativePort/Resources/Sprites/image_ui_hd/defense_fences.png
1233	SOURCE_NATIVE/EW4_iOS_NativePort/Resources/Sprites/image_ui_hd/defense_moat.png
3138	SOURCE_NATIVE/EW4_iOS_NativePort/Resources/Sprites/image_ui_hd/den1.png
465	SOURCE_NATIVE/EW4_iOS_NativePort/Resources/Sprites/image_ui_hd/diffcult_1.png
787	SOURCE_NATIVE/EW4_iOS_NativePort/Resources/Sprites/image_ui_hd/diffcult_2.png
1028	SOURCE_NATIVE/EW4_iOS_NativePort/Resources/Sprites/image_ui_hd/diffcult_3.png
1416	SOURCE_NATIVE/EW4_iOS_NativePort/Resources/Sprites/image_ui_hd/diffcult_4.png
1617	SOURCE_NATIVE/EW4_iOS_NativePort/Resources/Sprites/image_ui_hd/diffcult_5.png
2896	SOURCE_NATIVE/EW4_iOS_NativePort/Resources/Sprites/image_ui_hd/egy1.png
1529	SOURCE_NATIVE/EW4_iOS_NativePort/Resources/Sprites/image_ui_hd/fivestar.png
2358	SOURCE_NATIVE/EW4_iOS_NativePort/Resources/Sprites/image_ui_hd/food_add.png
2288	SOURCE_NATIVE/EW4_iOS_NativePort/Resources/Sprites/image_ui_hd/food_reduce.png
1317	SOURCE_NATIVE/EW4_iOS_NativePort/Resources/Sprites/image_ui_hd/form_back.png
892	SOURCE_NATIVE/EW4_iOS_NativePort/Resources/Sprites/image_ui_hd/form_title.png
178	SOURCE_NATIVE/EW4_iOS_NativePort/Resources/Sprites/image_ui_hd/form_title_shadow.png
147	SOURCE_NATIVE/EW4_iOS_NativePort/Resources/Sprites/image_ui_hd/fortress_borad.png
2793	SOURCE_NATIVE/EW4_iOS_NativePort/Resources/Sprites/image_ui_hd/fra1.png
177	SOURCE_NATIVE/EW4_iOS_NativePort/Resources/Sprites/image_ui_hd/framebox_bold.png
192	SOURCE_NATIVE/EW4_iOS_NativePort/Resources/Sprites/image_ui_hd/framebox_thin.png
4296	SOURCE_NATIVE/EW4_iOS_NativePort/Resources/Sprites/image_ui_hd/gbr1.png
159	SOURCE_NATIVE/EW4_iOS_NativePort/Resources/Sprites/image_ui_hd/general_nameboard.png
1249	SOURCE_NATIVE/EW4_iOS_NativePort/Resources/Sprites/image_ui_hd/generalnumber.png
1600	SOURCE_NATIVE/EW4_iOS_NativePort/Resources/Sprites/image_ui_hd/generalsinfo_move.png
1603	SOURCE_NATIVE/EW4_iOS_NativePort/Resources/Sprites/image_ui_hd/generalsinfo_trade.png
2021	SOURCE_NATIVE/EW4_iOS_NativePort/Resources/Sprites/image_ui_hd/generalsinfo_training.png
227	SOURCE_NATIVE/EW4_iOS_NativePort/Resources/Sprites/image_ui_hd/gray_board.png
235	SOURCE_NATIVE/EW4_iOS_NativePort/Resources/Sprites/image_ui_hd/gray_board_dialoguearrow.png
140	SOURCE_NATIVE/EW4_iOS_NativePort/Resources/Sprites/image_ui_hd/grid_box.png
747	SOURCE_NATIVE/EW4_iOS_NativePort/Resources/Sprites/image_ui_hd/grid_box_tick.png
2775	SOURCE_NATIVE/EW4_iOS_NativePort/Resources/Sprites/image_ui_hd/hes1.png
2201	SOURCE_NATIVE/EW4_iOS_NativePort/Resources/Sprites/image_ui_hd/hpbar_black.png
2297	SOURCE_NATIVE/EW4_iOS_NativePort/Resources/Sprites/image_ui_hd/hpbar_blue.png
2245	SOURCE_NATIVE/EW4_iOS_NativePort/Resources/Sprites/image_ui_hd/hpbar_green.png
672	SOURCE_NATIVE/EW4_iOS_NativePort/Resources/Sprites/image_ui_hd/hpbar_hp.png
2205	SOURCE_NATIVE/EW4_iOS_NativePort/Resources/Sprites/image_ui_hd/hpbar_red.png
3698	SOURCE_NATIVE/EW4_iOS_NativePort/Resources/Sprites/image_ui_hd/hre1.png
1138	SOURCE_NATIVE/EW4_iOS_NativePort/Resources/Sprites/image_ui_hd/image_shop.png
3233	SOURCE_NATIVE/EW4_iOS_NativePort/Resources/Sprites/image_ui_hd/ind1.png
739	SOURCE_NATIVE/EW4_iOS_NativePort/Resources/Sprites/image_ui_hd/infomarker_attack.png
125	SOURCE_NATIVE/EW4_iOS_NativePort/Resources/Sprites/image_ui_hd/infomarker_board.png
805	SOURCE_NATIVE/EW4_iOS_NativePort/Resources/Sprites/image_ui_hd/infomarker_food.png
697	SOURCE_NATIVE/EW4_iOS_NativePort/Resources/Sprites/image_ui_hd/infomarker_hp.png
860	SOURCE_NATIVE/EW4_iOS_NativePort/Resources/Sprites/image_ui_hd/infomarker_move.png
1239	SOURCE_NATIVE/EW4_iOS_NativePort/Resources/Sprites/image_ui_hd/infomarker_range.png
549	SOURCE_NATIVE/EW4_iOS_NativePort/Resources/Sprites/image_ui_hd/infomarker_soldiernumber.png
539	SOURCE_NATIVE/EW4_iOS_NativePort/Resources/Sprites/image_ui_hd/infomarker_soldiernumber_empty.png
416	SOURCE_NATIVE/EW4_iOS_NativePort/Resources/Sprites/image_ui_hd/item_selected_bold.png
415	SOURCE_NATIVE/EW4_iOS_NativePort/Resources/Sprites/image_ui_hd/item_selected_ex.png
3618	SOURCE_NATIVE/EW4_iOS_NativePort/Resources/Sprites/image_ui_hd/koi1.png
2524	SOURCE_NATIVE/EW4_iOS_NativePort/Resources/Sprites/image_ui_hd/mar1.png
450	SOURCE_NATIVE/EW4_iOS_NativePort/Resources/Sprites/image_ui_hd/mark_unit_armoredcar.png
541	SOURCE_NATIVE/EW4_iOS_NativePort/Resources/Sprites/image_ui_hd/mark_unit_battleship.png
270	SOURCE_NATIVE/EW4_iOS_NativePort/Resources/Sprites/image_ui_hd/mark_unit_coastalartillery.png
512	SOURCE_NATIVE/EW4_iOS_NativePort/Resources/Sprites/image_ui_hd/mark_unit_cruiser.png
274	SOURCE_NATIVE/EW4_iOS_NativePort/Resources/Sprites/image_ui_hd/mark_unit_fortress1.png
318	SOURCE_NATIVE/EW4_iOS_NativePort/Resources/Sprites/image_ui_hd/mark_unit_fortress2.png
368	SOURCE_NATIVE/EW4_iOS_NativePort/Resources/Sprites/image_ui_hd/mark_unit_fortress3.png
343	SOURCE_NATIVE/EW4_iOS_NativePort/Resources/Sprites/image_ui_hd/mark_unit_fortressartillery.png
384	SOURCE_NATIVE/EW4_iOS_NativePort/Resources/Sprites/image_ui_hd/mark_unit_frigate.png
354	SOURCE_NATIVE/EW4_iOS_NativePort/Resources/Sprites/image_ui_hd/mark_unit_grenadier.png
585	SOURCE_NATIVE/EW4_iOS_NativePort/Resources/Sprites/image_ui_hd/mark_unit_guard.png
451	SOURCE_NATIVE/EW4_iOS_NativePort/Resources/Sprites/image_ui_hd/mark_unit_heavyartillery.png
601	SOURCE_NATIVE/EW4_iOS_NativePort/Resources/Sprites/image_ui_hd/mark_unit_heavycavalry.png
408	SOURCE_NATIVE/EW4_iOS_NativePort/Resources/Sprites/image_ui_hd/mark_unit_ironclads.png
541	SOURCE_NATIVE/EW4_iOS_NativePort/Resources/Sprites/image_ui_hd/mark_unit_light.png
453	SOURCE_NATIVE/EW4_iOS_NativePort/Resources/Sprites/image_ui_hd/mark_unit_lightartillery.png
456	SOURCE_NATIVE/EW4_iOS_NativePort/Resources/Sprites/image_ui_hd/mark_unit_lightcavalry.png
620	SOURCE_NATIVE/EW4_iOS_NativePort/Resources/Sprites/image_ui_hd/mark_unit_line.png
467	SOURCE_NATIVE/EW4_iOS_NativePort/Resources/Sprites/image_ui_hd/mark_unit_machinegun.png
378	SOURCE_NATIVE/EW4_iOS_NativePort/Resources/Sprites/image_ui_hd/mark_unit_militia.png
597	SOURCE_NATIVE/EW4_iOS_NativePort/Resources/Sprites/image_ui_hd/mark_unit_musketcavalry.png
651	SOURCE_NATIVE/EW4_iOS_NativePort/Resources/Sprites/image_ui_hd/mark_unit_rocket.png
1809	SOURCE_NATIVE/EW4_iOS_NativePort/Resources/Sprites/image_ui_hd/marker_class.png
1204	SOURCE_NATIVE/EW4_iOS_NativePort/Resources/Sprites/image_ui_hd/marker_dfs_all.png
1579	SOURCE_NATIVE/EW4_iOS_NativePort/Resources/Sprites/image_ui_hd/marker_dfs_artillery.png
1474	SOURCE_NATIVE/EW4_iOS_NativePort/Resources/Sprites/image_ui_hd/marker_dfs_cavalry.png
1449	SOURCE_NATIVE/EW4_iOS_NativePort/Resources/Sprites/image_ui_hd/marker_dfs_infantry.png
2200	SOURCE_NATIVE/EW4_iOS_NativePort/Resources/Sprites/image_ui_hd/marker_food.png
2380	SOURCE_NATIVE/EW4_iOS_NativePort/Resources/Sprites/image_ui_hd/marker_generalinfo.png
521	SOURCE_NATIVE/EW4_iOS_NativePort/Resources/Sprites/image_ui_hd/marker_hp_dark.png
689	SOURCE_NATIVE/EW4_iOS_NativePort/Resources/Sprites/image_ui_hd/marker_hp_dark_large.png
419	SOURCE_NATIVE/EW4_iOS_NativePort/Resources/Sprites/image_ui_hd/marker_incoming.png
1240	SOURCE_NATIVE/EW4_iOS_NativePort/Resources/Sprites/image_ui_hd/marker_industry.png
875	SOURCE_NATIVE/EW4_iOS_NativePort/Resources/Sprites/image_ui_hd/marker_max_1.png
4381	SOURCE_NATIVE/EW4_iOS_NativePort/Resources/Sprites/image_ui_hd/marker_max_2.png
1199	SOURCE_NATIVE/EW4_iOS_NativePort/Resources/Sprites/image_ui_hd/marker_money.png
1767	SOURCE_NATIVE/EW4_iOS_NativePort/Resources/Sprites/image_ui_hd/marker_rank.png
646	SOURCE_NATIVE/EW4_iOS_NativePort/Resources/Sprites/image_ui_hd/marker_recover_dark.png
1867	SOURCE_NATIVE/EW4_iOS_NativePort/Resources/Sprites/image_ui_hd/medals.png
2955	SOURCE_NATIVE/EW4_iOS_NativePort/Resources/Sprites/image_ui_hd/mek1.png
2934	SOURCE_NATIVE/EW4_iOS_NativePort/Resources/Sprites/image_ui_hd/mol1.png
3705	SOURCE_NATIVE/EW4_iOS_NativePort/Resources/Sprites/image_ui_hd/nap1.png
3063	SOURCE_NATIVE/EW4_iOS_NativePort/Resources/Sprites/image_ui_hd/nas1.png
3246	SOURCE_NATIVE/EW4_iOS_NativePort/Resources/Sprites/image_ui_hd/nds1.png
2882	SOURCE_NATIVE/EW4_iOS_NativePort/Resources/Sprites/image_ui_hd/ned1.png
686	SOURCE_NATIVE/EW4_iOS_NativePort/Resources/Sprites/image_ui_hd/new_confirm.png
3050	SOURCE_NATIVE/EW4_iOS_NativePort/Resources/Sprites/image_ui_hd/old1.png
3207	SOURCE_NATIVE/EW4_iOS_NativePort/Resources/Sprites/image_ui_hd/pap1.png
628	SOURCE_NATIVE/EW4_iOS_NativePort/Resources/Sprites/image_ui_hd/pattern_1.png
654	SOURCE_NATIVE/EW4_iOS_NativePort/Resources/Sprites/image_ui_hd/pattern_2.png
467	SOURCE_NATIVE/EW4_iOS_NativePort/Resources/Sprites/image_ui_hd/pattern_3.png
1668	SOURCE_NATIVE/EW4_iOS_NativePort/Resources/Sprites/image_ui_hd/pattern_bg_bottom.png
4349	SOURCE_NATIVE/EW4_iOS_NativePort/Resources/Sprites/image_ui_hd/pattern_getgeneral_2_1.png
2570	SOURCE_NATIVE/EW4_iOS_NativePort/Resources/Sprites/image_ui_hd/pattern_gotgeneral.png
1460	SOURCE_NATIVE/EW4_iOS_NativePort/Resources/Sprites/image_ui_hd/pattern_inapp.png
3059	SOURCE_NATIVE/EW4_iOS_NativePort/Resources/Sprites/image_ui_hd/pattern_lottery.png
1424	SOURCE_NATIVE/EW4_iOS_NativePort/Resources/Sprites/image_ui_hd/pattern_reoganizion.png
404	SOURCE_NATIVE/EW4_iOS_NativePort/Resources/Sprites/image_ui_hd/pattern_save.png
2161	SOURCE_NATIVE/EW4_iOS_NativePort/Resources/Sprites/image_ui_hd/pattern_stage_intro.png
3403	SOURCE_NATIVE/EW4_iOS_NativePort/Resources/Sprites/image_ui_hd/per1.png
2962	SOURCE_NATIVE/EW4_iOS_NativePort/Resources/Sprites/image_ui_hd/pie1.png
3254	SOURCE_NATIVE/EW4_iOS_NativePort/Resources/Sprites/image_ui_hd/pol1.png
3142	SOURCE_NATIVE/EW4_iOS_NativePort/Resources/Sprites/image_ui_hd/por1.png
908	SOURCE_NATIVE/EW4_iOS_NativePort/Resources/Sprites/image_ui_hd/princess_aus.png
951	SOURCE_NATIVE/EW4_iOS_NativePort/Resources/Sprites/image_ui_hd/princess_fra.png
3245	SOURCE_NATIVE/EW4_iOS_NativePort/Resources/Sprites/image_ui_hd/princess_gbr.png
3129	SOURCE_NATIVE/EW4_iOS_NativePort/Resources/Sprites/image_ui_hd/princess_jap.png
2917	SOURCE_NATIVE/EW4_iOS_NativePort/Resources/Sprites/image_ui_hd/princess_qin.png
1013	SOURCE_NATIVE/EW4_iOS_NativePort/Resources/Sprites/image_ui_hd/princess_rus.png
2147	SOURCE_NATIVE/EW4_iOS_NativePort/Resources/Sprites/image_ui_hd/princess_tur.png
2505	SOURCE_NATIVE/EW4_iOS_NativePort/Resources/Sprites/image_ui_hd/princess_usa.png
2793	SOURCE_NATIVE/EW4_iOS_NativePort/Resources/Sprites/image_ui_hd/pru1.png
1064	SOURCE_NATIVE/EW4_iOS_NativePort/Resources/Sprites/image_ui_hd/rank_1.png
1970	SOURCE_NATIVE/EW4_iOS_NativePort/Resources/Sprites/image_ui_hd/rank_10.png
1978	SOURCE_NATIVE/EW4_iOS_NativePort/Resources/Sprites/image_ui_hd/rank_11.png
2122	SOURCE_NATIVE/EW4_iOS_NativePort/Resources/Sprites/image_ui_hd/rank_12.png
1743	SOURCE_NATIVE/EW4_iOS_NativePort/Resources/Sprites/image_ui_hd/rank_13.png
2702	SOURCE_NATIVE/EW4_iOS_NativePort/Resources/Sprites/image_ui_hd/rank_14.png
1517	SOURCE_NATIVE/EW4_iOS_NativePort/Resources/Sprites/image_ui_hd/rank_2.png
1456	SOURCE_NATIVE/EW4_iOS_NativePort/Resources/Sprites/image_ui_hd/rank_3.png
1264	SOURCE_NATIVE/EW4_iOS_NativePort/Resources/Sprites/image_ui_hd/rank_4.png
1889	SOURCE_NATIVE/EW4_iOS_NativePort/Resources/Sprites/image_ui_hd/rank_5.png
1828	SOURCE_NATIVE/EW4_iOS_NativePort/Resources/Sprites/image_ui_hd/rank_6.png
1307	SOURCE_NATIVE/EW4_iOS_NativePort/Resources/Sprites/image_ui_hd/rank_7.png
1898	SOURCE_NATIVE/EW4_iOS_NativePort/Resources/Sprites/image_ui_hd/rank_8.png
2029	SOURCE_NATIVE/EW4_iOS_NativePort/Resources/Sprites/image_ui_hd/rank_9.png
2882	SOURCE_NATIVE/EW4_iOS_NativePort/Resources/Sprites/image_ui_hd/rhc1.png
3552	SOURCE_NATIVE/EW4_iOS_NativePort/Resources/Sprites/image_ui_hd/rule_0.png
1642	SOURCE_NATIVE/EW4_iOS_NativePort/Resources/Sprites/image_ui_hd/rule_1.png
3257	SOURCE_NATIVE/EW4_iOS_NativePort/Resources/Sprites/image_ui_hd/rule_2.png
3929	SOURCE_NATIVE/EW4_iOS_NativePort/Resources/Sprites/image_ui_hd/rule_3.png
2231	SOURCE_NATIVE/EW4_iOS_NativePort/Resources/Sprites/image_ui_hd/rule_4.png
3262	SOURCE_NATIVE/EW4_iOS_NativePort/Resources/Sprites/image_ui_hd/rule_5.png
3791	SOURCE_NATIVE/EW4_iOS_NativePort/Resources/Sprites/image_ui_hd/rule_6.png
2543	SOURCE_NATIVE/EW4_iOS_NativePort/Resources/Sprites/image_ui_hd/rule_7.png
4260	SOURCE_NATIVE/EW4_iOS_NativePort/Resources/Sprites/image_ui_hd/rule_8.png
3878	SOURCE_NATIVE/EW4_iOS_NativePort/Resources/Sprites/image_ui_hd/rule_9.png
3082	SOURCE_NATIVE/EW4_iOS_NativePort/Resources/Sprites/image_ui_hd/rus1.png
5396	SOURCE_NATIVE/EW4_iOS_NativePort/Resources/Sprites/image_ui_hd/sample_smallgenerals.png
303	SOURCE_NATIVE/EW4_iOS_NativePort/Resources/Sprites/image_ui_hd/save_grayboard.png
3759	SOURCE_NATIVE/EW4_iOS_NativePort/Resources/Sprites/image_ui_hd/sax1.png
94	SOURCE_NATIVE/EW4_iOS_NativePort/Resources/Sprites/image_ui_hd/scrollbar_darkgray.png
101	SOURCE_NATIVE/EW4_iOS_NativePort/Resources/Sprites/image_ui_hd/scrollbar_gray.png
484	SOURCE_NATIVE/EW4_iOS_NativePort/Resources/Sprites/image_ui_hd/skill_01.png
1338	SOURCE_NATIVE/EW4_iOS_NativePort/Resources/Sprites/image_ui_hd/skill_02.png
1038	SOURCE_NATIVE/EW4_iOS_NativePort/Resources/Sprites/image_ui_hd/skill_03.png
710	SOURCE_NATIVE/EW4_iOS_NativePort/Resources/Sprites/image_ui_hd/skill_04.png
532	SOURCE_NATIVE/EW4_iOS_NativePort/Resources/Sprites/image_ui_hd/skill_05.png
1026	SOURCE_NATIVE/EW4_iOS_NativePort/Resources/Sprites/image_ui_hd/skill_06.png
679	SOURCE_NATIVE/EW4_iOS_NativePort/Resources/Sprites/image_ui_hd/skill_07.png
692	SOURCE_NATIVE/EW4_iOS_NativePort/Resources/Sprites/image_ui_hd/skill_08.png
606	SOURCE_NATIVE/EW4_iOS_NativePort/Resources/Sprites/image_ui_hd/skill_09.png
833	SOURCE_NATIVE/EW4_iOS_NativePort/Resources/Sprites/image_ui_hd/skill_10.png
1037	SOURCE_NATIVE/EW4_iOS_NativePort/Resources/Sprites/image_ui_hd/skill_11.png
853	SOURCE_NATIVE/EW4_iOS_NativePort/Resources/Sprites/image_ui_hd/skill_12.png
1061	SOURCE_NATIVE/EW4_iOS_NativePort/Resources/Sprites/image_ui_hd/skill_13.png
1089	SOURCE_NATIVE/EW4_iOS_NativePort/Resources/Sprites/image_ui_hd/skill_14.png
839	SOURCE_NATIVE/EW4_iOS_NativePort/Resources/Sprites/image_ui_hd/skill_15.png
1004	SOURCE_NATIVE/EW4_iOS_NativePort/Resources/Sprites/image_ui_hd/skill_16.png
1303	SOURCE_NATIVE/EW4_iOS_NativePort/Resources/Sprites/image_ui_hd/skill_17.png
857	SOURCE_NATIVE/EW4_iOS_NativePort/Resources/Sprites/image_ui_hd/skill_18.png
790	SOURCE_NATIVE/EW4_iOS_NativePort/Resources/Sprites/image_ui_hd/skill_19.png
655	SOURCE_NATIVE/EW4_iOS_NativePort/Resources/Sprites/image_ui_hd/skill_20.png
1440	SOURCE_NATIVE/EW4_iOS_NativePort/Resources/Sprites/image_ui_hd/skill_21.png
1374	SOURCE_NATIVE/EW4_iOS_NativePort/Resources/Sprites/image_ui_hd/skill_22.png
430	SOURCE_NATIVE/EW4_iOS_NativePort/Resources/Sprites/image_ui_hd/skill_23.png
1403	SOURCE_NATIVE/EW4_iOS_NativePort/Resources/Sprites/image_ui_hd/skill_24.png
1353	SOURCE_NATIVE/EW4_iOS_NativePort/Resources/Sprites/image_ui_hd/skill_25.png
458	SOURCE_NATIVE/EW4_iOS_NativePort/Resources/Sprites/image_ui_hd/skill_26.png
666	SOURCE_NATIVE/EW4_iOS_NativePort/Resources/Sprites/image_ui_hd/skill_27.png
400	SOURCE_NATIVE/EW4_iOS_NativePort/Resources/Sprites/image_ui_hd/skill_28.png
950	SOURCE_NATIVE/EW4_iOS_NativePort/Resources/Sprites/image_ui_hd/skill_29.png
330	SOURCE_NATIVE/EW4_iOS_NativePort/Resources/Sprites/image_ui_hd/skill_30.png
712	SOURCE_NATIVE/EW4_iOS_NativePort/Resources/Sprites/image_ui_hd/skill_31.png
973	SOURCE_NATIVE/EW4_iOS_NativePort/Resources/Sprites/image_ui_hd/skill_32.png
739	SOURCE_NATIVE/EW4_iOS_NativePort/Resources/Sprites/image_ui_hd/skill_33.png
1266	SOURCE_NATIVE/EW4_iOS_NativePort/Resources/Sprites/image_ui_hd/skill_34.png
1322	SOURCE_NATIVE/EW4_iOS_NativePort/Resources/Sprites/image_ui_hd/skill_35.png
1326	SOURCE_NATIVE/EW4_iOS_NativePort/Resources/Sprites/image_ui_hd/skill_36.png
1385	SOURCE_NATIVE/EW4_iOS_NativePort/Resources/Sprites/image_ui_hd/skill_37.png
1233	SOURCE_NATIVE/EW4_iOS_NativePort/Resources/Sprites/image_ui_hd/skill_38.png
1329	SOURCE_NATIVE/EW4_iOS_NativePort/Resources/Sprites/image_ui_hd/skill_39.png
1332	SOURCE_NATIVE/EW4_iOS_NativePort/Resources/Sprites/image_ui_hd/skill_40.png
251	SOURCE_NATIVE/EW4_iOS_NativePort/Resources/Sprites/image_ui_hd/slider_gray.png
245	SOURCE_NATIVE/EW4_iOS_NativePort/Resources/Sprites/image_ui_hd/slider_press.png
3108	SOURCE_NATIVE/EW4_iOS_NativePort/Resources/Sprites/image_ui_hd/spa1.png
440	SOURCE_NATIVE/EW4_iOS_NativePort/Resources/Sprites/image_ui_hd/speed_bar.png
123	SOURCE_NATIVE/EW4_iOS_NativePort/Resources/Sprites/image_ui_hd/speed_brick.png
3429	SOURCE_NATIVE/EW4_iOS_NativePort/Resources/Sprites/image_ui_hd/srb1.png
673	SOURCE_NATIVE/EW4_iOS_NativePort/Resources/Sprites/image_ui_hd/stage_star.png
2674	SOURCE_NATIVE/EW4_iOS_NativePort/Resources/Sprites/image_ui_hd/star_board.png
536	SOURCE_NATIVE/EW4_iOS_NativePort/Resources/Sprites/image_ui_hd/star_campaign.png
290	SOURCE_NATIVE/EW4_iOS_NativePort/Resources/Sprites/image_ui_hd/star_campaign_gray.png
460	SOURCE_NATIVE/EW4_iOS_NativePort/Resources/Sprites/image_ui_hd/star_middle.png
3076	SOURCE_NATIVE/EW4_iOS_NativePort/Resources/Sprites/image_ui_hd/swe1.png
704	SOURCE_NATIVE/EW4_iOS_NativePort/Resources/Sprites/image_ui_hd/terrain_desert.png
461	SOURCE_NATIVE/EW4_iOS_NativePort/Resources/Sprites/image_ui_hd/terrain_field.png
895	SOURCE_NATIVE/EW4_iOS_NativePort/Resources/Sprites/image_ui_hd/terrain_forest.png
692	SOURCE_NATIVE/EW4_iOS_NativePort/Resources/Sprites/image_ui_hd/terrain_hill.png
875	SOURCE_NATIVE/EW4_iOS_NativePort/Resources/Sprites/image_ui_hd/terrain_mountain.png
515	SOURCE_NATIVE/EW4_iOS_NativePort/Resources/Sprites/image_ui_hd/terrain_sea.png
735	SOURCE_NATIVE/EW4_iOS_NativePort/Resources/Sprites/image_ui_hd/terrain_wood.png
2783	SOURCE_NATIVE/EW4_iOS_NativePort/Resources/Sprites/image_ui_hd/tri1.png
3100	SOURCE_NATIVE/EW4_iOS_NativePort/Resources/Sprites/image_ui_hd/tun1.png
3031	SOURCE_NATIVE/EW4_iOS_NativePort/Resources/Sprites/image_ui_hd/tur1.png
4366	SOURCE_NATIVE/EW4_iOS_NativePort/Resources/Sprites/image_ui_hd/tutorials_point.png
439	SOURCE_NATIVE/EW4_iOS_NativePort/Resources/Sprites/image_ui_hd/upgrade_back.png
162	SOURCE_NATIVE/EW4_iOS_NativePort/Resources/Sprites/image_ui_hd/upgrade_tag.png
1536	SOURCE_NATIVE/EW4_iOS_NativePort/Resources/Sprites/image_ui_hd/upgrade_tag_artillery.png
1564	SOURCE_NATIVE/EW4_iOS_NativePort/Resources/Sprites/image_ui_hd/upgrade_tag_artillery_s.png
1616	SOURCE_NATIVE/EW4_iOS_NativePort/Resources/Sprites/image_ui_hd/upgrade_tag_cavalry.png
1600	SOURCE_NATIVE/EW4_iOS_NativePort/Resources/Sprites/image_ui_hd/upgrade_tag_cavalry_s.png
1336	SOURCE_NATIVE/EW4_iOS_NativePort/Resources/Sprites/image_ui_hd/upgrade_tag_fortress.png
1386	SOURCE_NATIVE/EW4_iOS_NativePort/Resources/Sprites/image_ui_hd/upgrade_tag_fortress_s.png
1414	SOURCE_NATIVE/EW4_iOS_NativePort/Resources/Sprites/image_ui_hd/upgrade_tag_infantry.png
1444	SOURCE_NATIVE/EW4_iOS_NativePort/Resources/Sprites/image_ui_hd/upgrade_tag_infantry_s.png
372	SOURCE_NATIVE/EW4_iOS_NativePort/Resources/Sprites/image_ui_hd/upgrade_tag_selected.png
1556	SOURCE_NATIVE/EW4_iOS_NativePort/Resources/Sprites/image_ui_hd/upgrade_tag_ship.png
1574	SOURCE_NATIVE/EW4_iOS_NativePort/Resources/Sprites/image_ui_hd/upgrade_tag_ship_s.png
3949	SOURCE_NATIVE/EW4_iOS_NativePort/Resources/Sprites/image_ui_hd/usa1.png
1259	SOURCE_NATIVE/EW4_iOS_NativePort/Resources/Sprites/image_ui_hd/volume_bar.png
3196	SOURCE_NATIVE/EW4_iOS_NativePort/Resources/Sprites/image_ui_hd/wal1.png
82	SOURCE_NATIVE/EW4_iOS_NativePort/Resources/Sprites/image_ui_hd/whiteline_for_button_close.png
2296	SOURCE_NATIVE/EW4_iOS_NativePort/Resources/Sprites/image_ui_hd/wur1.png
906	SOURCE_NATIVE/EW4_iOS_NativePort/Resources/Sprites/image_uiadd_hd/adsetting.png
2101	SOURCE_NATIVE/EW4_iOS_NativePort/Resources/Sprites/image_uiadd_hd/btn_addisable.png
2591	SOURCE_NATIVE/EW4_iOS_NativePort/Resources/Sprites/image_uiadd_hd/btn_rewardedad.png
684	SOURCE_NATIVE/EW4_iOS_NativePort/Resources/Sprites/image_uiadd_hd/button_confrim_x.png
2395	SOURCE_NATIVE/EW4_iOS_NativePort/Resources/Sprites/image_uiadd_hd/button_pause_x.png
3263	SOURCE_NATIVE/EW4_iOS_NativePort/Resources/Sprites/image_uiadd_hd/button_return_x.png
3062	SOURCE_NATIVE/EW4_iOS_NativePort/Resources/Sprites/image_uiadd_hd/button_round_x.png
2843	SOURCE_NATIVE/EW4_iOS_NativePort/Resources/Sprites/image_uiadd_hd/button_skip_x.png
1227	SOURCE_NATIVE/EW4_iOS_NativePort/Resources/Sprites/image_uiadd_hd/icon_dot_0.png
1146	SOURCE_NATIVE/EW4_iOS_NativePort/Resources/Sprites/image_uiadd_hd/icon_dot_1.png
1235	SOURCE_NATIVE/EW4_iOS_NativePort/Resources/Sprites/image_uiadd_hd/icon_dot_2.png
1253	SOURCE_NATIVE/EW4_iOS_NativePort/Resources/Sprites/image_uiadd_hd/icon_dot_3.png
1231	SOURCE_NATIVE/EW4_iOS_NativePort/Resources/Sprites/image_uiadd_hd/icon_dot_4.png
1179	SOURCE_NATIVE/EW4_iOS_NativePort/Resources/Sprites/image_uiadd_hd/icon_dot_5.png
1249	SOURCE_NATIVE/EW4_iOS_NativePort/Resources/Sprites/image_uiadd_hd/icon_dot_6.png
1188	SOURCE_NATIVE/EW4_iOS_NativePort/Resources/Sprites/image_uiadd_hd/icon_dot_7.png
1302	SOURCE_NATIVE/EW4_iOS_NativePort/Resources/Sprites/image_uiadd_hd/icon_dot_8.png
1285	SOURCE_NATIVE/EW4_iOS_NativePort/Resources/Sprites/image_uiadd_hd/icon_dot_9.png
810	SOURCE_NATIVE/EW4_iOS_NativePort/Resources/Sprites/image_uiadd_hd/icon_play.png
3044	SOURCE_NATIVE/EW4_iOS_NativePort/Resources/Sprites/strategicmap_hd/alg1.png
3129	SOURCE_NATIVE/EW4_iOS_NativePort/Resources/Sprites/strategicmap_hd/alg2.png
3136	SOURCE_NATIVE/EW4_iOS_NativePort/Resources/Sprites/strategicmap_hd/alg3.png
3147	SOURCE_NATIVE/EW4_iOS_NativePort/Resources/Sprites/strategicmap_hd/alg4.png
3533	SOURCE_NATIVE/EW4_iOS_NativePort/Resources/Sprites/strategicmap_hd/arrow_blue_1.png
336	SOURCE_NATIVE/EW4_iOS_NativePort/Resources/Sprites/strategicmap_hd/arrow_blue_10.png
602	SOURCE_NATIVE/EW4_iOS_NativePort/Resources/Sprites/strategicmap_hd/arrow_blue_11.png
920	SOURCE_NATIVE/EW4_iOS_NativePort/Resources/Sprites/strategicmap_hd/arrow_blue_12.png
3369	SOURCE_NATIVE/EW4_iOS_NativePort/Resources/Sprites/strategicmap_hd/arrow_blue_2.png
3436	SOURCE_NATIVE/EW4_iOS_NativePort/Resources/Sprites/strategicmap_hd/arrow_blue_3.png
3166	SOURCE_NATIVE/EW4_iOS_NativePort/Resources/Sprites/strategicmap_hd/arrow_blue_4.png
719	SOURCE_NATIVE/EW4_iOS_NativePort/Resources/Sprites/strategicmap_hd/arrow_blue_5.png
6525	SOURCE_NATIVE/EW4_iOS_NativePort/Resources/Sprites/strategicmap_hd/arrow_blue_6.png
3540	SOURCE_NATIVE/EW4_iOS_NativePort/Resources/Sprites/strategicmap_hd/arrow_blue_7.png
1006	SOURCE_NATIVE/EW4_iOS_NativePort/Resources/Sprites/strategicmap_hd/arrow_blue_8.png
1054	SOURCE_NATIVE/EW4_iOS_NativePort/Resources/Sprites/strategicmap_hd/arrow_blue_9.png
3517	SOURCE_NATIVE/EW4_iOS_NativePort/Resources/Sprites/strategicmap_hd/arrow_red_1.png
335	SOURCE_NATIVE/EW4_iOS_NativePort/Resources/Sprites/strategicmap_hd/arrow_red_10.png
602	SOURCE_NATIVE/EW4_iOS_NativePort/Resources/Sprites/strategicmap_hd/arrow_red_11.png
940	SOURCE_NATIVE/EW4_iOS_NativePort/Resources/Sprites/strategicmap_hd/arrow_red_12.png
3365	SOURCE_NATIVE/EW4_iOS_NativePort/Resources/Sprites/strategicmap_hd/arrow_red_2.png
3429	SOURCE_NATIVE/EW4_iOS_NativePort/Resources/Sprites/strategicmap_hd/arrow_red_3.png
3156	SOURCE_NATIVE/EW4_iOS_NativePort/Resources/Sprites/strategicmap_hd/arrow_red_4.png
730	SOURCE_NATIVE/EW4_iOS_NativePort/Resources/Sprites/strategicmap_hd/arrow_red_5.png
6538	SOURCE_NATIVE/EW4_iOS_NativePort/Resources/Sprites/strategicmap_hd/arrow_red_6.png
3561	SOURCE_NATIVE/EW4_iOS_NativePort/Resources/Sprites/strategicmap_hd/arrow_red_7.png
1007	SOURCE_NATIVE/EW4_iOS_NativePort/Resources/Sprites/strategicmap_hd/arrow_red_8.png
991	SOURCE_NATIVE/EW4_iOS_NativePort/Resources/Sprites/strategicmap_hd/arrow_red_9.png
2509	SOURCE_NATIVE/EW4_iOS_NativePort/Resources/Sprites/strategicmap_hd/aus1.png
2605	SOURCE_NATIVE/EW4_iOS_NativePort/Resources/Sprites/strategicmap_hd/aus2.png
2631	SOURCE_NATIVE/EW4_iOS_NativePort/Resources/Sprites/strategicmap_hd/aus3.png
2643	SOURCE_NATIVE/EW4_iOS_NativePort/Resources/Sprites/strategicmap_hd/aus4.png
3390	SOURCE_NATIVE/EW4_iOS_NativePort/Resources/Sprites/strategicmap_hd/bad1.png
3494	SOURCE_NATIVE/EW4_iOS_NativePort/Resources/Sprites/strategicmap_hd/bad2.png
3514	SOURCE_NATIVE/EW4_iOS_NativePort/Resources/Sprites/strategicmap_hd/bad3.png
3501	SOURCE_NATIVE/EW4_iOS_NativePort/Resources/Sprites/strategicmap_hd/bad4.png
2986	SOURCE_NATIVE/EW4_iOS_NativePort/Resources/Sprites/strategicmap_hd/bav1.png
3061	SOURCE_NATIVE/EW4_iOS_NativePort/Resources/Sprites/strategicmap_hd/bav2.png
3110	SOURCE_NATIVE/EW4_iOS_NativePort/Resources/Sprites/strategicmap_hd/bav3.png
3097	SOURCE_NATIVE/EW4_iOS_NativePort/Resources/Sprites/strategicmap_hd/bav4.png
3148	SOURCE_NATIVE/EW4_iOS_NativePort/Resources/Sprites/strategicmap_hd/bru1.png
3210	SOURCE_NATIVE/EW4_iOS_NativePort/Resources/Sprites/strategicmap_hd/bru2.png
3276	SOURCE_NATIVE/EW4_iOS_NativePort/Resources/Sprites/strategicmap_hd/bru3.png
3268	SOURCE_NATIVE/EW4_iOS_NativePort/Resources/Sprites/strategicmap_hd/bru4.png
2849	SOURCE_NATIVE/EW4_iOS_NativePort/Resources/Sprites/strategicmap_hd/che1.png
2954	SOURCE_NATIVE/EW4_iOS_NativePort/Resources/Sprites/strategicmap_hd/che2.png
3002	SOURCE_NATIVE/EW4_iOS_NativePort/Resources/Sprites/strategicmap_hd/che3.png
2996	SOURCE_NATIVE/EW4_iOS_NativePort/Resources/Sprites/strategicmap_hd/che4.png
3138	SOURCE_NATIVE/EW4_iOS_NativePort/Resources/Sprites/strategicmap_hd/den1.png
3239	SOURCE_NATIVE/EW4_iOS_NativePort/Resources/Sprites/strategicmap_hd/den2.png
3286	SOURCE_NATIVE/EW4_iOS_NativePort/Resources/Sprites/strategicmap_hd/den3.png
3267	SOURCE_NATIVE/EW4_iOS_NativePort/Resources/Sprites/strategicmap_hd/den4.png
2896	SOURCE_NATIVE/EW4_iOS_NativePort/Resources/Sprites/strategicmap_hd/egy1.png
2948	SOURCE_NATIVE/EW4_iOS_NativePort/Resources/Sprites/strategicmap_hd/egy2.png
2955	SOURCE_NATIVE/EW4_iOS_NativePort/Resources/Sprites/strategicmap_hd/egy3.png
2981	SOURCE_NATIVE/EW4_iOS_NativePort/Resources/Sprites/strategicmap_hd/egy4.png
2793	SOURCE_NATIVE/EW4_iOS_NativePort/Resources/Sprites/strategicmap_hd/fra1.png
2920	SOURCE_NATIVE/EW4_iOS_NativePort/Resources/Sprites/strategicmap_hd/fra2.png
2960	SOURCE_NATIVE/EW4_iOS_NativePort/Resources/Sprites/strategicmap_hd/fra3.png
2936	SOURCE_NATIVE/EW4_iOS_NativePort/Resources/Sprites/strategicmap_hd/fra4.png
4296	SOURCE_NATIVE/EW4_iOS_NativePort/Resources/Sprites/strategicmap_hd/gbr1.png
4364	SOURCE_NATIVE/EW4_iOS_NativePort/Resources/Sprites/strategicmap_hd/gbr2.png
4392	SOURCE_NATIVE/EW4_iOS_NativePort/Resources/Sprites/strategicmap_hd/gbr3.png
4400	SOURCE_NATIVE/EW4_iOS_NativePort/Resources/Sprites/strategicmap_hd/gbr4.png
2775	SOURCE_NATIVE/EW4_iOS_NativePort/Resources/Sprites/strategicmap_hd/hes1.png
2879	SOURCE_NATIVE/EW4_iOS_NativePort/Resources/Sprites/strategicmap_hd/hes2.png
2942	SOURCE_NATIVE/EW4_iOS_NativePort/Resources/Sprites/strategicmap_hd/hes3.png
2933	SOURCE_NATIVE/EW4_iOS_NativePort/Resources/Sprites/strategicmap_hd/hes4.png
3698	SOURCE_NATIVE/EW4_iOS_NativePort/Resources/Sprites/strategicmap_hd/hre1.png
3793	SOURCE_NATIVE/EW4_iOS_NativePort/Resources/Sprites/strategicmap_hd/hre2.png
3824	SOURCE_NATIVE/EW4_iOS_NativePort/Resources/Sprites/strategicmap_hd/hre3.png
3846	SOURCE_NATIVE/EW4_iOS_NativePort/Resources/Sprites/strategicmap_hd/hre4.png
3233	SOURCE_NATIVE/EW4_iOS_NativePort/Resources/Sprites/strategicmap_hd/ind1.png
3281	SOURCE_NATIVE/EW4_iOS_NativePort/Resources/Sprites/strategicmap_hd/ind2.png
3316	SOURCE_NATIVE/EW4_iOS_NativePort/Resources/Sprites/strategicmap_hd/ind3.png
3331	SOURCE_NATIVE/EW4_iOS_NativePort/Resources/Sprites/strategicmap_hd/ind4.png
3618	SOURCE_NATIVE/EW4_iOS_NativePort/Resources/Sprites/strategicmap_hd/koi1.png
3701	SOURCE_NATIVE/EW4_iOS_NativePort/Resources/Sprites/strategicmap_hd/koi2.png
3740	SOURCE_NATIVE/EW4_iOS_NativePort/Resources/Sprites/strategicmap_hd/koi3.png
3732	SOURCE_NATIVE/EW4_iOS_NativePort/Resources/Sprites/strategicmap_hd/koi4.png
2524	SOURCE_NATIVE/EW4_iOS_NativePort/Resources/Sprites/strategicmap_hd/mar1.png
2608	SOURCE_NATIVE/EW4_iOS_NativePort/Resources/Sprites/strategicmap_hd/mar2.png
2643	SOURCE_NATIVE/EW4_iOS_NativePort/Resources/Sprites/strategicmap_hd/mar3.png
2600	SOURCE_NATIVE/EW4_iOS_NativePort/Resources/Sprites/strategicmap_hd/mar4.png
2955	SOURCE_NATIVE/EW4_iOS_NativePort/Resources/Sprites/strategicmap_hd/mek1.png
3044	SOURCE_NATIVE/EW4_iOS_NativePort/Resources/Sprites/strategicmap_hd/mek2.png
3065	SOURCE_NATIVE/EW4_iOS_NativePort/Resources/Sprites/strategicmap_hd/mek3.png
3052	SOURCE_NATIVE/EW4_iOS_NativePort/Resources/Sprites/strategicmap_hd/mek4.png
2934	SOURCE_NATIVE/EW4_iOS_NativePort/Resources/Sprites/strategicmap_hd/mol1.png
3004	SOURCE_NATIVE/EW4_iOS_NativePort/Resources/Sprites/strategicmap_hd/mol2.png
3034	SOURCE_NATIVE/EW4_iOS_NativePort/Resources/Sprites/strategicmap_hd/mol3.png
3001	SOURCE_NATIVE/EW4_iOS_NativePort/Resources/Sprites/strategicmap_hd/mol4.png
3705	SOURCE_NATIVE/EW4_iOS_NativePort/Resources/Sprites/strategicmap_hd/nap1.png
3806	SOURCE_NATIVE/EW4_iOS_NativePort/Resources/Sprites/strategicmap_hd/nap2.png
3818	SOURCE_NATIVE/EW4_iOS_NativePort/Resources/Sprites/strategicmap_hd/nap3.png
3739	SOURCE_NATIVE/EW4_iOS_NativePort/Resources/Sprites/strategicmap_hd/nap4.png
3063	SOURCE_NATIVE/EW4_iOS_NativePort/Resources/Sprites/strategicmap_hd/nas1.png
3157	SOURCE_NATIVE/EW4_iOS_NativePort/Resources/Sprites/strategicmap_hd/nas2.png
3231	SOURCE_NATIVE/EW4_iOS_NativePort/Resources/Sprites/strategicmap_hd/nas3.png
3179	SOURCE_NATIVE/EW4_iOS_NativePort/Resources/Sprites/strategicmap_hd/nas4.png
3246	SOURCE_NATIVE/EW4_iOS_NativePort/Resources/Sprites/strategicmap_hd/nds1.png
3402	SOURCE_NATIVE/EW4_iOS_NativePort/Resources/Sprites/strategicmap_hd/nds2.png
3393	SOURCE_NATIVE/EW4_iOS_NativePort/Resources/Sprites/strategicmap_hd/nds3.png
3387	SOURCE_NATIVE/EW4_iOS_NativePort/Resources/Sprites/strategicmap_hd/nds4.png
2882	SOURCE_NATIVE/EW4_iOS_NativePort/Resources/Sprites/strategicmap_hd/ned1.png
2976	SOURCE_NATIVE/EW4_iOS_NativePort/Resources/Sprites/strategicmap_hd/ned2.png
3012	SOURCE_NATIVE/EW4_iOS_NativePort/Resources/Sprites/strategicmap_hd/ned3.png
2951	SOURCE_NATIVE/EW4_iOS_NativePort/Resources/Sprites/strategicmap_hd/ned4.png
3050	SOURCE_NATIVE/EW4_iOS_NativePort/Resources/Sprites/strategicmap_hd/old1.png
3131	SOURCE_NATIVE/EW4_iOS_NativePort/Resources/Sprites/strategicmap_hd/old2.png
3167	SOURCE_NATIVE/EW4_iOS_NativePort/Resources/Sprites/strategicmap_hd/old3.png
3145	SOURCE_NATIVE/EW4_iOS_NativePort/Resources/Sprites/strategicmap_hd/old4.png
3207	SOURCE_NATIVE/EW4_iOS_NativePort/Resources/Sprites/strategicmap_hd/pap1.png
3301	SOURCE_NATIVE/EW4_iOS_NativePort/Resources/Sprites/strategicmap_hd/pap2.png
3360	SOURCE_NATIVE/EW4_iOS_NativePort/Resources/Sprites/strategicmap_hd/pap3.png
3354	SOURCE_NATIVE/EW4_iOS_NativePort/Resources/Sprites/strategicmap_hd/pap4.png
3403	SOURCE_NATIVE/EW4_iOS_NativePort/Resources/Sprites/strategicmap_hd/per1.png
3521	SOURCE_NATIVE/EW4_iOS_NativePort/Resources/Sprites/strategicmap_hd/per2.png
3561	SOURCE_NATIVE/EW4_iOS_NativePort/Resources/Sprites/strategicmap_hd/per3.png
3613	SOURCE_NATIVE/EW4_iOS_NativePort/Resources/Sprites/strategicmap_hd/per4.png
2962	SOURCE_NATIVE/EW4_iOS_NativePort/Resources/Sprites/strategicmap_hd/pie1.png
3073	SOURCE_NATIVE/EW4_iOS_NativePort/Resources/Sprites/strategicmap_hd/pie2.png
3104	SOURCE_NATIVE/EW4_iOS_NativePort/Resources/Sprites/strategicmap_hd/pie3.png
3053	SOURCE_NATIVE/EW4_iOS_NativePort/Resources/Sprites/strategicmap_hd/pie4.png
3254	SOURCE_NATIVE/EW4_iOS_NativePort/Resources/Sprites/strategicmap_hd/pol1.png
3330	SOURCE_NATIVE/EW4_iOS_NativePort/Resources/Sprites/strategicmap_hd/pol2.png
3381	SOURCE_NATIVE/EW4_iOS_NativePort/Resources/Sprites/strategicmap_hd/pol3.png
3380	SOURCE_NATIVE/EW4_iOS_NativePort/Resources/Sprites/strategicmap_hd/pol4.png
3142	SOURCE_NATIVE/EW4_iOS_NativePort/Resources/Sprites/strategicmap_hd/por1.png
3262	SOURCE_NATIVE/EW4_iOS_NativePort/Resources/Sprites/strategicmap_hd/por2.png
3274	SOURCE_NATIVE/EW4_iOS_NativePort/Resources/Sprites/strategicmap_hd/por3.png
3361	SOURCE_NATIVE/EW4_iOS_NativePort/Resources/Sprites/strategicmap_hd/por4.png
2793	SOURCE_NATIVE/EW4_iOS_NativePort/Resources/Sprites/strategicmap_hd/pru1.png
2814	SOURCE_NATIVE/EW4_iOS_NativePort/Resources/Sprites/strategicmap_hd/pru2.png
2849	SOURCE_NATIVE/EW4_iOS_NativePort/Resources/Sprites/strategicmap_hd/pru3.png
2834	SOURCE_NATIVE/EW4_iOS_NativePort/Resources/Sprites/strategicmap_hd/pru4.png
2882	SOURCE_NATIVE/EW4_iOS_NativePort/Resources/Sprites/strategicmap_hd/rhc1.png
2975	SOURCE_NATIVE/EW4_iOS_NativePort/Resources/Sprites/strategicmap_hd/rhc2.png
3023	SOURCE_NATIVE/EW4_iOS_NativePort/Resources/Sprites/strategicmap_hd/rhc3.png
3013	SOURCE_NATIVE/EW4_iOS_NativePort/Resources/Sprites/strategicmap_hd/rhc4.png
3082	SOURCE_NATIVE/EW4_iOS_NativePort/Resources/Sprites/strategicmap_hd/rus1.png
3171	SOURCE_NATIVE/EW4_iOS_NativePort/Resources/Sprites/strategicmap_hd/rus2.png
3241	SOURCE_NATIVE/EW4_iOS_NativePort/Resources/Sprites/strategicmap_hd/rus3.png
3229	SOURCE_NATIVE/EW4_iOS_NativePort/Resources/Sprites/strategicmap_hd/rus4.png
3759	SOURCE_NATIVE/EW4_iOS_NativePort/Resources/Sprites/strategicmap_hd/sax1.png
3870	SOURCE_NATIVE/EW4_iOS_NativePort/Resources/Sprites/strategicmap_hd/sax2.png
3890	SOURCE_NATIVE/EW4_iOS_NativePort/Resources/Sprites/strategicmap_hd/sax3.png
3943	SOURCE_NATIVE/EW4_iOS_NativePort/Resources/Sprites/strategicmap_hd/sax4.png
3108	SOURCE_NATIVE/EW4_iOS_NativePort/Resources/Sprites/strategicmap_hd/spa1.png
3212	SOURCE_NATIVE/EW4_iOS_NativePort/Resources/Sprites/strategicmap_hd/spa2.png
3215	SOURCE_NATIVE/EW4_iOS_NativePort/Resources/Sprites/strategicmap_hd/spa3.png
3220	SOURCE_NATIVE/EW4_iOS_NativePort/Resources/Sprites/strategicmap_hd/spa4.png
3429	SOURCE_NATIVE/EW4_iOS_NativePort/Resources/Sprites/strategicmap_hd/srb1.png
3496	SOURCE_NATIVE/EW4_iOS_NativePort/Resources/Sprites/strategicmap_hd/srb2.png
3558	SOURCE_NATIVE/EW4_iOS_NativePort/Resources/Sprites/strategicmap_hd/srb3.png
3572	SOURCE_NATIVE/EW4_iOS_NativePort/Resources/Sprites/strategicmap_hd/srb4.png
3076	SOURCE_NATIVE/EW4_iOS_NativePort/Resources/Sprites/strategicmap_hd/swe1.png
3206	SOURCE_NATIVE/EW4_iOS_NativePort/Resources/Sprites/strategicmap_hd/swe2.png
3215	SOURCE_NATIVE/EW4_iOS_NativePort/Resources/Sprites/strategicmap_hd/swe3.png
3200	SOURCE_NATIVE/EW4_iOS_NativePort/Resources/Sprites/strategicmap_hd/swe4.png
2783	SOURCE_NATIVE/EW4_iOS_NativePort/Resources/Sprites/strategicmap_hd/tri1.png
2852	SOURCE_NATIVE/EW4_iOS_NativePort/Resources/Sprites/strategicmap_hd/tri2.png
2956	SOURCE_NATIVE/EW4_iOS_NativePort/Resources/Sprites/strategicmap_hd/tri3.png
2874	SOURCE_NATIVE/EW4_iOS_NativePort/Resources/Sprites/strategicmap_hd/tri4.png
3100	SOURCE_NATIVE/EW4_iOS_NativePort/Resources/Sprites/strategicmap_hd/tun1.png
3229	SOURCE_NATIVE/EW4_iOS_NativePort/Resources/Sprites/strategicmap_hd/tun2.png
3234	SOURCE_NATIVE/EW4_iOS_NativePort/Resources/Sprites/strategicmap_hd/tun3.png
3233	SOURCE_NATIVE/EW4_iOS_NativePort/Resources/Sprites/strategicmap_hd/tun4.png
3031	SOURCE_NATIVE/EW4_iOS_NativePort/Resources/Sprites/strategicmap_hd/tur1.png
3183	SOURCE_NATIVE/EW4_iOS_NativePort/Resources/Sprites/strategicmap_hd/tur2.png
3188	SOURCE_NATIVE/EW4_iOS_NativePort/Resources/Sprites/strategicmap_hd/tur3.png
3182	SOURCE_NATIVE/EW4_iOS_NativePort/Resources/Sprites/strategicmap_hd/tur4.png
3949	SOURCE_NATIVE/EW4_iOS_NativePort/Resources/Sprites/strategicmap_hd/usa1.png
4088	SOURCE_NATIVE/EW4_iOS_NativePort/Resources/Sprites/strategicmap_hd/usa2.png
4086	SOURCE_NATIVE/EW4_iOS_NativePort/Resources/Sprites/strategicmap_hd/usa3.png
4095	SOURCE_NATIVE/EW4_iOS_NativePort/Resources/Sprites/strategicmap_hd/usa4.png
3196	SOURCE_NATIVE/EW4_iOS_NativePort/Resources/Sprites/strategicmap_hd/wal1.png
3291	SOURCE_NATIVE/EW4_iOS_NativePort/Resources/Sprites/strategicmap_hd/wal2.png
3366	SOURCE_NATIVE/EW4_iOS_NativePort/Resources/Sprites/strategicmap_hd/wal3.png
3387	SOURCE_NATIVE/EW4_iOS_NativePort/Resources/Sprites/strategicmap_hd/wal4.png
2296	SOURCE_NATIVE/EW4_iOS_NativePort/Resources/Sprites/strategicmap_hd/wur1.png
2391	SOURCE_NATIVE/EW4_iOS_NativePort/Resources/Sprites/strategicmap_hd/wur2.png
2409	SOURCE_NATIVE/EW4_iOS_NativePort/Resources/Sprites/strategicmap_hd/wur3.png
2380	SOURCE_NATIVE/EW4_iOS_NativePort/Resources/Sprites/strategicmap_hd/wur4.png
1539	SOURCE_NATIVE/EW4_iOS_NativePort/Resources/Sprites/tiles_hd/cactus_1.png
2878	SOURCE_NATIVE/EW4_iOS_NativePort/Resources/Sprites/tiles_hd/cactus_2.png
5453	SOURCE_NATIVE/EW4_iOS_NativePort/Resources/Sprites/tiles_hd/cactus_3.png
4815	SOURCE_NATIVE/EW4_iOS_NativePort/Resources/Sprites/tiles_hd/cactus_4.png
5901	SOURCE_NATIVE/EW4_iOS_NativePort/Resources/Sprites/tiles_hd/cactus_5.png
7325	SOURCE_NATIVE/EW4_iOS_NativePort/Resources/Sprites/tiles_hd/cactus_6.png
1972	SOURCE_NATIVE/EW4_iOS_NativePort/Resources/Sprites/tiles_hd/cedar_1.png
3446	SOURCE_NATIVE/EW4_iOS_NativePort/Resources/Sprites/tiles_hd/cedar_2.png
6254	SOURCE_NATIVE/EW4_iOS_NativePort/Resources/Sprites/tiles_hd/cedar_3.png
7672	SOURCE_NATIVE/EW4_iOS_NativePort/Resources/Sprites/tiles_hd/cedar_4.png
8032	SOURCE_NATIVE/EW4_iOS_NativePort/Resources/Sprites/tiles_hd/cedar_5.png
8412	SOURCE_NATIVE/EW4_iOS_NativePort/Resources/Sprites/tiles_hd/cedar_6.png
1674	SOURCE_NATIVE/EW4_iOS_NativePort/Resources/Sprites/tiles_hd/cypress_1.png
2669	SOURCE_NATIVE/EW4_iOS_NativePort/Resources/Sprites/tiles_hd/cypress_2.png
4228	SOURCE_NATIVE/EW4_iOS_NativePort/Resources/Sprites/tiles_hd/cypress_3.png
5088	SOURCE_NATIVE/EW4_iOS_NativePort/Resources/Sprites/tiles_hd/cypress_4.png
5031	SOURCE_NATIVE/EW4_iOS_NativePort/Resources/Sprites/tiles_hd/cypress_5.png
6466	SOURCE_NATIVE/EW4_iOS_NativePort/Resources/Sprites/tiles_hd/cypress_6.png
5179	SOURCE_NATIVE/EW4_iOS_NativePort/Resources/Sprites/tiles_hd/desert_1.png
5273	SOURCE_NATIVE/EW4_iOS_NativePort/Resources/Sprites/tiles_hd/desert_2.png
6385	SOURCE_NATIVE/EW4_iOS_NativePort/Resources/Sprites/tiles_hd/desert_3.png
10650	SOURCE_NATIVE/EW4_iOS_NativePort/Resources/Sprites/tiles_hd/desert_4.png
12168	SOURCE_NATIVE/EW4_iOS_NativePort/Resources/Sprites/tiles_hd/desert_5.png
13148	SOURCE_NATIVE/EW4_iOS_NativePort/Resources/Sprites/tiles_hd/desert_6.png
14266	SOURCE_NATIVE/EW4_iOS_NativePort/Resources/Sprites/tiles_hd/desert_7.png
18156	SOURCE_NATIVE/EW4_iOS_NativePort/Resources/Sprites/tiles_hd/desert_8.png
24907	SOURCE_NATIVE/EW4_iOS_NativePort/Resources/Sprites/tiles_hd/desert_9.png
6212	SOURCE_NATIVE/EW4_iOS_NativePort/Resources/Sprites/tiles_hd/hill_1.png
10507	SOURCE_NATIVE/EW4_iOS_NativePort/Resources/Sprites/tiles_hd/hill_2.png
15396	SOURCE_NATIVE/EW4_iOS_NativePort/Resources/Sprites/tiles_hd/hill_3.png
14681	SOURCE_NATIVE/EW4_iOS_NativePort/Resources/Sprites/tiles_hd/hill_4.png
20509	SOURCE_NATIVE/EW4_iOS_NativePort/Resources/Sprites/tiles_hd/hill_5.png
23703	SOURCE_NATIVE/EW4_iOS_NativePort/Resources/Sprites/tiles_hd/hill_6.png
21523	SOURCE_NATIVE/EW4_iOS_NativePort/Resources/Sprites/tiles_hd/mountain_1.png
18741	SOURCE_NATIVE/EW4_iOS_NativePort/Resources/Sprites/tiles_hd/mountain_2.png
25016	SOURCE_NATIVE/EW4_iOS_NativePort/Resources/Sprites/tiles_hd/mountain_3.png
27383	SOURCE_NATIVE/EW4_iOS_NativePort/Resources/Sprites/tiles_hd/mountain_4.png
33351	SOURCE_NATIVE/EW4_iOS_NativePort/Resources/Sprites/tiles_hd/mountain_5.png
31666	SOURCE_NATIVE/EW4_iOS_NativePort/Resources/Sprites/tiles_hd/mountain_6.png
2185	SOURCE_NATIVE/EW4_iOS_NativePort/Resources/Sprites/tiles_hd/palm_1.png
3235	SOURCE_NATIVE/EW4_iOS_NativePort/Resources/Sprites/tiles_hd/palm_2.png
7805	SOURCE_NATIVE/EW4_iOS_NativePort/Resources/Sprites/tiles_hd/palm_3.png
9508	SOURCE_NATIVE/EW4_iOS_NativePort/Resources/Sprites/tiles_hd/palm_4.png
10200	SOURCE_NATIVE/EW4_iOS_NativePort/Resources/Sprites/tiles_hd/palm_5.png
11292	SOURCE_NATIVE/EW4_iOS_NativePort/Resources/Sprites/tiles_hd/palm_6.png
1583	SOURCE_NATIVE/EW4_iOS_NativePort/Resources/Sprites/tiles_hd/pine_1.png
2633	SOURCE_NATIVE/EW4_iOS_NativePort/Resources/Sprites/tiles_hd/pine_2.png
4376	SOURCE_NATIVE/EW4_iOS_NativePort/Resources/Sprites/tiles_hd/pine_3.png
7440	SOURCE_NATIVE/EW4_iOS_NativePort/Resources/Sprites/tiles_hd/pine_4.png
6084	SOURCE_NATIVE/EW4_iOS_NativePort/Resources/Sprites/tiles_hd/pine_5.png
8484	SOURCE_NATIVE/EW4_iOS_NativePort/Resources/Sprites/tiles_hd/pine_6.png
6253	SOURCE_NATIVE/EW4_iOS_NativePort/Resources/Sprites/tiles_hd/wave_1.png
10362	SOURCE_NATIVE/EW4_iOS_NativePort/Resources/Sprites/tiles_hd/wave_2.png
9653	SOURCE_NATIVE/EW4_iOS_NativePort/Resources/Sprites/tiles_hd/wave_3.png
11742	SOURCE_NATIVE/EW4_iOS_NativePort/Resources/Sprites/tiles_hd/wave_4.png
16441	SOURCE_NATIVE/EW4_iOS_NativePort/Resources/Sprites/tiles_hd/wave_5.png
18266	SOURCE_NATIVE/EW4_iOS_NativePort/Resources/Sprites/tiles_hd/wave_6.png
36119	SOURCE_NATIVE/EW4_iOS_NativePort/Resources/Sprites/tiles_hd/wave_7.png
1466	SOURCE_NATIVE/EW4_iOS_NativePort/Resources/Terrain/cactus_1.png
2742	SOURCE_NATIVE/EW4_iOS_NativePort/Resources/Terrain/cactus_2.png
5141	SOURCE_NATIVE/EW4_iOS_NativePort/Resources/Terrain/cactus_3.png
4542	SOURCE_NATIVE/EW4_iOS_NativePort/Resources/Terrain/cactus_4.png
5603	SOURCE_NATIVE/EW4_iOS_NativePort/Resources/Terrain/cactus_5.png
6994	SOURCE_NATIVE/EW4_iOS_NativePort/Resources/Terrain/cactus_6.png
1856	SOURCE_NATIVE/EW4_iOS_NativePort/Resources/Terrain/cedar_1.png
3251	SOURCE_NATIVE/EW4_iOS_NativePort/Resources/Terrain/cedar_2.png
5890	SOURCE_NATIVE/EW4_iOS_NativePort/Resources/Terrain/cedar_3.png
7255	SOURCE_NATIVE/EW4_iOS_NativePort/Resources/Terrain/cedar_4.png
7714	SOURCE_NATIVE/EW4_iOS_NativePort/Resources/Terrain/cedar_5.png
8094	SOURCE_NATIVE/EW4_iOS_NativePort/Resources/Terrain/cedar_6.png
1588	SOURCE_NATIVE/EW4_iOS_NativePort/Resources/Terrain/cypress_1.png
2574	SOURCE_NATIVE/EW4_iOS_NativePort/Resources/Terrain/cypress_2.png
4042	SOURCE_NATIVE/EW4_iOS_NativePort/Resources/Terrain/cypress_3.png
4830	SOURCE_NATIVE/EW4_iOS_NativePort/Resources/Terrain/cypress_4.png
4836	SOURCE_NATIVE/EW4_iOS_NativePort/Resources/Terrain/cypress_5.png
6211	SOURCE_NATIVE/EW4_iOS_NativePort/Resources/Terrain/cypress_6.png
5024	SOURCE_NATIVE/EW4_iOS_NativePort/Resources/Terrain/desert_1.png
5140	SOURCE_NATIVE/EW4_iOS_NativePort/Resources/Terrain/desert_2.png
6258	SOURCE_NATIVE/EW4_iOS_NativePort/Resources/Terrain/desert_3.png
10295	SOURCE_NATIVE/EW4_iOS_NativePort/Resources/Terrain/desert_4.png
11865	SOURCE_NATIVE/EW4_iOS_NativePort/Resources/Terrain/desert_5.png
12805	SOURCE_NATIVE/EW4_iOS_NativePort/Resources/Terrain/desert_6.png
13896	SOURCE_NATIVE/EW4_iOS_NativePort/Resources/Terrain/desert_7.png
17854	SOURCE_NATIVE/EW4_iOS_NativePort/Resources/Terrain/desert_8.png
24275	SOURCE_NATIVE/EW4_iOS_NativePort/Resources/Terrain/desert_9.png
6088	SOURCE_NATIVE/EW4_iOS_NativePort/Resources/Terrain/hill_1.png
10093	SOURCE_NATIVE/EW4_iOS_NativePort/Resources/Terrain/hill_2.png
15064	SOURCE_NATIVE/EW4_iOS_NativePort/Resources/Terrain/hill_3.png
14326	SOURCE_NATIVE/EW4_iOS_NativePort/Resources/Terrain/hill_4.png
19924	SOURCE_NATIVE/EW4_iOS_NativePort/Resources/Terrain/hill_5.png
22948	SOURCE_NATIVE/EW4_iOS_NativePort/Resources/Terrain/hill_6.png
20557	SOURCE_NATIVE/EW4_iOS_NativePort/Resources/Terrain/mountain_1.png
17853	SOURCE_NATIVE/EW4_iOS_NativePort/Resources/Terrain/mountain_2.png
23756	SOURCE_NATIVE/EW4_iOS_NativePort/Resources/Terrain/mountain_3.png
26191	SOURCE_NATIVE/EW4_iOS_NativePort/Resources/Terrain/mountain_4.png
31646	SOURCE_NATIVE/EW4_iOS_NativePort/Resources/Terrain/mountain_5.png
30555	SOURCE_NATIVE/EW4_iOS_NativePort/Resources/Terrain/mountain_6.png
2089	SOURCE_NATIVE/EW4_iOS_NativePort/Resources/Terrain/palm_1.png
3106	SOURCE_NATIVE/EW4_iOS_NativePort/Resources/Terrain/palm_2.png
7685	SOURCE_NATIVE/EW4_iOS_NativePort/Resources/Terrain/palm_3.png
9161	SOURCE_NATIVE/EW4_iOS_NativePort/Resources/Terrain/palm_4.png
9994	SOURCE_NATIVE/EW4_iOS_NativePort/Resources/Terrain/palm_5.png
11138	SOURCE_NATIVE/EW4_iOS_NativePort/Resources/Terrain/palm_6.png
1522	SOURCE_NATIVE/EW4_iOS_NativePort/Resources/Terrain/pine_1.png
2513	SOURCE_NATIVE/EW4_iOS_NativePort/Resources/Terrain/pine_2.png
4116	SOURCE_NATIVE/EW4_iOS_NativePort/Resources/Terrain/pine_3.png
7106	SOURCE_NATIVE/EW4_iOS_NativePort/Resources/Terrain/pine_4.png
5762	SOURCE_NATIVE/EW4_iOS_NativePort/Resources/Terrain/pine_5.png
8023	SOURCE_NATIVE/EW4_iOS_NativePort/Resources/Terrain/pine_6.png
5762	SOURCE_NATIVE/EW4_iOS_NativePort/Resources/Terrain/wave_1.png
9785	SOURCE_NATIVE/EW4_iOS_NativePort/Resources/Terrain/wave_2.png
9092	SOURCE_NATIVE/EW4_iOS_NativePort/Resources/Terrain/wave_3.png
10699	SOURCE_NATIVE/EW4_iOS_NativePort/Resources/Terrain/wave_4.png
15444	SOURCE_NATIVE/EW4_iOS_NativePort/Resources/Terrain/wave_5.png
16997	SOURCE_NATIVE/EW4_iOS_NativePort/Resources/Terrain/wave_6.png
34154	SOURCE_NATIVE/EW4_iOS_NativePort/Resources/Terrain/wave_7.png
293502	SOURCE_NATIVE/EW4_iOS_NativePort/Resources/Textures/campaign_wide.png
92420	SOURCE_NATIVE/EW4_iOS_NativePort/Resources/Textures/campaignend_coalitiont.png
88368	SOURCE_NATIVE/EW4_iOS_NativePort/Resources/Textures/campaignend_east.png
95431	SOURCE_NATIVE/EW4_iOS_NativePort/Resources/Textures/campaignend_fr.png
90648	SOURCE_NATIVE/EW4_iOS_NativePort/Resources/Textures/campaignend_gb.png
83753	SOURCE_NATIVE/EW4_iOS_NativePort/Resources/Textures/campaignend_holyroma.png
82275	SOURCE_NATIVE/EW4_iOS_NativePort/Resources/Textures/campaignend_us.png
60359	SOURCE_NATIVE/EW4_iOS_NativePort/Resources/Textures/conquest_asia.png
210962	SOURCE_NATIVE/EW4_iOS_NativePort/Resources/Textures/conquest_asia@2x.png
37380	SOURCE_NATIVE/EW4_iOS_NativePort/Resources/Textures/loading_title_zh_cn.png
268001	SOURCE_NATIVE/EW4_iOS_NativePort/Resources/Textures/mainmenu_wide.png
40193	SOURCE_NATIVE/EW4_iOS_NativePort/Resources/Textures/tex_conquest_1775.png
142327	SOURCE_NATIVE/EW4_iOS_NativePort/Resources/Textures/tex_conquest_1775@2x.png
43263	SOURCE_NATIVE/EW4_iOS_NativePort/Resources/Textures/tex_conquest_1793.png
156646	SOURCE_NATIVE/EW4_iOS_NativePort/Resources/Textures/tex_conquest_1793@2x.png
43763	SOURCE_NATIVE/EW4_iOS_NativePort/Resources/Textures/tex_conquest_1806.png
152166	SOURCE_NATIVE/EW4_iOS_NativePort/Resources/Textures/tex_conquest_1806@2x.png
42099	SOURCE_NATIVE/EW4_iOS_NativePort/Resources/Textures/tex_conquest_1809.png
153612	SOURCE_NATIVE/EW4_iOS_NativePort/Resources/Textures/tex_conquest_1809@2x.png
38100	SOURCE_NATIVE/EW4_iOS_NativePort/Resources/Textures/tex_conquest_1812.png
140433	SOURCE_NATIVE/EW4_iOS_NativePort/Resources/Textures/tex_conquest_1812@2x.png
42896	SOURCE_NATIVE/EW4_iOS_NativePort/Resources/Textures/tex_conquest_1815.png
155864	SOURCE_NATIVE/EW4_iOS_NativePort/Resources/Textures/tex_conquest_1815@2x.png
21432	SOURCE_NATIVE/EW4_iOS_NativePort/Resources/Textures/tex_victory.png
99758	SOURCE_NATIVE/EW4_iOS_NativePort/Resources/Textures/title_hd.png
168179	SOURCE_NATIVE/EW4_iOS_NativePort/Resources/sprite_manifest.json
3905	SOURCE_NATIVE/EW4_iOS_NativePort/SOURCE_NATIVE/EW4_iOS_NativePort/Docs/NATIVE_IPA_PREFLIGHT_REPORT.json
7691	SOURCE_NATIVE/EW4_iOS_NativePort/Tools/build_unsigned_ipa.sh
9604	SOURCE_NATIVE/EW4_iOS_NativePort/Tools/native_ipa_preflight.py
2599	SOURCE_NATIVE/EW4_iOS_NativePort/Tools/verify_ipa_payload.py
3360	SOURCE_NATIVE/EW4_iOS_NativePort/Tools/xcode_candidate_static_gate.py
18971	SOURCE_NATIVE/EW4_iOS_NativePort/iOSApp/App/EW4NativePortApp.swift
1404	SOURCE_NATIVE/EW4_iOS_NativePort/iOSApp/project.yml
574	START_HERE.md
1089	START_HERE_2026-09-09.md
3222	TEST_RESULTS_FULL_TREE_26_OF_26_PASS.txt
2114	TEST_RESULTS_LATEST_56_OF_56_PASS.txt
8581	TEST_RESULTS_P32_FULL_RUN.log
48	TEST_RESULTS_P32_VISUAL_POLISH_118_OF_118_PASS.txt
330	TEST_RESULTS_P33_FIVE_RUNS.log
13424	TEST_RESULTS_P33_FULL_RUN.log
117	TEST_RESULTS_P33_VISUAL_TIMING_119_OF_119_PASS.txt
171	TEST_RESULTS_P35_NATIVE_PRESENTATION_122_OF_122_PASS.txt
62	TEST_RESULTS_P36_HANDOFF_123_OF_123_PASS.txt
8929	TEST_RESULTS_P36_HANDOFF_FINAL_FULL_RUN.log
8929	TEST_RESULTS_P36_HANDOFF_FULL_RUN.log
8960	TEST_RESULTS_P37_NATIVE_HUD_DEWEB_124_OF_124_PASS.log
8995	TEST_RESULTS_P38_NATIVE_HUD_BASELINES_125_OF_125_PASS.log
9050	TEST_RESULTS_P39_FULL_RUN.log
9076	TEST_RESULTS_P41_JS_126_OF_126_PASS.log
9076	TEST_RESULTS_P41_JS_FULL.log
6338	TEST_RESULTS_P41_NATIVE_42_OF_42_PASS.log
10653	TEST_RESULTS_P41_NATIVE_43_OF_43_PASS.log
10653	TEST_RESULTS_P41_NATIVE_FINAL.log
9090	TEST_RESULTS_P42_JS_FULL.log
8121	TEST_RESULTS_P42_NATIVE_54_OF_54_PASS.log
9090	TEST_RESULTS_P43_JS_126_OF_126_PASS.log
8229	TEST_RESULTS_P43_NATIVE_55_OF_55_PASS.log
9071	TEST_RESULTS_P55_JS_126_OF_126_PASS.log
44342	TEST_RESULTS_P55_NATIVE_ZERO_CACHE_FULL.log
8437	TEST_RESULTS_PORT_ONLY_115_OF_115_PASS.txt
5920	TEST_RESULTS_POSTHANDOFF11_76_OF_76_PASS.txt
8996	TEST_RESULTS_POSTHANDOFF13_77_OF_77_PASS.txt
8988	TEST_RESULTS_POSTHANDOFF14_78_OF_78_PASS.txt
9315	TEST_RESULTS_POSTHANDOFF15_80_OF_80_PASS.txt
674	TEST_RESULTS_POSTHANDOFF16_84_OF_84_PASS.txt
949	TEST_RESULTS_POSTHANDOFF17_87_OF_87_PASS.txt
579	TEST_RESULTS_POSTHANDOFF18_90_OF_90_PASS.txt
3511	TEST_RESULTS_POSTHANDOFF19_93_OF_93_PASS.txt
139	TEST_RESULTS_POSTHANDOFF20_94_OF_94_PASS.txt
338	TEST_RESULTS_POSTHANDOFF21_97_OF_97_PASS.txt
10972	TEST_RESULTS_POSTHANDOFF23_99_OF_99_PASS.txt
11392	TEST_RESULTS_POSTHANDOFF24_101_OF_101_PASS.txt
7951	TEST_RESULTS_POSTHANDOFF25_104_OF_104_PASS.txt
8185	TEST_RESULTS_POSTHANDOFF26_106_OF_106_PASS.txt
12726	TEST_RESULTS_POSTHANDOFF27_107_OF_107_PASS.txt
8039	TEST_RESULTS_POSTHANDOFF28_108_OF_108_PASS.txt
4653	TEST_RESULTS_POSTHANDOFF29_109_OF_109_PASS.txt
135	TEST_RESULTS_POSTHANDOFF29_LONG_SESSION_PASS.txt
13871	TEST_RESULTS_SINGLEPLAYER_FINAL_115_OF_115_PASS.txt
2206	VERIFY_EW4_SCOPE_GUARD.py
1354	VERIFY_PACKAGE.sh
1037	VERIFY_SOURCE_LEAN_FROZEN.py
4901	WIP_P12_P13_NOT_FROZEN.md
4069	js_test_list_126.txt
